2025-08-23 10:41:52.842 [main] WARN  com.alibaba.nacos.client.logging.NacosLogging - Load Logback Configuration of Nacos fail, message: Could not initialize Logback Nacos logging from classpath:nacos-logback.xml
2025-08-23 10:41:52.927 [main] WARN  com.alibaba.nacos.client.logging.NacosLogging - Load Logback Configuration of Nacos fail, message: Could not initialize Logback Nacos logging from classpath:nacos-logback.xml
2025-08-23 10:41:53.194 [main] WARN  com.alibaba.nacos.client.logging.NacosLogging - Load Logback Configuration of Nacos fail, message: Could not initialize Logback Nacos logging from classpath:nacos-logback.xml
2025-08-23 10:41:53.197 [main] INFO  com.alibaba.nacos.client.utils.ParamUtil - [settings] [req-serv] nacos-server port:8848
2025-08-23 10:41:53.197 [main] INFO  com.alibaba.nacos.client.utils.ParamUtil - [settings] [http-client] connect timeout:1000
2025-08-23 10:41:53.198 [main] INFO  com.alibaba.nacos.client.utils.ParamUtil - PER_TASK_CONFIG_SIZE: 3000.0
2025-08-23 10:41:53.228 [main] INFO  c.a.n.p.auth.spi.client.ClientAuthPluginManager - [ClientAuthPluginManager] Load ClientAuthService com.alibaba.nacos.client.auth.impl.NacosClientAuthServiceImpl success.
2025-08-23 10:41:53.228 [main] INFO  c.a.n.p.auth.spi.client.ClientAuthPluginManager - [ClientAuthPluginManager] Load ClientAuthService com.alibaba.nacos.client.auth.ram.RamClientAuthServiceImpl success.
2025-08-23 10:41:53.233 [main] INFO  c.a.n.client.auth.ram.identify.CredentialWatcher - null No credential found
2025-08-23 10:41:53.537 [main] WARN  com.alibaba.nacos.client.logging.NacosLogging - Load Logback Configuration of Nacos fail, message: Could not initialize Logback Nacos logging from classpath:nacos-logback.xml
2025-08-23 10:41:53.555 [main] INFO  c.a.n.client.config.impl.LocalConfigInfoProcessor - LOCAL_SNAPSHOT_PATH:C:\Users\Rey\nacos\config
2025-08-23 10:41:53.560 [main] INFO  com.alibaba.nacos.common.remote.client - [RpcClientFactory] create a new rpc client of 69736cd7-71c1-4890-91ea-78a69bae65c1_config-0
2025-08-23 10:41:53.579 [main] INFO  com.alibaba.nacos.common.remote.client - [69736cd7-71c1-4890-91ea-78a69bae65c1_config-0] Register server push request handler:com.alibaba.nacos.client.config.impl.ClientWorker$ConfigRpcTransportClient$$Lambda$589/0x0000019e2637f5a8
2025-08-23 10:41:53.579 [main] INFO  com.alibaba.nacos.common.remote.client - [69736cd7-71c1-4890-91ea-78a69bae65c1_config-0] Register server push request handler:com.alibaba.nacos.client.config.impl.ClientWorker$ConfigRpcTransportClient$$Lambda$590/0x0000019e2637f9c8
2025-08-23 10:41:53.580 [main] INFO  com.alibaba.nacos.common.remote.client - [69736cd7-71c1-4890-91ea-78a69bae65c1_config-0] Registry connection listener to current client:com.alibaba.nacos.client.config.impl.ClientWorker$ConfigRpcTransportClient$1
2025-08-23 10:41:53.584 [main] INFO  com.alibaba.nacos.common.remote.client - [69736cd7-71c1-4890-91ea-78a69bae65c1_config-0] RpcClient init, ServerListFactory = com.alibaba.nacos.client.config.impl.ClientWorker$ConfigRpcTransportClient$2
2025-08-23 10:41:53.591 [main] INFO  com.alibaba.nacos.common.remote.client - [69736cd7-71c1-4890-91ea-78a69bae65c1_config-0] Try to connect to server on start up, server: {serverIp = '47.236.36.111', server main port = 8848}
2025-08-23 10:41:53.628 [main] INFO  c.a.nacos.common.remote.client.grpc.GrpcClient - grpc client connection server:47.236.36.111 ip,serverPort:9848,grpcTslConfig:{"sslProvider":"OPENSSL","enableTls":false,"mutualAuthEnable":false,"trustAll":false}
2025-08-23 10:41:54.734 [main] INFO  com.alibaba.nacos.common.remote.client - [69736cd7-71c1-4890-91ea-78a69bae65c1_config-0] Success to connect to server [47.236.36.111:8848] on start up, connectionId = 1755916914473_112.94.129.71_1485
2025-08-23 10:41:54.736 [com.alibaba.nacos.client.remote.worker] INFO  com.alibaba.nacos.common.remote.client - [69736cd7-71c1-4890-91ea-78a69bae65c1_config-0] Notify connected event to listeners.
2025-08-23 10:41:54.737 [com.alibaba.nacos.client.remote.worker] INFO  com.alibaba.nacos.client.config.impl.ClientWorker - [69736cd7-71c1-4890-91ea-78a69bae65c1_config-0] Connected,notify listen context...
2025-08-23 10:41:54.742 [main] INFO  com.alibaba.nacos.common.remote.client - [69736cd7-71c1-4890-91ea-78a69bae65c1_config-0] Register server push request handler:com.alibaba.nacos.common.remote.client.RpcClient$ConnectResetRequestHandler
2025-08-23 10:41:54.744 [main] INFO  com.alibaba.nacos.common.remote.client - [69736cd7-71c1-4890-91ea-78a69bae65c1_config-0] Register server push request handler:com.alibaba.nacos.common.remote.client.RpcClient$$Lambda$610/0x0000019e264e76d0
2025-08-23 10:41:54.799 [main] INFO  com.alibaba.nacos.client.config.impl.Limiter - limitTime:5.0
2025-08-23 10:41:55.360 [main] INFO  com.alibaba.nacos.client.config.utils.JvmUtil - isMultiInstance:false
2025-08-23 10:41:55.423 [main] WARN  c.a.cloud.nacos.client.NacosPropertySourceBuilder - Ignore the empty nacos configuration and get it based on dataId[xiaohongshu-auth.yaml] & group[DEFAULT_GROUP]
2025-08-23 10:41:55.487 [main] INFO  o.s.c.b.c.PropertySourceBootstrapConfiguration - Located property source: [BootstrapPropertySource {name='bootstrapProperties-xiaohongshu-auth-dev.yaml,DEFAULT_GROUP'}, BootstrapPropertySource {name='bootstrapProperties-xiaohongshu-auth.yaml,DEFAULT_GROUP'}, BootstrapPropertySource {name='bootstrapProperties-xiaohongshu-auth,DEFAULT_GROUP'}]
2025-08-23 10:41:55.513 [main] WARN  com.alibaba.nacos.client.logging.NacosLogging - Load Logback Configuration of Nacos fail, message: Could not initialize Logback Nacos logging from classpath:nacos-logback.xml
2025-08-23 10:41:55.514 [main] INFO  c.zry.xiaohongshu.auth.XiaohongshuAuthApplication - The following 1 profile is active: "dev"
2025-08-23 10:41:56.378 [main] INFO  o.s.d.r.config.RepositoryConfigurationDelegate - Multiple Spring Data modules found, entering strict repository configuration mode
2025-08-23 10:41:56.383 [main] INFO  o.s.d.r.config.RepositoryConfigurationDelegate - Bootstrapping Spring Data Redis repositories in DEFAULT mode.
2025-08-23 10:41:56.419 [main] INFO  o.s.d.r.config.RepositoryConfigurationDelegate - Finished Spring Data repository scanning in 15 ms. Found 0 Redis repository interfaces.
2025-08-23 10:41:56.590 [main] WARN  org.mybatis.spring.mapper.ClassPathMapperScanner - No MyBatis mapper was found in '[com.zry.xiaohongshu.auth]' package. Please check your configuration.
2025-08-23 10:41:56.631 [main] INFO  o.springframework.cloud.context.scope.GenericScope - BeanFactory id=b449c437-3b80-3ce9-8461-4adba5a40bc9
2025-08-23 10:41:57.539 [main] INFO  o.s.boot.web.embedded.tomcat.TomcatWebServer - Tomcat initialized with port(s): 8080 (http)
2025-08-23 10:41:57.541 [main] INFO  org.apache.catalina.core.AprLifecycleListener - Loaded Apache Tomcat Native library [2.0.3] using APR version [1.7.2].
2025-08-23 10:41:57.564 [main] INFO  org.apache.catalina.core.AprLifecycleListener - OpenSSL successfully initialized [OpenSSL 3.0.8 7 Feb 2023]
2025-08-23 10:41:57.578 [main] INFO  org.apache.catalina.core.StandardService - Starting service [Tomcat]
2025-08-23 10:41:57.579 [main] INFO  org.apache.catalina.core.StandardEngine - Starting Servlet engine: [Apache Tomcat/10.1.5]
2025-08-23 10:41:57.671 [main] INFO  o.a.c.core.ContainerBase.[Tomcat].[localhost].[/] - Initializing Spring embedded WebApplicationContext
2025-08-23 10:41:57.671 [main] INFO  o.s.b.w.s.c.ServletWebServerApplicationContext - Root WebApplicationContext: initialization completed in 2145 ms
2025-08-23 10:41:58.144 [main] WARN  o.s.b.w.s.c.AnnotationConfigServletWebServerApplicationContext - Exception encountered during context initialization - cancelling refresh attempt: org.springframework.beans.factory.BeanCreationException: Error creating bean with name 'userController': Injection of resource dependencies failed
2025-08-23 10:41:58.161 [main] INFO  org.apache.catalina.core.StandardService - Stopping service [Tomcat]
2025-08-23 10:41:58.205 [main] INFO  o.s.b.a.logging.ConditionEvaluationReportLogger - 

Error starting ApplicationContext. To display the condition evaluation report re-run your application with 'debug' enabled.
2025-08-23 10:41:58.230 [main] ERROR o.s.b.diagnostics.LoggingFailureAnalysisReporter - 

***************************
APPLICATION FAILED TO START
***************************

Description:

A component required a bean of type 'com.zry.xiaohongshu.auth.domain.mapper.UserDOMapper' that could not be found.


Action:

Consider defining a bean of type 'com.zry.xiaohongshu.auth.domain.mapper.UserDOMapper' in your configuration.

2025-08-23 10:41:58.857 [Thread-2] WARN  c.alibaba.nacos.common.http.HttpClientBeanHolder - [HttpClientBeanHolder] Start destroying common HttpClient
2025-08-23 10:41:58.857 [Thread-9] WARN  com.alibaba.nacos.common.notify.NotifyCenter - [NotifyCenter] Start destroying Publisher
2025-08-23 10:41:58.857 [Thread-9] WARN  com.alibaba.nacos.common.notify.NotifyCenter - [NotifyCenter] Destruction of the end
2025-08-23 10:41:58.859 [Thread-2] WARN  c.alibaba.nacos.common.http.HttpClientBeanHolder - [HttpClientBeanHolder] Destruction of the end
2025-08-23 10:43:02.090 [main] WARN  com.alibaba.nacos.client.logging.NacosLogging - Load Logback Configuration of Nacos fail, message: Could not initialize Logback Nacos logging from classpath:nacos-logback.xml
2025-08-23 10:43:02.169 [main] WARN  com.alibaba.nacos.client.logging.NacosLogging - Load Logback Configuration of Nacos fail, message: Could not initialize Logback Nacos logging from classpath:nacos-logback.xml
2025-08-23 10:43:02.402 [main] WARN  com.alibaba.nacos.client.logging.NacosLogging - Load Logback Configuration of Nacos fail, message: Could not initialize Logback Nacos logging from classpath:nacos-logback.xml
2025-08-23 10:43:02.403 [main] INFO  com.alibaba.nacos.client.utils.ParamUtil - [settings] [req-serv] nacos-server port:8848
2025-08-23 10:43:02.404 [main] INFO  com.alibaba.nacos.client.utils.ParamUtil - [settings] [http-client] connect timeout:1000
2025-08-23 10:43:02.404 [main] INFO  com.alibaba.nacos.client.utils.ParamUtil - PER_TASK_CONFIG_SIZE: 3000.0
2025-08-23 10:43:02.431 [main] INFO  c.a.n.p.auth.spi.client.ClientAuthPluginManager - [ClientAuthPluginManager] Load ClientAuthService com.alibaba.nacos.client.auth.impl.NacosClientAuthServiceImpl success.
2025-08-23 10:43:02.431 [main] INFO  c.a.n.p.auth.spi.client.ClientAuthPluginManager - [ClientAuthPluginManager] Load ClientAuthService com.alibaba.nacos.client.auth.ram.RamClientAuthServiceImpl success.
2025-08-23 10:43:02.434 [main] INFO  c.a.n.client.auth.ram.identify.CredentialWatcher - null No credential found
2025-08-23 10:43:02.740 [main] WARN  com.alibaba.nacos.client.logging.NacosLogging - Load Logback Configuration of Nacos fail, message: Could not initialize Logback Nacos logging from classpath:nacos-logback.xml
2025-08-23 10:43:02.756 [main] INFO  c.a.n.client.config.impl.LocalConfigInfoProcessor - LOCAL_SNAPSHOT_PATH:C:\Users\Rey\nacos\config
2025-08-23 10:43:02.764 [main] INFO  com.alibaba.nacos.common.remote.client - [RpcClientFactory] create a new rpc client of a9782b68-cdd6-40c4-a979-0135e547876f_config-0
2025-08-23 10:43:02.782 [main] INFO  com.alibaba.nacos.common.remote.client - [a9782b68-cdd6-40c4-a979-0135e547876f_config-0] Register server push request handler:com.alibaba.nacos.client.config.impl.ClientWorker$ConfigRpcTransportClient$$Lambda$589/0x000001ac0938fa10
2025-08-23 10:43:02.784 [main] INFO  com.alibaba.nacos.common.remote.client - [a9782b68-cdd6-40c4-a979-0135e547876f_config-0] Register server push request handler:com.alibaba.nacos.client.config.impl.ClientWorker$ConfigRpcTransportClient$$Lambda$590/0x000001ac09390000
2025-08-23 10:43:02.786 [main] INFO  com.alibaba.nacos.common.remote.client - [a9782b68-cdd6-40c4-a979-0135e547876f_config-0] Registry connection listener to current client:com.alibaba.nacos.client.config.impl.ClientWorker$ConfigRpcTransportClient$1
2025-08-23 10:43:02.786 [main] INFO  com.alibaba.nacos.common.remote.client - [a9782b68-cdd6-40c4-a979-0135e547876f_config-0] RpcClient init, ServerListFactory = com.alibaba.nacos.client.config.impl.ClientWorker$ConfigRpcTransportClient$2
2025-08-23 10:43:02.792 [main] INFO  com.alibaba.nacos.common.remote.client - [a9782b68-cdd6-40c4-a979-0135e547876f_config-0] Try to connect to server on start up, server: {serverIp = '47.236.36.111', server main port = 8848}
2025-08-23 10:43:02.824 [main] INFO  c.a.nacos.common.remote.client.grpc.GrpcClient - grpc client connection server:47.236.36.111 ip,serverPort:9848,grpcTslConfig:{"sslProvider":"OPENSSL","enableTls":false,"mutualAuthEnable":false,"trustAll":false}
2025-08-23 10:43:03.846 [main] INFO  com.alibaba.nacos.common.remote.client - [a9782b68-cdd6-40c4-a979-0135e547876f_config-0] Success to connect to server [47.236.36.111:8848] on start up, connectionId = 1755916983580_112.94.129.71_1540
2025-08-23 10:43:03.846 [com.alibaba.nacos.client.remote.worker] INFO  com.alibaba.nacos.common.remote.client - [a9782b68-cdd6-40c4-a979-0135e547876f_config-0] Notify connected event to listeners.
2025-08-23 10:43:03.846 [com.alibaba.nacos.client.remote.worker] INFO  com.alibaba.nacos.client.config.impl.ClientWorker - [a9782b68-cdd6-40c4-a979-0135e547876f_config-0] Connected,notify listen context...
2025-08-23 10:43:03.848 [main] INFO  com.alibaba.nacos.common.remote.client - [a9782b68-cdd6-40c4-a979-0135e547876f_config-0] Register server push request handler:com.alibaba.nacos.common.remote.client.RpcClient$ConnectResetRequestHandler
2025-08-23 10:43:03.848 [main] INFO  com.alibaba.nacos.common.remote.client - [a9782b68-cdd6-40c4-a979-0135e547876f_config-0] Register server push request handler:com.alibaba.nacos.common.remote.client.RpcClient$$Lambda$610/0x000001ac094d76d8
2025-08-23 10:43:03.891 [main] INFO  com.alibaba.nacos.client.config.impl.Limiter - limitTime:5.0
2025-08-23 10:43:04.206 [main] ERROR com.alibaba.nacos.common.remote.client - Connection is unregistered, switch server, connectionId = 1755916983580_112.94.129.71_1540, request = ConfigQueryRequest
2025-08-23 10:43:04.207 [com.alibaba.nacos.client.remote.worker] INFO  com.alibaba.nacos.common.remote.client - [a9782b68-cdd6-40c4-a979-0135e547876f_config-0] Try to reconnect to a new server, server is  not appointed, will choose a random server.
2025-08-23 10:43:04.208 [com.alibaba.nacos.client.remote.worker] INFO  c.a.nacos.common.remote.client.grpc.GrpcClient - grpc client connection server:47.236.36.111 ip,serverPort:9848,grpcTslConfig:{"sslProvider":"OPENSSL","enableTls":false,"mutualAuthEnable":false,"trustAll":false}
2025-08-23 10:43:04.314 [main] ERROR com.alibaba.nacos.common.remote.client - Send request fail, request = ConfigQueryRequest{headers={charset=UTF-8, Client-AppName=unknown, Client-RequestToken=3bba4fe0f498da09f175c5e206d27772, Client-RequestTS=1755916983849, exConfigInfo=true, notify=false}, requestId='null'}, retryTimes = 0, errorMessage = Connection is unregistered.
2025-08-23 10:43:04.422 [main] ERROR com.alibaba.nacos.common.remote.client - Send request fail, request = ConfigQueryRequest{headers={charset=UTF-8, Client-AppName=unknown, Client-RequestToken=3bba4fe0f498da09f175c5e206d27772, Client-RequestTS=1755916983849, exConfigInfo=true, notify=false}, requestId='null'}, retryTimes = 1, errorMessage = Client not connected, current status:UNHEALTHY
2025-08-23 10:43:04.469 [com.alibaba.nacos.client.remote.worker] INFO  com.alibaba.nacos.common.remote.client - [a9782b68-cdd6-40c4-a979-0135e547876f_config-0] Success to connect a server [47.236.36.111:8848], connectionId = 1755916984286_112.94.129.71_1542
2025-08-23 10:43:04.469 [com.alibaba.nacos.client.remote.worker] INFO  com.alibaba.nacos.common.remote.client - [a9782b68-cdd6-40c4-a979-0135e547876f_config-0] Abandon prev connection, server is 47.236.36.111:8848, connectionId is 1755916983580_112.94.129.71_1540
2025-08-23 10:43:04.469 [com.alibaba.nacos.client.remote.worker] INFO  com.alibaba.nacos.common.remote.client - Close current connection 1755916983580_112.94.129.71_1540
2025-08-23 10:43:04.473 [nacos-grpc-client-executor-47.236.36.111-15] WARN  c.a.nacos.common.remote.client.grpc.GrpcClient - [1755916983580_112.94.129.71_1540]Ignore error event,isRunning:false,isAbandon=true
2025-08-23 10:43:04.474 [com.alibaba.nacos.client.remote.worker] INFO  com.alibaba.nacos.common.remote.client - [a9782b68-cdd6-40c4-a979-0135e547876f_config-0] Notify disconnected event to listeners
2025-08-23 10:43:04.474 [com.alibaba.nacos.client.remote.worker] INFO  com.alibaba.nacos.client.config.impl.ClientWorker - [a9782b68-cdd6-40c4-a979-0135e547876f_config-0] DisConnected,clear listen context...
2025-08-23 10:43:04.474 [com.alibaba.nacos.client.remote.worker] INFO  com.alibaba.nacos.common.remote.client - [a9782b68-cdd6-40c4-a979-0135e547876f_config-0] Notify connected event to listeners.
2025-08-23 10:43:04.474 [com.alibaba.nacos.client.remote.worker] INFO  com.alibaba.nacos.client.config.impl.ClientWorker - [a9782b68-cdd6-40c4-a979-0135e547876f_config-0] Connected,notify listen context...
2025-08-23 10:43:04.531 [main] ERROR com.alibaba.nacos.common.remote.client - Send request fail, request = ConfigQueryRequest{headers={charset=UTF-8, Client-AppName=unknown, Client-RequestToken=3bba4fe0f498da09f175c5e206d27772, Client-RequestTS=1755916983849, exConfigInfo=true, notify=false}, requestId='null'}, retryTimes = 2, errorMessage = Client not connected, current status:UNHEALTHY
2025-08-23 10:43:04.531 [main] WARN  c.alibaba.nacos.client.config.NacosConfigService - [fixed-xiaohongshu-47.236.36.111_8848_] [get-config] get from server error, dataId=xiaohongshu-auth, group=DEFAULT_GROUP, tenant=xiaohongshu, msg=ErrCode:-401, ErrMsg:Client not connected, current status:UNHEALTHY
2025-08-23 10:43:04.532 [main] INFO  com.alibaba.nacos.client.config.utils.JvmUtil - isMultiInstance:false
2025-08-23 10:43:04.534 [main] WARN  c.alibaba.nacos.client.config.NacosConfigService - [fixed-xiaohongshu-47.236.36.111_8848_] [get-config] get snapshot ok, dataId=xiaohongshu-auth, group=DEFAULT_GROUP, tenant=xiaohongshu, config=rate-limit:
  api:
    limit: 888 # 接口限流阈值

2025-08-23 10:43:04.586 [com.alibaba.nacos.client.remote.worker] INFO  com.alibaba.nacos.common.remote.client - [a9782b68-cdd6-40c4-a979-0135e547876f_config-0] Server check success, currentServer is 47.236.36.111:8848 
2025-08-23 10:43:04.641 [main] ERROR com.alibaba.nacos.common.remote.client - Send request fail, request = ConfigQueryRequest{headers={charset=UTF-8, Client-AppName=unknown, Client-RequestToken=f30b8a609b756ab4e137cbbf8146e0a4, Client-RequestTS=1755916984540, exConfigInfo=true, notify=false}, requestId='null'}, retryTimes = 0, errorMessage = Client not connected, current status:UNHEALTHY
2025-08-23 10:43:04.697 [main] WARN  c.a.cloud.nacos.client.NacosPropertySourceBuilder - Ignore the empty nacos configuration and get it based on dataId[xiaohongshu-auth.yaml] & group[DEFAULT_GROUP]
2025-08-23 10:43:04.759 [main] INFO  o.s.c.b.c.PropertySourceBootstrapConfiguration - Located property source: [BootstrapPropertySource {name='bootstrapProperties-xiaohongshu-auth-dev.yaml,DEFAULT_GROUP'}, BootstrapPropertySource {name='bootstrapProperties-xiaohongshu-auth.yaml,DEFAULT_GROUP'}, BootstrapPropertySource {name='bootstrapProperties-xiaohongshu-auth,DEFAULT_GROUP'}]
2025-08-23 10:43:04.786 [main] WARN  com.alibaba.nacos.client.logging.NacosLogging - Load Logback Configuration of Nacos fail, message: Could not initialize Logback Nacos logging from classpath:nacos-logback.xml
2025-08-23 10:43:04.786 [main] INFO  c.zry.xiaohongshu.auth.XiaohongshuAuthApplication - The following 1 profile is active: "dev"
2025-08-23 10:43:05.534 [main] INFO  o.s.d.r.config.RepositoryConfigurationDelegate - Multiple Spring Data modules found, entering strict repository configuration mode
2025-08-23 10:43:05.537 [main] INFO  o.s.d.r.config.RepositoryConfigurationDelegate - Bootstrapping Spring Data Redis repositories in DEFAULT mode.
2025-08-23 10:43:05.564 [main] INFO  o.s.d.r.config.RepositoryConfigurationDelegate - Finished Spring Data repository scanning in 14 ms. Found 0 Redis repository interfaces.
2025-08-23 10:43:05.708 [main] WARN  org.mybatis.spring.mapper.ClassPathMapperScanner - No MyBatis mapper was found in '[com.zry.xiaohongshu.auth]' package. Please check your configuration.
2025-08-23 10:43:05.747 [main] INFO  o.springframework.cloud.context.scope.GenericScope - BeanFactory id=b449c437-3b80-3ce9-8461-4adba5a40bc9
2025-08-23 10:43:06.297 [main] INFO  o.s.boot.web.embedded.tomcat.TomcatWebServer - Tomcat initialized with port(s): 8080 (http)
2025-08-23 10:43:06.300 [main] INFO  org.apache.catalina.core.AprLifecycleListener - Loaded Apache Tomcat Native library [2.0.3] using APR version [1.7.2].
2025-08-23 10:43:06.304 [main] INFO  org.apache.catalina.core.AprLifecycleListener - OpenSSL successfully initialized [OpenSSL 3.0.8 7 Feb 2023]
2025-08-23 10:43:06.316 [main] INFO  org.apache.catalina.core.StandardService - Starting service [Tomcat]
2025-08-23 10:43:06.316 [main] INFO  org.apache.catalina.core.StandardEngine - Starting Servlet engine: [Apache Tomcat/10.1.5]
2025-08-23 10:43:06.401 [main] INFO  o.a.c.core.ContainerBase.[Tomcat].[localhost].[/] - Initializing Spring embedded WebApplicationContext
2025-08-23 10:43:06.402 [main] INFO  o.s.b.w.s.c.ServletWebServerApplicationContext - Root WebApplicationContext: initialization completed in 1602 ms
2025-08-23 10:43:06.794 [main] WARN  o.s.b.w.s.c.AnnotationConfigServletWebServerApplicationContext - Exception encountered during context initialization - cancelling refresh attempt: org.springframework.beans.factory.BeanCreationException: Error creating bean with name 'userController': Injection of resource dependencies failed
2025-08-23 10:43:06.808 [main] INFO  org.apache.catalina.core.StandardService - Stopping service [Tomcat]
2025-08-23 10:43:06.840 [main] INFO  o.s.b.a.logging.ConditionEvaluationReportLogger - 

Error starting ApplicationContext. To display the condition evaluation report re-run your application with 'debug' enabled.
2025-08-23 10:43:06.867 [main] ERROR o.s.b.diagnostics.LoggingFailureAnalysisReporter - 

***************************
APPLICATION FAILED TO START
***************************

Description:

A component required a bean of type 'com.zry.xiaohongshu.auth.domain.mapper.UserDOMapper' that could not be found.


Action:

Consider defining a bean of type 'com.zry.xiaohongshu.auth.domain.mapper.UserDOMapper' in your configuration.

2025-08-23 10:43:07.571 [Thread-9] WARN  com.alibaba.nacos.common.notify.NotifyCenter - [NotifyCenter] Start destroying Publisher
2025-08-23 10:43:07.572 [Thread-9] WARN  com.alibaba.nacos.common.notify.NotifyCenter - [NotifyCenter] Destruction of the end
2025-08-23 10:43:07.571 [Thread-2] WARN  c.alibaba.nacos.common.http.HttpClientBeanHolder - [HttpClientBeanHolder] Start destroying common HttpClient
2025-08-23 10:43:07.576 [Thread-2] WARN  c.alibaba.nacos.common.http.HttpClientBeanHolder - [HttpClientBeanHolder] Destruction of the end
2025-08-23 10:44:04.392 [main] WARN  com.alibaba.nacos.client.logging.NacosLogging - Load Logback Configuration of Nacos fail, message: Could not initialize Logback Nacos logging from classpath:nacos-logback.xml
2025-08-23 10:44:04.449 [main] WARN  com.alibaba.nacos.client.logging.NacosLogging - Load Logback Configuration of Nacos fail, message: Could not initialize Logback Nacos logging from classpath:nacos-logback.xml
2025-08-23 10:44:04.678 [main] WARN  com.alibaba.nacos.client.logging.NacosLogging - Load Logback Configuration of Nacos fail, message: Could not initialize Logback Nacos logging from classpath:nacos-logback.xml
2025-08-23 10:44:04.679 [main] INFO  com.alibaba.nacos.client.utils.ParamUtil - [settings] [req-serv] nacos-server port:8848
2025-08-23 10:44:04.679 [main] INFO  com.alibaba.nacos.client.utils.ParamUtil - [settings] [http-client] connect timeout:1000
2025-08-23 10:44:04.680 [main] INFO  com.alibaba.nacos.client.utils.ParamUtil - PER_TASK_CONFIG_SIZE: 3000.0
2025-08-23 10:44:04.707 [main] INFO  c.a.n.p.auth.spi.client.ClientAuthPluginManager - [ClientAuthPluginManager] Load ClientAuthService com.alibaba.nacos.client.auth.impl.NacosClientAuthServiceImpl success.
2025-08-23 10:44:04.707 [main] INFO  c.a.n.p.auth.spi.client.ClientAuthPluginManager - [ClientAuthPluginManager] Load ClientAuthService com.alibaba.nacos.client.auth.ram.RamClientAuthServiceImpl success.
2025-08-23 10:44:04.710 [main] INFO  c.a.n.client.auth.ram.identify.CredentialWatcher - null No credential found
2025-08-23 10:44:05.005 [main] WARN  com.alibaba.nacos.client.logging.NacosLogging - Load Logback Configuration of Nacos fail, message: Could not initialize Logback Nacos logging from classpath:nacos-logback.xml
2025-08-23 10:44:05.020 [main] INFO  c.a.n.client.config.impl.LocalConfigInfoProcessor - LOCAL_SNAPSHOT_PATH:C:\Users\Rey\nacos\config
2025-08-23 10:44:05.024 [main] INFO  com.alibaba.nacos.common.remote.client - [RpcClientFactory] create a new rpc client of 55c7dc8b-099e-484c-9c61-41741c08bb64_config-0
2025-08-23 10:44:05.040 [main] INFO  com.alibaba.nacos.common.remote.client - [55c7dc8b-099e-484c-9c61-41741c08bb64_config-0] Register server push request handler:com.alibaba.nacos.client.config.impl.ClientWorker$ConfigRpcTransportClient$$Lambda$589/0x000001e4cf38efa8
2025-08-23 10:44:05.041 [main] INFO  com.alibaba.nacos.common.remote.client - [55c7dc8b-099e-484c-9c61-41741c08bb64_config-0] Register server push request handler:com.alibaba.nacos.client.config.impl.ClientWorker$ConfigRpcTransportClient$$Lambda$590/0x000001e4cf38f3c8
2025-08-23 10:44:05.041 [main] INFO  com.alibaba.nacos.common.remote.client - [55c7dc8b-099e-484c-9c61-41741c08bb64_config-0] Registry connection listener to current client:com.alibaba.nacos.client.config.impl.ClientWorker$ConfigRpcTransportClient$1
2025-08-23 10:44:05.042 [main] INFO  com.alibaba.nacos.common.remote.client - [55c7dc8b-099e-484c-9c61-41741c08bb64_config-0] RpcClient init, ServerListFactory = com.alibaba.nacos.client.config.impl.ClientWorker$ConfigRpcTransportClient$2
2025-08-23 10:44:05.056 [main] INFO  com.alibaba.nacos.common.remote.client - [55c7dc8b-099e-484c-9c61-41741c08bb64_config-0] Try to connect to server on start up, server: {serverIp = '47.236.36.111', server main port = 8848}
2025-08-23 10:44:05.094 [main] INFO  c.a.nacos.common.remote.client.grpc.GrpcClient - grpc client connection server:47.236.36.111 ip,serverPort:9848,grpcTslConfig:{"sslProvider":"OPENSSL","enableTls":false,"mutualAuthEnable":false,"trustAll":false}
2025-08-23 10:44:06.178 [main] INFO  com.alibaba.nacos.common.remote.client - [55c7dc8b-099e-484c-9c61-41741c08bb64_config-0] Success to connect to server [47.236.36.111:8848] on start up, connectionId = 1755917045917_112.94.129.71_1557
2025-08-23 10:44:06.180 [com.alibaba.nacos.client.remote.worker] INFO  com.alibaba.nacos.common.remote.client - [55c7dc8b-099e-484c-9c61-41741c08bb64_config-0] Notify connected event to listeners.
2025-08-23 10:44:06.181 [com.alibaba.nacos.client.remote.worker] INFO  com.alibaba.nacos.client.config.impl.ClientWorker - [55c7dc8b-099e-484c-9c61-41741c08bb64_config-0] Connected,notify listen context...
2025-08-23 10:44:06.186 [main] INFO  com.alibaba.nacos.common.remote.client - [55c7dc8b-099e-484c-9c61-41741c08bb64_config-0] Register server push request handler:com.alibaba.nacos.common.remote.client.RpcClient$ConnectResetRequestHandler
2025-08-23 10:44:06.189 [main] INFO  com.alibaba.nacos.common.remote.client - [55c7dc8b-099e-484c-9c61-41741c08bb64_config-0] Register server push request handler:com.alibaba.nacos.common.remote.client.RpcClient$$Lambda$610/0x000001e4cf4d6a28
2025-08-23 10:44:06.240 [main] INFO  com.alibaba.nacos.client.config.impl.Limiter - limitTime:5.0
2025-08-23 10:44:06.303 [main] INFO  com.alibaba.nacos.client.config.utils.JvmUtil - isMultiInstance:false
2025-08-23 10:44:06.364 [main] WARN  c.a.cloud.nacos.client.NacosPropertySourceBuilder - Ignore the empty nacos configuration and get it based on dataId[xiaohongshu-auth.yaml] & group[DEFAULT_GROUP]
2025-08-23 10:44:06.417 [main] INFO  o.s.c.b.c.PropertySourceBootstrapConfiguration - Located property source: [BootstrapPropertySource {name='bootstrapProperties-xiaohongshu-auth-dev.yaml,DEFAULT_GROUP'}, BootstrapPropertySource {name='bootstrapProperties-xiaohongshu-auth.yaml,DEFAULT_GROUP'}, BootstrapPropertySource {name='bootstrapProperties-xiaohongshu-auth,DEFAULT_GROUP'}]
2025-08-23 10:44:06.440 [main] WARN  com.alibaba.nacos.client.logging.NacosLogging - Load Logback Configuration of Nacos fail, message: Could not initialize Logback Nacos logging from classpath:nacos-logback.xml
2025-08-23 10:44:06.440 [main] INFO  c.zry.xiaohongshu.auth.XiaohongshuAuthApplication - The following 1 profile is active: "dev"
2025-08-23 10:44:07.183 [main] INFO  o.s.d.r.config.RepositoryConfigurationDelegate - Multiple Spring Data modules found, entering strict repository configuration mode
2025-08-23 10:44:07.187 [main] INFO  o.s.d.r.config.RepositoryConfigurationDelegate - Bootstrapping Spring Data Redis repositories in DEFAULT mode.
2025-08-23 10:44:07.218 [main] INFO  o.s.d.r.config.RepositoryConfigurationDelegate - Finished Spring Data repository scanning in 15 ms. Found 0 Redis repository interfaces.
2025-08-23 10:44:07.364 [main] WARN  org.mybatis.spring.mapper.ClassPathMapperScanner - No MyBatis mapper was found in '[com.zry.xiaohongshu.auth]' package. Please check your configuration.
2025-08-23 10:44:07.410 [main] INFO  o.springframework.cloud.context.scope.GenericScope - BeanFactory id=b449c437-3b80-3ce9-8461-4adba5a40bc9
2025-08-23 10:44:07.974 [main] INFO  o.s.boot.web.embedded.tomcat.TomcatWebServer - Tomcat initialized with port(s): 8080 (http)
2025-08-23 10:44:07.974 [main] INFO  org.apache.catalina.core.AprLifecycleListener - Loaded Apache Tomcat Native library [2.0.3] using APR version [1.7.2].
2025-08-23 10:44:07.980 [main] INFO  org.apache.catalina.core.AprLifecycleListener - OpenSSL successfully initialized [OpenSSL 3.0.8 7 Feb 2023]
2025-08-23 10:44:07.991 [main] INFO  org.apache.catalina.core.StandardService - Starting service [Tomcat]
2025-08-23 10:44:07.992 [main] INFO  org.apache.catalina.core.StandardEngine - Starting Servlet engine: [Apache Tomcat/10.1.5]
2025-08-23 10:44:08.074 [main] INFO  o.a.c.core.ContainerBase.[Tomcat].[localhost].[/] - Initializing Spring embedded WebApplicationContext
2025-08-23 10:44:08.076 [main] INFO  o.s.b.w.s.c.ServletWebServerApplicationContext - Root WebApplicationContext: initialization completed in 1620 ms
2025-08-23 10:44:08.455 [main] WARN  o.s.b.w.s.c.AnnotationConfigServletWebServerApplicationContext - Exception encountered during context initialization - cancelling refresh attempt: org.springframework.beans.factory.BeanCreationException: Error creating bean with name 'userController': Injection of resource dependencies failed
2025-08-23 10:44:08.469 [main] INFO  org.apache.catalina.core.StandardService - Stopping service [Tomcat]
2025-08-23 10:44:08.502 [main] INFO  o.s.b.a.logging.ConditionEvaluationReportLogger - 

Error starting ApplicationContext. To display the condition evaluation report re-run your application with 'debug' enabled.
2025-08-23 10:44:08.529 [main] ERROR o.s.b.diagnostics.LoggingFailureAnalysisReporter - 

***************************
APPLICATION FAILED TO START
***************************

Description:

A component required a bean of type 'com.zry.xiaohongshu.auth.domain.mapper.UserDOMapper' that could not be found.


Action:

Consider defining a bean of type 'com.zry.xiaohongshu.auth.domain.mapper.UserDOMapper' in your configuration.

2025-08-23 10:44:09.239 [Thread-2] WARN  c.alibaba.nacos.common.http.HttpClientBeanHolder - [HttpClientBeanHolder] Start destroying common HttpClient
2025-08-23 10:44:09.239 [Thread-9] WARN  com.alibaba.nacos.common.notify.NotifyCenter - [NotifyCenter] Start destroying Publisher
2025-08-23 10:44:09.240 [Thread-9] WARN  com.alibaba.nacos.common.notify.NotifyCenter - [NotifyCenter] Destruction of the end
2025-08-23 10:44:09.244 [Thread-2] WARN  c.alibaba.nacos.common.http.HttpClientBeanHolder - [HttpClientBeanHolder] Destruction of the end
2025-08-23 10:46:03.236 [main] WARN  com.alibaba.nacos.client.logging.NacosLogging - Load Logback Configuration of Nacos fail, message: Could not initialize Logback Nacos logging from classpath:nacos-logback.xml
2025-08-23 10:46:03.315 [main] WARN  com.alibaba.nacos.client.logging.NacosLogging - Load Logback Configuration of Nacos fail, message: Could not initialize Logback Nacos logging from classpath:nacos-logback.xml
2025-08-23 10:46:03.553 [main] WARN  com.alibaba.nacos.client.logging.NacosLogging - Load Logback Configuration of Nacos fail, message: Could not initialize Logback Nacos logging from classpath:nacos-logback.xml
2025-08-23 10:46:03.556 [main] INFO  com.alibaba.nacos.client.utils.ParamUtil - [settings] [req-serv] nacos-server port:8848
2025-08-23 10:46:03.556 [main] INFO  com.alibaba.nacos.client.utils.ParamUtil - [settings] [http-client] connect timeout:1000
2025-08-23 10:46:03.556 [main] INFO  com.alibaba.nacos.client.utils.ParamUtil - PER_TASK_CONFIG_SIZE: 3000.0
2025-08-23 10:46:03.581 [main] INFO  c.a.n.p.auth.spi.client.ClientAuthPluginManager - [ClientAuthPluginManager] Load ClientAuthService com.alibaba.nacos.client.auth.impl.NacosClientAuthServiceImpl success.
2025-08-23 10:46:03.581 [main] INFO  c.a.n.p.auth.spi.client.ClientAuthPluginManager - [ClientAuthPluginManager] Load ClientAuthService com.alibaba.nacos.client.auth.ram.RamClientAuthServiceImpl success.
2025-08-23 10:46:03.584 [main] INFO  c.a.n.client.auth.ram.identify.CredentialWatcher - null No credential found
2025-08-23 10:46:03.874 [main] WARN  com.alibaba.nacos.client.logging.NacosLogging - Load Logback Configuration of Nacos fail, message: Could not initialize Logback Nacos logging from classpath:nacos-logback.xml
2025-08-23 10:46:03.889 [main] INFO  c.a.n.client.config.impl.LocalConfigInfoProcessor - LOCAL_SNAPSHOT_PATH:C:\Users\Rey\nacos\config
2025-08-23 10:46:03.893 [main] INFO  com.alibaba.nacos.common.remote.client - [RpcClientFactory] create a new rpc client of 9614dbf5-db8a-4f75-9785-70c65c2d5293_config-0
2025-08-23 10:46:03.916 [main] INFO  com.alibaba.nacos.common.remote.client - [9614dbf5-db8a-4f75-9785-70c65c2d5293_config-0] Register server push request handler:com.alibaba.nacos.client.config.impl.ClientWorker$ConfigRpcTransportClient$$Lambda$589/0x000001fdb838f9a8
2025-08-23 10:46:03.916 [main] INFO  com.alibaba.nacos.common.remote.client - [9614dbf5-db8a-4f75-9785-70c65c2d5293_config-0] Register server push request handler:com.alibaba.nacos.client.config.impl.ClientWorker$ConfigRpcTransportClient$$Lambda$590/0x000001fdb838fdc8
2025-08-23 10:46:03.916 [main] INFO  com.alibaba.nacos.common.remote.client - [9614dbf5-db8a-4f75-9785-70c65c2d5293_config-0] Registry connection listener to current client:com.alibaba.nacos.client.config.impl.ClientWorker$ConfigRpcTransportClient$1
2025-08-23 10:46:03.916 [main] INFO  com.alibaba.nacos.common.remote.client - [9614dbf5-db8a-4f75-9785-70c65c2d5293_config-0] RpcClient init, ServerListFactory = com.alibaba.nacos.client.config.impl.ClientWorker$ConfigRpcTransportClient$2
2025-08-23 10:46:03.923 [main] INFO  com.alibaba.nacos.common.remote.client - [9614dbf5-db8a-4f75-9785-70c65c2d5293_config-0] Try to connect to server on start up, server: {serverIp = '47.236.36.111', server main port = 8848}
2025-08-23 10:46:03.961 [main] INFO  c.a.nacos.common.remote.client.grpc.GrpcClient - grpc client connection server:47.236.36.111 ip,serverPort:9848,grpcTslConfig:{"sslProvider":"OPENSSL","enableTls":false,"mutualAuthEnable":false,"trustAll":false}
2025-08-23 10:46:05.046 [main] INFO  com.alibaba.nacos.common.remote.client - [9614dbf5-db8a-4f75-9785-70c65c2d5293_config-0] Success to connect to server [47.236.36.111:8848] on start up, connectionId = 1755917164793_112.94.129.71_1625
2025-08-23 10:46:05.049 [com.alibaba.nacos.client.remote.worker] INFO  com.alibaba.nacos.common.remote.client - [9614dbf5-db8a-4f75-9785-70c65c2d5293_config-0] Notify connected event to listeners.
2025-08-23 10:46:05.049 [com.alibaba.nacos.client.remote.worker] INFO  com.alibaba.nacos.client.config.impl.ClientWorker - [9614dbf5-db8a-4f75-9785-70c65c2d5293_config-0] Connected,notify listen context...
2025-08-23 10:46:05.049 [main] INFO  com.alibaba.nacos.common.remote.client - [9614dbf5-db8a-4f75-9785-70c65c2d5293_config-0] Register server push request handler:com.alibaba.nacos.common.remote.client.RpcClient$ConnectResetRequestHandler
2025-08-23 10:46:05.050 [main] INFO  com.alibaba.nacos.common.remote.client - [9614dbf5-db8a-4f75-9785-70c65c2d5293_config-0] Register server push request handler:com.alibaba.nacos.common.remote.client.RpcClient$$Lambda$610/0x000001fdb84d76d8
2025-08-23 10:46:05.094 [main] INFO  com.alibaba.nacos.client.config.impl.Limiter - limitTime:5.0
2025-08-23 10:46:05.153 [main] INFO  com.alibaba.nacos.client.config.utils.JvmUtil - isMultiInstance:false
2025-08-23 10:46:05.211 [main] WARN  c.a.cloud.nacos.client.NacosPropertySourceBuilder - Ignore the empty nacos configuration and get it based on dataId[xiaohongshu-auth.yaml] & group[DEFAULT_GROUP]
2025-08-23 10:46:05.262 [main] INFO  o.s.c.b.c.PropertySourceBootstrapConfiguration - Located property source: [BootstrapPropertySource {name='bootstrapProperties-xiaohongshu-auth-dev.yaml,DEFAULT_GROUP'}, BootstrapPropertySource {name='bootstrapProperties-xiaohongshu-auth.yaml,DEFAULT_GROUP'}, BootstrapPropertySource {name='bootstrapProperties-xiaohongshu-auth,DEFAULT_GROUP'}]
2025-08-23 10:46:05.290 [main] WARN  com.alibaba.nacos.client.logging.NacosLogging - Load Logback Configuration of Nacos fail, message: Could not initialize Logback Nacos logging from classpath:nacos-logback.xml
2025-08-23 10:46:05.291 [main] INFO  c.zry.xiaohongshu.auth.XiaohongshuAuthApplication - The following 1 profile is active: "dev"
2025-08-23 10:46:06.046 [main] INFO  o.s.d.r.config.RepositoryConfigurationDelegate - Multiple Spring Data modules found, entering strict repository configuration mode
2025-08-23 10:46:06.049 [main] INFO  o.s.d.r.config.RepositoryConfigurationDelegate - Bootstrapping Spring Data Redis repositories in DEFAULT mode.
2025-08-23 10:46:06.078 [main] INFO  o.s.d.r.config.RepositoryConfigurationDelegate - Finished Spring Data repository scanning in 15 ms. Found 0 Redis repository interfaces.
2025-08-23 10:46:06.227 [main] WARN  org.mybatis.spring.mapper.ClassPathMapperScanner - No MyBatis mapper was found in '[com.zry.xiaohongshu.auth]' package. Please check your configuration.
2025-08-23 10:46:06.274 [main] INFO  o.springframework.cloud.context.scope.GenericScope - BeanFactory id=b449c437-3b80-3ce9-8461-4adba5a40bc9
2025-08-23 10:46:06.836 [main] INFO  o.s.boot.web.embedded.tomcat.TomcatWebServer - Tomcat initialized with port(s): 8080 (http)
2025-08-23 10:46:06.837 [main] INFO  org.apache.catalina.core.AprLifecycleListener - Loaded Apache Tomcat Native library [2.0.3] using APR version [1.7.2].
2025-08-23 10:46:06.842 [main] INFO  org.apache.catalina.core.AprLifecycleListener - OpenSSL successfully initialized [OpenSSL 3.0.8 7 Feb 2023]
2025-08-23 10:46:06.856 [main] INFO  org.apache.catalina.core.StandardService - Starting service [Tomcat]
2025-08-23 10:46:06.856 [main] INFO  org.apache.catalina.core.StandardEngine - Starting Servlet engine: [Apache Tomcat/10.1.5]
2025-08-23 10:46:06.944 [main] INFO  o.a.c.core.ContainerBase.[Tomcat].[localhost].[/] - Initializing Spring embedded WebApplicationContext
2025-08-23 10:46:06.945 [main] INFO  o.s.b.w.s.c.ServletWebServerApplicationContext - Root WebApplicationContext: initialization completed in 1639 ms
2025-08-23 10:46:07.326 [main] WARN  o.s.b.w.s.c.AnnotationConfigServletWebServerApplicationContext - Exception encountered during context initialization - cancelling refresh attempt: org.springframework.beans.factory.BeanCreationException: Error creating bean with name 'userController': Injection of resource dependencies failed
2025-08-23 10:46:07.340 [main] INFO  org.apache.catalina.core.StandardService - Stopping service [Tomcat]
2025-08-23 10:46:07.374 [main] INFO  o.s.b.a.logging.ConditionEvaluationReportLogger - 

Error starting ApplicationContext. To display the condition evaluation report re-run your application with 'debug' enabled.
2025-08-23 10:46:07.402 [main] ERROR o.s.b.diagnostics.LoggingFailureAnalysisReporter - 

***************************
APPLICATION FAILED TO START
***************************

Description:

A component required a bean of type 'com.zry.xiaohongshu.auth.domain.mapper.UserDOMapper' that could not be found.


Action:

Consider defining a bean of type 'com.zry.xiaohongshu.auth.domain.mapper.UserDOMapper' in your configuration.

2025-08-23 10:46:08.100 [Thread-2] WARN  c.alibaba.nacos.common.http.HttpClientBeanHolder - [HttpClientBeanHolder] Start destroying common HttpClient
2025-08-23 10:46:08.100 [Thread-9] WARN  com.alibaba.nacos.common.notify.NotifyCenter - [NotifyCenter] Start destroying Publisher
2025-08-23 10:46:08.101 [Thread-9] WARN  com.alibaba.nacos.common.notify.NotifyCenter - [NotifyCenter] Destruction of the end
2025-08-23 10:46:08.101 [Thread-2] WARN  c.alibaba.nacos.common.http.HttpClientBeanHolder - [HttpClientBeanHolder] Destruction of the end
2025-08-23 10:52:58.135 [main] WARN  com.alibaba.nacos.client.logging.NacosLogging - Load Logback Configuration of Nacos fail, message: Could not initialize Logback Nacos logging from classpath:nacos-logback.xml
2025-08-23 10:52:58.195 [main] WARN  com.alibaba.nacos.client.logging.NacosLogging - Load Logback Configuration of Nacos fail, message: Could not initialize Logback Nacos logging from classpath:nacos-logback.xml
2025-08-23 10:52:58.413 [main] WARN  com.alibaba.nacos.client.logging.NacosLogging - Load Logback Configuration of Nacos fail, message: Could not initialize Logback Nacos logging from classpath:nacos-logback.xml
2025-08-23 10:52:58.415 [main] INFO  com.alibaba.nacos.client.utils.ParamUtil - [settings] [req-serv] nacos-server port:8848
2025-08-23 10:52:58.416 [main] INFO  com.alibaba.nacos.client.utils.ParamUtil - [settings] [http-client] connect timeout:1000
2025-08-23 10:52:58.417 [main] INFO  com.alibaba.nacos.client.utils.ParamUtil - PER_TASK_CONFIG_SIZE: 3000.0
2025-08-23 10:52:58.445 [main] INFO  c.a.n.p.auth.spi.client.ClientAuthPluginManager - [ClientAuthPluginManager] Load ClientAuthService com.alibaba.nacos.client.auth.impl.NacosClientAuthServiceImpl success.
2025-08-23 10:52:58.445 [main] INFO  c.a.n.p.auth.spi.client.ClientAuthPluginManager - [ClientAuthPluginManager] Load ClientAuthService com.alibaba.nacos.client.auth.ram.RamClientAuthServiceImpl success.
2025-08-23 10:52:58.448 [main] INFO  c.a.n.client.auth.ram.identify.CredentialWatcher - null No credential found
2025-08-23 10:52:58.749 [main] WARN  com.alibaba.nacos.client.logging.NacosLogging - Load Logback Configuration of Nacos fail, message: Could not initialize Logback Nacos logging from classpath:nacos-logback.xml
2025-08-23 10:52:58.767 [main] INFO  c.a.n.client.config.impl.LocalConfigInfoProcessor - LOCAL_SNAPSHOT_PATH:C:\Users\Rey\nacos\config
2025-08-23 10:52:58.772 [main] INFO  com.alibaba.nacos.common.remote.client - [RpcClientFactory] create a new rpc client of 5d97cfd0-a8f1-4b73-af31-4aa0796cee22_config-0
2025-08-23 10:52:58.793 [main] INFO  com.alibaba.nacos.common.remote.client - [5d97cfd0-a8f1-4b73-af31-4aa0796cee22_config-0] Register server push request handler:com.alibaba.nacos.client.config.impl.ClientWorker$ConfigRpcTransportClient$$Lambda$589/0x00000224c037f9a8
2025-08-23 10:52:58.794 [main] INFO  com.alibaba.nacos.common.remote.client - [5d97cfd0-a8f1-4b73-af31-4aa0796cee22_config-0] Register server push request handler:com.alibaba.nacos.client.config.impl.ClientWorker$ConfigRpcTransportClient$$Lambda$590/0x00000224c037fdc8
2025-08-23 10:52:58.794 [main] INFO  com.alibaba.nacos.common.remote.client - [5d97cfd0-a8f1-4b73-af31-4aa0796cee22_config-0] Registry connection listener to current client:com.alibaba.nacos.client.config.impl.ClientWorker$ConfigRpcTransportClient$1
2025-08-23 10:52:58.794 [main] INFO  com.alibaba.nacos.common.remote.client - [5d97cfd0-a8f1-4b73-af31-4aa0796cee22_config-0] RpcClient init, ServerListFactory = com.alibaba.nacos.client.config.impl.ClientWorker$ConfigRpcTransportClient$2
2025-08-23 10:52:58.802 [main] INFO  com.alibaba.nacos.common.remote.client - [5d97cfd0-a8f1-4b73-af31-4aa0796cee22_config-0] Try to connect to server on start up, server: {serverIp = '47.236.36.111', server main port = 8848}
2025-08-23 10:52:58.838 [main] INFO  c.a.nacos.common.remote.client.grpc.GrpcClient - grpc client connection server:47.236.36.111 ip,serverPort:9848,grpcTslConfig:{"sslProvider":"OPENSSL","enableTls":false,"mutualAuthEnable":false,"trustAll":false}
2025-08-23 10:52:59.881 [main] INFO  com.alibaba.nacos.common.remote.client - [5d97cfd0-a8f1-4b73-af31-4aa0796cee22_config-0] Success to connect to server [47.236.36.111:8848] on start up, connectionId = 1755917579631_112.94.129.71_1057
2025-08-23 10:52:59.883 [com.alibaba.nacos.client.remote.worker] INFO  com.alibaba.nacos.common.remote.client - [5d97cfd0-a8f1-4b73-af31-4aa0796cee22_config-0] Notify connected event to listeners.
2025-08-23 10:52:59.884 [com.alibaba.nacos.client.remote.worker] INFO  com.alibaba.nacos.client.config.impl.ClientWorker - [5d97cfd0-a8f1-4b73-af31-4aa0796cee22_config-0] Connected,notify listen context...
2025-08-23 10:52:59.887 [main] INFO  com.alibaba.nacos.common.remote.client - [5d97cfd0-a8f1-4b73-af31-4aa0796cee22_config-0] Register server push request handler:com.alibaba.nacos.common.remote.client.RpcClient$ConnectResetRequestHandler
2025-08-23 10:52:59.889 [main] INFO  com.alibaba.nacos.common.remote.client - [5d97cfd0-a8f1-4b73-af31-4aa0796cee22_config-0] Register server push request handler:com.alibaba.nacos.common.remote.client.RpcClient$$Lambda$610/0x00000224c04e75a0
2025-08-23 10:52:59.941 [main] INFO  com.alibaba.nacos.client.config.impl.Limiter - limitTime:5.0
2025-08-23 10:52:59.997 [main] INFO  com.alibaba.nacos.client.config.utils.JvmUtil - isMultiInstance:false
2025-08-23 10:53:00.055 [main] WARN  c.a.cloud.nacos.client.NacosPropertySourceBuilder - Ignore the empty nacos configuration and get it based on dataId[xiaohongshu-auth.yaml] & group[DEFAULT_GROUP]
2025-08-23 10:53:00.103 [main] INFO  o.s.c.b.c.PropertySourceBootstrapConfiguration - Located property source: [BootstrapPropertySource {name='bootstrapProperties-xiaohongshu-auth-dev.yaml,DEFAULT_GROUP'}, BootstrapPropertySource {name='bootstrapProperties-xiaohongshu-auth.yaml,DEFAULT_GROUP'}, BootstrapPropertySource {name='bootstrapProperties-xiaohongshu-auth,DEFAULT_GROUP'}]
2025-08-23 10:53:00.136 [main] WARN  com.alibaba.nacos.client.logging.NacosLogging - Load Logback Configuration of Nacos fail, message: Could not initialize Logback Nacos logging from classpath:nacos-logback.xml
2025-08-23 10:53:00.137 [main] INFO  c.zry.xiaohongshu.auth.XiaohongshuAuthApplication - The following 1 profile is active: "dev"
2025-08-23 10:53:00.905 [main] INFO  o.s.d.r.config.RepositoryConfigurationDelegate - Multiple Spring Data modules found, entering strict repository configuration mode
2025-08-23 10:53:00.909 [main] INFO  o.s.d.r.config.RepositoryConfigurationDelegate - Bootstrapping Spring Data Redis repositories in DEFAULT mode.
2025-08-23 10:53:00.940 [main] INFO  o.s.d.r.config.RepositoryConfigurationDelegate - Finished Spring Data repository scanning in 16 ms. Found 0 Redis repository interfaces.
2025-08-23 10:53:01.088 [main] WARN  org.mybatis.spring.mapper.ClassPathMapperScanner - No MyBatis mapper was found in '[com.zry.xiaohongshu.auth]' package. Please check your configuration.
2025-08-23 10:53:01.132 [main] INFO  o.springframework.cloud.context.scope.GenericScope - BeanFactory id=b449c437-3b80-3ce9-8461-4adba5a40bc9
2025-08-23 10:53:01.763 [main] INFO  o.s.boot.web.embedded.tomcat.TomcatWebServer - Tomcat initialized with port(s): 8080 (http)
2025-08-23 10:53:01.765 [main] INFO  org.apache.catalina.core.AprLifecycleListener - Loaded Apache Tomcat Native library [2.0.3] using APR version [1.7.2].
2025-08-23 10:53:01.772 [main] INFO  org.apache.catalina.core.AprLifecycleListener - OpenSSL successfully initialized [OpenSSL 3.0.8 7 Feb 2023]
2025-08-23 10:53:01.791 [main] INFO  org.apache.catalina.core.StandardService - Starting service [Tomcat]
2025-08-23 10:53:01.791 [main] INFO  org.apache.catalina.core.StandardEngine - Starting Servlet engine: [Apache Tomcat/10.1.5]
2025-08-23 10:53:01.883 [main] INFO  o.a.c.core.ContainerBase.[Tomcat].[localhost].[/] - Initializing Spring embedded WebApplicationContext
2025-08-23 10:53:01.884 [main] INFO  o.s.b.w.s.c.ServletWebServerApplicationContext - Root WebApplicationContext: initialization completed in 1733 ms
2025-08-23 10:53:02.278 [main] WARN  o.s.b.w.s.c.AnnotationConfigServletWebServerApplicationContext - Exception encountered during context initialization - cancelling refresh attempt: org.springframework.beans.factory.BeanCreationException: Error creating bean with name 'userController': Injection of resource dependencies failed
2025-08-23 10:53:02.292 [main] INFO  org.apache.catalina.core.StandardService - Stopping service [Tomcat]
2025-08-23 10:53:02.342 [main] INFO  o.s.b.a.logging.ConditionEvaluationReportLogger - 

Error starting ApplicationContext. To display the condition evaluation report re-run your application with 'debug' enabled.
2025-08-23 10:53:02.370 [main] ERROR o.s.b.diagnostics.LoggingFailureAnalysisReporter - 

***************************
APPLICATION FAILED TO START
***************************

Description:

A component required a bean of type 'com.zry.xiaohongshu.auth.domain.mapper.UserDOMapper' that could not be found.


Action:

Consider defining a bean of type 'com.zry.xiaohongshu.auth.domain.mapper.UserDOMapper' in your configuration.

2025-08-23 10:53:03.058 [Thread-2] WARN  c.alibaba.nacos.common.http.HttpClientBeanHolder - [HttpClientBeanHolder] Start destroying common HttpClient
2025-08-23 10:53:03.059 [Thread-9] WARN  com.alibaba.nacos.common.notify.NotifyCenter - [NotifyCenter] Start destroying Publisher
2025-08-23 10:53:03.059 [Thread-9] WARN  com.alibaba.nacos.common.notify.NotifyCenter - [NotifyCenter] Destruction of the end
2025-08-23 10:55:20.694 [main] WARN  com.alibaba.nacos.client.logging.NacosLogging - Load Logback Configuration of Nacos fail, message: Could not initialize Logback Nacos logging from classpath:nacos-logback.xml
2025-08-23 10:55:20.762 [main] WARN  com.alibaba.nacos.client.logging.NacosLogging - Load Logback Configuration of Nacos fail, message: Could not initialize Logback Nacos logging from classpath:nacos-logback.xml
2025-08-23 10:55:20.979 [main] WARN  com.alibaba.nacos.client.logging.NacosLogging - Load Logback Configuration of Nacos fail, message: Could not initialize Logback Nacos logging from classpath:nacos-logback.xml
2025-08-23 10:55:20.980 [main] INFO  com.alibaba.nacos.client.utils.ParamUtil - [settings] [req-serv] nacos-server port:8848
2025-08-23 10:55:20.981 [main] INFO  com.alibaba.nacos.client.utils.ParamUtil - [settings] [http-client] connect timeout:1000
2025-08-23 10:55:20.982 [main] INFO  com.alibaba.nacos.client.utils.ParamUtil - PER_TASK_CONFIG_SIZE: 3000.0
2025-08-23 10:55:21.007 [main] INFO  c.a.n.p.auth.spi.client.ClientAuthPluginManager - [ClientAuthPluginManager] Load ClientAuthService com.alibaba.nacos.client.auth.impl.NacosClientAuthServiceImpl success.
2025-08-23 10:55:21.007 [main] INFO  c.a.n.p.auth.spi.client.ClientAuthPluginManager - [ClientAuthPluginManager] Load ClientAuthService com.alibaba.nacos.client.auth.ram.RamClientAuthServiceImpl success.
2025-08-23 10:55:21.010 [main] INFO  c.a.n.client.auth.ram.identify.CredentialWatcher - null No credential found
2025-08-23 10:55:21.308 [main] WARN  com.alibaba.nacos.client.logging.NacosLogging - Load Logback Configuration of Nacos fail, message: Could not initialize Logback Nacos logging from classpath:nacos-logback.xml
2025-08-23 10:55:21.322 [main] INFO  c.a.n.client.config.impl.LocalConfigInfoProcessor - LOCAL_SNAPSHOT_PATH:C:\Users\Rey\nacos\config
2025-08-23 10:55:21.326 [main] INFO  com.alibaba.nacos.common.remote.client - [RpcClientFactory] create a new rpc client of b338e70f-d80f-4f93-a3c1-4e4991fa3bea_config-0
2025-08-23 10:55:21.348 [main] INFO  com.alibaba.nacos.common.remote.client - [b338e70f-d80f-4f93-a3c1-4e4991fa3bea_config-0] Register server push request handler:com.alibaba.nacos.client.config.impl.ClientWorker$ConfigRpcTransportClient$$Lambda$589/0x00000280d238f5a8
2025-08-23 10:55:21.349 [main] INFO  com.alibaba.nacos.common.remote.client - [b338e70f-d80f-4f93-a3c1-4e4991fa3bea_config-0] Register server push request handler:com.alibaba.nacos.client.config.impl.ClientWorker$ConfigRpcTransportClient$$Lambda$590/0x00000280d238f9c8
2025-08-23 10:55:21.349 [main] INFO  com.alibaba.nacos.common.remote.client - [b338e70f-d80f-4f93-a3c1-4e4991fa3bea_config-0] Registry connection listener to current client:com.alibaba.nacos.client.config.impl.ClientWorker$ConfigRpcTransportClient$1
2025-08-23 10:55:21.350 [main] INFO  com.alibaba.nacos.common.remote.client - [b338e70f-d80f-4f93-a3c1-4e4991fa3bea_config-0] RpcClient init, ServerListFactory = com.alibaba.nacos.client.config.impl.ClientWorker$ConfigRpcTransportClient$2
2025-08-23 10:55:21.358 [main] INFO  com.alibaba.nacos.common.remote.client - [b338e70f-d80f-4f93-a3c1-4e4991fa3bea_config-0] Try to connect to server on start up, server: {serverIp = '47.236.36.111', server main port = 8848}
2025-08-23 10:55:21.394 [main] INFO  c.a.nacos.common.remote.client.grpc.GrpcClient - grpc client connection server:47.236.36.111 ip,serverPort:9848,grpcTslConfig:{"sslProvider":"OPENSSL","enableTls":false,"mutualAuthEnable":false,"trustAll":false}
2025-08-23 10:55:22.428 [main] INFO  com.alibaba.nacos.common.remote.client - [b338e70f-d80f-4f93-a3c1-4e4991fa3bea_config-0] Success to connect to server [47.236.36.111:8848] on start up, connectionId = 1755917722179_112.94.129.71_1451
2025-08-23 10:55:22.430 [main] INFO  com.alibaba.nacos.common.remote.client - [b338e70f-d80f-4f93-a3c1-4e4991fa3bea_config-0] Register server push request handler:com.alibaba.nacos.common.remote.client.RpcClient$ConnectResetRequestHandler
2025-08-23 10:55:22.430 [com.alibaba.nacos.client.remote.worker] INFO  com.alibaba.nacos.common.remote.client - [b338e70f-d80f-4f93-a3c1-4e4991fa3bea_config-0] Notify connected event to listeners.
2025-08-23 10:55:22.431 [com.alibaba.nacos.client.remote.worker] INFO  com.alibaba.nacos.client.config.impl.ClientWorker - [b338e70f-d80f-4f93-a3c1-4e4991fa3bea_config-0] Connected,notify listen context...
2025-08-23 10:55:22.431 [main] INFO  com.alibaba.nacos.common.remote.client - [b338e70f-d80f-4f93-a3c1-4e4991fa3bea_config-0] Register server push request handler:com.alibaba.nacos.common.remote.client.RpcClient$$Lambda$610/0x00000280d24d76d0
2025-08-23 10:55:22.474 [main] INFO  com.alibaba.nacos.client.config.impl.Limiter - limitTime:5.0
2025-08-23 10:55:22.536 [main] INFO  com.alibaba.nacos.client.config.utils.JvmUtil - isMultiInstance:false
2025-08-23 10:55:22.591 [main] WARN  c.a.cloud.nacos.client.NacosPropertySourceBuilder - Ignore the empty nacos configuration and get it based on dataId[xiaohongshu-auth.yaml] & group[DEFAULT_GROUP]
2025-08-23 10:55:22.642 [main] INFO  o.s.c.b.c.PropertySourceBootstrapConfiguration - Located property source: [BootstrapPropertySource {name='bootstrapProperties-xiaohongshu-auth-dev.yaml,DEFAULT_GROUP'}, BootstrapPropertySource {name='bootstrapProperties-xiaohongshu-auth.yaml,DEFAULT_GROUP'}, BootstrapPropertySource {name='bootstrapProperties-xiaohongshu-auth,DEFAULT_GROUP'}]
2025-08-23 10:55:22.666 [main] WARN  com.alibaba.nacos.client.logging.NacosLogging - Load Logback Configuration of Nacos fail, message: Could not initialize Logback Nacos logging from classpath:nacos-logback.xml
2025-08-23 10:55:22.667 [main] INFO  c.zry.xiaohongshu.auth.XiaohongshuAuthApplication - The following 1 profile is active: "dev"
2025-08-23 10:55:23.267 [main] INFO  o.s.d.r.config.RepositoryConfigurationDelegate - Multiple Spring Data modules found, entering strict repository configuration mode
2025-08-23 10:55:23.270 [main] INFO  o.s.d.r.config.RepositoryConfigurationDelegate - Bootstrapping Spring Data Redis repositories in DEFAULT mode.
2025-08-23 10:55:23.288 [main] INFO  o.s.d.r.config.RepositoryConfigurationDelegate - Finished Spring Data repository scanning in 9 ms. Found 0 Redis repository interfaces.
2025-08-23 10:55:23.431 [main] INFO  o.springframework.cloud.context.scope.GenericScope - BeanFactory id=fca6e3fa-cde8-352e-a566-454b57e90c06
2025-08-23 10:55:23.829 [main] INFO  o.s.boot.web.embedded.tomcat.TomcatWebServer - Tomcat initialized with port(s): 8080 (http)
2025-08-23 10:55:23.830 [main] INFO  org.apache.catalina.core.AprLifecycleListener - Loaded Apache Tomcat Native library [2.0.3] using APR version [1.7.2].
2025-08-23 10:55:23.833 [main] INFO  org.apache.catalina.core.AprLifecycleListener - OpenSSL successfully initialized [OpenSSL 3.0.8 7 Feb 2023]
2025-08-23 10:55:23.842 [main] INFO  org.apache.catalina.core.StandardService - Starting service [Tomcat]
2025-08-23 10:55:23.843 [main] INFO  org.apache.catalina.core.StandardEngine - Starting Servlet engine: [Apache Tomcat/10.1.5]
2025-08-23 10:55:23.909 [main] INFO  o.a.c.core.ContainerBase.[Tomcat].[localhost].[/] - Initializing Spring embedded WebApplicationContext
2025-08-23 10:55:23.909 [main] INFO  o.s.b.w.s.c.ServletWebServerApplicationContext - Root WebApplicationContext: initialization completed in 1225 ms
2025-08-23 10:55:24.319 [main] INFO  c.a.d.s.b.a.DruidDataSourceAutoConfigure - Init DruidDataSource
2025-08-23 10:55:24.730 [main] INFO  com.alibaba.druid.pool.DruidDataSource - {dataSource-1} inited
2025-08-23 10:55:25.024 [main] WARN  o.s.b.w.s.c.AnnotationConfigServletWebServerApplicationContext - Exception encountered during context initialization - cancelling refresh attempt: org.springframework.beans.factory.BeanCreationException: Error creating bean with name 'userController': Injection of resource dependencies failed
2025-08-23 10:55:25.024 [main] INFO  com.alibaba.druid.pool.DruidDataSource - {dataSource-1} closing ...
2025-08-23 10:55:25.035 [main] INFO  com.alibaba.druid.pool.DruidDataSource - {dataSource-1} closed
2025-08-23 10:55:25.050 [main] INFO  org.apache.catalina.core.StandardService - Stopping service [Tomcat]
2025-08-23 10:55:25.074 [main] INFO  o.s.b.a.logging.ConditionEvaluationReportLogger - 

Error starting ApplicationContext. To display the condition evaluation report re-run your application with 'debug' enabled.
2025-08-23 10:55:25.104 [main] ERROR o.s.b.diagnostics.LoggingFailureAnalysisReporter - 

***************************
APPLICATION FAILED TO START
***************************

Description:

A component required a bean of type 'com.zry.xiaohongshu.user.api.UserFeignApi' that could not be found.


Action:

Consider defining a bean of type 'com.zry.xiaohongshu.user.api.UserFeignApi' in your configuration.

2025-08-23 10:55:25.106 [Thread-2] WARN  c.alibaba.nacos.common.http.HttpClientBeanHolder - [HttpClientBeanHolder] Start destroying common HttpClient
2025-08-23 10:55:25.106 [Thread-9] WARN  com.alibaba.nacos.common.notify.NotifyCenter - [NotifyCenter] Start destroying Publisher
2025-08-23 10:55:25.106 [Thread-9] WARN  com.alibaba.nacos.common.notify.NotifyCenter - [NotifyCenter] Destruction of the end
2025-08-23 10:55:25.107 [Thread-2] WARN  c.alibaba.nacos.common.http.HttpClientBeanHolder - [HttpClientBeanHolder] Destruction of the end
2025-08-23 10:56:07.460 [main] WARN  com.alibaba.nacos.client.logging.NacosLogging - Load Logback Configuration of Nacos fail, message: Could not initialize Logback Nacos logging from classpath:nacos-logback.xml
2025-08-23 10:56:07.519 [main] WARN  com.alibaba.nacos.client.logging.NacosLogging - Load Logback Configuration of Nacos fail, message: Could not initialize Logback Nacos logging from classpath:nacos-logback.xml
2025-08-23 10:56:07.745 [main] WARN  com.alibaba.nacos.client.logging.NacosLogging - Load Logback Configuration of Nacos fail, message: Could not initialize Logback Nacos logging from classpath:nacos-logback.xml
2025-08-23 10:56:07.747 [main] INFO  com.alibaba.nacos.client.utils.ParamUtil - [settings] [req-serv] nacos-server port:8848
2025-08-23 10:56:07.747 [main] INFO  com.alibaba.nacos.client.utils.ParamUtil - [settings] [http-client] connect timeout:1000
2025-08-23 10:56:07.748 [main] INFO  com.alibaba.nacos.client.utils.ParamUtil - PER_TASK_CONFIG_SIZE: 3000.0
2025-08-23 10:56:07.774 [main] INFO  c.a.n.p.auth.spi.client.ClientAuthPluginManager - [ClientAuthPluginManager] Load ClientAuthService com.alibaba.nacos.client.auth.impl.NacosClientAuthServiceImpl success.
2025-08-23 10:56:07.774 [main] INFO  c.a.n.p.auth.spi.client.ClientAuthPluginManager - [ClientAuthPluginManager] Load ClientAuthService com.alibaba.nacos.client.auth.ram.RamClientAuthServiceImpl success.
2025-08-23 10:56:07.777 [main] INFO  c.a.n.client.auth.ram.identify.CredentialWatcher - null No credential found
2025-08-23 10:56:08.075 [main] WARN  com.alibaba.nacos.client.logging.NacosLogging - Load Logback Configuration of Nacos fail, message: Could not initialize Logback Nacos logging from classpath:nacos-logback.xml
2025-08-23 10:56:08.089 [main] INFO  c.a.n.client.config.impl.LocalConfigInfoProcessor - LOCAL_SNAPSHOT_PATH:C:\Users\Rey\nacos\config
2025-08-23 10:56:08.093 [main] INFO  com.alibaba.nacos.common.remote.client - [RpcClientFactory] create a new rpc client of 2f9181f9-6c7a-422b-b4eb-fbc85538a7de_config-0
2025-08-23 10:56:08.115 [main] INFO  com.alibaba.nacos.common.remote.client - [2f9181f9-6c7a-422b-b4eb-fbc85538a7de_config-0] Register server push request handler:com.alibaba.nacos.client.config.impl.ClientWorker$ConfigRpcTransportClient$$Lambda$589/0x000001ea9738f210
2025-08-23 10:56:08.116 [main] INFO  com.alibaba.nacos.common.remote.client - [2f9181f9-6c7a-422b-b4eb-fbc85538a7de_config-0] Register server push request handler:com.alibaba.nacos.client.config.impl.ClientWorker$ConfigRpcTransportClient$$Lambda$590/0x000001ea9738f630
2025-08-23 10:56:08.116 [main] INFO  com.alibaba.nacos.common.remote.client - [2f9181f9-6c7a-422b-b4eb-fbc85538a7de_config-0] Registry connection listener to current client:com.alibaba.nacos.client.config.impl.ClientWorker$ConfigRpcTransportClient$1
2025-08-23 10:56:08.116 [main] INFO  com.alibaba.nacos.common.remote.client - [2f9181f9-6c7a-422b-b4eb-fbc85538a7de_config-0] RpcClient init, ServerListFactory = com.alibaba.nacos.client.config.impl.ClientWorker$ConfigRpcTransportClient$2
2025-08-23 10:56:08.124 [main] INFO  com.alibaba.nacos.common.remote.client - [2f9181f9-6c7a-422b-b4eb-fbc85538a7de_config-0] Try to connect to server on start up, server: {serverIp = '47.236.36.111', server main port = 8848}
2025-08-23 10:56:08.158 [main] INFO  c.a.nacos.common.remote.client.grpc.GrpcClient - grpc client connection server:47.236.36.111 ip,serverPort:9848,grpcTslConfig:{"sslProvider":"OPENSSL","enableTls":false,"mutualAuthEnable":false,"trustAll":false}
2025-08-23 10:56:09.169 [main] INFO  com.alibaba.nacos.common.remote.client - [2f9181f9-6c7a-422b-b4eb-fbc85538a7de_config-0] Success to connect to server [47.236.36.111:8848] on start up, connectionId = 1755917768919_112.94.129.71_1480
2025-08-23 10:56:09.170 [com.alibaba.nacos.client.remote.worker] INFO  com.alibaba.nacos.common.remote.client - [2f9181f9-6c7a-422b-b4eb-fbc85538a7de_config-0] Notify connected event to listeners.
2025-08-23 10:56:09.170 [main] INFO  com.alibaba.nacos.common.remote.client - [2f9181f9-6c7a-422b-b4eb-fbc85538a7de_config-0] Register server push request handler:com.alibaba.nacos.common.remote.client.RpcClient$ConnectResetRequestHandler
2025-08-23 10:56:09.170 [com.alibaba.nacos.client.remote.worker] INFO  com.alibaba.nacos.client.config.impl.ClientWorker - [2f9181f9-6c7a-422b-b4eb-fbc85538a7de_config-0] Connected,notify listen context...
2025-08-23 10:56:09.171 [main] INFO  com.alibaba.nacos.common.remote.client - [2f9181f9-6c7a-422b-b4eb-fbc85538a7de_config-0] Register server push request handler:com.alibaba.nacos.common.remote.client.RpcClient$$Lambda$610/0x000001ea974d6800
2025-08-23 10:56:09.221 [main] INFO  com.alibaba.nacos.client.config.impl.Limiter - limitTime:5.0
2025-08-23 10:56:09.287 [main] INFO  com.alibaba.nacos.client.config.utils.JvmUtil - isMultiInstance:false
2025-08-23 10:56:09.343 [main] WARN  c.a.cloud.nacos.client.NacosPropertySourceBuilder - Ignore the empty nacos configuration and get it based on dataId[xiaohongshu-auth.yaml] & group[DEFAULT_GROUP]
2025-08-23 10:56:09.399 [main] INFO  o.s.c.b.c.PropertySourceBootstrapConfiguration - Located property source: [BootstrapPropertySource {name='bootstrapProperties-xiaohongshu-auth-dev.yaml,DEFAULT_GROUP'}, BootstrapPropertySource {name='bootstrapProperties-xiaohongshu-auth.yaml,DEFAULT_GROUP'}, BootstrapPropertySource {name='bootstrapProperties-xiaohongshu-auth,DEFAULT_GROUP'}]
2025-08-23 10:56:09.428 [main] WARN  com.alibaba.nacos.client.logging.NacosLogging - Load Logback Configuration of Nacos fail, message: Could not initialize Logback Nacos logging from classpath:nacos-logback.xml
2025-08-23 10:56:09.430 [main] INFO  c.zry.xiaohongshu.auth.XiaohongshuAuthApplication - The following 1 profile is active: "dev"
2025-08-23 10:56:10.211 [main] INFO  o.s.d.r.config.RepositoryConfigurationDelegate - Multiple Spring Data modules found, entering strict repository configuration mode
2025-08-23 10:56:10.214 [main] INFO  o.s.d.r.config.RepositoryConfigurationDelegate - Bootstrapping Spring Data Redis repositories in DEFAULT mode.
2025-08-23 10:56:10.244 [main] INFO  o.s.d.r.config.RepositoryConfigurationDelegate - Finished Spring Data repository scanning in 14 ms. Found 0 Redis repository interfaces.
2025-08-23 10:56:10.441 [main] INFO  o.springframework.cloud.context.scope.GenericScope - BeanFactory id=8eaa6b51-1153-32ac-8876-7672529d6c28
2025-08-23 10:56:10.480 [main] INFO  o.s.c.s.PostProcessorRegistrationDelegate$BeanPostProcessorChecker - Bean 'com.zry.xiaohongshu.user.api.UserFeignApi' of type [org.springframework.cloud.openfeign.FeignClientFactoryBean] is not eligible for getting processed by all BeanPostProcessors (for example: not eligible for auto-proxying)
2025-08-23 10:56:11.022 [main] INFO  o.s.boot.web.embedded.tomcat.TomcatWebServer - Tomcat initialized with port(s): 8080 (http)
2025-08-23 10:56:11.023 [main] INFO  org.apache.catalina.core.AprLifecycleListener - Loaded Apache Tomcat Native library [2.0.3] using APR version [1.7.2].
2025-08-23 10:56:11.027 [main] INFO  org.apache.catalina.core.AprLifecycleListener - OpenSSL successfully initialized [OpenSSL 3.0.8 7 Feb 2023]
2025-08-23 10:56:11.040 [main] INFO  org.apache.catalina.core.StandardService - Starting service [Tomcat]
2025-08-23 10:56:11.041 [main] INFO  org.apache.catalina.core.StandardEngine - Starting Servlet engine: [Apache Tomcat/10.1.5]
2025-08-23 10:56:11.133 [main] INFO  o.a.c.core.ContainerBase.[Tomcat].[localhost].[/] - Initializing Spring embedded WebApplicationContext
2025-08-23 10:56:11.134 [main] INFO  o.s.b.w.s.c.ServletWebServerApplicationContext - Root WebApplicationContext: initialization completed in 1682 ms
2025-08-23 10:56:11.521 [main] INFO  c.a.d.s.b.a.DruidDataSourceAutoConfigure - Init DruidDataSource
2025-08-23 10:56:11.890 [main] INFO  com.alibaba.druid.pool.DruidDataSource - {dataSource-1} inited
2025-08-23 10:56:12.291 [main] INFO  o.s.cloud.openfeign.FeignClientFactoryBean - For 'xiaohongshu-user' URL not provided. Will try picking an instance via load-balancing.
2025-08-23 10:56:13.450 [main] WARN  o.s.c.l.c.LoadBalancerCacheAutoConfiguration$LoadBalancerCaffeineWarnLogger - Spring Cloud LoadBalancer is currently working with the default cache. While this cache implementation is useful for development and tests, it's recommended to use Caffeine cache in production.You can switch to using Caffeine cache, by adding it and org.springframework.cache.caffeine.CaffeineCacheManager to the classpath.
2025-08-23 10:56:13.548 [main] INFO  o.s.boot.web.embedded.tomcat.TomcatWebServer - Tomcat started on port(s): 8080 (http) with context path ''
2025-08-23 10:56:13.554 [main] INFO  com.alibaba.nacos.client.naming - initializer namespace from ans.namespace attribute : null
2025-08-23 10:56:13.555 [main] INFO  com.alibaba.nacos.client.naming - initializer namespace from ALIBABA_ALIWARE_NAMESPACE attribute :null
2025-08-23 10:56:13.555 [main] INFO  com.alibaba.nacos.client.naming - initializer namespace from namespace attribute :null
2025-08-23 10:56:13.564 [main] INFO  c.a.n.p.auth.spi.client.ClientAuthPluginManager - [ClientAuthPluginManager] Load ClientAuthService com.alibaba.nacos.client.auth.impl.NacosClientAuthServiceImpl success.
2025-08-23 10:56:13.564 [main] INFO  c.a.n.p.auth.spi.client.ClientAuthPluginManager - [ClientAuthPluginManager] Load ClientAuthService com.alibaba.nacos.client.auth.ram.RamClientAuthServiceImpl success.
2025-08-23 10:56:13.568 [main] INFO  com.alibaba.nacos.common.remote.client - [RpcClientFactory] create a new rpc client of 3059029d-494b-4b3e-8951-582d4f474606
2025-08-23 10:56:13.570 [main] INFO  com.alibaba.nacos.common.remote.client - [3059029d-494b-4b3e-8951-582d4f474606] RpcClient init, ServerListFactory = com.alibaba.nacos.client.naming.core.ServerListManager
2025-08-23 10:56:13.570 [main] INFO  com.alibaba.nacos.common.remote.client - [3059029d-494b-4b3e-8951-582d4f474606] Registry connection listener to current client:com.alibaba.nacos.client.naming.remote.gprc.redo.NamingGrpcRedoService
2025-08-23 10:56:13.570 [main] INFO  com.alibaba.nacos.common.remote.client - [3059029d-494b-4b3e-8951-582d4f474606] Register server push request handler:com.alibaba.nacos.client.naming.remote.gprc.NamingPushRequestHandler
2025-08-23 10:56:13.570 [main] INFO  com.alibaba.nacos.common.remote.client - [3059029d-494b-4b3e-8951-582d4f474606] Try to connect to server on start up, server: {serverIp = '47.236.36.111', server main port = 8848}
2025-08-23 10:56:13.571 [main] INFO  c.a.nacos.common.remote.client.grpc.GrpcClient - grpc client connection server:47.236.36.111 ip,serverPort:9848,grpcTslConfig:{"sslProvider":"OPENSSL","enableTls":false,"mutualAuthEnable":false,"trustAll":false}
2025-08-23 10:56:13.838 [main] INFO  com.alibaba.nacos.common.remote.client - [3059029d-494b-4b3e-8951-582d4f474606] Success to connect to server [47.236.36.111:8848] on start up, connectionId = 1755917773651_112.94.129.71_1481
2025-08-23 10:56:13.838 [main] INFO  com.alibaba.nacos.common.remote.client - [3059029d-494b-4b3e-8951-582d4f474606] Register server push request handler:com.alibaba.nacos.common.remote.client.RpcClient$ConnectResetRequestHandler
2025-08-23 10:56:13.838 [main] INFO  com.alibaba.nacos.common.remote.client - [3059029d-494b-4b3e-8951-582d4f474606] Register server push request handler:com.alibaba.nacos.common.remote.client.RpcClient$$Lambda$610/0x000001ea974d6800
2025-08-23 10:56:13.838 [com.alibaba.nacos.client.remote.worker] INFO  com.alibaba.nacos.common.remote.client - [3059029d-494b-4b3e-8951-582d4f474606] Notify connected event to listeners.
2025-08-23 10:56:13.838 [com.alibaba.nacos.client.remote.worker] INFO  com.alibaba.nacos.client.naming - Grpc connection connect
2025-08-23 10:56:13.839 [main] INFO  com.alibaba.nacos.client.naming - [REGISTER-SERVICE] xiaohongshu registering service xiaohongshu-auth with instance Instance{instanceId='null', ip='10.2.66.3', port=8080, weight=1.0, healthy=true, enabled=true, ephemeral=true, clusterName='DEFAULT', serviceName='null', metadata={IPv6=null, preserved.register.source=SPRING_CLOUD}}
2025-08-23 10:56:13.899 [main] INFO  c.a.cloud.nacos.registry.NacosServiceRegistry - nacos registry, DEFAULT_GROUP xiaohongshu-auth 10.2.66.3:8080 register finished
2025-08-23 10:56:14.110 [main] INFO  c.zry.xiaohongshu.auth.XiaohongshuAuthApplication - Started XiaohongshuAuthApplication in 7.386 seconds (process running for 8.109)
2025-08-23 10:56:14.114 [main] INFO  com.alibaba.nacos.client.config.impl.CacheData - nacos.cache.data.init.snapshot = true 
2025-08-23 10:56:14.115 [main] INFO  com.alibaba.nacos.client.config.impl.ClientWorker - [fixed-xiaohongshu-47.236.36.111_8848_] [subscribe] xiaohongshu-auth.yaml+DEFAULT_GROUP+xiaohongshu
2025-08-23 10:56:14.123 [main] INFO  com.alibaba.nacos.client.config.impl.CacheData - [fixed-xiaohongshu-47.236.36.111_8848_] [add-listener] ok, tenant=xiaohongshu, dataId=xiaohongshu-auth.yaml, group=DEFAULT_GROUP, cnt=1
2025-08-23 10:56:14.123 [main] INFO  c.a.cloud.nacos.refresh.NacosContextRefresher - [Nacos Config] Listening config: dataId=xiaohongshu-auth.yaml, group=DEFAULT_GROUP
2025-08-23 10:56:14.125 [main] INFO  com.alibaba.nacos.client.config.impl.ClientWorker - [fixed-xiaohongshu-47.236.36.111_8848_] [subscribe] xiaohongshu-auth-dev.yaml+DEFAULT_GROUP+xiaohongshu
2025-08-23 10:56:14.125 [main] INFO  com.alibaba.nacos.client.config.impl.CacheData - [fixed-xiaohongshu-47.236.36.111_8848_] [add-listener] ok, tenant=xiaohongshu, dataId=xiaohongshu-auth-dev.yaml, group=DEFAULT_GROUP, cnt=1
2025-08-23 10:56:14.125 [main] INFO  c.a.cloud.nacos.refresh.NacosContextRefresher - [Nacos Config] Listening config: dataId=xiaohongshu-auth-dev.yaml, group=DEFAULT_GROUP
2025-08-23 10:56:14.127 [main] INFO  com.alibaba.nacos.client.config.impl.ClientWorker - [fixed-xiaohongshu-47.236.36.111_8848_] [subscribe] xiaohongshu-auth+DEFAULT_GROUP+xiaohongshu
2025-08-23 10:56:14.127 [main] INFO  com.alibaba.nacos.client.config.impl.CacheData - [fixed-xiaohongshu-47.236.36.111_8848_] [add-listener] ok, tenant=xiaohongshu, dataId=xiaohongshu-auth, group=DEFAULT_GROUP, cnt=1
2025-08-23 10:56:14.127 [main] INFO  c.a.cloud.nacos.refresh.NacosContextRefresher - [Nacos Config] Listening config: dataId=xiaohongshu-auth, group=DEFAULT_GROUP
2025-08-23 11:04:19.752 [http-nio-8080-exec-1] INFO  o.a.c.core.ContainerBase.[Tomcat].[localhost].[/] - Initializing Spring DispatcherServlet 'dispatcherServlet'
2025-08-23 11:04:19.753 [http-nio-8080-exec-1] INFO  org.springframework.web.servlet.DispatcherServlet - Initializing Servlet 'dispatcherServlet'
2025-08-23 11:04:19.753 [http-nio-8080-exec-1] INFO  org.springframework.web.servlet.DispatcherServlet - Completed initialization in 0 ms
2025-08-23 11:04:19.763 [http-nio-8080-exec-1] INFO  c.z.f.b.context.filter.HeaderUserId2ContextFilter - ## HeaderUserId2ContextFilter, 用户 ID: null
2025-08-23 11:04:19.905 [http-nio-8080-exec-1] INFO  c.z.f.b.operationlog.aspect.ApiOperationLogAspect - ====== 请求开始: [发送验证码], 入参: {"phone":"13068920712"}, 请求类: VerificationCodeController, 请求方法: send =================================== 
2025-08-23 11:04:20.772 [http-nio-8080-exec-1] INFO  c.z.x.a.service.impl.VerificationCodeServiceImpl - ==> 手机号: 13068920712, 已生成验证码：【395733】
2025-08-23 11:04:20.774 [AuthExecutor-1] INFO  com.zry.xiaohongshu.auth.sms.AliyunSmsHelper - ==> 开始短信发送, phone: 13068920712, signName: 阿里云短信测试, templateCode: SMS_154950909, templateParam: {"code":"395733"}
2025-08-23 11:04:20.841 [http-nio-8080-exec-1] INFO  c.z.f.b.operationlog.aspect.ApiOperationLogAspect - ====== 请求结束: [发送验证码], 耗时: 936ms, 出参: {"success":true,"message":null,"errorCode":null,"data":null} =================================== 
2025-08-23 11:04:22.292 [AuthExecutor-1] INFO  com.zry.xiaohongshu.auth.sms.AliyunSmsHelper - ==> 短信发送成功, response: {"headers":{"access-control-allow-origin":"*","date":"Sat, 23 Aug 2025 03:04:22 GMT","content-length":"110","keep-alive":"timeout=25","x-acs-request-id":"C2C2D190-3C77-521B-800D-CE7209605496","connection":"keep-alive","content-type":"application/json;charset=utf-8","etag":"1LsRamfKgMq14kyhpWbJqIQ0","access-control-expose-headers":"*","x-acs-trace-id":"ec03a08d2b8f064f6c603cc0426cbaeb"},"statusCode":200,"body":{"bizId":"783605555918261798^0","code":"OK","message":"OK","requestId":"C2C2D190-3C77-521B-800D-CE7209605496"}}
2025-08-23 11:05:06.381 [http-nio-8080-exec-2] INFO  c.z.f.b.context.filter.HeaderUserId2ContextFilter - ## HeaderUserId2ContextFilter, 用户 ID: null
2025-08-23 11:05:06.396 [http-nio-8080-exec-2] INFO  c.z.f.b.operationlog.aspect.ApiOperationLogAspect - ====== 请求开始: [用户登录], 入参: {"phone":"13068920712","code":"123456","password":null,"type":1}, 请求类: UserController, 请求方法: loginAndRegister =================================== 
2025-08-23 11:05:06.473 [http-nio-8080-exec-2] WARN  c.z.x.auth.exception.GlobalExceptionHandler - /login request fail, errorCode: AUTH-20001, errorMessage: 验证码错误
2025-08-23 11:05:11.477 [http-nio-8080-exec-3] INFO  c.z.f.b.context.filter.HeaderUserId2ContextFilter - ## HeaderUserId2ContextFilter, 用户 ID: null
2025-08-23 11:05:11.478 [http-nio-8080-exec-3] INFO  c.z.f.b.operationlog.aspect.ApiOperationLogAspect - ====== 请求开始: [用户登录], 入参: {"phone":"13068920712","code":"123456","password":null,"type":2}, 请求类: UserController, 请求方法: loginAndRegister =================================== 
2025-08-23 11:05:11.478 [http-nio-8080-exec-3] INFO  c.z.f.b.operationlog.aspect.ApiOperationLogAspect - ====== 请求结束: [用户登录], 耗时: 0ms, 出参: {"success":false,"message":"登录方式不正确","errorCode":"AUTH-10001","data":null} =================================== 
2025-08-23 11:05:18.495 [http-nio-8080-exec-4] INFO  c.z.f.b.context.filter.HeaderUserId2ContextFilter - ## HeaderUserId2ContextFilter, 用户 ID: null
2025-08-23 11:05:18.498 [http-nio-8080-exec-4] INFO  c.z.f.b.operationlog.aspect.ApiOperationLogAspect - ====== 请求开始: [用户登录], 入参: {"phone":"13068920712","code":"123456","password":null,"type":0}, 请求类: UserController, 请求方法: loginAndRegister =================================== 
2025-08-23 11:05:18.499 [http-nio-8080-exec-4] ERROR c.z.x.auth.exception.GlobalExceptionHandler - /login request error, 
java.lang.NullPointerException: Cannot invoke "com.zry.xiaohongshu.auth.enums.LoginTypeEnum.ordinal()" because "loginTypeEnum" is null
	at com.zry.xiaohongshu.auth.service.impl.UserServiceImpl.loginAndRegister(UserServiceImpl.java:66)
	at com.zry.xiaohongshu.auth.controller.UserController.loginAndRegister(UserController.java:22)
	at java.base/jdk.internal.reflect.NativeMethodAccessorImpl.invoke0(Native Method)
	at java.base/jdk.internal.reflect.NativeMethodAccessorImpl.invoke(NativeMethodAccessorImpl.java:77)
	at java.base/jdk.internal.reflect.DelegatingMethodAccessorImpl.invoke(DelegatingMethodAccessorImpl.java:43)
	at java.base/java.lang.reflect.Method.invoke(Method.java:568)
	at org.springframework.aop.support.AopUtils.invokeJoinpointUsingReflection(AopUtils.java:343)
	at org.springframework.aop.framework.ReflectiveMethodInvocation.invokeJoinpoint(ReflectiveMethodInvocation.java:196)
	at org.springframework.aop.framework.ReflectiveMethodInvocation.proceed(ReflectiveMethodInvocation.java:163)
	at org.springframework.aop.framework.CglibAopProxy$CglibMethodInvocation.proceed(CglibAopProxy.java:752)
	at org.springframework.aop.aspectj.MethodInvocationProceedingJoinPoint.proceed(MethodInvocationProceedingJoinPoint.java:89)
	at com.zry.framework.biz.operationlog.aspect.ApiOperationLogAspect.doAround(ApiOperationLogAspect.java:50)
	at java.base/jdk.internal.reflect.NativeMethodAccessorImpl.invoke0(Native Method)
	at java.base/jdk.internal.reflect.NativeMethodAccessorImpl.invoke(NativeMethodAccessorImpl.java:77)
	at java.base/jdk.internal.reflect.DelegatingMethodAccessorImpl.invoke(DelegatingMethodAccessorImpl.java:43)
	at java.base/java.lang.reflect.Method.invoke(Method.java:568)
	at org.springframework.aop.aspectj.AbstractAspectJAdvice.invokeAdviceMethodWithGivenArgs(AbstractAspectJAdvice.java:633)
	at org.springframework.aop.aspectj.AbstractAspectJAdvice.invokeAdviceMethod(AbstractAspectJAdvice.java:623)
	at org.springframework.aop.aspectj.AspectJAroundAdvice.invoke(AspectJAroundAdvice.java:71)
	at org.springframework.aop.framework.ReflectiveMethodInvocation.proceed(ReflectiveMethodInvocation.java:173)
	at org.springframework.aop.framework.CglibAopProxy$CglibMethodInvocation.proceed(CglibAopProxy.java:752)
	at org.springframework.aop.interceptor.ExposeInvocationInterceptor.invoke(ExposeInvocationInterceptor.java:97)
	at org.springframework.aop.framework.ReflectiveMethodInvocation.proceed(ReflectiveMethodInvocation.java:184)
	at org.springframework.aop.framework.CglibAopProxy$CglibMethodInvocation.proceed(CglibAopProxy.java:752)
	at org.springframework.aop.framework.CglibAopProxy$DynamicAdvisedInterceptor.intercept(CglibAopProxy.java:703)
	at com.zry.xiaohongshu.auth.controller.UserController$$SpringCGLIB$$0.loginAndRegister(<generated>)
	at java.base/jdk.internal.reflect.NativeMethodAccessorImpl.invoke0(Native Method)
	at java.base/jdk.internal.reflect.NativeMethodAccessorImpl.invoke(NativeMethodAccessorImpl.java:77)
	at java.base/jdk.internal.reflect.DelegatingMethodAccessorImpl.invoke(DelegatingMethodAccessorImpl.java:43)
	at java.base/java.lang.reflect.Method.invoke(Method.java:568)
	at org.springframework.web.method.support.InvocableHandlerMethod.doInvoke(InvocableHandlerMethod.java:207)
	at org.springframework.web.method.support.InvocableHandlerMethod.invokeForRequest(InvocableHandlerMethod.java:152)
	at org.springframework.web.servlet.mvc.method.annotation.ServletInvocableHandlerMethod.invokeAndHandle(ServletInvocableHandlerMethod.java:117)
	at org.springframework.web.servlet.mvc.method.annotation.RequestMappingHandlerAdapter.invokeHandlerMethod(RequestMappingHandlerAdapter.java:884)
	at org.springframework.web.servlet.mvc.method.annotation.RequestMappingHandlerAdapter.handleInternal(RequestMappingHandlerAdapter.java:797)
	at org.springframework.web.servlet.mvc.method.AbstractHandlerMethodAdapter.handle(AbstractHandlerMethodAdapter.java:87)
	at org.springframework.web.servlet.DispatcherServlet.doDispatch(DispatcherServlet.java:1080)
	at org.springframework.web.servlet.DispatcherServlet.doService(DispatcherServlet.java:973)
	at org.springframework.web.servlet.FrameworkServlet.processRequest(FrameworkServlet.java:1011)
	at org.springframework.web.servlet.FrameworkServlet.doPost(FrameworkServlet.java:914)
	at jakarta.servlet.http.HttpServlet.service(HttpServlet.java:547)
	at org.springframework.web.servlet.FrameworkServlet.service(FrameworkServlet.java:885)
	at jakarta.servlet.http.HttpServlet.service(HttpServlet.java:614)
	at org.apache.catalina.core.ApplicationFilterChain.internalDoFilter(ApplicationFilterChain.java:223)
	at org.apache.catalina.core.ApplicationFilterChain.doFilter(ApplicationFilterChain.java:158)
	at org.apache.tomcat.websocket.server.WsFilter.doFilter(WsFilter.java:53)
	at org.apache.catalina.core.ApplicationFilterChain.internalDoFilter(ApplicationFilterChain.java:185)
	at org.apache.catalina.core.ApplicationFilterChain.doFilter(ApplicationFilterChain.java:158)
	at com.zry.framework.biz.context.filter.HeaderUserId2ContextFilter.doFilterInternal(HeaderUserId2ContextFilter.java:28)
	at org.springframework.web.filter.OncePerRequestFilter.doFilter(OncePerRequestFilter.java:116)
	at org.apache.catalina.core.ApplicationFilterChain.internalDoFilter(ApplicationFilterChain.java:185)
	at org.apache.catalina.core.ApplicationFilterChain.doFilter(ApplicationFilterChain.java:158)
	at com.alibaba.druid.support.jakarta.WebStatFilter.doFilter(WebStatFilter.java:113)
	at org.apache.catalina.core.ApplicationFilterChain.internalDoFilter(ApplicationFilterChain.java:185)
	at org.apache.catalina.core.ApplicationFilterChain.doFilter(ApplicationFilterChain.java:158)
	at org.springframework.web.filter.RequestContextFilter.doFilterInternal(RequestContextFilter.java:100)
	at org.springframework.web.filter.OncePerRequestFilter.doFilter(OncePerRequestFilter.java:116)
	at org.apache.catalina.core.ApplicationFilterChain.internalDoFilter(ApplicationFilterChain.java:185)
	at org.apache.catalina.core.ApplicationFilterChain.doFilter(ApplicationFilterChain.java:158)
	at cn.dev33.satoken.filter.SaPathCheckFilterForJakartaServlet.doFilter(SaPathCheckFilterForJakartaServlet.java:55)
	at org.apache.catalina.core.ApplicationFilterChain.internalDoFilter(ApplicationFilterChain.java:185)
	at org.apache.catalina.core.ApplicationFilterChain.doFilter(ApplicationFilterChain.java:158)
	at org.springframework.web.filter.FormContentFilter.doFilterInternal(FormContentFilter.java:93)
	at org.springframework.web.filter.OncePerRequestFilter.doFilter(OncePerRequestFilter.java:116)
	at org.apache.catalina.core.ApplicationFilterChain.internalDoFilter(ApplicationFilterChain.java:185)
	at org.apache.catalina.core.ApplicationFilterChain.doFilter(ApplicationFilterChain.java:158)
	at org.springframework.web.filter.CharacterEncodingFilter.doFilterInternal(CharacterEncodingFilter.java:201)
	at org.springframework.web.filter.OncePerRequestFilter.doFilter(OncePerRequestFilter.java:116)
	at org.apache.catalina.core.ApplicationFilterChain.internalDoFilter(ApplicationFilterChain.java:185)
	at org.apache.catalina.core.ApplicationFilterChain.doFilter(ApplicationFilterChain.java:158)
	at org.apache.catalina.core.StandardWrapperValve.invoke(StandardWrapperValve.java:177)
	at org.apache.catalina.core.StandardContextValve.invoke(StandardContextValve.java:97)
	at org.apache.catalina.authenticator.AuthenticatorBase.invoke(AuthenticatorBase.java:542)
	at org.apache.catalina.core.StandardHostValve.invoke(StandardHostValve.java:119)
	at org.apache.catalina.valves.ErrorReportValve.invoke(ErrorReportValve.java:92)
	at org.apache.catalina.core.StandardEngineValve.invoke(StandardEngineValve.java:78)
	at org.apache.catalina.connector.CoyoteAdapter.service(CoyoteAdapter.java:357)
	at org.apache.coyote.http11.Http11Processor.service(Http11Processor.java:400)
	at org.apache.coyote.AbstractProcessorLight.process(AbstractProcessorLight.java:65)
	at org.apache.coyote.AbstractProtocol$ConnectionHandler.process(AbstractProtocol.java:859)
	at org.apache.tomcat.util.net.NioEndpoint$SocketProcessor.doRun(NioEndpoint.java:1734)
	at org.apache.tomcat.util.net.SocketProcessorBase.run(SocketProcessorBase.java:52)
	at org.apache.tomcat.util.threads.ThreadPoolExecutor.runWorker(ThreadPoolExecutor.java:1191)
	at org.apache.tomcat.util.threads.ThreadPoolExecutor$Worker.run(ThreadPoolExecutor.java:659)
	at org.apache.tomcat.util.threads.TaskThread$WrappingRunnable.run(TaskThread.java:61)
	at java.base/java.lang.Thread.run(Thread.java:842)
2025-08-23 11:05:38.124 [http-nio-8080-exec-7] INFO  c.z.f.b.context.filter.HeaderUserId2ContextFilter - ## HeaderUserId2ContextFilter, 用户 ID: null
2025-08-23 11:05:38.125 [http-nio-8080-exec-7] INFO  c.z.f.b.operationlog.aspect.ApiOperationLogAspect - ====== 请求开始: [用户登录], 入参: {"phone":"13068920712","code":"123456","password":null,"type":2}, 请求类: UserController, 请求方法: loginAndRegister =================================== 
2025-08-23 11:05:38.125 [http-nio-8080-exec-7] INFO  c.z.f.b.operationlog.aspect.ApiOperationLogAspect - ====== 请求结束: [用户登录], 耗时: 0ms, 出参: {"success":false,"message":"登录方式不正确","errorCode":"AUTH-10001","data":null} =================================== 
2025-08-23 11:06:29.303 [Thread-2] WARN  c.alibaba.nacos.common.http.HttpClientBeanHolder - [HttpClientBeanHolder] Start destroying common HttpClient
2025-08-23 11:06:29.303 [Thread-9] WARN  com.alibaba.nacos.common.notify.NotifyCenter - [NotifyCenter] Start destroying Publisher
2025-08-23 11:06:29.303 [Thread-9] WARN  com.alibaba.nacos.common.notify.NotifyCenter - [NotifyCenter] Destruction of the end
2025-08-23 11:06:29.303 [Thread-2] WARN  c.alibaba.nacos.common.http.HttpClientBeanHolder - [HttpClientBeanHolder] Destruction of the end
2025-08-23 11:06:29.371 [SpringApplicationShutdownHook] INFO  c.a.cloud.nacos.registry.NacosServiceRegistry - De-registering from Nacos Server now...
2025-08-23 11:06:29.371 [SpringApplicationShutdownHook] INFO  com.alibaba.nacos.client.naming - [DEREGISTER-SERVICE] xiaohongshu deregistering service xiaohongshu-auth with instance: Instance{instanceId='null', ip='10.2.66.3', port=8080, weight=1.0, healthy=true, enabled=true, ephemeral=true, clusterName='DEFAULT', serviceName='null', metadata={}}
2025-08-23 11:06:29.420 [SpringApplicationShutdownHook] INFO  c.a.cloud.nacos.registry.NacosServiceRegistry - De-registration finished.
2025-08-23 11:06:29.421 [SpringApplicationShutdownHook] INFO  com.alibaba.nacos.client.naming - com.alibaba.nacos.client.naming.cache.ServiceInfoHolder do shutdown begin
2025-08-23 11:06:29.421 [SpringApplicationShutdownHook] INFO  com.alibaba.nacos.client.naming - com.alibaba.nacos.client.naming.backups.FailoverReactor do shutdown begin
2025-08-23 11:06:29.421 [SpringApplicationShutdownHook] INFO  com.alibaba.nacos.client.naming - com.alibaba.nacos.client.naming.backups.FailoverReactor do shutdown stop
2025-08-23 11:06:29.421 [SpringApplicationShutdownHook] INFO  com.alibaba.nacos.client.naming - com.alibaba.nacos.client.naming.cache.ServiceInfoHolder do shutdown stop
2025-08-23 11:06:29.421 [SpringApplicationShutdownHook] INFO  com.alibaba.nacos.client.naming - com.alibaba.nacos.client.naming.remote.NamingClientProxyDelegate do shutdown begin
2025-08-23 11:06:29.421 [SpringApplicationShutdownHook] INFO  com.alibaba.nacos.client.naming - com.alibaba.nacos.client.naming.core.ServiceInfoUpdateService do shutdown begin
2025-08-23 11:06:29.421 [SpringApplicationShutdownHook] INFO  com.alibaba.nacos.client.naming - com.alibaba.nacos.client.naming.core.ServiceInfoUpdateService do shutdown stop
2025-08-23 11:06:29.421 [SpringApplicationShutdownHook] INFO  com.alibaba.nacos.client.naming - com.alibaba.nacos.client.naming.core.ServerListManager do shutdown begin
2025-08-23 11:06:29.421 [SpringApplicationShutdownHook] WARN  com.alibaba.nacos.client.naming - [NamingHttpClientManager] Start destroying NacosRestTemplate
2025-08-23 11:06:29.421 [SpringApplicationShutdownHook] WARN  com.alibaba.nacos.client.naming - [NamingHttpClientManager] Destruction of the end
2025-08-23 11:06:29.421 [SpringApplicationShutdownHook] INFO  com.alibaba.nacos.client.naming - com.alibaba.nacos.client.naming.core.ServerListManager do shutdown stop
2025-08-23 11:06:29.421 [SpringApplicationShutdownHook] INFO  com.alibaba.nacos.client.naming - com.alibaba.nacos.client.naming.remote.http.NamingHttpClientProxy do shutdown begin
2025-08-23 11:06:29.421 [SpringApplicationShutdownHook] WARN  com.alibaba.nacos.client.naming - [NamingHttpClientManager] Start destroying NacosRestTemplate
2025-08-23 11:06:29.421 [SpringApplicationShutdownHook] WARN  com.alibaba.nacos.client.naming - [NamingHttpClientManager] Destruction of the end
2025-08-23 11:06:29.421 [SpringApplicationShutdownHook] INFO  com.alibaba.nacos.client.naming - com.alibaba.nacos.client.naming.remote.http.NamingHttpClientProxy do shutdown stop
2025-08-23 11:06:29.421 [SpringApplicationShutdownHook] INFO  com.alibaba.nacos.common.remote.client - Shutdown rpc client, set status to shutdown
2025-08-23 11:06:29.421 [SpringApplicationShutdownHook] INFO  com.alibaba.nacos.common.remote.client - Shutdown client event executor java.util.concurrent.ScheduledThreadPoolExecutor@32042d37[Running, pool size = 2, active threads = 2, queued tasks = 0, completed tasks = 0]
2025-08-23 11:06:29.421 [SpringApplicationShutdownHook] INFO  com.alibaba.nacos.common.remote.client - Close current connection 1755917773651_112.94.129.71_1481
2025-08-23 11:06:29.423 [nacos-grpc-client-executor-47.236.36.111-134] WARN  c.a.nacos.common.remote.client.grpc.GrpcClient - [1755917773651_112.94.129.71_1481]Ignore error event,isRunning:false,isAbandon=false
2025-08-23 11:06:29.425 [SpringApplicationShutdownHook] INFO  c.a.nacos.common.remote.client.grpc.GrpcClient - Shutdown grpc executor java.util.concurrent.ThreadPoolExecutor@780ce77d[Running, pool size = 4, active threads = 0, queued tasks = 0, completed tasks = 135]
2025-08-23 11:06:29.425 [SpringApplicationShutdownHook] INFO  com.alibaba.nacos.client.naming - Shutdown grpc redo service executor java.util.concurrent.ScheduledThreadPoolExecutor@4373253b[Running, pool size = 1, active threads = 0, queued tasks = 1, completed tasks = 204]
2025-08-23 11:06:29.425 [SpringApplicationShutdownHook] INFO  c.a.n.client.auth.ram.identify.CredentialWatcher - [null] CredentialWatcher is stopped
2025-08-23 11:06:29.425 [SpringApplicationShutdownHook] INFO  c.a.n.client.auth.ram.identify.CredentialService - [null] CredentialService is freed
2025-08-23 11:06:29.425 [SpringApplicationShutdownHook] INFO  com.alibaba.nacos.client.naming - com.alibaba.nacos.client.naming.remote.NamingClientProxyDelegate do shutdown stop
2025-08-23 11:06:29.428 [SpringApplicationShutdownHook] INFO  com.alibaba.druid.pool.DruidDataSource - {dataSource-1} closing ...
2025-08-23 11:06:29.435 [SpringApplicationShutdownHook] INFO  com.alibaba.druid.pool.DruidDataSource - {dataSource-1} closed
2025-08-23 11:06:36.194 [main] WARN  com.alibaba.nacos.client.logging.NacosLogging - Load Logback Configuration of Nacos fail, message: Could not initialize Logback Nacos logging from classpath:nacos-logback.xml
2025-08-23 11:06:36.264 [main] WARN  com.alibaba.nacos.client.logging.NacosLogging - Load Logback Configuration of Nacos fail, message: Could not initialize Logback Nacos logging from classpath:nacos-logback.xml
2025-08-23 11:06:36.504 [main] WARN  com.alibaba.nacos.client.logging.NacosLogging - Load Logback Configuration of Nacos fail, message: Could not initialize Logback Nacos logging from classpath:nacos-logback.xml
2025-08-23 11:06:36.506 [main] INFO  com.alibaba.nacos.client.utils.ParamUtil - [settings] [req-serv] nacos-server port:8848
2025-08-23 11:06:36.506 [main] INFO  com.alibaba.nacos.client.utils.ParamUtil - [settings] [http-client] connect timeout:1000
2025-08-23 11:06:36.508 [main] INFO  com.alibaba.nacos.client.utils.ParamUtil - PER_TASK_CONFIG_SIZE: 3000.0
2025-08-23 11:06:36.532 [main] INFO  c.a.n.p.auth.spi.client.ClientAuthPluginManager - [ClientAuthPluginManager] Load ClientAuthService com.alibaba.nacos.client.auth.impl.NacosClientAuthServiceImpl success.
2025-08-23 11:06:36.532 [main] INFO  c.a.n.p.auth.spi.client.ClientAuthPluginManager - [ClientAuthPluginManager] Load ClientAuthService com.alibaba.nacos.client.auth.ram.RamClientAuthServiceImpl success.
2025-08-23 11:06:36.535 [main] INFO  c.a.n.client.auth.ram.identify.CredentialWatcher - null No credential found
2025-08-23 11:06:36.828 [main] WARN  com.alibaba.nacos.client.logging.NacosLogging - Load Logback Configuration of Nacos fail, message: Could not initialize Logback Nacos logging from classpath:nacos-logback.xml
2025-08-23 11:06:36.844 [main] INFO  c.a.n.client.config.impl.LocalConfigInfoProcessor - LOCAL_SNAPSHOT_PATH:C:\Users\Rey\nacos\config
2025-08-23 11:06:36.852 [main] INFO  com.alibaba.nacos.common.remote.client - [RpcClientFactory] create a new rpc client of 0b96f2b7-73af-427f-a385-3fd6732be477_config-0
2025-08-23 11:06:36.869 [main] INFO  com.alibaba.nacos.common.remote.client - [0b96f2b7-73af-427f-a385-3fd6732be477_config-0] Register server push request handler:com.alibaba.nacos.client.config.impl.ClientWorker$ConfigRpcTransportClient$$Lambda$589/0x0000029501391060
2025-08-23 11:06:36.869 [main] INFO  com.alibaba.nacos.common.remote.client - [0b96f2b7-73af-427f-a385-3fd6732be477_config-0] Register server push request handler:com.alibaba.nacos.client.config.impl.ClientWorker$ConfigRpcTransportClient$$Lambda$590/0x0000029501391480
2025-08-23 11:06:36.870 [main] INFO  com.alibaba.nacos.common.remote.client - [0b96f2b7-73af-427f-a385-3fd6732be477_config-0] Registry connection listener to current client:com.alibaba.nacos.client.config.impl.ClientWorker$ConfigRpcTransportClient$1
2025-08-23 11:06:36.870 [main] INFO  com.alibaba.nacos.common.remote.client - [0b96f2b7-73af-427f-a385-3fd6732be477_config-0] RpcClient init, ServerListFactory = com.alibaba.nacos.client.config.impl.ClientWorker$ConfigRpcTransportClient$2
2025-08-23 11:06:36.878 [main] INFO  com.alibaba.nacos.common.remote.client - [0b96f2b7-73af-427f-a385-3fd6732be477_config-0] Try to connect to server on start up, server: {serverIp = '47.236.36.111', server main port = 8848}
2025-08-23 11:06:36.916 [main] INFO  c.a.nacos.common.remote.client.grpc.GrpcClient - grpc client connection server:47.236.36.111 ip,serverPort:9848,grpcTslConfig:{"sslProvider":"OPENSSL","enableTls":false,"mutualAuthEnable":false,"trustAll":false}
2025-08-23 11:06:37.974 [main] INFO  com.alibaba.nacos.common.remote.client - [0b96f2b7-73af-427f-a385-3fd6732be477_config-0] Success to connect to server [47.236.36.111:8848] on start up, connectionId = 1755918397700_112.94.129.71_1068
2025-08-23 11:06:37.975 [com.alibaba.nacos.client.remote.worker] INFO  com.alibaba.nacos.common.remote.client - [0b96f2b7-73af-427f-a385-3fd6732be477_config-0] Notify connected event to listeners.
2025-08-23 11:06:37.975 [main] INFO  com.alibaba.nacos.common.remote.client - [0b96f2b7-73af-427f-a385-3fd6732be477_config-0] Register server push request handler:com.alibaba.nacos.common.remote.client.RpcClient$ConnectResetRequestHandler
2025-08-23 11:06:37.975 [com.alibaba.nacos.client.remote.worker] INFO  com.alibaba.nacos.client.config.impl.ClientWorker - [0b96f2b7-73af-427f-a385-3fd6732be477_config-0] Connected,notify listen context...
2025-08-23 11:06:37.975 [main] INFO  com.alibaba.nacos.common.remote.client - [0b96f2b7-73af-427f-a385-3fd6732be477_config-0] Register server push request handler:com.alibaba.nacos.common.remote.client.RpcClient$$Lambda$610/0x00000295014d7068
2025-08-23 11:06:38.022 [main] INFO  com.alibaba.nacos.client.config.impl.Limiter - limitTime:5.0
2025-08-23 11:06:38.103 [main] INFO  com.alibaba.nacos.client.config.utils.JvmUtil - isMultiInstance:false
2025-08-23 11:06:38.173 [main] WARN  c.a.cloud.nacos.client.NacosPropertySourceBuilder - Ignore the empty nacos configuration and get it based on dataId[xiaohongshu-auth.yaml] & group[DEFAULT_GROUP]
2025-08-23 11:06:38.233 [main] INFO  o.s.c.b.c.PropertySourceBootstrapConfiguration - Located property source: [BootstrapPropertySource {name='bootstrapProperties-xiaohongshu-auth-dev.yaml,DEFAULT_GROUP'}, BootstrapPropertySource {name='bootstrapProperties-xiaohongshu-auth.yaml,DEFAULT_GROUP'}, BootstrapPropertySource {name='bootstrapProperties-xiaohongshu-auth,DEFAULT_GROUP'}]
2025-08-23 11:06:38.263 [main] WARN  com.alibaba.nacos.client.logging.NacosLogging - Load Logback Configuration of Nacos fail, message: Could not initialize Logback Nacos logging from classpath:nacos-logback.xml
2025-08-23 11:06:38.263 [main] INFO  c.zry.xiaohongshu.auth.XiaohongshuAuthApplication - The following 1 profile is active: "dev"
2025-08-23 11:06:39.045 [main] INFO  o.s.d.r.config.RepositoryConfigurationDelegate - Multiple Spring Data modules found, entering strict repository configuration mode
2025-08-23 11:06:39.049 [main] INFO  o.s.d.r.config.RepositoryConfigurationDelegate - Bootstrapping Spring Data Redis repositories in DEFAULT mode.
2025-08-23 11:06:39.079 [main] INFO  o.s.d.r.config.RepositoryConfigurationDelegate - Finished Spring Data repository scanning in 16 ms. Found 0 Redis repository interfaces.
2025-08-23 11:06:39.275 [main] INFO  o.springframework.cloud.context.scope.GenericScope - BeanFactory id=8eaa6b51-1153-32ac-8876-7672529d6c28
2025-08-23 11:06:39.317 [main] INFO  o.s.c.s.PostProcessorRegistrationDelegate$BeanPostProcessorChecker - Bean 'com.zry.xiaohongshu.user.api.UserFeignApi' of type [org.springframework.cloud.openfeign.FeignClientFactoryBean] is not eligible for getting processed by all BeanPostProcessors (for example: not eligible for auto-proxying)
2025-08-23 11:06:39.853 [main] INFO  o.s.boot.web.embedded.tomcat.TomcatWebServer - Tomcat initialized with port(s): 8080 (http)
2025-08-23 11:06:39.854 [main] INFO  org.apache.catalina.core.AprLifecycleListener - Loaded Apache Tomcat Native library [2.0.3] using APR version [1.7.2].
2025-08-23 11:06:39.860 [main] INFO  org.apache.catalina.core.AprLifecycleListener - OpenSSL successfully initialized [OpenSSL 3.0.8 7 Feb 2023]
2025-08-23 11:06:39.875 [main] INFO  org.apache.catalina.core.StandardService - Starting service [Tomcat]
2025-08-23 11:06:39.876 [main] INFO  org.apache.catalina.core.StandardEngine - Starting Servlet engine: [Apache Tomcat/10.1.5]
2025-08-23 11:06:39.972 [main] INFO  o.a.c.core.ContainerBase.[Tomcat].[localhost].[/] - Initializing Spring embedded WebApplicationContext
2025-08-23 11:06:39.972 [main] INFO  o.s.b.w.s.c.ServletWebServerApplicationContext - Root WebApplicationContext: initialization completed in 1690 ms
2025-08-23 11:06:40.361 [main] INFO  c.a.d.s.b.a.DruidDataSourceAutoConfigure - Init DruidDataSource
2025-08-23 11:06:40.726 [main] INFO  com.alibaba.druid.pool.DruidDataSource - {dataSource-1} inited
2025-08-23 11:06:41.118 [main] INFO  o.s.cloud.openfeign.FeignClientFactoryBean - For 'xiaohongshu-user' URL not provided. Will try picking an instance via load-balancing.
2025-08-23 11:06:42.278 [main] WARN  o.s.c.l.c.LoadBalancerCacheAutoConfiguration$LoadBalancerCaffeineWarnLogger - Spring Cloud LoadBalancer is currently working with the default cache. While this cache implementation is useful for development and tests, it's recommended to use Caffeine cache in production.You can switch to using Caffeine cache, by adding it and org.springframework.cache.caffeine.CaffeineCacheManager to the classpath.
2025-08-23 11:06:42.371 [main] INFO  o.s.boot.web.embedded.tomcat.TomcatWebServer - Tomcat started on port(s): 8080 (http) with context path ''
2025-08-23 11:06:42.376 [main] INFO  com.alibaba.nacos.client.naming - initializer namespace from ans.namespace attribute : null
2025-08-23 11:06:42.376 [main] INFO  com.alibaba.nacos.client.naming - initializer namespace from ALIBABA_ALIWARE_NAMESPACE attribute :null
2025-08-23 11:06:42.376 [main] INFO  com.alibaba.nacos.client.naming - initializer namespace from namespace attribute :null
2025-08-23 11:06:42.384 [main] INFO  c.a.n.p.auth.spi.client.ClientAuthPluginManager - [ClientAuthPluginManager] Load ClientAuthService com.alibaba.nacos.client.auth.impl.NacosClientAuthServiceImpl success.
2025-08-23 11:06:42.384 [main] INFO  c.a.n.p.auth.spi.client.ClientAuthPluginManager - [ClientAuthPluginManager] Load ClientAuthService com.alibaba.nacos.client.auth.ram.RamClientAuthServiceImpl success.
2025-08-23 11:06:42.393 [main] INFO  com.alibaba.nacos.common.remote.client - [RpcClientFactory] create a new rpc client of 8489c0fd-d481-43fc-a505-c3a457d4f519
2025-08-23 11:06:42.395 [main] INFO  com.alibaba.nacos.common.remote.client - [8489c0fd-d481-43fc-a505-c3a457d4f519] RpcClient init, ServerListFactory = com.alibaba.nacos.client.naming.core.ServerListManager
2025-08-23 11:06:42.395 [main] INFO  com.alibaba.nacos.common.remote.client - [8489c0fd-d481-43fc-a505-c3a457d4f519] Registry connection listener to current client:com.alibaba.nacos.client.naming.remote.gprc.redo.NamingGrpcRedoService
2025-08-23 11:06:42.395 [main] INFO  com.alibaba.nacos.common.remote.client - [8489c0fd-d481-43fc-a505-c3a457d4f519] Register server push request handler:com.alibaba.nacos.client.naming.remote.gprc.NamingPushRequestHandler
2025-08-23 11:06:42.395 [main] INFO  com.alibaba.nacos.common.remote.client - [8489c0fd-d481-43fc-a505-c3a457d4f519] Try to connect to server on start up, server: {serverIp = '47.236.36.111', server main port = 8848}
2025-08-23 11:06:42.395 [main] INFO  c.a.nacos.common.remote.client.grpc.GrpcClient - grpc client connection server:47.236.36.111 ip,serverPort:9848,grpcTslConfig:{"sslProvider":"OPENSSL","enableTls":false,"mutualAuthEnable":false,"trustAll":false}
2025-08-23 11:06:42.656 [main] INFO  com.alibaba.nacos.common.remote.client - [8489c0fd-d481-43fc-a505-c3a457d4f519] Success to connect to server [47.236.36.111:8848] on start up, connectionId = 1755918402475_112.94.129.71_1131
2025-08-23 11:06:42.657 [main] INFO  com.alibaba.nacos.common.remote.client - [8489c0fd-d481-43fc-a505-c3a457d4f519] Register server push request handler:com.alibaba.nacos.common.remote.client.RpcClient$ConnectResetRequestHandler
2025-08-23 11:06:42.657 [com.alibaba.nacos.client.remote.worker] INFO  com.alibaba.nacos.common.remote.client - [8489c0fd-d481-43fc-a505-c3a457d4f519] Notify connected event to listeners.
2025-08-23 11:06:42.657 [main] INFO  com.alibaba.nacos.common.remote.client - [8489c0fd-d481-43fc-a505-c3a457d4f519] Register server push request handler:com.alibaba.nacos.common.remote.client.RpcClient$$Lambda$610/0x00000295014d7068
2025-08-23 11:06:42.657 [com.alibaba.nacos.client.remote.worker] INFO  com.alibaba.nacos.client.naming - Grpc connection connect
2025-08-23 11:06:42.661 [main] INFO  com.alibaba.nacos.client.naming - [REGISTER-SERVICE] xiaohongshu registering service xiaohongshu-auth with instance Instance{instanceId='null', ip='10.2.66.3', port=8080, weight=1.0, healthy=true, enabled=true, ephemeral=true, clusterName='DEFAULT', serviceName='null', metadata={IPv6=null, preserved.register.source=SPRING_CLOUD}}
2025-08-23 11:06:42.722 [main] INFO  c.a.cloud.nacos.registry.NacosServiceRegistry - nacos registry, DEFAULT_GROUP xiaohongshu-auth 10.2.66.3:8080 register finished
2025-08-23 11:06:42.930 [main] INFO  c.zry.xiaohongshu.auth.XiaohongshuAuthApplication - Started XiaohongshuAuthApplication in 7.482 seconds (process running for 8.183)
2025-08-23 11:06:42.933 [main] INFO  com.alibaba.nacos.client.config.impl.CacheData - nacos.cache.data.init.snapshot = true 
2025-08-23 11:06:42.933 [main] INFO  com.alibaba.nacos.client.config.impl.ClientWorker - [fixed-xiaohongshu-47.236.36.111_8848_] [subscribe] xiaohongshu-auth.yaml+DEFAULT_GROUP+xiaohongshu
2025-08-23 11:06:42.943 [main] INFO  com.alibaba.nacos.client.config.impl.CacheData - [fixed-xiaohongshu-47.236.36.111_8848_] [add-listener] ok, tenant=xiaohongshu, dataId=xiaohongshu-auth.yaml, group=DEFAULT_GROUP, cnt=1
2025-08-23 11:06:42.943 [main] INFO  c.a.cloud.nacos.refresh.NacosContextRefresher - [Nacos Config] Listening config: dataId=xiaohongshu-auth.yaml, group=DEFAULT_GROUP
2025-08-23 11:06:42.944 [main] INFO  com.alibaba.nacos.client.config.impl.ClientWorker - [fixed-xiaohongshu-47.236.36.111_8848_] [subscribe] xiaohongshu-auth-dev.yaml+DEFAULT_GROUP+xiaohongshu
2025-08-23 11:06:42.944 [main] INFO  com.alibaba.nacos.client.config.impl.CacheData - [fixed-xiaohongshu-47.236.36.111_8848_] [add-listener] ok, tenant=xiaohongshu, dataId=xiaohongshu-auth-dev.yaml, group=DEFAULT_GROUP, cnt=1
2025-08-23 11:06:42.944 [main] INFO  c.a.cloud.nacos.refresh.NacosContextRefresher - [Nacos Config] Listening config: dataId=xiaohongshu-auth-dev.yaml, group=DEFAULT_GROUP
2025-08-23 11:06:42.946 [main] INFO  com.alibaba.nacos.client.config.impl.ClientWorker - [fixed-xiaohongshu-47.236.36.111_8848_] [subscribe] xiaohongshu-auth+DEFAULT_GROUP+xiaohongshu
2025-08-23 11:06:42.946 [main] INFO  com.alibaba.nacos.client.config.impl.CacheData - [fixed-xiaohongshu-47.236.36.111_8848_] [add-listener] ok, tenant=xiaohongshu, dataId=xiaohongshu-auth, group=DEFAULT_GROUP, cnt=1
2025-08-23 11:06:42.946 [main] INFO  c.a.cloud.nacos.refresh.NacosContextRefresher - [Nacos Config] Listening config: dataId=xiaohongshu-auth, group=DEFAULT_GROUP
2025-08-23 11:08:57.216 [http-nio-8080-exec-1] INFO  o.a.c.core.ContainerBase.[Tomcat].[localhost].[/] - Initializing Spring DispatcherServlet 'dispatcherServlet'
2025-08-23 11:08:57.216 [http-nio-8080-exec-1] INFO  org.springframework.web.servlet.DispatcherServlet - Initializing Servlet 'dispatcherServlet'
2025-08-23 11:08:57.217 [http-nio-8080-exec-1] INFO  org.springframework.web.servlet.DispatcherServlet - Completed initialization in 1 ms
2025-08-23 11:08:57.225 [http-nio-8080-exec-1] INFO  c.z.f.b.context.filter.HeaderUserId2ContextFilter - ## HeaderUserId2ContextFilter, 用户 ID: null
2025-08-23 11:08:57.347 [http-nio-8080-exec-1] INFO  c.z.f.b.operationlog.aspect.ApiOperationLogAspect - ====== 请求开始: [用户登录], 入参: {"phone":"13068920712","code":"123456","password":null,"type":2}, 请求类: UserController, 请求方法: loginAndRegister =================================== 
2025-08-23 11:08:57.445 [http-nio-8080-exec-1] INFO  com.alibaba.nacos.client.naming - [SUBSCRIBE-SERVICE] service:xiaohongshu-user, group:DEFAULT_GROUP, clusters: 
2025-08-23 11:08:57.508 [http-nio-8080-exec-1] INFO  com.alibaba.nacos.client.naming - init new ips(1) service: DEFAULT_GROUP@@xiaohongshu-user -> [{"ip":"10.2.66.3","port":8082,"weight":1.0,"healthy":true,"enabled":true,"ephemeral":true,"clusterName":"DEFAULT","serviceName":"DEFAULT_GROUP@@xiaohongshu-user","metadata":{"preserved.register.source":"SPRING_CLOUD"},"ipDeleteTimeout":30000,"instanceHeartBeatTimeOut":15000,"instanceHeartBeatInterval":5000}]
2025-08-23 11:08:57.510 [http-nio-8080-exec-1] INFO  com.alibaba.nacos.client.naming - current ips:(1) service: DEFAULT_GROUP@@xiaohongshu-user -> [{"ip":"10.2.66.3","port":8082,"weight":1.0,"healthy":true,"enabled":true,"ephemeral":true,"clusterName":"DEFAULT","serviceName":"DEFAULT_GROUP@@xiaohongshu-user","metadata":{"preserved.register.source":"SPRING_CLOUD"},"ipDeleteTimeout":30000,"instanceHeartBeatTimeOut":15000,"instanceHeartBeatInterval":5000}]
2025-08-23 11:08:57.992 [http-nio-8080-exec-1] WARN  c.z.x.auth.exception.GlobalExceptionHandler - /login request error, errorCode: AUTH-10001, errorMessage: rawPassword cannot be null
2025-08-23 11:08:58.030 [nacos-grpc-client-executor-47.236.36.111-35] INFO  com.alibaba.nacos.common.remote.client - [8489c0fd-d481-43fc-a505-c3a457d4f519] Receive server push request, request = NotifySubscriberRequest, requestId = 527
2025-08-23 11:08:58.030 [nacos-grpc-client-executor-47.236.36.111-35] INFO  com.alibaba.nacos.common.remote.client - [8489c0fd-d481-43fc-a505-c3a457d4f519] Ack server push request, request = NotifySubscriberRequest, requestId = 527
2025-08-23 11:09:14.003 [http-nio-8080-exec-2] INFO  c.z.f.b.context.filter.HeaderUserId2ContextFilter - ## HeaderUserId2ContextFilter, 用户 ID: null
2025-08-23 11:09:14.005 [http-nio-8080-exec-2] INFO  c.z.f.b.operationlog.aspect.ApiOperationLogAspect - ====== 请求开始: [用户登录], 入参: {"phone":"13068920712","code":null,"password":"123456","type":2}, 请求类: UserController, 请求方法: loginAndRegister =================================== 
2025-08-23 11:09:14.018 [http-nio-8080-exec-2] WARN  o.s.security.crypto.bcrypt.BCryptPasswordEncoder - Empty encoded password
2025-08-23 11:09:14.019 [http-nio-8080-exec-2] WARN  c.z.x.auth.exception.GlobalExceptionHandler - /login request fail, errorCode: AUTH-20004, errorMessage: 手机号或密码错误
2025-08-23 11:15:16.190 [Thread-9] WARN  com.alibaba.nacos.common.notify.NotifyCenter - [NotifyCenter] Start destroying Publisher
2025-08-23 11:15:16.190 [Thread-2] WARN  c.alibaba.nacos.common.http.HttpClientBeanHolder - [HttpClientBeanHolder] Start destroying common HttpClient
2025-08-23 11:15:16.190 [Thread-9] WARN  com.alibaba.nacos.common.notify.NotifyCenter - [NotifyCenter] Destruction of the end
2025-08-23 11:15:16.191 [Thread-2] WARN  c.alibaba.nacos.common.http.HttpClientBeanHolder - [HttpClientBeanHolder] Destruction of the end
2025-08-23 11:15:16.252 [SpringApplicationShutdownHook] INFO  c.a.cloud.nacos.registry.NacosServiceRegistry - De-registering from Nacos Server now...
2025-08-23 11:15:16.252 [SpringApplicationShutdownHook] INFO  com.alibaba.nacos.client.naming - [DEREGISTER-SERVICE] xiaohongshu deregistering service xiaohongshu-auth with instance: Instance{instanceId='null', ip='10.2.66.3', port=8080, weight=1.0, healthy=true, enabled=true, ephemeral=true, clusterName='DEFAULT', serviceName='null', metadata={}}
2025-08-23 11:15:16.306 [SpringApplicationShutdownHook] INFO  c.a.cloud.nacos.registry.NacosServiceRegistry - De-registration finished.
2025-08-23 11:15:16.306 [SpringApplicationShutdownHook] INFO  com.alibaba.nacos.client.naming - com.alibaba.nacos.client.naming.cache.ServiceInfoHolder do shutdown begin
2025-08-23 11:15:16.307 [SpringApplicationShutdownHook] INFO  com.alibaba.nacos.client.naming - com.alibaba.nacos.client.naming.backups.FailoverReactor do shutdown begin
2025-08-23 11:15:16.307 [SpringApplicationShutdownHook] INFO  com.alibaba.nacos.client.naming - com.alibaba.nacos.client.naming.backups.FailoverReactor do shutdown stop
2025-08-23 11:15:16.307 [SpringApplicationShutdownHook] INFO  com.alibaba.nacos.client.naming - com.alibaba.nacos.client.naming.cache.ServiceInfoHolder do shutdown stop
2025-08-23 11:15:16.307 [SpringApplicationShutdownHook] INFO  com.alibaba.nacos.client.naming - com.alibaba.nacos.client.naming.remote.NamingClientProxyDelegate do shutdown begin
2025-08-23 11:15:16.307 [SpringApplicationShutdownHook] INFO  com.alibaba.nacos.client.naming - com.alibaba.nacos.client.naming.core.ServiceInfoUpdateService do shutdown begin
2025-08-23 11:15:16.307 [SpringApplicationShutdownHook] INFO  com.alibaba.nacos.client.naming - com.alibaba.nacos.client.naming.core.ServiceInfoUpdateService do shutdown stop
2025-08-23 11:15:16.307 [SpringApplicationShutdownHook] INFO  com.alibaba.nacos.client.naming - com.alibaba.nacos.client.naming.core.ServerListManager do shutdown begin
2025-08-23 11:15:16.307 [SpringApplicationShutdownHook] WARN  com.alibaba.nacos.client.naming - [NamingHttpClientManager] Start destroying NacosRestTemplate
2025-08-23 11:15:16.307 [SpringApplicationShutdownHook] WARN  com.alibaba.nacos.client.naming - [NamingHttpClientManager] Destruction of the end
2025-08-23 11:15:16.307 [SpringApplicationShutdownHook] INFO  com.alibaba.nacos.client.naming - com.alibaba.nacos.client.naming.core.ServerListManager do shutdown stop
2025-08-23 11:15:16.307 [SpringApplicationShutdownHook] INFO  com.alibaba.nacos.client.naming - com.alibaba.nacos.client.naming.remote.http.NamingHttpClientProxy do shutdown begin
2025-08-23 11:15:16.307 [SpringApplicationShutdownHook] WARN  com.alibaba.nacos.client.naming - [NamingHttpClientManager] Start destroying NacosRestTemplate
2025-08-23 11:15:16.307 [SpringApplicationShutdownHook] WARN  com.alibaba.nacos.client.naming - [NamingHttpClientManager] Destruction of the end
2025-08-23 11:15:16.307 [SpringApplicationShutdownHook] INFO  com.alibaba.nacos.client.naming - com.alibaba.nacos.client.naming.remote.http.NamingHttpClientProxy do shutdown stop
2025-08-23 11:15:16.307 [SpringApplicationShutdownHook] INFO  com.alibaba.nacos.common.remote.client - Shutdown rpc client, set status to shutdown
2025-08-23 11:15:16.307 [SpringApplicationShutdownHook] INFO  com.alibaba.nacos.common.remote.client - Shutdown client event executor java.util.concurrent.ScheduledThreadPoolExecutor@26f74eff[Running, pool size = 2, active threads = 2, queued tasks = 0, completed tasks = 0]
2025-08-23 11:15:16.307 [SpringApplicationShutdownHook] INFO  com.alibaba.nacos.common.remote.client - Close current connection 1755918402475_112.94.129.71_1131
2025-08-23 11:15:16.314 [SpringApplicationShutdownHook] INFO  c.a.nacos.common.remote.client.grpc.GrpcClient - Shutdown grpc executor java.util.concurrent.ThreadPoolExecutor@2b58d325[Running, pool size = 3, active threads = 0, queued tasks = 0, completed tasks = 112]
2025-08-23 11:15:16.314 [SpringApplicationShutdownHook] INFO  com.alibaba.nacos.client.naming - Shutdown grpc redo service executor java.util.concurrent.ScheduledThreadPoolExecutor@cd7e33d[Running, pool size = 1, active threads = 0, queued tasks = 1, completed tasks = 170]
2025-08-23 11:15:16.314 [SpringApplicationShutdownHook] INFO  c.a.n.client.auth.ram.identify.CredentialWatcher - [null] CredentialWatcher is stopped
2025-08-23 11:15:16.315 [SpringApplicationShutdownHook] INFO  c.a.n.client.auth.ram.identify.CredentialService - [null] CredentialService is freed
2025-08-23 11:15:16.315 [SpringApplicationShutdownHook] INFO  com.alibaba.nacos.client.naming - com.alibaba.nacos.client.naming.remote.NamingClientProxyDelegate do shutdown stop
2025-08-23 11:15:16.318 [SpringApplicationShutdownHook] INFO  com.alibaba.druid.pool.DruidDataSource - {dataSource-1} closing ...
2025-08-23 11:15:16.328 [SpringApplicationShutdownHook] INFO  com.alibaba.druid.pool.DruidDataSource - {dataSource-1} closed
2025-08-23 11:15:21.170 [main] WARN  com.alibaba.nacos.client.logging.NacosLogging - Load Logback Configuration of Nacos fail, message: Could not initialize Logback Nacos logging from classpath:nacos-logback.xml
2025-08-23 11:15:21.243 [main] WARN  com.alibaba.nacos.client.logging.NacosLogging - Load Logback Configuration of Nacos fail, message: Could not initialize Logback Nacos logging from classpath:nacos-logback.xml
2025-08-23 11:15:21.493 [main] WARN  com.alibaba.nacos.client.logging.NacosLogging - Load Logback Configuration of Nacos fail, message: Could not initialize Logback Nacos logging from classpath:nacos-logback.xml
2025-08-23 11:15:21.495 [main] INFO  com.alibaba.nacos.client.utils.ParamUtil - [settings] [req-serv] nacos-server port:8848
2025-08-23 11:15:21.495 [main] INFO  com.alibaba.nacos.client.utils.ParamUtil - [settings] [http-client] connect timeout:1000
2025-08-23 11:15:21.496 [main] INFO  com.alibaba.nacos.client.utils.ParamUtil - PER_TASK_CONFIG_SIZE: 3000.0
2025-08-23 11:15:21.526 [main] INFO  c.a.n.p.auth.spi.client.ClientAuthPluginManager - [ClientAuthPluginManager] Load ClientAuthService com.alibaba.nacos.client.auth.impl.NacosClientAuthServiceImpl success.
2025-08-23 11:15:21.527 [main] INFO  c.a.n.p.auth.spi.client.ClientAuthPluginManager - [ClientAuthPluginManager] Load ClientAuthService com.alibaba.nacos.client.auth.ram.RamClientAuthServiceImpl success.
2025-08-23 11:15:21.530 [main] INFO  c.a.n.client.auth.ram.identify.CredentialWatcher - null No credential found
2025-08-23 11:15:21.835 [main] WARN  com.alibaba.nacos.client.logging.NacosLogging - Load Logback Configuration of Nacos fail, message: Could not initialize Logback Nacos logging from classpath:nacos-logback.xml
2025-08-23 11:15:21.851 [main] INFO  c.a.n.client.config.impl.LocalConfigInfoProcessor - LOCAL_SNAPSHOT_PATH:C:\Users\Rey\nacos\config
2025-08-23 11:15:21.854 [main] INFO  com.alibaba.nacos.common.remote.client - [RpcClientFactory] create a new rpc client of e7b4b1bd-0ba4-4cd8-b3ee-e5eef7cf2d1c_config-0
2025-08-23 11:15:21.879 [main] INFO  com.alibaba.nacos.common.remote.client - [e7b4b1bd-0ba4-4cd8-b3ee-e5eef7cf2d1c_config-0] Register server push request handler:com.alibaba.nacos.client.config.impl.ClientWorker$ConfigRpcTransportClient$$Lambda$589/0x000001b2bc38f800
2025-08-23 11:15:21.879 [main] INFO  com.alibaba.nacos.common.remote.client - [e7b4b1bd-0ba4-4cd8-b3ee-e5eef7cf2d1c_config-0] Register server push request handler:com.alibaba.nacos.client.config.impl.ClientWorker$ConfigRpcTransportClient$$Lambda$590/0x000001b2bc38fc20
2025-08-23 11:15:21.879 [main] INFO  com.alibaba.nacos.common.remote.client - [e7b4b1bd-0ba4-4cd8-b3ee-e5eef7cf2d1c_config-0] Registry connection listener to current client:com.alibaba.nacos.client.config.impl.ClientWorker$ConfigRpcTransportClient$1
2025-08-23 11:15:21.880 [main] INFO  com.alibaba.nacos.common.remote.client - [e7b4b1bd-0ba4-4cd8-b3ee-e5eef7cf2d1c_config-0] RpcClient init, ServerListFactory = com.alibaba.nacos.client.config.impl.ClientWorker$ConfigRpcTransportClient$2
2025-08-23 11:15:21.888 [main] INFO  com.alibaba.nacos.common.remote.client - [e7b4b1bd-0ba4-4cd8-b3ee-e5eef7cf2d1c_config-0] Try to connect to server on start up, server: {serverIp = '47.236.36.111', server main port = 8848}
2025-08-23 11:15:21.921 [main] INFO  c.a.nacos.common.remote.client.grpc.GrpcClient - grpc client connection server:47.236.36.111 ip,serverPort:9848,grpcTslConfig:{"sslProvider":"OPENSSL","enableTls":false,"mutualAuthEnable":false,"trustAll":false}
2025-08-23 11:15:23.281 [main] INFO  com.alibaba.nacos.common.remote.client - [e7b4b1bd-0ba4-4cd8-b3ee-e5eef7cf2d1c_config-0] Success to connect to server [47.236.36.111:8848] on start up, connectionId = 1755918922875_112.94.129.71_1803
2025-08-23 11:15:23.283 [com.alibaba.nacos.client.remote.worker] INFO  com.alibaba.nacos.common.remote.client - [e7b4b1bd-0ba4-4cd8-b3ee-e5eef7cf2d1c_config-0] Notify connected event to listeners.
2025-08-23 11:15:23.283 [com.alibaba.nacos.client.remote.worker] INFO  com.alibaba.nacos.client.config.impl.ClientWorker - [e7b4b1bd-0ba4-4cd8-b3ee-e5eef7cf2d1c_config-0] Connected,notify listen context...
2025-08-23 11:15:23.285 [main] INFO  com.alibaba.nacos.common.remote.client - [e7b4b1bd-0ba4-4cd8-b3ee-e5eef7cf2d1c_config-0] Register server push request handler:com.alibaba.nacos.common.remote.client.RpcClient$ConnectResetRequestHandler
2025-08-23 11:15:23.286 [main] INFO  com.alibaba.nacos.common.remote.client - [e7b4b1bd-0ba4-4cd8-b3ee-e5eef7cf2d1c_config-0] Register server push request handler:com.alibaba.nacos.common.remote.client.RpcClient$$Lambda$610/0x000001b2bc4d76f0
2025-08-23 11:15:23.348 [main] INFO  com.alibaba.nacos.client.config.impl.Limiter - limitTime:5.0
2025-08-23 11:15:23.419 [main] INFO  com.alibaba.nacos.client.config.utils.JvmUtil - isMultiInstance:false
2025-08-23 11:15:23.493 [main] WARN  c.a.cloud.nacos.client.NacosPropertySourceBuilder - Ignore the empty nacos configuration and get it based on dataId[xiaohongshu-auth.yaml] & group[DEFAULT_GROUP]
2025-08-23 11:15:23.558 [main] INFO  o.s.c.b.c.PropertySourceBootstrapConfiguration - Located property source: [BootstrapPropertySource {name='bootstrapProperties-xiaohongshu-auth-dev.yaml,DEFAULT_GROUP'}, BootstrapPropertySource {name='bootstrapProperties-xiaohongshu-auth.yaml,DEFAULT_GROUP'}, BootstrapPropertySource {name='bootstrapProperties-xiaohongshu-auth,DEFAULT_GROUP'}]
2025-08-23 11:15:23.586 [main] WARN  com.alibaba.nacos.client.logging.NacosLogging - Load Logback Configuration of Nacos fail, message: Could not initialize Logback Nacos logging from classpath:nacos-logback.xml
2025-08-23 11:15:23.586 [main] INFO  c.zry.xiaohongshu.auth.XiaohongshuAuthApplication - The following 1 profile is active: "dev"
2025-08-23 11:15:24.374 [main] INFO  o.s.d.r.config.RepositoryConfigurationDelegate - Multiple Spring Data modules found, entering strict repository configuration mode
2025-08-23 11:15:24.377 [main] INFO  o.s.d.r.config.RepositoryConfigurationDelegate - Bootstrapping Spring Data Redis repositories in DEFAULT mode.
2025-08-23 11:15:24.408 [main] INFO  o.s.d.r.config.RepositoryConfigurationDelegate - Finished Spring Data repository scanning in 16 ms. Found 0 Redis repository interfaces.
2025-08-23 11:15:24.620 [main] INFO  o.springframework.cloud.context.scope.GenericScope - BeanFactory id=8eaa6b51-1153-32ac-8876-7672529d6c28
2025-08-23 11:15:24.662 [main] INFO  o.s.c.s.PostProcessorRegistrationDelegate$BeanPostProcessorChecker - Bean 'com.zry.xiaohongshu.user.api.UserFeignApi' of type [org.springframework.cloud.openfeign.FeignClientFactoryBean] is not eligible for getting processed by all BeanPostProcessors (for example: not eligible for auto-proxying)
2025-08-23 11:15:25.246 [main] INFO  o.s.boot.web.embedded.tomcat.TomcatWebServer - Tomcat initialized with port(s): 8080 (http)
2025-08-23 11:15:25.250 [main] INFO  org.apache.catalina.core.AprLifecycleListener - Loaded Apache Tomcat Native library [2.0.3] using APR version [1.7.2].
2025-08-23 11:15:25.255 [main] INFO  org.apache.catalina.core.AprLifecycleListener - OpenSSL successfully initialized [OpenSSL 3.0.8 7 Feb 2023]
2025-08-23 11:15:25.267 [main] INFO  org.apache.catalina.core.StandardService - Starting service [Tomcat]
2025-08-23 11:15:25.268 [main] INFO  org.apache.catalina.core.StandardEngine - Starting Servlet engine: [Apache Tomcat/10.1.5]
2025-08-23 11:15:25.370 [main] INFO  o.a.c.core.ContainerBase.[Tomcat].[localhost].[/] - Initializing Spring embedded WebApplicationContext
2025-08-23 11:15:25.370 [main] INFO  o.s.b.w.s.c.ServletWebServerApplicationContext - Root WebApplicationContext: initialization completed in 1767 ms
2025-08-23 11:15:25.783 [main] INFO  c.a.d.s.b.a.DruidDataSourceAutoConfigure - Init DruidDataSource
2025-08-23 11:15:26.171 [main] INFO  com.alibaba.druid.pool.DruidDataSource - {dataSource-1} inited
2025-08-23 11:15:26.608 [main] INFO  o.s.cloud.openfeign.FeignClientFactoryBean - For 'xiaohongshu-user' URL not provided. Will try picking an instance via load-balancing.
2025-08-23 11:15:27.790 [main] WARN  o.s.c.l.c.LoadBalancerCacheAutoConfiguration$LoadBalancerCaffeineWarnLogger - Spring Cloud LoadBalancer is currently working with the default cache. While this cache implementation is useful for development and tests, it's recommended to use Caffeine cache in production.You can switch to using Caffeine cache, by adding it and org.springframework.cache.caffeine.CaffeineCacheManager to the classpath.
2025-08-23 11:15:27.887 [main] INFO  o.s.boot.web.embedded.tomcat.TomcatWebServer - Tomcat started on port(s): 8080 (http) with context path ''
2025-08-23 11:15:27.893 [main] INFO  com.alibaba.nacos.client.naming - initializer namespace from ans.namespace attribute : null
2025-08-23 11:15:27.894 [main] INFO  com.alibaba.nacos.client.naming - initializer namespace from ALIBABA_ALIWARE_NAMESPACE attribute :null
2025-08-23 11:15:27.894 [main] INFO  com.alibaba.nacos.client.naming - initializer namespace from namespace attribute :null
2025-08-23 11:15:27.902 [main] INFO  c.a.n.p.auth.spi.client.ClientAuthPluginManager - [ClientAuthPluginManager] Load ClientAuthService com.alibaba.nacos.client.auth.impl.NacosClientAuthServiceImpl success.
2025-08-23 11:15:27.902 [main] INFO  c.a.n.p.auth.spi.client.ClientAuthPluginManager - [ClientAuthPluginManager] Load ClientAuthService com.alibaba.nacos.client.auth.ram.RamClientAuthServiceImpl success.
2025-08-23 11:15:27.907 [main] INFO  com.alibaba.nacos.common.remote.client - [RpcClientFactory] create a new rpc client of bb3b8830-fe11-45d1-939a-325c1af54e02
2025-08-23 11:15:27.908 [main] INFO  com.alibaba.nacos.common.remote.client - [bb3b8830-fe11-45d1-939a-325c1af54e02] RpcClient init, ServerListFactory = com.alibaba.nacos.client.naming.core.ServerListManager
2025-08-23 11:15:27.909 [main] INFO  com.alibaba.nacos.common.remote.client - [bb3b8830-fe11-45d1-939a-325c1af54e02] Registry connection listener to current client:com.alibaba.nacos.client.naming.remote.gprc.redo.NamingGrpcRedoService
2025-08-23 11:15:27.909 [main] INFO  com.alibaba.nacos.common.remote.client - [bb3b8830-fe11-45d1-939a-325c1af54e02] Register server push request handler:com.alibaba.nacos.client.naming.remote.gprc.NamingPushRequestHandler
2025-08-23 11:15:27.909 [main] INFO  com.alibaba.nacos.common.remote.client - [bb3b8830-fe11-45d1-939a-325c1af54e02] Try to connect to server on start up, server: {serverIp = '47.236.36.111', server main port = 8848}
2025-08-23 11:15:27.909 [main] INFO  c.a.nacos.common.remote.client.grpc.GrpcClient - grpc client connection server:47.236.36.111 ip,serverPort:9848,grpcTslConfig:{"sslProvider":"OPENSSL","enableTls":false,"mutualAuthEnable":false,"trustAll":false}
2025-08-23 11:15:28.178 [main] INFO  com.alibaba.nacos.common.remote.client - [bb3b8830-fe11-45d1-939a-325c1af54e02] Success to connect to server [47.236.36.111:8848] on start up, connectionId = 1755918928007_112.94.129.71_1804
2025-08-23 11:15:28.179 [main] INFO  com.alibaba.nacos.common.remote.client - [bb3b8830-fe11-45d1-939a-325c1af54e02] Register server push request handler:com.alibaba.nacos.common.remote.client.RpcClient$ConnectResetRequestHandler
2025-08-23 11:15:28.179 [main] INFO  com.alibaba.nacos.common.remote.client - [bb3b8830-fe11-45d1-939a-325c1af54e02] Register server push request handler:com.alibaba.nacos.common.remote.client.RpcClient$$Lambda$610/0x000001b2bc4d76f0
2025-08-23 11:15:28.179 [com.alibaba.nacos.client.remote.worker] INFO  com.alibaba.nacos.common.remote.client - [bb3b8830-fe11-45d1-939a-325c1af54e02] Notify connected event to listeners.
2025-08-23 11:15:28.179 [com.alibaba.nacos.client.remote.worker] INFO  com.alibaba.nacos.client.naming - Grpc connection connect
2025-08-23 11:15:28.182 [main] INFO  com.alibaba.nacos.client.naming - [REGISTER-SERVICE] xiaohongshu registering service xiaohongshu-auth with instance Instance{instanceId='null', ip='10.2.66.3', port=8080, weight=1.0, healthy=true, enabled=true, ephemeral=true, clusterName='DEFAULT', serviceName='null', metadata={IPv6=null, preserved.register.source=SPRING_CLOUD}}
2025-08-23 11:15:28.242 [main] INFO  c.a.cloud.nacos.registry.NacosServiceRegistry - nacos registry, DEFAULT_GROUP xiaohongshu-auth 10.2.66.3:8080 register finished
2025-08-23 11:15:28.459 [main] INFO  c.zry.xiaohongshu.auth.XiaohongshuAuthApplication - Started XiaohongshuAuthApplication in 8.063 seconds (process running for 8.8)
2025-08-23 11:15:28.462 [main] INFO  com.alibaba.nacos.client.config.impl.CacheData - nacos.cache.data.init.snapshot = true 
2025-08-23 11:15:28.462 [main] INFO  com.alibaba.nacos.client.config.impl.ClientWorker - [fixed-xiaohongshu-47.236.36.111_8848_] [subscribe] xiaohongshu-auth.yaml+DEFAULT_GROUP+xiaohongshu
2025-08-23 11:15:28.470 [main] INFO  com.alibaba.nacos.client.config.impl.CacheData - [fixed-xiaohongshu-47.236.36.111_8848_] [add-listener] ok, tenant=xiaohongshu, dataId=xiaohongshu-auth.yaml, group=DEFAULT_GROUP, cnt=1
2025-08-23 11:15:28.470 [main] INFO  c.a.cloud.nacos.refresh.NacosContextRefresher - [Nacos Config] Listening config: dataId=xiaohongshu-auth.yaml, group=DEFAULT_GROUP
2025-08-23 11:15:28.472 [main] INFO  com.alibaba.nacos.client.config.impl.ClientWorker - [fixed-xiaohongshu-47.236.36.111_8848_] [subscribe] xiaohongshu-auth-dev.yaml+DEFAULT_GROUP+xiaohongshu
2025-08-23 11:15:28.472 [main] INFO  com.alibaba.nacos.client.config.impl.CacheData - [fixed-xiaohongshu-47.236.36.111_8848_] [add-listener] ok, tenant=xiaohongshu, dataId=xiaohongshu-auth-dev.yaml, group=DEFAULT_GROUP, cnt=1
2025-08-23 11:15:28.472 [main] INFO  c.a.cloud.nacos.refresh.NacosContextRefresher - [Nacos Config] Listening config: dataId=xiaohongshu-auth-dev.yaml, group=DEFAULT_GROUP
2025-08-23 11:15:28.474 [main] INFO  com.alibaba.nacos.client.config.impl.ClientWorker - [fixed-xiaohongshu-47.236.36.111_8848_] [subscribe] xiaohongshu-auth+DEFAULT_GROUP+xiaohongshu
2025-08-23 11:15:28.474 [main] INFO  com.alibaba.nacos.client.config.impl.CacheData - [fixed-xiaohongshu-47.236.36.111_8848_] [add-listener] ok, tenant=xiaohongshu, dataId=xiaohongshu-auth, group=DEFAULT_GROUP, cnt=1
2025-08-23 11:15:28.474 [main] INFO  c.a.cloud.nacos.refresh.NacosContextRefresher - [Nacos Config] Listening config: dataId=xiaohongshu-auth, group=DEFAULT_GROUP
2025-08-23 11:20:27.757 [Thread-2] WARN  c.alibaba.nacos.common.http.HttpClientBeanHolder - [HttpClientBeanHolder] Start destroying common HttpClient
2025-08-23 11:20:27.757 [Thread-9] WARN  com.alibaba.nacos.common.notify.NotifyCenter - [NotifyCenter] Start destroying Publisher
2025-08-23 11:20:27.757 [Thread-9] WARN  com.alibaba.nacos.common.notify.NotifyCenter - [NotifyCenter] Destruction of the end
2025-08-23 11:20:27.758 [Thread-2] WARN  c.alibaba.nacos.common.http.HttpClientBeanHolder - [HttpClientBeanHolder] Destruction of the end
2025-08-23 11:20:27.819 [SpringApplicationShutdownHook] INFO  c.a.cloud.nacos.registry.NacosServiceRegistry - De-registering from Nacos Server now...
2025-08-23 11:20:27.819 [SpringApplicationShutdownHook] INFO  com.alibaba.nacos.client.naming - [DEREGISTER-SERVICE] xiaohongshu deregistering service xiaohongshu-auth with instance: Instance{instanceId='null', ip='10.2.66.3', port=8080, weight=1.0, healthy=true, enabled=true, ephemeral=true, clusterName='DEFAULT', serviceName='null', metadata={}}
2025-08-23 11:20:27.866 [SpringApplicationShutdownHook] INFO  c.a.cloud.nacos.registry.NacosServiceRegistry - De-registration finished.
2025-08-23 11:20:27.866 [SpringApplicationShutdownHook] INFO  com.alibaba.nacos.client.naming - com.alibaba.nacos.client.naming.cache.ServiceInfoHolder do shutdown begin
2025-08-23 11:20:27.866 [SpringApplicationShutdownHook] INFO  com.alibaba.nacos.client.naming - com.alibaba.nacos.client.naming.backups.FailoverReactor do shutdown begin
2025-08-23 11:20:27.866 [SpringApplicationShutdownHook] INFO  com.alibaba.nacos.client.naming - com.alibaba.nacos.client.naming.backups.FailoverReactor do shutdown stop
2025-08-23 11:20:27.866 [SpringApplicationShutdownHook] INFO  com.alibaba.nacos.client.naming - com.alibaba.nacos.client.naming.cache.ServiceInfoHolder do shutdown stop
2025-08-23 11:20:27.866 [SpringApplicationShutdownHook] INFO  com.alibaba.nacos.client.naming - com.alibaba.nacos.client.naming.remote.NamingClientProxyDelegate do shutdown begin
2025-08-23 11:20:27.866 [SpringApplicationShutdownHook] INFO  com.alibaba.nacos.client.naming - com.alibaba.nacos.client.naming.core.ServiceInfoUpdateService do shutdown begin
2025-08-23 11:20:27.866 [SpringApplicationShutdownHook] INFO  com.alibaba.nacos.client.naming - com.alibaba.nacos.client.naming.core.ServiceInfoUpdateService do shutdown stop
2025-08-23 11:20:27.866 [SpringApplicationShutdownHook] INFO  com.alibaba.nacos.client.naming - com.alibaba.nacos.client.naming.core.ServerListManager do shutdown begin
2025-08-23 11:20:27.867 [SpringApplicationShutdownHook] WARN  com.alibaba.nacos.client.naming - [NamingHttpClientManager] Start destroying NacosRestTemplate
2025-08-23 11:20:27.867 [SpringApplicationShutdownHook] WARN  com.alibaba.nacos.client.naming - [NamingHttpClientManager] Destruction of the end
2025-08-23 11:20:27.867 [SpringApplicationShutdownHook] INFO  com.alibaba.nacos.client.naming - com.alibaba.nacos.client.naming.core.ServerListManager do shutdown stop
2025-08-23 11:20:27.867 [SpringApplicationShutdownHook] INFO  com.alibaba.nacos.client.naming - com.alibaba.nacos.client.naming.remote.http.NamingHttpClientProxy do shutdown begin
2025-08-23 11:20:27.867 [SpringApplicationShutdownHook] WARN  com.alibaba.nacos.client.naming - [NamingHttpClientManager] Start destroying NacosRestTemplate
2025-08-23 11:20:27.867 [SpringApplicationShutdownHook] WARN  com.alibaba.nacos.client.naming - [NamingHttpClientManager] Destruction of the end
2025-08-23 11:20:27.867 [SpringApplicationShutdownHook] INFO  com.alibaba.nacos.client.naming - com.alibaba.nacos.client.naming.remote.http.NamingHttpClientProxy do shutdown stop
2025-08-23 11:20:27.867 [SpringApplicationShutdownHook] INFO  com.alibaba.nacos.common.remote.client - Shutdown rpc client, set status to shutdown
2025-08-23 11:20:27.867 [SpringApplicationShutdownHook] INFO  com.alibaba.nacos.common.remote.client - Shutdown client event executor java.util.concurrent.ScheduledThreadPoolExecutor@379f3711[Running, pool size = 2, active threads = 2, queued tasks = 0, completed tasks = 0]
2025-08-23 11:20:27.867 [SpringApplicationShutdownHook] INFO  com.alibaba.nacos.common.remote.client - Close current connection 1755918928007_112.94.129.71_1804
2025-08-23 11:20:27.869 [nacos-grpc-client-executor-47.236.36.111-70] WARN  c.a.nacos.common.remote.client.grpc.GrpcClient - [1755918928007_112.94.129.71_1804]Ignore error event,isRunning:false,isAbandon=false
2025-08-23 11:20:27.870 [SpringApplicationShutdownHook] INFO  c.a.nacos.common.remote.client.grpc.GrpcClient - Shutdown grpc executor java.util.concurrent.ThreadPoolExecutor@5ba1280d[Running, pool size = 4, active threads = 0, queued tasks = 0, completed tasks = 71]
2025-08-23 11:20:27.871 [SpringApplicationShutdownHook] INFO  com.alibaba.nacos.client.naming - Shutdown grpc redo service executor java.util.concurrent.ScheduledThreadPoolExecutor@dbecde6[Running, pool size = 1, active threads = 0, queued tasks = 1, completed tasks = 99]
2025-08-23 11:20:27.871 [SpringApplicationShutdownHook] INFO  c.a.n.client.auth.ram.identify.CredentialWatcher - [null] CredentialWatcher is stopped
2025-08-23 11:20:27.871 [SpringApplicationShutdownHook] INFO  c.a.n.client.auth.ram.identify.CredentialService - [null] CredentialService is freed
2025-08-23 11:20:27.871 [SpringApplicationShutdownHook] INFO  com.alibaba.nacos.client.naming - com.alibaba.nacos.client.naming.remote.NamingClientProxyDelegate do shutdown stop
2025-08-23 11:20:27.873 [SpringApplicationShutdownHook] INFO  com.alibaba.druid.pool.DruidDataSource - {dataSource-1} closing ...
2025-08-23 11:20:27.880 [SpringApplicationShutdownHook] INFO  com.alibaba.druid.pool.DruidDataSource - {dataSource-1} closed
2025-08-23 11:20:32.904 [main] WARN  com.alibaba.nacos.client.logging.NacosLogging - Load Logback Configuration of Nacos fail, message: Could not initialize Logback Nacos logging from classpath:nacos-logback.xml
2025-08-23 11:20:32.971 [main] WARN  com.alibaba.nacos.client.logging.NacosLogging - Load Logback Configuration of Nacos fail, message: Could not initialize Logback Nacos logging from classpath:nacos-logback.xml
2025-08-23 11:20:33.214 [main] WARN  com.alibaba.nacos.client.logging.NacosLogging - Load Logback Configuration of Nacos fail, message: Could not initialize Logback Nacos logging from classpath:nacos-logback.xml
2025-08-23 11:20:33.216 [main] INFO  com.alibaba.nacos.client.utils.ParamUtil - [settings] [req-serv] nacos-server port:8848
2025-08-23 11:20:33.216 [main] INFO  com.alibaba.nacos.client.utils.ParamUtil - [settings] [http-client] connect timeout:1000
2025-08-23 11:20:33.217 [main] INFO  com.alibaba.nacos.client.utils.ParamUtil - PER_TASK_CONFIG_SIZE: 3000.0
2025-08-23 11:20:33.243 [main] INFO  c.a.n.p.auth.spi.client.ClientAuthPluginManager - [ClientAuthPluginManager] Load ClientAuthService com.alibaba.nacos.client.auth.impl.NacosClientAuthServiceImpl success.
2025-08-23 11:20:33.243 [main] INFO  c.a.n.p.auth.spi.client.ClientAuthPluginManager - [ClientAuthPluginManager] Load ClientAuthService com.alibaba.nacos.client.auth.ram.RamClientAuthServiceImpl success.
2025-08-23 11:20:33.246 [main] INFO  c.a.n.client.auth.ram.identify.CredentialWatcher - null No credential found
2025-08-23 11:20:33.546 [main] WARN  com.alibaba.nacos.client.logging.NacosLogging - Load Logback Configuration of Nacos fail, message: Could not initialize Logback Nacos logging from classpath:nacos-logback.xml
2025-08-23 11:20:33.561 [main] INFO  c.a.n.client.config.impl.LocalConfigInfoProcessor - LOCAL_SNAPSHOT_PATH:C:\Users\Rey\nacos\config
2025-08-23 11:20:33.564 [main] INFO  com.alibaba.nacos.common.remote.client - [RpcClientFactory] create a new rpc client of 5f015d37-b3f8-4fca-96a3-273bd81d5111_config-0
2025-08-23 11:20:33.582 [main] INFO  com.alibaba.nacos.common.remote.client - [5f015d37-b3f8-4fca-96a3-273bd81d5111_config-0] Register server push request handler:com.alibaba.nacos.client.config.impl.ClientWorker$ConfigRpcTransportClient$$Lambda$589/0x0000027726390000
2025-08-23 11:20:33.582 [main] INFO  com.alibaba.nacos.common.remote.client - [5f015d37-b3f8-4fca-96a3-273bd81d5111_config-0] Register server push request handler:com.alibaba.nacos.client.config.impl.ClientWorker$ConfigRpcTransportClient$$Lambda$590/0x0000027726390420
2025-08-23 11:20:33.583 [main] INFO  com.alibaba.nacos.common.remote.client - [5f015d37-b3f8-4fca-96a3-273bd81d5111_config-0] Registry connection listener to current client:com.alibaba.nacos.client.config.impl.ClientWorker$ConfigRpcTransportClient$1
2025-08-23 11:20:33.583 [main] INFO  com.alibaba.nacos.common.remote.client - [5f015d37-b3f8-4fca-96a3-273bd81d5111_config-0] RpcClient init, ServerListFactory = com.alibaba.nacos.client.config.impl.ClientWorker$ConfigRpcTransportClient$2
2025-08-23 11:20:33.596 [main] INFO  com.alibaba.nacos.common.remote.client - [5f015d37-b3f8-4fca-96a3-273bd81d5111_config-0] Try to connect to server on start up, server: {serverIp = '47.236.36.111', server main port = 8848}
2025-08-23 11:20:33.631 [main] INFO  c.a.nacos.common.remote.client.grpc.GrpcClient - grpc client connection server:47.236.36.111 ip,serverPort:9848,grpcTslConfig:{"sslProvider":"OPENSSL","enableTls":false,"mutualAuthEnable":false,"trustAll":false}
2025-08-23 11:20:34.672 [main] INFO  com.alibaba.nacos.common.remote.client - [5f015d37-b3f8-4fca-96a3-273bd81d5111_config-0] Success to connect to server [47.236.36.111:8848] on start up, connectionId = 1755919234412_112.94.129.71_1892
2025-08-23 11:20:34.674 [com.alibaba.nacos.client.remote.worker] INFO  com.alibaba.nacos.common.remote.client - [5f015d37-b3f8-4fca-96a3-273bd81d5111_config-0] Notify connected event to listeners.
2025-08-23 11:20:34.674 [com.alibaba.nacos.client.remote.worker] INFO  com.alibaba.nacos.client.config.impl.ClientWorker - [5f015d37-b3f8-4fca-96a3-273bd81d5111_config-0] Connected,notify listen context...
2025-08-23 11:20:34.674 [main] INFO  com.alibaba.nacos.common.remote.client - [5f015d37-b3f8-4fca-96a3-273bd81d5111_config-0] Register server push request handler:com.alibaba.nacos.common.remote.client.RpcClient$ConnectResetRequestHandler
2025-08-23 11:20:34.676 [main] INFO  com.alibaba.nacos.common.remote.client - [5f015d37-b3f8-4fca-96a3-273bd81d5111_config-0] Register server push request handler:com.alibaba.nacos.common.remote.client.RpcClient$$Lambda$610/0x00000277264d77a0
2025-08-23 11:20:34.722 [main] INFO  com.alibaba.nacos.client.config.impl.Limiter - limitTime:5.0
2025-08-23 11:20:34.782 [main] INFO  com.alibaba.nacos.client.config.utils.JvmUtil - isMultiInstance:false
2025-08-23 11:20:34.842 [main] WARN  c.a.cloud.nacos.client.NacosPropertySourceBuilder - Ignore the empty nacos configuration and get it based on dataId[xiaohongshu-auth.yaml] & group[DEFAULT_GROUP]
2025-08-23 11:20:34.892 [main] INFO  o.s.c.b.c.PropertySourceBootstrapConfiguration - Located property source: [BootstrapPropertySource {name='bootstrapProperties-xiaohongshu-auth-dev.yaml,DEFAULT_GROUP'}, BootstrapPropertySource {name='bootstrapProperties-xiaohongshu-auth.yaml,DEFAULT_GROUP'}, BootstrapPropertySource {name='bootstrapProperties-xiaohongshu-auth,DEFAULT_GROUP'}]
2025-08-23 11:20:34.919 [main] WARN  com.alibaba.nacos.client.logging.NacosLogging - Load Logback Configuration of Nacos fail, message: Could not initialize Logback Nacos logging from classpath:nacos-logback.xml
2025-08-23 11:20:34.920 [main] INFO  c.zry.xiaohongshu.auth.XiaohongshuAuthApplication - The following 1 profile is active: "dev"
2025-08-23 11:20:35.713 [main] INFO  o.s.d.r.config.RepositoryConfigurationDelegate - Multiple Spring Data modules found, entering strict repository configuration mode
2025-08-23 11:20:35.715 [main] INFO  o.s.d.r.config.RepositoryConfigurationDelegate - Bootstrapping Spring Data Redis repositories in DEFAULT mode.
2025-08-23 11:20:35.748 [main] INFO  o.s.d.r.config.RepositoryConfigurationDelegate - Finished Spring Data repository scanning in 16 ms. Found 0 Redis repository interfaces.
2025-08-23 11:20:35.958 [main] INFO  o.springframework.cloud.context.scope.GenericScope - BeanFactory id=8eaa6b51-1153-32ac-8876-7672529d6c28
2025-08-23 11:20:35.996 [main] INFO  o.s.c.s.PostProcessorRegistrationDelegate$BeanPostProcessorChecker - Bean 'com.zry.xiaohongshu.user.api.UserFeignApi' of type [org.springframework.cloud.openfeign.FeignClientFactoryBean] is not eligible for getting processed by all BeanPostProcessors (for example: not eligible for auto-proxying)
2025-08-23 11:20:36.534 [main] INFO  o.s.boot.web.embedded.tomcat.TomcatWebServer - Tomcat initialized with port(s): 8080 (http)
2025-08-23 11:20:36.534 [main] INFO  org.apache.catalina.core.AprLifecycleListener - Loaded Apache Tomcat Native library [2.0.3] using APR version [1.7.2].
2025-08-23 11:20:36.540 [main] INFO  org.apache.catalina.core.AprLifecycleListener - OpenSSL successfully initialized [OpenSSL 3.0.8 7 Feb 2023]
2025-08-23 11:20:36.552 [main] INFO  org.apache.catalina.core.StandardService - Starting service [Tomcat]
2025-08-23 11:20:36.552 [main] INFO  org.apache.catalina.core.StandardEngine - Starting Servlet engine: [Apache Tomcat/10.1.5]
2025-08-23 11:20:36.637 [main] INFO  o.a.c.core.ContainerBase.[Tomcat].[localhost].[/] - Initializing Spring embedded WebApplicationContext
2025-08-23 11:20:36.637 [main] INFO  o.s.b.w.s.c.ServletWebServerApplicationContext - Root WebApplicationContext: initialization completed in 1698 ms
2025-08-23 11:20:37.024 [main] INFO  c.a.d.s.b.a.DruidDataSourceAutoConfigure - Init DruidDataSource
2025-08-23 11:20:37.404 [main] INFO  com.alibaba.druid.pool.DruidDataSource - {dataSource-1} inited
2025-08-23 11:20:37.793 [main] INFO  o.s.cloud.openfeign.FeignClientFactoryBean - For 'xiaohongshu-user' URL not provided. Will try picking an instance via load-balancing.
2025-08-23 11:20:38.951 [main] WARN  o.s.c.l.c.LoadBalancerCacheAutoConfiguration$LoadBalancerCaffeineWarnLogger - Spring Cloud LoadBalancer is currently working with the default cache. While this cache implementation is useful for development and tests, it's recommended to use Caffeine cache in production.You can switch to using Caffeine cache, by adding it and org.springframework.cache.caffeine.CaffeineCacheManager to the classpath.
2025-08-23 11:20:39.041 [main] INFO  o.s.boot.web.embedded.tomcat.TomcatWebServer - Tomcat started on port(s): 8080 (http) with context path ''
2025-08-23 11:20:39.046 [main] INFO  com.alibaba.nacos.client.naming - initializer namespace from ans.namespace attribute : null
2025-08-23 11:20:39.046 [main] INFO  com.alibaba.nacos.client.naming - initializer namespace from ALIBABA_ALIWARE_NAMESPACE attribute :null
2025-08-23 11:20:39.046 [main] INFO  com.alibaba.nacos.client.naming - initializer namespace from namespace attribute :null
2025-08-23 11:20:39.053 [main] INFO  c.a.n.p.auth.spi.client.ClientAuthPluginManager - [ClientAuthPluginManager] Load ClientAuthService com.alibaba.nacos.client.auth.impl.NacosClientAuthServiceImpl success.
2025-08-23 11:20:39.054 [main] INFO  c.a.n.p.auth.spi.client.ClientAuthPluginManager - [ClientAuthPluginManager] Load ClientAuthService com.alibaba.nacos.client.auth.ram.RamClientAuthServiceImpl success.
2025-08-23 11:20:39.058 [main] INFO  com.alibaba.nacos.common.remote.client - [RpcClientFactory] create a new rpc client of 91b26b0d-0b57-4451-ab16-54646599f38e
2025-08-23 11:20:39.060 [main] INFO  com.alibaba.nacos.common.remote.client - [91b26b0d-0b57-4451-ab16-54646599f38e] RpcClient init, ServerListFactory = com.alibaba.nacos.client.naming.core.ServerListManager
2025-08-23 11:20:39.060 [main] INFO  com.alibaba.nacos.common.remote.client - [91b26b0d-0b57-4451-ab16-54646599f38e] Registry connection listener to current client:com.alibaba.nacos.client.naming.remote.gprc.redo.NamingGrpcRedoService
2025-08-23 11:20:39.060 [main] INFO  com.alibaba.nacos.common.remote.client - [91b26b0d-0b57-4451-ab16-54646599f38e] Register server push request handler:com.alibaba.nacos.client.naming.remote.gprc.NamingPushRequestHandler
2025-08-23 11:20:39.061 [main] INFO  com.alibaba.nacos.common.remote.client - [91b26b0d-0b57-4451-ab16-54646599f38e] Try to connect to server on start up, server: {serverIp = '47.236.36.111', server main port = 8848}
2025-08-23 11:20:39.061 [main] INFO  c.a.nacos.common.remote.client.grpc.GrpcClient - grpc client connection server:47.236.36.111 ip,serverPort:9848,grpcTslConfig:{"sslProvider":"OPENSSL","enableTls":false,"mutualAuthEnable":false,"trustAll":false}
2025-08-23 11:20:39.333 [main] INFO  com.alibaba.nacos.common.remote.client - [91b26b0d-0b57-4451-ab16-54646599f38e] Success to connect to server [47.236.36.111:8848] on start up, connectionId = 1755919239143_112.94.129.71_1896
2025-08-23 11:20:39.334 [main] INFO  com.alibaba.nacos.common.remote.client - [91b26b0d-0b57-4451-ab16-54646599f38e] Register server push request handler:com.alibaba.nacos.common.remote.client.RpcClient$ConnectResetRequestHandler
2025-08-23 11:20:39.334 [com.alibaba.nacos.client.remote.worker] INFO  com.alibaba.nacos.common.remote.client - [91b26b0d-0b57-4451-ab16-54646599f38e] Notify connected event to listeners.
2025-08-23 11:20:39.334 [main] INFO  com.alibaba.nacos.common.remote.client - [91b26b0d-0b57-4451-ab16-54646599f38e] Register server push request handler:com.alibaba.nacos.common.remote.client.RpcClient$$Lambda$610/0x00000277264d77a0
2025-08-23 11:20:39.334 [com.alibaba.nacos.client.remote.worker] INFO  com.alibaba.nacos.client.naming - Grpc connection connect
2025-08-23 11:20:39.338 [main] INFO  com.alibaba.nacos.client.naming - [REGISTER-SERVICE] xiaohongshu registering service xiaohongshu-auth with instance Instance{instanceId='null', ip='10.2.66.3', port=8080, weight=1.0, healthy=true, enabled=true, ephemeral=true, clusterName='DEFAULT', serviceName='null', metadata={IPv6=null, preserved.register.source=SPRING_CLOUD}}
2025-08-23 11:20:39.404 [main] INFO  c.a.cloud.nacos.registry.NacosServiceRegistry - nacos registry, DEFAULT_GROUP xiaohongshu-auth 10.2.66.3:8080 register finished
2025-08-23 11:20:39.622 [main] INFO  c.zry.xiaohongshu.auth.XiaohongshuAuthApplication - Started XiaohongshuAuthApplication in 7.424 seconds (process running for 8.132)
2025-08-23 11:20:39.626 [main] INFO  com.alibaba.nacos.client.config.impl.CacheData - nacos.cache.data.init.snapshot = true 
2025-08-23 11:20:39.626 [main] INFO  com.alibaba.nacos.client.config.impl.ClientWorker - [fixed-xiaohongshu-47.236.36.111_8848_] [subscribe] xiaohongshu-auth.yaml+DEFAULT_GROUP+xiaohongshu
2025-08-23 11:20:39.632 [main] INFO  com.alibaba.nacos.client.config.impl.CacheData - [fixed-xiaohongshu-47.236.36.111_8848_] [add-listener] ok, tenant=xiaohongshu, dataId=xiaohongshu-auth.yaml, group=DEFAULT_GROUP, cnt=1
2025-08-23 11:20:39.633 [main] INFO  c.a.cloud.nacos.refresh.NacosContextRefresher - [Nacos Config] Listening config: dataId=xiaohongshu-auth.yaml, group=DEFAULT_GROUP
2025-08-23 11:20:39.635 [main] INFO  com.alibaba.nacos.client.config.impl.ClientWorker - [fixed-xiaohongshu-47.236.36.111_8848_] [subscribe] xiaohongshu-auth-dev.yaml+DEFAULT_GROUP+xiaohongshu
2025-08-23 11:20:39.635 [main] INFO  com.alibaba.nacos.client.config.impl.CacheData - [fixed-xiaohongshu-47.236.36.111_8848_] [add-listener] ok, tenant=xiaohongshu, dataId=xiaohongshu-auth-dev.yaml, group=DEFAULT_GROUP, cnt=1
2025-08-23 11:20:39.635 [main] INFO  c.a.cloud.nacos.refresh.NacosContextRefresher - [Nacos Config] Listening config: dataId=xiaohongshu-auth-dev.yaml, group=DEFAULT_GROUP
2025-08-23 11:20:39.637 [main] INFO  com.alibaba.nacos.client.config.impl.ClientWorker - [fixed-xiaohongshu-47.236.36.111_8848_] [subscribe] xiaohongshu-auth+DEFAULT_GROUP+xiaohongshu
2025-08-23 11:20:39.637 [main] INFO  com.alibaba.nacos.client.config.impl.CacheData - [fixed-xiaohongshu-47.236.36.111_8848_] [add-listener] ok, tenant=xiaohongshu, dataId=xiaohongshu-auth, group=DEFAULT_GROUP, cnt=1
2025-08-23 11:20:39.637 [main] INFO  c.a.cloud.nacos.refresh.NacosContextRefresher - [Nacos Config] Listening config: dataId=xiaohongshu-auth, group=DEFAULT_GROUP
2025-08-23 11:20:45.932 [http-nio-8080-exec-1] INFO  o.a.c.core.ContainerBase.[Tomcat].[localhost].[/] - Initializing Spring DispatcherServlet 'dispatcherServlet'
2025-08-23 11:20:45.932 [http-nio-8080-exec-1] INFO  org.springframework.web.servlet.DispatcherServlet - Initializing Servlet 'dispatcherServlet'
2025-08-23 11:20:45.935 [http-nio-8080-exec-1] INFO  org.springframework.web.servlet.DispatcherServlet - Completed initialization in 0 ms
2025-08-23 11:20:45.943 [http-nio-8080-exec-1] INFO  c.z.f.b.context.filter.HeaderUserId2ContextFilter - ## HeaderUserId2ContextFilter, 用户 ID: null
2025-08-23 11:20:46.060 [http-nio-8080-exec-1] INFO  c.z.f.b.operationlog.aspect.ApiOperationLogAspect - ====== 请求开始: [用户登录], 入参: {"phone":"13068920712","code":null,"password":"123456","type":2}, 请求类: UserController, 请求方法: loginAndRegister =================================== 
2025-08-23 11:20:46.158 [http-nio-8080-exec-1] INFO  com.alibaba.nacos.client.naming - [SUBSCRIBE-SERVICE] service:xiaohongshu-user, group:DEFAULT_GROUP, clusters: 
2025-08-23 11:20:46.222 [http-nio-8080-exec-1] INFO  com.alibaba.nacos.client.naming - init new ips(1) service: DEFAULT_GROUP@@xiaohongshu-user -> [{"ip":"10.2.66.3","port":8082,"weight":1.0,"healthy":true,"enabled":true,"ephemeral":true,"clusterName":"DEFAULT","serviceName":"DEFAULT_GROUP@@xiaohongshu-user","metadata":{"preserved.register.source":"SPRING_CLOUD"},"instanceHeartBeatTimeOut":15000,"instanceHeartBeatInterval":5000,"ipDeleteTimeout":30000}]
2025-08-23 11:20:46.225 [http-nio-8080-exec-1] INFO  com.alibaba.nacos.client.naming - current ips:(1) service: DEFAULT_GROUP@@xiaohongshu-user -> [{"ip":"10.2.66.3","port":8082,"weight":1.0,"healthy":true,"enabled":true,"ephemeral":true,"clusterName":"DEFAULT","serviceName":"DEFAULT_GROUP@@xiaohongshu-user","metadata":{"preserved.register.source":"SPRING_CLOUD"},"instanceHeartBeatTimeOut":15000,"instanceHeartBeatInterval":5000,"ipDeleteTimeout":30000}]
2025-08-23 11:20:46.359 [http-nio-8080-exec-1] INFO  c.z.xiaohongshu.auth.service.impl.UserServiceImpl - 登录密码，加密密码
2025-08-23 11:20:46.360 [http-nio-8080-exec-1] WARN  o.s.security.crypto.bcrypt.BCryptPasswordEncoder - Empty encoded password
2025-08-23 11:20:46.365 [http-nio-8080-exec-1] WARN  c.z.x.auth.exception.GlobalExceptionHandler - /login request fail, errorCode: AUTH-20004, errorMessage: 手机号或密码错误
2025-08-23 11:20:46.821 [nacos-grpc-client-executor-47.236.36.111-9] INFO  com.alibaba.nacos.common.remote.client - [91b26b0d-0b57-4451-ab16-54646599f38e] Receive server push request, request = NotifySubscriberRequest, requestId = 532
2025-08-23 11:20:46.821 [nacos-grpc-client-executor-47.236.36.111-9] INFO  com.alibaba.nacos.common.remote.client - [91b26b0d-0b57-4451-ab16-54646599f38e] Ack server push request, request = NotifySubscriberRequest, requestId = 532
2025-08-23 11:21:25.382 [Thread-2] WARN  c.alibaba.nacos.common.http.HttpClientBeanHolder - [HttpClientBeanHolder] Start destroying common HttpClient
2025-08-23 11:21:25.382 [Thread-9] WARN  com.alibaba.nacos.common.notify.NotifyCenter - [NotifyCenter] Start destroying Publisher
2025-08-23 11:21:25.382 [Thread-9] WARN  com.alibaba.nacos.common.notify.NotifyCenter - [NotifyCenter] Destruction of the end
2025-08-23 11:21:25.384 [Thread-2] WARN  c.alibaba.nacos.common.http.HttpClientBeanHolder - [HttpClientBeanHolder] Destruction of the end
2025-08-23 11:21:25.424 [SpringApplicationShutdownHook] INFO  c.a.cloud.nacos.registry.NacosServiceRegistry - De-registering from Nacos Server now...
2025-08-23 11:21:25.424 [SpringApplicationShutdownHook] INFO  com.alibaba.nacos.client.naming - [DEREGISTER-SERVICE] xiaohongshu deregistering service xiaohongshu-auth with instance: Instance{instanceId='null', ip='10.2.66.3', port=8080, weight=1.0, healthy=true, enabled=true, ephemeral=true, clusterName='DEFAULT', serviceName='null', metadata={}}
2025-08-23 11:21:25.479 [SpringApplicationShutdownHook] INFO  c.a.cloud.nacos.registry.NacosServiceRegistry - De-registration finished.
2025-08-23 11:21:25.480 [SpringApplicationShutdownHook] INFO  com.alibaba.nacos.client.naming - com.alibaba.nacos.client.naming.cache.ServiceInfoHolder do shutdown begin
2025-08-23 11:21:25.480 [SpringApplicationShutdownHook] INFO  com.alibaba.nacos.client.naming - com.alibaba.nacos.client.naming.backups.FailoverReactor do shutdown begin
2025-08-23 11:21:25.480 [SpringApplicationShutdownHook] INFO  com.alibaba.nacos.client.naming - com.alibaba.nacos.client.naming.backups.FailoverReactor do shutdown stop
2025-08-23 11:21:25.480 [SpringApplicationShutdownHook] INFO  com.alibaba.nacos.client.naming - com.alibaba.nacos.client.naming.cache.ServiceInfoHolder do shutdown stop
2025-08-23 11:21:25.480 [SpringApplicationShutdownHook] INFO  com.alibaba.nacos.client.naming - com.alibaba.nacos.client.naming.remote.NamingClientProxyDelegate do shutdown begin
2025-08-23 11:21:25.480 [SpringApplicationShutdownHook] INFO  com.alibaba.nacos.client.naming - com.alibaba.nacos.client.naming.core.ServiceInfoUpdateService do shutdown begin
2025-08-23 11:21:25.480 [SpringApplicationShutdownHook] INFO  com.alibaba.nacos.client.naming - com.alibaba.nacos.client.naming.core.ServiceInfoUpdateService do shutdown stop
2025-08-23 11:21:25.480 [SpringApplicationShutdownHook] INFO  com.alibaba.nacos.client.naming - com.alibaba.nacos.client.naming.core.ServerListManager do shutdown begin
2025-08-23 11:21:25.480 [SpringApplicationShutdownHook] WARN  com.alibaba.nacos.client.naming - [NamingHttpClientManager] Start destroying NacosRestTemplate
2025-08-23 11:21:25.480 [SpringApplicationShutdownHook] WARN  com.alibaba.nacos.client.naming - [NamingHttpClientManager] Destruction of the end
2025-08-23 11:21:25.480 [SpringApplicationShutdownHook] INFO  com.alibaba.nacos.client.naming - com.alibaba.nacos.client.naming.core.ServerListManager do shutdown stop
2025-08-23 11:21:25.481 [SpringApplicationShutdownHook] INFO  com.alibaba.nacos.client.naming - com.alibaba.nacos.client.naming.remote.http.NamingHttpClientProxy do shutdown begin
2025-08-23 11:21:25.481 [SpringApplicationShutdownHook] WARN  com.alibaba.nacos.client.naming - [NamingHttpClientManager] Start destroying NacosRestTemplate
2025-08-23 11:21:25.481 [SpringApplicationShutdownHook] WARN  com.alibaba.nacos.client.naming - [NamingHttpClientManager] Destruction of the end
2025-08-23 11:21:25.481 [SpringApplicationShutdownHook] INFO  com.alibaba.nacos.client.naming - com.alibaba.nacos.client.naming.remote.http.NamingHttpClientProxy do shutdown stop
2025-08-23 11:21:25.481 [SpringApplicationShutdownHook] INFO  com.alibaba.nacos.common.remote.client - Shutdown rpc client, set status to shutdown
2025-08-23 11:21:25.481 [SpringApplicationShutdownHook] INFO  com.alibaba.nacos.common.remote.client - Shutdown client event executor java.util.concurrent.ScheduledThreadPoolExecutor@330a053e[Running, pool size = 2, active threads = 2, queued tasks = 0, completed tasks = 0]
2025-08-23 11:21:25.481 [SpringApplicationShutdownHook] INFO  com.alibaba.nacos.common.remote.client - Close current connection 1755919239143_112.94.129.71_1896
2025-08-23 11:21:25.485 [SpringApplicationShutdownHook] INFO  c.a.nacos.common.remote.client.grpc.GrpcClient - Shutdown grpc executor java.util.concurrent.ThreadPoolExecutor@53ae4a7f[Running, pool size = 4, active threads = 0, queued tasks = 0, completed tasks = 20]
2025-08-23 11:21:25.485 [SpringApplicationShutdownHook] INFO  com.alibaba.nacos.client.naming - Shutdown grpc redo service executor java.util.concurrent.ScheduledThreadPoolExecutor@7ffba884[Running, pool size = 1, active threads = 0, queued tasks = 1, completed tasks = 15]
2025-08-23 11:21:25.485 [SpringApplicationShutdownHook] INFO  c.a.n.client.auth.ram.identify.CredentialWatcher - [null] CredentialWatcher is stopped
2025-08-23 11:21:25.485 [SpringApplicationShutdownHook] INFO  c.a.n.client.auth.ram.identify.CredentialService - [null] CredentialService is freed
2025-08-23 11:21:25.486 [SpringApplicationShutdownHook] INFO  com.alibaba.nacos.client.naming - com.alibaba.nacos.client.naming.remote.NamingClientProxyDelegate do shutdown stop
2025-08-23 11:21:25.490 [SpringApplicationShutdownHook] INFO  com.alibaba.druid.pool.DruidDataSource - {dataSource-1} closing ...
2025-08-23 11:21:25.501 [SpringApplicationShutdownHook] INFO  com.alibaba.druid.pool.DruidDataSource - {dataSource-1} closed
2025-08-23 11:21:30.589 [main] WARN  com.alibaba.nacos.client.logging.NacosLogging - Load Logback Configuration of Nacos fail, message: Could not initialize Logback Nacos logging from classpath:nacos-logback.xml
2025-08-23 11:21:30.663 [main] WARN  com.alibaba.nacos.client.logging.NacosLogging - Load Logback Configuration of Nacos fail, message: Could not initialize Logback Nacos logging from classpath:nacos-logback.xml
2025-08-23 11:21:30.898 [main] WARN  com.alibaba.nacos.client.logging.NacosLogging - Load Logback Configuration of Nacos fail, message: Could not initialize Logback Nacos logging from classpath:nacos-logback.xml
2025-08-23 11:21:30.900 [main] INFO  com.alibaba.nacos.client.utils.ParamUtil - [settings] [req-serv] nacos-server port:8848
2025-08-23 11:21:30.900 [main] INFO  com.alibaba.nacos.client.utils.ParamUtil - [settings] [http-client] connect timeout:1000
2025-08-23 11:21:30.901 [main] INFO  com.alibaba.nacos.client.utils.ParamUtil - PER_TASK_CONFIG_SIZE: 3000.0
2025-08-23 11:21:30.927 [main] INFO  c.a.n.p.auth.spi.client.ClientAuthPluginManager - [ClientAuthPluginManager] Load ClientAuthService com.alibaba.nacos.client.auth.impl.NacosClientAuthServiceImpl success.
2025-08-23 11:21:30.927 [main] INFO  c.a.n.p.auth.spi.client.ClientAuthPluginManager - [ClientAuthPluginManager] Load ClientAuthService com.alibaba.nacos.client.auth.ram.RamClientAuthServiceImpl success.
2025-08-23 11:21:30.930 [main] INFO  c.a.n.client.auth.ram.identify.CredentialWatcher - null No credential found
2025-08-23 11:21:31.235 [main] WARN  com.alibaba.nacos.client.logging.NacosLogging - Load Logback Configuration of Nacos fail, message: Could not initialize Logback Nacos logging from classpath:nacos-logback.xml
2025-08-23 11:21:31.249 [main] INFO  c.a.n.client.config.impl.LocalConfigInfoProcessor - LOCAL_SNAPSHOT_PATH:C:\Users\Rey\nacos\config
2025-08-23 11:21:31.253 [main] INFO  com.alibaba.nacos.common.remote.client - [RpcClientFactory] create a new rpc client of eb2d8285-a8b2-44ec-a20f-5c9b52305cef_config-0
2025-08-23 11:21:31.275 [main] INFO  com.alibaba.nacos.common.remote.client - [eb2d8285-a8b2-44ec-a20f-5c9b52305cef_config-0] Register server push request handler:com.alibaba.nacos.client.config.impl.ClientWorker$ConfigRpcTransportClient$$Lambda$589/0x000002d3a6380848
2025-08-23 11:21:31.276 [main] INFO  com.alibaba.nacos.common.remote.client - [eb2d8285-a8b2-44ec-a20f-5c9b52305cef_config-0] Register server push request handler:com.alibaba.nacos.client.config.impl.ClientWorker$ConfigRpcTransportClient$$Lambda$590/0x000002d3a6380c68
2025-08-23 11:21:31.276 [main] INFO  com.alibaba.nacos.common.remote.client - [eb2d8285-a8b2-44ec-a20f-5c9b52305cef_config-0] Registry connection listener to current client:com.alibaba.nacos.client.config.impl.ClientWorker$ConfigRpcTransportClient$1
2025-08-23 11:21:31.276 [main] INFO  com.alibaba.nacos.common.remote.client - [eb2d8285-a8b2-44ec-a20f-5c9b52305cef_config-0] RpcClient init, ServerListFactory = com.alibaba.nacos.client.config.impl.ClientWorker$ConfigRpcTransportClient$2
2025-08-23 11:21:31.284 [main] INFO  com.alibaba.nacos.common.remote.client - [eb2d8285-a8b2-44ec-a20f-5c9b52305cef_config-0] Try to connect to server on start up, server: {serverIp = '47.236.36.111', server main port = 8848}
2025-08-23 11:21:31.324 [main] INFO  c.a.nacos.common.remote.client.grpc.GrpcClient - grpc client connection server:47.236.36.111 ip,serverPort:9848,grpcTslConfig:{"sslProvider":"OPENSSL","enableTls":false,"mutualAuthEnable":false,"trustAll":false}
2025-08-23 11:21:32.331 [main] INFO  com.alibaba.nacos.common.remote.client - [eb2d8285-a8b2-44ec-a20f-5c9b52305cef_config-0] Success to connect to server [47.236.36.111:8848] on start up, connectionId = 1755919292088_112.94.129.71_1928
2025-08-23 11:21:32.332 [com.alibaba.nacos.client.remote.worker] INFO  com.alibaba.nacos.common.remote.client - [eb2d8285-a8b2-44ec-a20f-5c9b52305cef_config-0] Notify connected event to listeners.
2025-08-23 11:21:32.332 [com.alibaba.nacos.client.remote.worker] INFO  com.alibaba.nacos.client.config.impl.ClientWorker - [eb2d8285-a8b2-44ec-a20f-5c9b52305cef_config-0] Connected,notify listen context...
2025-08-23 11:21:32.332 [main] INFO  com.alibaba.nacos.common.remote.client - [eb2d8285-a8b2-44ec-a20f-5c9b52305cef_config-0] Register server push request handler:com.alibaba.nacos.common.remote.client.RpcClient$ConnectResetRequestHandler
2025-08-23 11:21:32.333 [main] INFO  com.alibaba.nacos.common.remote.client - [eb2d8285-a8b2-44ec-a20f-5c9b52305cef_config-0] Register server push request handler:com.alibaba.nacos.common.remote.client.RpcClient$$Lambda$610/0x000002d3a64e6920
2025-08-23 11:21:32.384 [main] INFO  com.alibaba.nacos.client.config.impl.Limiter - limitTime:5.0
2025-08-23 11:21:32.444 [main] INFO  com.alibaba.nacos.client.config.utils.JvmUtil - isMultiInstance:false
2025-08-23 11:21:32.501 [main] WARN  c.a.cloud.nacos.client.NacosPropertySourceBuilder - Ignore the empty nacos configuration and get it based on dataId[xiaohongshu-auth.yaml] & group[DEFAULT_GROUP]
2025-08-23 11:21:32.558 [main] INFO  o.s.c.b.c.PropertySourceBootstrapConfiguration - Located property source: [BootstrapPropertySource {name='bootstrapProperties-xiaohongshu-auth-dev.yaml,DEFAULT_GROUP'}, BootstrapPropertySource {name='bootstrapProperties-xiaohongshu-auth.yaml,DEFAULT_GROUP'}, BootstrapPropertySource {name='bootstrapProperties-xiaohongshu-auth,DEFAULT_GROUP'}]
2025-08-23 11:21:32.591 [main] WARN  com.alibaba.nacos.client.logging.NacosLogging - Load Logback Configuration of Nacos fail, message: Could not initialize Logback Nacos logging from classpath:nacos-logback.xml
2025-08-23 11:21:32.592 [main] INFO  c.zry.xiaohongshu.auth.XiaohongshuAuthApplication - The following 1 profile is active: "dev"
2025-08-23 11:21:33.362 [main] INFO  o.s.d.r.config.RepositoryConfigurationDelegate - Multiple Spring Data modules found, entering strict repository configuration mode
2025-08-23 11:21:33.365 [main] INFO  o.s.d.r.config.RepositoryConfigurationDelegate - Bootstrapping Spring Data Redis repositories in DEFAULT mode.
2025-08-23 11:21:33.396 [main] INFO  o.s.d.r.config.RepositoryConfigurationDelegate - Finished Spring Data repository scanning in 17 ms. Found 0 Redis repository interfaces.
2025-08-23 11:21:33.602 [main] INFO  o.springframework.cloud.context.scope.GenericScope - BeanFactory id=8eaa6b51-1153-32ac-8876-7672529d6c28
2025-08-23 11:21:33.642 [main] INFO  o.s.c.s.PostProcessorRegistrationDelegate$BeanPostProcessorChecker - Bean 'com.zry.xiaohongshu.user.api.UserFeignApi' of type [org.springframework.cloud.openfeign.FeignClientFactoryBean] is not eligible for getting processed by all BeanPostProcessors (for example: not eligible for auto-proxying)
2025-08-23 11:21:34.203 [main] INFO  o.s.boot.web.embedded.tomcat.TomcatWebServer - Tomcat initialized with port(s): 8080 (http)
2025-08-23 11:21:34.204 [main] INFO  org.apache.catalina.core.AprLifecycleListener - Loaded Apache Tomcat Native library [2.0.3] using APR version [1.7.2].
2025-08-23 11:21:34.209 [main] INFO  org.apache.catalina.core.AprLifecycleListener - OpenSSL successfully initialized [OpenSSL 3.0.8 7 Feb 2023]
2025-08-23 11:21:34.220 [main] INFO  org.apache.catalina.core.StandardService - Starting service [Tomcat]
2025-08-23 11:21:34.220 [main] INFO  org.apache.catalina.core.StandardEngine - Starting Servlet engine: [Apache Tomcat/10.1.5]
2025-08-23 11:21:34.306 [main] INFO  o.a.c.core.ContainerBase.[Tomcat].[localhost].[/] - Initializing Spring embedded WebApplicationContext
2025-08-23 11:21:34.306 [main] INFO  o.s.b.w.s.c.ServletWebServerApplicationContext - Root WebApplicationContext: initialization completed in 1696 ms
2025-08-23 11:21:34.715 [main] INFO  c.a.d.s.b.a.DruidDataSourceAutoConfigure - Init DruidDataSource
2025-08-23 11:21:35.101 [main] INFO  com.alibaba.druid.pool.DruidDataSource - {dataSource-1} inited
2025-08-23 11:21:35.491 [main] INFO  o.s.cloud.openfeign.FeignClientFactoryBean - For 'xiaohongshu-user' URL not provided. Will try picking an instance via load-balancing.
2025-08-23 11:21:36.658 [main] WARN  o.s.c.l.c.LoadBalancerCacheAutoConfiguration$LoadBalancerCaffeineWarnLogger - Spring Cloud LoadBalancer is currently working with the default cache. While this cache implementation is useful for development and tests, it's recommended to use Caffeine cache in production.You can switch to using Caffeine cache, by adding it and org.springframework.cache.caffeine.CaffeineCacheManager to the classpath.
2025-08-23 11:21:36.748 [main] INFO  o.s.boot.web.embedded.tomcat.TomcatWebServer - Tomcat started on port(s): 8080 (http) with context path ''
2025-08-23 11:21:36.752 [main] INFO  com.alibaba.nacos.client.naming - initializer namespace from ans.namespace attribute : null
2025-08-23 11:21:36.753 [main] INFO  com.alibaba.nacos.client.naming - initializer namespace from ALIBABA_ALIWARE_NAMESPACE attribute :null
2025-08-23 11:21:36.754 [main] INFO  com.alibaba.nacos.client.naming - initializer namespace from namespace attribute :null
2025-08-23 11:21:36.761 [main] INFO  c.a.n.p.auth.spi.client.ClientAuthPluginManager - [ClientAuthPluginManager] Load ClientAuthService com.alibaba.nacos.client.auth.impl.NacosClientAuthServiceImpl success.
2025-08-23 11:21:36.762 [main] INFO  c.a.n.p.auth.spi.client.ClientAuthPluginManager - [ClientAuthPluginManager] Load ClientAuthService com.alibaba.nacos.client.auth.ram.RamClientAuthServiceImpl success.
2025-08-23 11:21:36.769 [main] INFO  com.alibaba.nacos.common.remote.client - [RpcClientFactory] create a new rpc client of 18b8a4ea-868e-4954-8295-534be628f03c
2025-08-23 11:21:36.771 [main] INFO  com.alibaba.nacos.common.remote.client - [18b8a4ea-868e-4954-8295-534be628f03c] RpcClient init, ServerListFactory = com.alibaba.nacos.client.naming.core.ServerListManager
2025-08-23 11:21:36.771 [main] INFO  com.alibaba.nacos.common.remote.client - [18b8a4ea-868e-4954-8295-534be628f03c] Registry connection listener to current client:com.alibaba.nacos.client.naming.remote.gprc.redo.NamingGrpcRedoService
2025-08-23 11:21:36.771 [main] INFO  com.alibaba.nacos.common.remote.client - [18b8a4ea-868e-4954-8295-534be628f03c] Register server push request handler:com.alibaba.nacos.client.naming.remote.gprc.NamingPushRequestHandler
2025-08-23 11:21:36.772 [main] INFO  com.alibaba.nacos.common.remote.client - [18b8a4ea-868e-4954-8295-534be628f03c] Try to connect to server on start up, server: {serverIp = '47.236.36.111', server main port = 8848}
2025-08-23 11:21:36.772 [main] INFO  c.a.nacos.common.remote.client.grpc.GrpcClient - grpc client connection server:47.236.36.111 ip,serverPort:9848,grpcTslConfig:{"sslProvider":"OPENSSL","enableTls":false,"mutualAuthEnable":false,"trustAll":false}
2025-08-23 11:21:37.044 [main] INFO  com.alibaba.nacos.common.remote.client - [18b8a4ea-868e-4954-8295-534be628f03c] Success to connect to server [47.236.36.111:8848] on start up, connectionId = 1755919296857_112.94.129.71_1932
2025-08-23 11:21:37.045 [main] INFO  com.alibaba.nacos.common.remote.client - [18b8a4ea-868e-4954-8295-534be628f03c] Register server push request handler:com.alibaba.nacos.common.remote.client.RpcClient$ConnectResetRequestHandler
2025-08-23 11:21:37.045 [main] INFO  com.alibaba.nacos.common.remote.client - [18b8a4ea-868e-4954-8295-534be628f03c] Register server push request handler:com.alibaba.nacos.common.remote.client.RpcClient$$Lambda$610/0x000002d3a64e6920
2025-08-23 11:21:37.045 [com.alibaba.nacos.client.remote.worker] INFO  com.alibaba.nacos.common.remote.client - [18b8a4ea-868e-4954-8295-534be628f03c] Notify connected event to listeners.
2025-08-23 11:21:37.045 [com.alibaba.nacos.client.remote.worker] INFO  com.alibaba.nacos.client.naming - Grpc connection connect
2025-08-23 11:21:37.048 [main] INFO  com.alibaba.nacos.client.naming - [REGISTER-SERVICE] xiaohongshu registering service xiaohongshu-auth with instance Instance{instanceId='null', ip='10.2.66.3', port=8080, weight=1.0, healthy=true, enabled=true, ephemeral=true, clusterName='DEFAULT', serviceName='null', metadata={IPv6=null, preserved.register.source=SPRING_CLOUD}}
2025-08-23 11:21:37.114 [main] INFO  c.a.cloud.nacos.registry.NacosServiceRegistry - nacos registry, DEFAULT_GROUP xiaohongshu-auth 10.2.66.3:8080 register finished
2025-08-23 11:21:37.324 [main] INFO  c.zry.xiaohongshu.auth.XiaohongshuAuthApplication - Started XiaohongshuAuthApplication in 7.477 seconds (process running for 8.167)
2025-08-23 11:21:37.327 [main] INFO  com.alibaba.nacos.client.config.impl.CacheData - nacos.cache.data.init.snapshot = true 
2025-08-23 11:21:37.328 [main] INFO  com.alibaba.nacos.client.config.impl.ClientWorker - [fixed-xiaohongshu-47.236.36.111_8848_] [subscribe] xiaohongshu-auth.yaml+DEFAULT_GROUP+xiaohongshu
2025-08-23 11:21:37.336 [main] INFO  com.alibaba.nacos.client.config.impl.CacheData - [fixed-xiaohongshu-47.236.36.111_8848_] [add-listener] ok, tenant=xiaohongshu, dataId=xiaohongshu-auth.yaml, group=DEFAULT_GROUP, cnt=1
2025-08-23 11:21:37.336 [main] INFO  c.a.cloud.nacos.refresh.NacosContextRefresher - [Nacos Config] Listening config: dataId=xiaohongshu-auth.yaml, group=DEFAULT_GROUP
2025-08-23 11:21:37.338 [main] INFO  com.alibaba.nacos.client.config.impl.ClientWorker - [fixed-xiaohongshu-47.236.36.111_8848_] [subscribe] xiaohongshu-auth-dev.yaml+DEFAULT_GROUP+xiaohongshu
2025-08-23 11:21:37.338 [main] INFO  com.alibaba.nacos.client.config.impl.CacheData - [fixed-xiaohongshu-47.236.36.111_8848_] [add-listener] ok, tenant=xiaohongshu, dataId=xiaohongshu-auth-dev.yaml, group=DEFAULT_GROUP, cnt=1
2025-08-23 11:21:37.338 [main] INFO  c.a.cloud.nacos.refresh.NacosContextRefresher - [Nacos Config] Listening config: dataId=xiaohongshu-auth-dev.yaml, group=DEFAULT_GROUP
2025-08-23 11:21:37.339 [main] INFO  com.alibaba.nacos.client.config.impl.ClientWorker - [fixed-xiaohongshu-47.236.36.111_8848_] [subscribe] xiaohongshu-auth+DEFAULT_GROUP+xiaohongshu
2025-08-23 11:21:37.339 [main] INFO  com.alibaba.nacos.client.config.impl.CacheData - [fixed-xiaohongshu-47.236.36.111_8848_] [add-listener] ok, tenant=xiaohongshu, dataId=xiaohongshu-auth, group=DEFAULT_GROUP, cnt=1
2025-08-23 11:21:37.339 [main] INFO  c.a.cloud.nacos.refresh.NacosContextRefresher - [Nacos Config] Listening config: dataId=xiaohongshu-auth, group=DEFAULT_GROUP
2025-08-23 11:22:39.614 [http-nio-8080-exec-2] INFO  o.a.c.core.ContainerBase.[Tomcat].[localhost].[/] - Initializing Spring DispatcherServlet 'dispatcherServlet'
2025-08-23 11:22:39.614 [http-nio-8080-exec-2] INFO  org.springframework.web.servlet.DispatcherServlet - Initializing Servlet 'dispatcherServlet'
2025-08-23 11:22:39.615 [http-nio-8080-exec-2] INFO  org.springframework.web.servlet.DispatcherServlet - Completed initialization in 1 ms
2025-08-23 11:22:39.623 [http-nio-8080-exec-2] INFO  c.z.f.b.context.filter.HeaderUserId2ContextFilter - ## HeaderUserId2ContextFilter, 用户 ID: null
2025-08-23 11:22:39.734 [http-nio-8080-exec-2] INFO  c.z.f.b.operationlog.aspect.ApiOperationLogAspect - ====== 请求开始: [用户登录], 入参: {"phone":"13068920712","code":null,"password":"123456","type":2}, 请求类: UserController, 请求方法: loginAndRegister =================================== 
2025-08-23 11:22:39.822 [http-nio-8080-exec-2] INFO  com.alibaba.nacos.client.naming - [SUBSCRIBE-SERVICE] service:xiaohongshu-user, group:DEFAULT_GROUP, clusters: 
2025-08-23 11:22:39.877 [http-nio-8080-exec-2] INFO  com.alibaba.nacos.client.naming - init new ips(1) service: DEFAULT_GROUP@@xiaohongshu-user -> [{"ip":"10.2.66.3","port":8082,"weight":1.0,"healthy":true,"enabled":true,"ephemeral":true,"clusterName":"DEFAULT","serviceName":"DEFAULT_GROUP@@xiaohongshu-user","metadata":{"preserved.register.source":"SPRING_CLOUD"},"instanceHeartBeatTimeOut":15000,"instanceHeartBeatInterval":5000,"ipDeleteTimeout":30000}]
2025-08-23 11:22:39.879 [http-nio-8080-exec-2] INFO  com.alibaba.nacos.client.naming - current ips:(1) service: DEFAULT_GROUP@@xiaohongshu-user -> [{"ip":"10.2.66.3","port":8082,"weight":1.0,"healthy":true,"enabled":true,"ephemeral":true,"clusterName":"DEFAULT","serviceName":"DEFAULT_GROUP@@xiaohongshu-user","metadata":{"preserved.register.source":"SPRING_CLOUD"},"instanceHeartBeatTimeOut":15000,"instanceHeartBeatInterval":5000,"ipDeleteTimeout":30000}]
2025-08-23 11:22:40.013 [http-nio-8080-exec-2] INFO  c.z.xiaohongshu.auth.service.impl.UserServiceImpl - 用户登录，手机号：123456，登录方式：$2a$10$iF9icYmcTydaqR9HbnQV9uf1lGxwYoGWvBXoEVrIa9kFiQGZ0X/bS
2025-08-23 11:22:40.014 [http-nio-8080-exec-2] WARN  o.s.security.crypto.bcrypt.BCryptPasswordEncoder - Empty encoded password
2025-08-23 11:22:40.018 [http-nio-8080-exec-2] WARN  c.z.x.auth.exception.GlobalExceptionHandler - /login request fail, errorCode: AUTH-20004, errorMessage: 手机号或密码错误
2025-08-23 11:22:40.402 [nacos-grpc-client-executor-47.236.36.111-20] INFO  com.alibaba.nacos.common.remote.client - [18b8a4ea-868e-4954-8295-534be628f03c] Receive server push request, request = NotifySubscriberRequest, requestId = 535
2025-08-23 11:22:40.402 [nacos-grpc-client-executor-47.236.36.111-20] INFO  com.alibaba.nacos.common.remote.client - [18b8a4ea-868e-4954-8295-534be628f03c] Ack server push request, request = NotifySubscriberRequest, requestId = 535
2025-08-23 11:23:04.546 [http-nio-8080-exec-6] INFO  c.z.f.b.context.filter.HeaderUserId2ContextFilter - ## HeaderUserId2ContextFilter, 用户 ID: null
2025-08-23 11:23:04.548 [http-nio-8080-exec-6] INFO  c.z.f.b.operationlog.aspect.ApiOperationLogAspect - ====== 请求开始: [用户登录], 入参: {"phone":"13068920712","code":null,"password":"123456","type":2}, 请求类: UserController, 请求方法: loginAndRegister =================================== 
2025-08-23 11:23:04.685 [http-nio-8080-exec-6] INFO  c.z.xiaohongshu.auth.service.impl.UserServiceImpl - 用户登录，手机号：123456，登录方式：$2a$10$tDiavQbe4iJfoB55Eoiv5urY1NTzgOblL1M7PqYYq3PH.MJVWaoUq
2025-08-23 11:23:06.389 [http-nio-8080-exec-6] INFO  c.z.f.b.operationlog.aspect.ApiOperationLogAspect - ====== 请求结束: [用户登录], 耗时: 1841ms, 出参: {"success":true,"message":null,"errorCode":null,"data":"MrX5T1UDqfePbJVTjNbm1jk2izO4MjLYOfkGGJHoeo2r3RPGrLDWXoloaWwDE1Ob9IJxRyVO80Hr0LMX2yqHxU43ig7H8Sc4us7SLV0Q2R7gFWFb8Q5ayGqc9X3N2epK"} =================================== 
2025-08-23 11:23:27.740 [Thread-9] WARN  com.alibaba.nacos.common.notify.NotifyCenter - [NotifyCenter] Start destroying Publisher
2025-08-23 11:23:27.740 [Thread-2] WARN  c.alibaba.nacos.common.http.HttpClientBeanHolder - [HttpClientBeanHolder] Start destroying common HttpClient
2025-08-23 11:23:27.740 [Thread-9] WARN  com.alibaba.nacos.common.notify.NotifyCenter - [NotifyCenter] Destruction of the end
2025-08-23 11:23:27.740 [Thread-2] WARN  c.alibaba.nacos.common.http.HttpClientBeanHolder - [HttpClientBeanHolder] Destruction of the end
2025-08-23 11:23:27.810 [SpringApplicationShutdownHook] INFO  c.a.cloud.nacos.registry.NacosServiceRegistry - De-registering from Nacos Server now...
2025-08-23 11:23:27.810 [SpringApplicationShutdownHook] INFO  com.alibaba.nacos.client.naming - [DEREGISTER-SERVICE] xiaohongshu deregistering service xiaohongshu-auth with instance: Instance{instanceId='null', ip='10.2.66.3', port=8080, weight=1.0, healthy=true, enabled=true, ephemeral=true, clusterName='DEFAULT', serviceName='null', metadata={}}
2025-08-23 11:23:27.864 [SpringApplicationShutdownHook] INFO  c.a.cloud.nacos.registry.NacosServiceRegistry - De-registration finished.
2025-08-23 11:23:27.865 [SpringApplicationShutdownHook] INFO  com.alibaba.nacos.client.naming - com.alibaba.nacos.client.naming.cache.ServiceInfoHolder do shutdown begin
2025-08-23 11:23:27.865 [SpringApplicationShutdownHook] INFO  com.alibaba.nacos.client.naming - com.alibaba.nacos.client.naming.backups.FailoverReactor do shutdown begin
2025-08-23 11:23:27.865 [SpringApplicationShutdownHook] INFO  com.alibaba.nacos.client.naming - com.alibaba.nacos.client.naming.backups.FailoverReactor do shutdown stop
2025-08-23 11:23:27.865 [SpringApplicationShutdownHook] INFO  com.alibaba.nacos.client.naming - com.alibaba.nacos.client.naming.cache.ServiceInfoHolder do shutdown stop
2025-08-23 11:23:27.865 [SpringApplicationShutdownHook] INFO  com.alibaba.nacos.client.naming - com.alibaba.nacos.client.naming.remote.NamingClientProxyDelegate do shutdown begin
2025-08-23 11:23:27.865 [SpringApplicationShutdownHook] INFO  com.alibaba.nacos.client.naming - com.alibaba.nacos.client.naming.core.ServiceInfoUpdateService do shutdown begin
2025-08-23 11:23:27.865 [SpringApplicationShutdownHook] INFO  com.alibaba.nacos.client.naming - com.alibaba.nacos.client.naming.core.ServiceInfoUpdateService do shutdown stop
2025-08-23 11:23:27.865 [SpringApplicationShutdownHook] INFO  com.alibaba.nacos.client.naming - com.alibaba.nacos.client.naming.core.ServerListManager do shutdown begin
2025-08-23 11:23:27.865 [SpringApplicationShutdownHook] WARN  com.alibaba.nacos.client.naming - [NamingHttpClientManager] Start destroying NacosRestTemplate
2025-08-23 11:23:27.865 [SpringApplicationShutdownHook] WARN  com.alibaba.nacos.client.naming - [NamingHttpClientManager] Destruction of the end
2025-08-23 11:23:27.865 [SpringApplicationShutdownHook] INFO  com.alibaba.nacos.client.naming - com.alibaba.nacos.client.naming.core.ServerListManager do shutdown stop
2025-08-23 11:23:27.865 [SpringApplicationShutdownHook] INFO  com.alibaba.nacos.client.naming - com.alibaba.nacos.client.naming.remote.http.NamingHttpClientProxy do shutdown begin
2025-08-23 11:23:27.865 [SpringApplicationShutdownHook] WARN  com.alibaba.nacos.client.naming - [NamingHttpClientManager] Start destroying NacosRestTemplate
2025-08-23 11:23:27.865 [SpringApplicationShutdownHook] WARN  com.alibaba.nacos.client.naming - [NamingHttpClientManager] Destruction of the end
2025-08-23 11:23:27.865 [SpringApplicationShutdownHook] INFO  com.alibaba.nacos.client.naming - com.alibaba.nacos.client.naming.remote.http.NamingHttpClientProxy do shutdown stop
2025-08-23 11:23:27.865 [SpringApplicationShutdownHook] INFO  com.alibaba.nacos.common.remote.client - Shutdown rpc client, set status to shutdown
2025-08-23 11:23:27.865 [SpringApplicationShutdownHook] INFO  com.alibaba.nacos.common.remote.client - Shutdown client event executor java.util.concurrent.ScheduledThreadPoolExecutor@371b7536[Running, pool size = 2, active threads = 2, queued tasks = 0, completed tasks = 0]
2025-08-23 11:23:27.865 [SpringApplicationShutdownHook] INFO  com.alibaba.nacos.common.remote.client - Close current connection 1755919296857_112.94.129.71_1932
2025-08-23 11:23:27.868 [SpringApplicationShutdownHook] INFO  c.a.nacos.common.remote.client.grpc.GrpcClient - Shutdown grpc executor java.util.concurrent.ThreadPoolExecutor@4ad04b11[Running, pool size = 3, active threads = 0, queued tasks = 0, completed tasks = 30]
2025-08-23 11:23:27.868 [SpringApplicationShutdownHook] INFO  com.alibaba.nacos.client.naming - Shutdown grpc redo service executor java.util.concurrent.ScheduledThreadPoolExecutor@79c735e9[Running, pool size = 1, active threads = 0, queued tasks = 1, completed tasks = 36]
2025-08-23 11:23:27.868 [SpringApplicationShutdownHook] INFO  c.a.n.client.auth.ram.identify.CredentialWatcher - [null] CredentialWatcher is stopped
2025-08-23 11:23:27.868 [SpringApplicationShutdownHook] INFO  c.a.n.client.auth.ram.identify.CredentialService - [null] CredentialService is freed
2025-08-23 11:23:27.869 [SpringApplicationShutdownHook] INFO  com.alibaba.nacos.client.naming - com.alibaba.nacos.client.naming.remote.NamingClientProxyDelegate do shutdown stop
2025-08-23 11:23:27.871 [SpringApplicationShutdownHook] INFO  com.alibaba.druid.pool.DruidDataSource - {dataSource-1} closing ...
2025-08-23 11:23:27.877 [SpringApplicationShutdownHook] INFO  com.alibaba.druid.pool.DruidDataSource - {dataSource-1} closed
2025-08-23 11:23:33.098 [main] WARN  com.alibaba.nacos.client.logging.NacosLogging - Load Logback Configuration of Nacos fail, message: Could not initialize Logback Nacos logging from classpath:nacos-logback.xml
2025-08-23 11:23:33.162 [main] WARN  com.alibaba.nacos.client.logging.NacosLogging - Load Logback Configuration of Nacos fail, message: Could not initialize Logback Nacos logging from classpath:nacos-logback.xml
2025-08-23 11:23:33.378 [main] WARN  com.alibaba.nacos.client.logging.NacosLogging - Load Logback Configuration of Nacos fail, message: Could not initialize Logback Nacos logging from classpath:nacos-logback.xml
2025-08-23 11:23:33.379 [main] INFO  com.alibaba.nacos.client.utils.ParamUtil - [settings] [req-serv] nacos-server port:8848
2025-08-23 11:23:33.379 [main] INFO  com.alibaba.nacos.client.utils.ParamUtil - [settings] [http-client] connect timeout:1000
2025-08-23 11:23:33.380 [main] INFO  com.alibaba.nacos.client.utils.ParamUtil - PER_TASK_CONFIG_SIZE: 3000.0
2025-08-23 11:23:33.407 [main] INFO  c.a.n.p.auth.spi.client.ClientAuthPluginManager - [ClientAuthPluginManager] Load ClientAuthService com.alibaba.nacos.client.auth.impl.NacosClientAuthServiceImpl success.
2025-08-23 11:23:33.408 [main] INFO  c.a.n.p.auth.spi.client.ClientAuthPluginManager - [ClientAuthPluginManager] Load ClientAuthService com.alibaba.nacos.client.auth.ram.RamClientAuthServiceImpl success.
2025-08-23 11:23:33.410 [main] INFO  c.a.n.client.auth.ram.identify.CredentialWatcher - null No credential found
2025-08-23 11:23:33.708 [main] WARN  com.alibaba.nacos.client.logging.NacosLogging - Load Logback Configuration of Nacos fail, message: Could not initialize Logback Nacos logging from classpath:nacos-logback.xml
2025-08-23 11:23:33.722 [main] INFO  c.a.n.client.config.impl.LocalConfigInfoProcessor - LOCAL_SNAPSHOT_PATH:C:\Users\Rey\nacos\config
2025-08-23 11:23:33.726 [main] INFO  com.alibaba.nacos.common.remote.client - [RpcClientFactory] create a new rpc client of 02abfdb0-2600-4df9-99df-a37a746c1c3e_config-0
2025-08-23 11:23:33.748 [main] INFO  com.alibaba.nacos.common.remote.client - [02abfdb0-2600-4df9-99df-a37a746c1c3e_config-0] Register server push request handler:com.alibaba.nacos.client.config.impl.ClientWorker$ConfigRpcTransportClient$$Lambda$589/0x000001a84538f7b0
2025-08-23 11:23:33.748 [main] INFO  com.alibaba.nacos.common.remote.client - [02abfdb0-2600-4df9-99df-a37a746c1c3e_config-0] Register server push request handler:com.alibaba.nacos.client.config.impl.ClientWorker$ConfigRpcTransportClient$$Lambda$590/0x000001a84538fbd0
2025-08-23 11:23:33.749 [main] INFO  com.alibaba.nacos.common.remote.client - [02abfdb0-2600-4df9-99df-a37a746c1c3e_config-0] Registry connection listener to current client:com.alibaba.nacos.client.config.impl.ClientWorker$ConfigRpcTransportClient$1
2025-08-23 11:23:33.749 [main] INFO  com.alibaba.nacos.common.remote.client - [02abfdb0-2600-4df9-99df-a37a746c1c3e_config-0] RpcClient init, ServerListFactory = com.alibaba.nacos.client.config.impl.ClientWorker$ConfigRpcTransportClient$2
2025-08-23 11:23:33.756 [main] INFO  com.alibaba.nacos.common.remote.client - [02abfdb0-2600-4df9-99df-a37a746c1c3e_config-0] Try to connect to server on start up, server: {serverIp = '47.236.36.111', server main port = 8848}
2025-08-23 11:23:33.795 [main] INFO  c.a.nacos.common.remote.client.grpc.GrpcClient - grpc client connection server:47.236.36.111 ip,serverPort:9848,grpcTslConfig:{"sslProvider":"OPENSSL","enableTls":false,"mutualAuthEnable":false,"trustAll":false}
2025-08-23 11:23:35.077 [main] INFO  com.alibaba.nacos.common.remote.client - [02abfdb0-2600-4df9-99df-a37a746c1c3e_config-0] Success to connect to server [47.236.36.111:8848] on start up, connectionId = 1755919414635_112.94.129.71_1090
2025-08-23 11:23:35.080 [com.alibaba.nacos.client.remote.worker] INFO  com.alibaba.nacos.common.remote.client - [02abfdb0-2600-4df9-99df-a37a746c1c3e_config-0] Notify connected event to listeners.
2025-08-23 11:23:35.080 [com.alibaba.nacos.client.remote.worker] INFO  com.alibaba.nacos.client.config.impl.ClientWorker - [02abfdb0-2600-4df9-99df-a37a746c1c3e_config-0] Connected,notify listen context...
2025-08-23 11:23:35.081 [main] INFO  com.alibaba.nacos.common.remote.client - [02abfdb0-2600-4df9-99df-a37a746c1c3e_config-0] Register server push request handler:com.alibaba.nacos.common.remote.client.RpcClient$ConnectResetRequestHandler
2025-08-23 11:23:35.082 [main] INFO  com.alibaba.nacos.common.remote.client - [02abfdb0-2600-4df9-99df-a37a746c1c3e_config-0] Register server push request handler:com.alibaba.nacos.common.remote.client.RpcClient$$Lambda$610/0x000001a8454d76d0
2025-08-23 11:23:35.132 [main] INFO  com.alibaba.nacos.client.config.impl.Limiter - limitTime:5.0
2025-08-23 11:23:35.193 [main] INFO  com.alibaba.nacos.client.config.utils.JvmUtil - isMultiInstance:false
2025-08-23 11:23:35.255 [main] WARN  c.a.cloud.nacos.client.NacosPropertySourceBuilder - Ignore the empty nacos configuration and get it based on dataId[xiaohongshu-auth.yaml] & group[DEFAULT_GROUP]
2025-08-23 11:23:35.316 [main] INFO  o.s.c.b.c.PropertySourceBootstrapConfiguration - Located property source: [BootstrapPropertySource {name='bootstrapProperties-xiaohongshu-auth-dev.yaml,DEFAULT_GROUP'}, BootstrapPropertySource {name='bootstrapProperties-xiaohongshu-auth.yaml,DEFAULT_GROUP'}, BootstrapPropertySource {name='bootstrapProperties-xiaohongshu-auth,DEFAULT_GROUP'}]
2025-08-23 11:23:35.345 [main] WARN  com.alibaba.nacos.client.logging.NacosLogging - Load Logback Configuration of Nacos fail, message: Could not initialize Logback Nacos logging from classpath:nacos-logback.xml
2025-08-23 11:23:35.346 [main] INFO  c.zry.xiaohongshu.auth.XiaohongshuAuthApplication - The following 1 profile is active: "dev"
2025-08-23 11:23:36.124 [main] INFO  o.s.d.r.config.RepositoryConfigurationDelegate - Multiple Spring Data modules found, entering strict repository configuration mode
2025-08-23 11:23:36.127 [main] INFO  o.s.d.r.config.RepositoryConfigurationDelegate - Bootstrapping Spring Data Redis repositories in DEFAULT mode.
2025-08-23 11:23:36.158 [main] INFO  o.s.d.r.config.RepositoryConfigurationDelegate - Finished Spring Data repository scanning in 16 ms. Found 0 Redis repository interfaces.
2025-08-23 11:23:36.378 [main] INFO  o.springframework.cloud.context.scope.GenericScope - BeanFactory id=8eaa6b51-1153-32ac-8876-7672529d6c28
2025-08-23 11:23:36.420 [main] INFO  o.s.c.s.PostProcessorRegistrationDelegate$BeanPostProcessorChecker - Bean 'com.zry.xiaohongshu.user.api.UserFeignApi' of type [org.springframework.cloud.openfeign.FeignClientFactoryBean] is not eligible for getting processed by all BeanPostProcessors (for example: not eligible for auto-proxying)
2025-08-23 11:23:36.969 [main] INFO  o.s.boot.web.embedded.tomcat.TomcatWebServer - Tomcat initialized with port(s): 8080 (http)
2025-08-23 11:23:36.969 [main] INFO  org.apache.catalina.core.AprLifecycleListener - Loaded Apache Tomcat Native library [2.0.3] using APR version [1.7.2].
2025-08-23 11:23:36.974 [main] INFO  org.apache.catalina.core.AprLifecycleListener - OpenSSL successfully initialized [OpenSSL 3.0.8 7 Feb 2023]
2025-08-23 11:23:36.989 [main] INFO  org.apache.catalina.core.StandardService - Starting service [Tomcat]
2025-08-23 11:23:36.989 [main] INFO  org.apache.catalina.core.StandardEngine - Starting Servlet engine: [Apache Tomcat/10.1.5]
2025-08-23 11:23:37.072 [main] INFO  o.a.c.core.ContainerBase.[Tomcat].[localhost].[/] - Initializing Spring embedded WebApplicationContext
2025-08-23 11:23:37.073 [main] INFO  o.s.b.w.s.c.ServletWebServerApplicationContext - Root WebApplicationContext: initialization completed in 1707 ms
2025-08-23 11:23:37.475 [main] INFO  c.a.d.s.b.a.DruidDataSourceAutoConfigure - Init DruidDataSource
2025-08-23 11:23:37.862 [main] INFO  com.alibaba.druid.pool.DruidDataSource - {dataSource-1} inited
2025-08-23 11:23:38.271 [main] INFO  o.s.cloud.openfeign.FeignClientFactoryBean - For 'xiaohongshu-user' URL not provided. Will try picking an instance via load-balancing.
2025-08-23 11:23:39.476 [main] WARN  o.s.c.l.c.LoadBalancerCacheAutoConfiguration$LoadBalancerCaffeineWarnLogger - Spring Cloud LoadBalancer is currently working with the default cache. While this cache implementation is useful for development and tests, it's recommended to use Caffeine cache in production.You can switch to using Caffeine cache, by adding it and org.springframework.cache.caffeine.CaffeineCacheManager to the classpath.
2025-08-23 11:23:39.566 [main] INFO  o.s.boot.web.embedded.tomcat.TomcatWebServer - Tomcat started on port(s): 8080 (http) with context path ''
2025-08-23 11:23:39.571 [main] INFO  com.alibaba.nacos.client.naming - initializer namespace from ans.namespace attribute : null
2025-08-23 11:23:39.571 [main] INFO  com.alibaba.nacos.client.naming - initializer namespace from ALIBABA_ALIWARE_NAMESPACE attribute :null
2025-08-23 11:23:39.572 [main] INFO  com.alibaba.nacos.client.naming - initializer namespace from namespace attribute :null
2025-08-23 11:23:39.580 [main] INFO  c.a.n.p.auth.spi.client.ClientAuthPluginManager - [ClientAuthPluginManager] Load ClientAuthService com.alibaba.nacos.client.auth.impl.NacosClientAuthServiceImpl success.
2025-08-23 11:23:39.581 [main] INFO  c.a.n.p.auth.spi.client.ClientAuthPluginManager - [ClientAuthPluginManager] Load ClientAuthService com.alibaba.nacos.client.auth.ram.RamClientAuthServiceImpl success.
2025-08-23 11:23:39.587 [main] INFO  com.alibaba.nacos.common.remote.client - [RpcClientFactory] create a new rpc client of 4a3aeb6e-b933-406b-b47f-645d7143096f
2025-08-23 11:23:39.588 [main] INFO  com.alibaba.nacos.common.remote.client - [4a3aeb6e-b933-406b-b47f-645d7143096f] RpcClient init, ServerListFactory = com.alibaba.nacos.client.naming.core.ServerListManager
2025-08-23 11:23:39.588 [main] INFO  com.alibaba.nacos.common.remote.client - [4a3aeb6e-b933-406b-b47f-645d7143096f] Registry connection listener to current client:com.alibaba.nacos.client.naming.remote.gprc.redo.NamingGrpcRedoService
2025-08-23 11:23:39.589 [main] INFO  com.alibaba.nacos.common.remote.client - [4a3aeb6e-b933-406b-b47f-645d7143096f] Register server push request handler:com.alibaba.nacos.client.naming.remote.gprc.NamingPushRequestHandler
2025-08-23 11:23:39.589 [main] INFO  com.alibaba.nacos.common.remote.client - [4a3aeb6e-b933-406b-b47f-645d7143096f] Try to connect to server on start up, server: {serverIp = '47.236.36.111', server main port = 8848}
2025-08-23 11:23:39.589 [main] INFO  c.a.nacos.common.remote.client.grpc.GrpcClient - grpc client connection server:47.236.36.111 ip,serverPort:9848,grpcTslConfig:{"sslProvider":"OPENSSL","enableTls":false,"mutualAuthEnable":false,"trustAll":false}
2025-08-23 11:23:39.916 [main] INFO  com.alibaba.nacos.common.remote.client - [4a3aeb6e-b933-406b-b47f-645d7143096f] Success to connect to server [47.236.36.111:8848] on start up, connectionId = 1755919419723_112.94.129.71_1101
2025-08-23 11:23:39.917 [main] INFO  com.alibaba.nacos.common.remote.client - [4a3aeb6e-b933-406b-b47f-645d7143096f] Register server push request handler:com.alibaba.nacos.common.remote.client.RpcClient$ConnectResetRequestHandler
2025-08-23 11:23:39.917 [com.alibaba.nacos.client.remote.worker] INFO  com.alibaba.nacos.common.remote.client - [4a3aeb6e-b933-406b-b47f-645d7143096f] Notify connected event to listeners.
2025-08-23 11:23:39.917 [main] INFO  com.alibaba.nacos.common.remote.client - [4a3aeb6e-b933-406b-b47f-645d7143096f] Register server push request handler:com.alibaba.nacos.common.remote.client.RpcClient$$Lambda$610/0x000001a8454d76d0
2025-08-23 11:23:39.917 [com.alibaba.nacos.client.remote.worker] INFO  com.alibaba.nacos.client.naming - Grpc connection connect
2025-08-23 11:23:39.920 [main] INFO  com.alibaba.nacos.client.naming - [REGISTER-SERVICE] xiaohongshu registering service xiaohongshu-auth with instance Instance{instanceId='null', ip='10.2.66.3', port=8080, weight=1.0, healthy=true, enabled=true, ephemeral=true, clusterName='DEFAULT', serviceName='null', metadata={IPv6=null, preserved.register.source=SPRING_CLOUD}}
2025-08-23 11:23:39.997 [main] INFO  c.a.cloud.nacos.registry.NacosServiceRegistry - nacos registry, DEFAULT_GROUP xiaohongshu-auth 10.2.66.3:8080 register finished
2025-08-23 11:23:40.387 [main] INFO  c.zry.xiaohongshu.auth.XiaohongshuAuthApplication - Started XiaohongshuAuthApplication in 8.028 seconds (process running for 8.755)
2025-08-23 11:23:40.392 [main] INFO  com.alibaba.nacos.client.config.impl.CacheData - nacos.cache.data.init.snapshot = true 
2025-08-23 11:23:40.394 [main] INFO  com.alibaba.nacos.client.config.impl.ClientWorker - [fixed-xiaohongshu-47.236.36.111_8848_] [subscribe] xiaohongshu-auth.yaml+DEFAULT_GROUP+xiaohongshu
2025-08-23 11:23:40.407 [main] INFO  com.alibaba.nacos.client.config.impl.CacheData - [fixed-xiaohongshu-47.236.36.111_8848_] [add-listener] ok, tenant=xiaohongshu, dataId=xiaohongshu-auth.yaml, group=DEFAULT_GROUP, cnt=1
2025-08-23 11:23:40.408 [main] INFO  c.a.cloud.nacos.refresh.NacosContextRefresher - [Nacos Config] Listening config: dataId=xiaohongshu-auth.yaml, group=DEFAULT_GROUP
2025-08-23 11:23:40.412 [main] INFO  com.alibaba.nacos.client.config.impl.ClientWorker - [fixed-xiaohongshu-47.236.36.111_8848_] [subscribe] xiaohongshu-auth-dev.yaml+DEFAULT_GROUP+xiaohongshu
2025-08-23 11:23:40.412 [main] INFO  com.alibaba.nacos.client.config.impl.CacheData - [fixed-xiaohongshu-47.236.36.111_8848_] [add-listener] ok, tenant=xiaohongshu, dataId=xiaohongshu-auth-dev.yaml, group=DEFAULT_GROUP, cnt=1
2025-08-23 11:23:40.412 [main] INFO  c.a.cloud.nacos.refresh.NacosContextRefresher - [Nacos Config] Listening config: dataId=xiaohongshu-auth-dev.yaml, group=DEFAULT_GROUP
2025-08-23 11:23:40.418 [main] INFO  com.alibaba.nacos.client.config.impl.ClientWorker - [fixed-xiaohongshu-47.236.36.111_8848_] [subscribe] xiaohongshu-auth+DEFAULT_GROUP+xiaohongshu
2025-08-23 11:23:40.418 [main] INFO  com.alibaba.nacos.client.config.impl.CacheData - [fixed-xiaohongshu-47.236.36.111_8848_] [add-listener] ok, tenant=xiaohongshu, dataId=xiaohongshu-auth, group=DEFAULT_GROUP, cnt=1
2025-08-23 11:23:40.418 [main] INFO  c.a.cloud.nacos.refresh.NacosContextRefresher - [Nacos Config] Listening config: dataId=xiaohongshu-auth, group=DEFAULT_GROUP
2025-08-23 15:18:44.456 [Thread-2] WARN  c.alibaba.nacos.common.http.HttpClientBeanHolder - [HttpClientBeanHolder] Start destroying common HttpClient
2025-08-23 15:18:44.456 [Thread-9] WARN  com.alibaba.nacos.common.notify.NotifyCenter - [NotifyCenter] Start destroying Publisher
2025-08-23 15:18:44.468 [Thread-9] WARN  com.alibaba.nacos.common.notify.NotifyCenter - [NotifyCenter] Destruction of the end
2025-08-23 15:18:44.475 [Thread-2] WARN  c.alibaba.nacos.common.http.HttpClientBeanHolder - [HttpClientBeanHolder] Destruction of the end
2025-08-23 15:18:44.682 [SpringApplicationShutdownHook] INFO  c.a.cloud.nacos.registry.NacosServiceRegistry - De-registering from Nacos Server now...
2025-08-23 15:18:44.683 [SpringApplicationShutdownHook] INFO  com.alibaba.nacos.client.naming - [DEREGISTER-SERVICE] xiaohongshu deregistering service xiaohongshu-auth with instance: Instance{instanceId='null', ip='10.2.66.3', port=8080, weight=1.0, healthy=true, enabled=true, ephemeral=true, clusterName='DEFAULT', serviceName='null', metadata={}}
2025-08-23 15:18:44.807 [SpringApplicationShutdownHook] INFO  c.a.cloud.nacos.registry.NacosServiceRegistry - De-registration finished.
2025-08-23 15:18:44.808 [SpringApplicationShutdownHook] INFO  com.alibaba.nacos.client.naming - com.alibaba.nacos.client.naming.cache.ServiceInfoHolder do shutdown begin
2025-08-23 15:18:44.808 [SpringApplicationShutdownHook] INFO  com.alibaba.nacos.client.naming - com.alibaba.nacos.client.naming.backups.FailoverReactor do shutdown begin
2025-08-23 15:18:44.808 [SpringApplicationShutdownHook] INFO  com.alibaba.nacos.client.naming - com.alibaba.nacos.client.naming.backups.FailoverReactor do shutdown stop
2025-08-23 15:18:44.809 [SpringApplicationShutdownHook] INFO  com.alibaba.nacos.client.naming - com.alibaba.nacos.client.naming.cache.ServiceInfoHolder do shutdown stop
2025-08-23 15:18:44.809 [SpringApplicationShutdownHook] INFO  com.alibaba.nacos.client.naming - com.alibaba.nacos.client.naming.remote.NamingClientProxyDelegate do shutdown begin
2025-08-23 15:18:44.809 [SpringApplicationShutdownHook] INFO  com.alibaba.nacos.client.naming - com.alibaba.nacos.client.naming.core.ServiceInfoUpdateService do shutdown begin
2025-08-23 15:18:44.809 [SpringApplicationShutdownHook] INFO  com.alibaba.nacos.client.naming - com.alibaba.nacos.client.naming.core.ServiceInfoUpdateService do shutdown stop
2025-08-23 15:18:44.809 [SpringApplicationShutdownHook] INFO  com.alibaba.nacos.client.naming - com.alibaba.nacos.client.naming.core.ServerListManager do shutdown begin
2025-08-23 15:18:44.809 [SpringApplicationShutdownHook] WARN  com.alibaba.nacos.client.naming - [NamingHttpClientManager] Start destroying NacosRestTemplate
2025-08-23 15:18:44.810 [SpringApplicationShutdownHook] WARN  com.alibaba.nacos.client.naming - [NamingHttpClientManager] Destruction of the end
2025-08-23 15:18:44.810 [SpringApplicationShutdownHook] INFO  com.alibaba.nacos.client.naming - com.alibaba.nacos.client.naming.core.ServerListManager do shutdown stop
2025-08-23 15:18:44.810 [SpringApplicationShutdownHook] INFO  com.alibaba.nacos.client.naming - com.alibaba.nacos.client.naming.remote.http.NamingHttpClientProxy do shutdown begin
2025-08-23 15:18:44.810 [SpringApplicationShutdownHook] WARN  com.alibaba.nacos.client.naming - [NamingHttpClientManager] Start destroying NacosRestTemplate
2025-08-23 15:18:44.810 [SpringApplicationShutdownHook] WARN  com.alibaba.nacos.client.naming - [NamingHttpClientManager] Destruction of the end
2025-08-23 15:18:44.810 [SpringApplicationShutdownHook] INFO  com.alibaba.nacos.client.naming - com.alibaba.nacos.client.naming.remote.http.NamingHttpClientProxy do shutdown stop
2025-08-23 15:18:44.810 [SpringApplicationShutdownHook] INFO  com.alibaba.nacos.common.remote.client - Shutdown rpc client, set status to shutdown
2025-08-23 15:18:44.811 [SpringApplicationShutdownHook] INFO  com.alibaba.nacos.common.remote.client - Shutdown client event executor java.util.concurrent.ScheduledThreadPoolExecutor@3de342c2[Running, pool size = 2, active threads = 2, queued tasks = 0, completed tasks = 0]
2025-08-23 15:18:44.811 [SpringApplicationShutdownHook] INFO  com.alibaba.nacos.common.remote.client - Close current connection 1755919419723_112.94.129.71_1101
2025-08-23 15:18:44.821 [nacos-grpc-client-executor-47.236.36.111-2787] WARN  c.a.nacos.common.remote.client.grpc.GrpcClient - [1755919419723_112.94.129.71_1101]Ignore error event,isRunning:false,isAbandon=false
2025-08-23 15:18:44.827 [SpringApplicationShutdownHook] INFO  c.a.nacos.common.remote.client.grpc.GrpcClient - Shutdown grpc executor java.util.concurrent.ThreadPoolExecutor@6741eb68[Running, pool size = 4, active threads = 0, queued tasks = 0, completed tasks = 2788]
2025-08-23 15:18:44.827 [SpringApplicationShutdownHook] INFO  com.alibaba.nacos.client.naming - Shutdown grpc redo service executor java.util.concurrent.ScheduledThreadPoolExecutor@15a51e44[Running, pool size = 1, active threads = 0, queued tasks = 1, completed tasks = 4689]
2025-08-23 15:18:44.828 [SpringApplicationShutdownHook] INFO  c.a.n.client.auth.ram.identify.CredentialWatcher - [null] CredentialWatcher is stopped
2025-08-23 15:18:44.828 [SpringApplicationShutdownHook] INFO  c.a.n.client.auth.ram.identify.CredentialService - [null] CredentialService is freed
2025-08-23 15:18:44.828 [SpringApplicationShutdownHook] INFO  com.alibaba.nacos.client.naming - com.alibaba.nacos.client.naming.remote.NamingClientProxyDelegate do shutdown stop
2025-08-23 15:18:44.840 [SpringApplicationShutdownHook] INFO  com.alibaba.druid.pool.DruidDataSource - {dataSource-1} closing ...
2025-08-23 15:18:44.844 [SpringApplicationShutdownHook] INFO  com.alibaba.druid.pool.DruidDataSource - {dataSource-1} closed
2025-08-23 15:19:08.241 [main] WARN  com.alibaba.nacos.client.logging.NacosLogging - Load Logback Configuration of Nacos fail, message: Could not initialize Logback Nacos logging from classpath:nacos-logback.xml
2025-08-23 15:19:08.312 [main] WARN  com.alibaba.nacos.client.logging.NacosLogging - Load Logback Configuration of Nacos fail, message: Could not initialize Logback Nacos logging from classpath:nacos-logback.xml
2025-08-23 15:19:08.555 [main] WARN  com.alibaba.nacos.client.logging.NacosLogging - Load Logback Configuration of Nacos fail, message: Could not initialize Logback Nacos logging from classpath:nacos-logback.xml
2025-08-23 15:19:08.557 [main] INFO  com.alibaba.nacos.client.utils.ParamUtil - [settings] [req-serv] nacos-server port:8848
2025-08-23 15:19:08.557 [main] INFO  com.alibaba.nacos.client.utils.ParamUtil - [settings] [http-client] connect timeout:1000
2025-08-23 15:19:08.558 [main] INFO  com.alibaba.nacos.client.utils.ParamUtil - PER_TASK_CONFIG_SIZE: 3000.0
2025-08-23 15:19:08.588 [main] INFO  c.a.n.p.auth.spi.client.ClientAuthPluginManager - [ClientAuthPluginManager] Load ClientAuthService com.alibaba.nacos.client.auth.impl.NacosClientAuthServiceImpl success.
2025-08-23 15:19:08.589 [main] INFO  c.a.n.p.auth.spi.client.ClientAuthPluginManager - [ClientAuthPluginManager] Load ClientAuthService com.alibaba.nacos.client.auth.ram.RamClientAuthServiceImpl success.
2025-08-23 15:19:08.592 [main] INFO  c.a.n.client.auth.ram.identify.CredentialWatcher - null No credential found
2025-08-23 15:19:08.928 [main] WARN  com.alibaba.nacos.client.logging.NacosLogging - Load Logback Configuration of Nacos fail, message: Could not initialize Logback Nacos logging from classpath:nacos-logback.xml
2025-08-23 15:19:08.943 [main] INFO  c.a.n.client.config.impl.LocalConfigInfoProcessor - LOCAL_SNAPSHOT_PATH:C:\Users\Rey\nacos\config
2025-08-23 15:19:08.947 [main] INFO  com.alibaba.nacos.common.remote.client - [RpcClientFactory] create a new rpc client of 6e1e55b1-9aa4-44cc-a048-78adf792c800_config-0
2025-08-23 15:19:08.972 [main] INFO  com.alibaba.nacos.common.remote.client - [6e1e55b1-9aa4-44cc-a048-78adf792c800_config-0] Register server push request handler:com.alibaba.nacos.client.config.impl.ClientWorker$ConfigRpcTransportClient$$Lambda$589/0x000001f381390848
2025-08-23 15:19:08.972 [main] INFO  com.alibaba.nacos.common.remote.client - [6e1e55b1-9aa4-44cc-a048-78adf792c800_config-0] Register server push request handler:com.alibaba.nacos.client.config.impl.ClientWorker$ConfigRpcTransportClient$$Lambda$590/0x000001f381390c68
2025-08-23 15:19:08.973 [main] INFO  com.alibaba.nacos.common.remote.client - [6e1e55b1-9aa4-44cc-a048-78adf792c800_config-0] Registry connection listener to current client:com.alibaba.nacos.client.config.impl.ClientWorker$ConfigRpcTransportClient$1
2025-08-23 15:19:08.973 [main] INFO  com.alibaba.nacos.common.remote.client - [6e1e55b1-9aa4-44cc-a048-78adf792c800_config-0] RpcClient init, ServerListFactory = com.alibaba.nacos.client.config.impl.ClientWorker$ConfigRpcTransportClient$2
2025-08-23 15:19:08.982 [main] INFO  com.alibaba.nacos.common.remote.client - [6e1e55b1-9aa4-44cc-a048-78adf792c800_config-0] Try to connect to server on start up, server: {serverIp = '47.236.36.111', server main port = 8848}
2025-08-23 15:19:09.021 [main] INFO  c.a.nacos.common.remote.client.grpc.GrpcClient - grpc client connection server:47.236.36.111 ip,serverPort:9848,grpcTslConfig:{"sslProvider":"OPENSSL","enableTls":false,"mutualAuthEnable":false,"trustAll":false}
2025-08-23 15:19:10.229 [main] INFO  com.alibaba.nacos.common.remote.client - [6e1e55b1-9aa4-44cc-a048-78adf792c800_config-0] Success to connect to server [47.236.36.111:8848] on start up, connectionId = 1755933549953_112.94.129.71_1583
2025-08-23 15:19:10.231 [com.alibaba.nacos.client.remote.worker] INFO  com.alibaba.nacos.common.remote.client - [6e1e55b1-9aa4-44cc-a048-78adf792c800_config-0] Notify connected event to listeners.
2025-08-23 15:19:10.231 [com.alibaba.nacos.client.remote.worker] INFO  com.alibaba.nacos.client.config.impl.ClientWorker - [6e1e55b1-9aa4-44cc-a048-78adf792c800_config-0] Connected,notify listen context...
2025-08-23 15:19:10.233 [main] INFO  com.alibaba.nacos.common.remote.client - [6e1e55b1-9aa4-44cc-a048-78adf792c800_config-0] Register server push request handler:com.alibaba.nacos.common.remote.client.RpcClient$ConnectResetRequestHandler
2025-08-23 15:19:10.234 [main] INFO  com.alibaba.nacos.common.remote.client - [6e1e55b1-9aa4-44cc-a048-78adf792c800_config-0] Register server push request handler:com.alibaba.nacos.common.remote.client.RpcClient$$Lambda$610/0x000001f3814d8a88
2025-08-23 15:19:10.295 [main] INFO  com.alibaba.nacos.client.config.impl.Limiter - limitTime:5.0
2025-08-23 15:19:10.368 [main] INFO  com.alibaba.nacos.client.config.utils.JvmUtil - isMultiInstance:false
2025-08-23 15:19:11.112 [main] WARN  c.a.cloud.nacos.client.NacosPropertySourceBuilder - Ignore the empty nacos configuration and get it based on dataId[xiaohongshu-auth.yaml] & group[DEFAULT_GROUP]
2025-08-23 15:19:11.171 [main] INFO  o.s.c.b.c.PropertySourceBootstrapConfiguration - Located property source: [BootstrapPropertySource {name='bootstrapProperties-xiaohongshu-auth-dev.yaml,DEFAULT_GROUP'}, BootstrapPropertySource {name='bootstrapProperties-xiaohongshu-auth.yaml,DEFAULT_GROUP'}, BootstrapPropertySource {name='bootstrapProperties-xiaohongshu-auth,DEFAULT_GROUP'}]
2025-08-23 15:19:11.197 [main] WARN  com.alibaba.nacos.client.logging.NacosLogging - Load Logback Configuration of Nacos fail, message: Could not initialize Logback Nacos logging from classpath:nacos-logback.xml
2025-08-23 15:19:11.198 [main] INFO  c.zry.xiaohongshu.auth.XiaohongshuAuthApplication - The following 1 profile is active: "dev"
2025-08-23 15:19:12.016 [main] INFO  o.s.d.r.config.RepositoryConfigurationDelegate - Multiple Spring Data modules found, entering strict repository configuration mode
2025-08-23 15:19:12.019 [main] INFO  o.s.d.r.config.RepositoryConfigurationDelegate - Bootstrapping Spring Data Redis repositories in DEFAULT mode.
2025-08-23 15:19:12.046 [main] INFO  o.s.d.r.config.RepositoryConfigurationDelegate - Finished Spring Data repository scanning in 12 ms. Found 0 Redis repository interfaces.
2025-08-23 15:19:12.196 [main] WARN  org.mybatis.spring.mapper.ClassPathMapperScanner - No MyBatis mapper was found in '[com.zry.xiaohongshu.auth.domain.mapper]' package. Please check your configuration.
2025-08-23 15:19:12.239 [main] INFO  o.springframework.cloud.context.scope.GenericScope - BeanFactory id=fc77df35-6d5d-3358-9715-8f5d3db80d66
2025-08-23 15:19:12.277 [main] INFO  o.s.c.s.PostProcessorRegistrationDelegate$BeanPostProcessorChecker - Bean 'com.zry.xiaohongshu.user.api.UserFeignApi' of type [org.springframework.cloud.openfeign.FeignClientFactoryBean] is not eligible for getting processed by all BeanPostProcessors (for example: not eligible for auto-proxying)
2025-08-23 15:19:13.058 [main] INFO  o.s.boot.web.embedded.tomcat.TomcatWebServer - Tomcat initialized with port(s): 8080 (http)
2025-08-23 15:19:13.059 [main] INFO  org.apache.catalina.core.AprLifecycleListener - Loaded Apache Tomcat Native library [2.0.3] using APR version [1.7.2].
2025-08-23 15:19:13.069 [main] INFO  org.apache.catalina.core.AprLifecycleListener - OpenSSL successfully initialized [OpenSSL 3.0.8 7 Feb 2023]
2025-08-23 15:19:13.079 [main] INFO  org.apache.catalina.core.StandardService - Starting service [Tomcat]
2025-08-23 15:19:13.080 [main] INFO  org.apache.catalina.core.StandardEngine - Starting Servlet engine: [Apache Tomcat/10.1.5]
2025-08-23 15:19:13.172 [main] INFO  o.a.c.core.ContainerBase.[Tomcat].[localhost].[/] - Initializing Spring embedded WebApplicationContext
2025-08-23 15:19:13.172 [main] INFO  o.s.b.w.s.c.ServletWebServerApplicationContext - Root WebApplicationContext: initialization completed in 1956 ms
2025-08-23 15:19:13.700 [main] INFO  o.s.cloud.openfeign.FeignClientFactoryBean - For 'xiaohongshu-user' URL not provided. Will try picking an instance via load-balancing.
2025-08-23 15:19:14.591 [main] INFO  c.a.d.s.b.a.DruidDataSourceAutoConfigure - Init DruidDataSource
2025-08-23 15:19:14.968 [main] INFO  com.alibaba.druid.pool.DruidDataSource - {dataSource-1} inited
2025-08-23 15:19:15.454 [main] WARN  o.s.c.l.c.LoadBalancerCacheAutoConfiguration$LoadBalancerCaffeineWarnLogger - Spring Cloud LoadBalancer is currently working with the default cache. While this cache implementation is useful for development and tests, it's recommended to use Caffeine cache in production.You can switch to using Caffeine cache, by adding it and org.springframework.cache.caffeine.CaffeineCacheManager to the classpath.
2025-08-23 15:19:15.553 [main] INFO  o.s.boot.web.embedded.tomcat.TomcatWebServer - Tomcat started on port(s): 8080 (http) with context path ''
2025-08-23 15:19:15.557 [main] INFO  com.alibaba.nacos.client.naming - initializer namespace from ans.namespace attribute : null
2025-08-23 15:19:15.557 [main] INFO  com.alibaba.nacos.client.naming - initializer namespace from ALIBABA_ALIWARE_NAMESPACE attribute :null
2025-08-23 15:19:15.557 [main] INFO  com.alibaba.nacos.client.naming - initializer namespace from namespace attribute :null
2025-08-23 15:19:15.563 [main] INFO  c.a.n.p.auth.spi.client.ClientAuthPluginManager - [ClientAuthPluginManager] Load ClientAuthService com.alibaba.nacos.client.auth.impl.NacosClientAuthServiceImpl success.
2025-08-23 15:19:15.563 [main] INFO  c.a.n.p.auth.spi.client.ClientAuthPluginManager - [ClientAuthPluginManager] Load ClientAuthService com.alibaba.nacos.client.auth.ram.RamClientAuthServiceImpl success.
2025-08-23 15:19:15.566 [main] INFO  com.alibaba.nacos.common.remote.client - [RpcClientFactory] create a new rpc client of 0a46423b-c353-49b6-a9b7-f68d4d7b7fad
2025-08-23 15:19:15.567 [main] INFO  com.alibaba.nacos.common.remote.client - [0a46423b-c353-49b6-a9b7-f68d4d7b7fad] RpcClient init, ServerListFactory = com.alibaba.nacos.client.naming.core.ServerListManager
2025-08-23 15:19:15.568 [main] INFO  com.alibaba.nacos.common.remote.client - [0a46423b-c353-49b6-a9b7-f68d4d7b7fad] Registry connection listener to current client:com.alibaba.nacos.client.naming.remote.gprc.redo.NamingGrpcRedoService
2025-08-23 15:19:15.568 [main] INFO  com.alibaba.nacos.common.remote.client - [0a46423b-c353-49b6-a9b7-f68d4d7b7fad] Register server push request handler:com.alibaba.nacos.client.naming.remote.gprc.NamingPushRequestHandler
2025-08-23 15:19:15.568 [main] INFO  com.alibaba.nacos.common.remote.client - [0a46423b-c353-49b6-a9b7-f68d4d7b7fad] Try to connect to server on start up, server: {serverIp = '47.236.36.111', server main port = 8848}
2025-08-23 15:19:15.568 [main] INFO  c.a.nacos.common.remote.client.grpc.GrpcClient - grpc client connection server:47.236.36.111 ip,serverPort:9848,grpcTslConfig:{"sslProvider":"OPENSSL","enableTls":false,"mutualAuthEnable":false,"trustAll":false}
2025-08-23 15:19:16.050 [main] INFO  com.alibaba.nacos.common.remote.client - [0a46423b-c353-49b6-a9b7-f68d4d7b7fad] Success to connect to server [47.236.36.111:8848] on start up, connectionId = 1755933555855_112.94.129.71_1585
2025-08-23 15:19:16.050 [main] INFO  com.alibaba.nacos.common.remote.client - [0a46423b-c353-49b6-a9b7-f68d4d7b7fad] Register server push request handler:com.alibaba.nacos.common.remote.client.RpcClient$ConnectResetRequestHandler
2025-08-23 15:19:16.050 [main] INFO  com.alibaba.nacos.common.remote.client - [0a46423b-c353-49b6-a9b7-f68d4d7b7fad] Register server push request handler:com.alibaba.nacos.common.remote.client.RpcClient$$Lambda$610/0x000001f3814d8a88
2025-08-23 15:19:16.050 [com.alibaba.nacos.client.remote.worker] INFO  com.alibaba.nacos.common.remote.client - [0a46423b-c353-49b6-a9b7-f68d4d7b7fad] Notify connected event to listeners.
2025-08-23 15:19:16.050 [com.alibaba.nacos.client.remote.worker] INFO  com.alibaba.nacos.client.naming - Grpc connection connect
2025-08-23 15:19:16.052 [main] INFO  com.alibaba.nacos.client.naming - [REGISTER-SERVICE] xiaohongshu registering service xiaohongshu-auth with instance Instance{instanceId='null', ip='10.2.66.3', port=8080, weight=1.0, healthy=true, enabled=true, ephemeral=true, clusterName='DEFAULT', serviceName='null', metadata={IPv6=null, preserved.register.source=SPRING_CLOUD}}
2025-08-23 15:19:16.112 [main] INFO  c.a.cloud.nacos.registry.NacosServiceRegistry - nacos registry, DEFAULT_GROUP xiaohongshu-auth 10.2.66.3:8080 register finished
2025-08-23 15:19:16.318 [main] INFO  c.zry.xiaohongshu.auth.XiaohongshuAuthApplication - Started XiaohongshuAuthApplication in 8.87 seconds (process running for 10.05)
2025-08-23 15:19:16.322 [main] INFO  com.alibaba.nacos.client.config.impl.CacheData - nacos.cache.data.init.snapshot = true 
2025-08-23 15:19:16.322 [main] INFO  com.alibaba.nacos.client.config.impl.ClientWorker - [fixed-xiaohongshu-47.236.36.111_8848_] [subscribe] xiaohongshu-auth.yaml+DEFAULT_GROUP+xiaohongshu
2025-08-23 15:19:16.329 [main] INFO  com.alibaba.nacos.client.config.impl.CacheData - [fixed-xiaohongshu-47.236.36.111_8848_] [add-listener] ok, tenant=xiaohongshu, dataId=xiaohongshu-auth.yaml, group=DEFAULT_GROUP, cnt=1
2025-08-23 15:19:16.330 [main] INFO  c.a.cloud.nacos.refresh.NacosContextRefresher - [Nacos Config] Listening config: dataId=xiaohongshu-auth.yaml, group=DEFAULT_GROUP
2025-08-23 15:19:16.333 [main] INFO  com.alibaba.nacos.client.config.impl.ClientWorker - [fixed-xiaohongshu-47.236.36.111_8848_] [subscribe] xiaohongshu-auth-dev.yaml+DEFAULT_GROUP+xiaohongshu
2025-08-23 15:19:16.333 [main] INFO  com.alibaba.nacos.client.config.impl.CacheData - [fixed-xiaohongshu-47.236.36.111_8848_] [add-listener] ok, tenant=xiaohongshu, dataId=xiaohongshu-auth-dev.yaml, group=DEFAULT_GROUP, cnt=1
2025-08-23 15:19:16.333 [main] INFO  c.a.cloud.nacos.refresh.NacosContextRefresher - [Nacos Config] Listening config: dataId=xiaohongshu-auth-dev.yaml, group=DEFAULT_GROUP
2025-08-23 15:19:16.334 [main] INFO  com.alibaba.nacos.client.config.impl.ClientWorker - [fixed-xiaohongshu-47.236.36.111_8848_] [subscribe] xiaohongshu-auth+DEFAULT_GROUP+xiaohongshu
2025-08-23 15:19:16.334 [main] INFO  com.alibaba.nacos.client.config.impl.CacheData - [fixed-xiaohongshu-47.236.36.111_8848_] [add-listener] ok, tenant=xiaohongshu, dataId=xiaohongshu-auth, group=DEFAULT_GROUP, cnt=1
2025-08-23 15:19:16.334 [main] INFO  c.a.cloud.nacos.refresh.NacosContextRefresher - [Nacos Config] Listening config: dataId=xiaohongshu-auth, group=DEFAULT_GROUP
2025-08-23 15:20:22.830 [Thread-9] WARN  com.alibaba.nacos.common.notify.NotifyCenter - [NotifyCenter] Start destroying Publisher
2025-08-23 15:20:22.830 [Thread-2] WARN  c.alibaba.nacos.common.http.HttpClientBeanHolder - [HttpClientBeanHolder] Start destroying common HttpClient
2025-08-23 15:20:22.831 [Thread-9] WARN  com.alibaba.nacos.common.notify.NotifyCenter - [NotifyCenter] Destruction of the end
2025-08-23 15:20:22.831 [Thread-2] WARN  c.alibaba.nacos.common.http.HttpClientBeanHolder - [HttpClientBeanHolder] Destruction of the end
2025-08-23 15:20:22.869 [SpringApplicationShutdownHook] INFO  com.alibaba.druid.pool.DruidDataSource - {dataSource-1} closing ...
2025-08-23 15:20:22.877 [SpringApplicationShutdownHook] INFO  com.alibaba.druid.pool.DruidDataSource - {dataSource-1} closed
2025-08-23 15:20:22.877 [SpringApplicationShutdownHook] INFO  c.a.cloud.nacos.registry.NacosServiceRegistry - De-registering from Nacos Server now...
2025-08-23 15:20:22.878 [SpringApplicationShutdownHook] INFO  com.alibaba.nacos.client.naming - [DEREGISTER-SERVICE] xiaohongshu deregistering service xiaohongshu-auth with instance: Instance{instanceId='null', ip='10.2.66.3', port=8080, weight=1.0, healthy=true, enabled=true, ephemeral=true, clusterName='DEFAULT', serviceName='null', metadata={}}
2025-08-23 15:20:23.139 [SpringApplicationShutdownHook] INFO  c.a.cloud.nacos.registry.NacosServiceRegistry - De-registration finished.
2025-08-23 15:20:23.139 [SpringApplicationShutdownHook] INFO  com.alibaba.nacos.client.naming - com.alibaba.nacos.client.naming.cache.ServiceInfoHolder do shutdown begin
2025-08-23 15:20:23.140 [SpringApplicationShutdownHook] INFO  com.alibaba.nacos.client.naming - com.alibaba.nacos.client.naming.backups.FailoverReactor do shutdown begin
2025-08-23 15:20:23.140 [SpringApplicationShutdownHook] INFO  com.alibaba.nacos.client.naming - com.alibaba.nacos.client.naming.backups.FailoverReactor do shutdown stop
2025-08-23 15:20:23.140 [SpringApplicationShutdownHook] INFO  com.alibaba.nacos.client.naming - com.alibaba.nacos.client.naming.cache.ServiceInfoHolder do shutdown stop
2025-08-23 15:20:23.140 [SpringApplicationShutdownHook] INFO  com.alibaba.nacos.client.naming - com.alibaba.nacos.client.naming.remote.NamingClientProxyDelegate do shutdown begin
2025-08-23 15:20:23.140 [SpringApplicationShutdownHook] INFO  com.alibaba.nacos.client.naming - com.alibaba.nacos.client.naming.core.ServiceInfoUpdateService do shutdown begin
2025-08-23 15:20:23.140 [SpringApplicationShutdownHook] INFO  com.alibaba.nacos.client.naming - com.alibaba.nacos.client.naming.core.ServiceInfoUpdateService do shutdown stop
2025-08-23 15:20:23.140 [SpringApplicationShutdownHook] INFO  com.alibaba.nacos.client.naming - com.alibaba.nacos.client.naming.core.ServerListManager do shutdown begin
2025-08-23 15:20:23.140 [SpringApplicationShutdownHook] WARN  com.alibaba.nacos.client.naming - [NamingHttpClientManager] Start destroying NacosRestTemplate
2025-08-23 15:20:23.140 [SpringApplicationShutdownHook] WARN  com.alibaba.nacos.client.naming - [NamingHttpClientManager] Destruction of the end
2025-08-23 15:20:23.140 [SpringApplicationShutdownHook] INFO  com.alibaba.nacos.client.naming - com.alibaba.nacos.client.naming.core.ServerListManager do shutdown stop
2025-08-23 15:20:23.140 [SpringApplicationShutdownHook] INFO  com.alibaba.nacos.client.naming - com.alibaba.nacos.client.naming.remote.http.NamingHttpClientProxy do shutdown begin
2025-08-23 15:20:23.140 [SpringApplicationShutdownHook] WARN  com.alibaba.nacos.client.naming - [NamingHttpClientManager] Start destroying NacosRestTemplate
2025-08-23 15:20:23.140 [SpringApplicationShutdownHook] WARN  com.alibaba.nacos.client.naming - [NamingHttpClientManager] Destruction of the end
2025-08-23 15:20:23.140 [SpringApplicationShutdownHook] INFO  com.alibaba.nacos.client.naming - com.alibaba.nacos.client.naming.remote.http.NamingHttpClientProxy do shutdown stop
2025-08-23 15:20:23.140 [SpringApplicationShutdownHook] INFO  com.alibaba.nacos.common.remote.client - Shutdown rpc client, set status to shutdown
2025-08-23 15:20:23.140 [SpringApplicationShutdownHook] INFO  com.alibaba.nacos.common.remote.client - Shutdown client event executor java.util.concurrent.ScheduledThreadPoolExecutor@4b9aecbe[Running, pool size = 2, active threads = 2, queued tasks = 0, completed tasks = 0]
2025-08-23 15:20:23.140 [SpringApplicationShutdownHook] INFO  com.alibaba.nacos.common.remote.client - Close current connection 1755933555855_112.94.129.71_1585
2025-08-23 15:20:23.143 [nacos-grpc-client-executor-47.236.36.111-20] WARN  c.a.nacos.common.remote.client.grpc.GrpcClient - [1755933555855_112.94.129.71_1585]Ignore error event,isRunning:false,isAbandon=false
2025-08-23 15:20:23.145 [SpringApplicationShutdownHook] INFO  c.a.nacos.common.remote.client.grpc.GrpcClient - Shutdown grpc executor java.util.concurrent.ThreadPoolExecutor@769d14a6[Running, pool size = 4, active threads = 0, queued tasks = 0, completed tasks = 21]
2025-08-23 15:20:23.145 [SpringApplicationShutdownHook] INFO  com.alibaba.nacos.client.naming - Shutdown grpc redo service executor java.util.concurrent.ScheduledThreadPoolExecutor@5ad4fa72[Running, pool size = 1, active threads = 0, queued tasks = 1, completed tasks = 22]
2025-08-23 15:20:23.145 [SpringApplicationShutdownHook] INFO  c.a.n.client.auth.ram.identify.CredentialWatcher - [null] CredentialWatcher is stopped
2025-08-23 15:20:23.145 [SpringApplicationShutdownHook] INFO  c.a.n.client.auth.ram.identify.CredentialService - [null] CredentialService is freed
2025-08-23 15:20:23.145 [SpringApplicationShutdownHook] INFO  com.alibaba.nacos.client.naming - com.alibaba.nacos.client.naming.remote.NamingClientProxyDelegate do shutdown stop
2025-08-23 15:20:28.160 [main] WARN  com.alibaba.nacos.client.logging.NacosLogging - Load Logback Configuration of Nacos fail, message: Could not initialize Logback Nacos logging from classpath:nacos-logback.xml
2025-08-23 15:20:28.222 [main] WARN  com.alibaba.nacos.client.logging.NacosLogging - Load Logback Configuration of Nacos fail, message: Could not initialize Logback Nacos logging from classpath:nacos-logback.xml
2025-08-23 15:20:28.437 [main] WARN  com.alibaba.nacos.client.logging.NacosLogging - Load Logback Configuration of Nacos fail, message: Could not initialize Logback Nacos logging from classpath:nacos-logback.xml
2025-08-23 15:20:28.438 [main] INFO  com.alibaba.nacos.client.utils.ParamUtil - [settings] [req-serv] nacos-server port:8848
2025-08-23 15:20:28.438 [main] INFO  com.alibaba.nacos.client.utils.ParamUtil - [settings] [http-client] connect timeout:1000
2025-08-23 15:20:28.439 [main] INFO  com.alibaba.nacos.client.utils.ParamUtil - PER_TASK_CONFIG_SIZE: 3000.0
2025-08-23 15:20:28.463 [main] INFO  c.a.n.p.auth.spi.client.ClientAuthPluginManager - [ClientAuthPluginManager] Load ClientAuthService com.alibaba.nacos.client.auth.impl.NacosClientAuthServiceImpl success.
2025-08-23 15:20:28.464 [main] INFO  c.a.n.p.auth.spi.client.ClientAuthPluginManager - [ClientAuthPluginManager] Load ClientAuthService com.alibaba.nacos.client.auth.ram.RamClientAuthServiceImpl success.
2025-08-23 15:20:28.467 [main] INFO  c.a.n.client.auth.ram.identify.CredentialWatcher - null No credential found
2025-08-23 15:20:28.774 [main] WARN  com.alibaba.nacos.client.logging.NacosLogging - Load Logback Configuration of Nacos fail, message: Could not initialize Logback Nacos logging from classpath:nacos-logback.xml
2025-08-23 15:20:28.791 [main] INFO  c.a.n.client.config.impl.LocalConfigInfoProcessor - LOCAL_SNAPSHOT_PATH:C:\Users\Rey\nacos\config
2025-08-23 15:20:28.799 [main] INFO  com.alibaba.nacos.common.remote.client - [RpcClientFactory] create a new rpc client of 8c8ddf84-709d-4b3e-bad1-ed4066a29371_config-0
2025-08-23 15:20:28.816 [main] INFO  com.alibaba.nacos.common.remote.client - [8c8ddf84-709d-4b3e-bad1-ed4066a29371_config-0] Register server push request handler:com.alibaba.nacos.client.config.impl.ClientWorker$ConfigRpcTransportClient$$Lambda$589/0x00000241b938f860
2025-08-23 15:20:28.817 [main] INFO  com.alibaba.nacos.common.remote.client - [8c8ddf84-709d-4b3e-bad1-ed4066a29371_config-0] Register server push request handler:com.alibaba.nacos.client.config.impl.ClientWorker$ConfigRpcTransportClient$$Lambda$590/0x00000241b938fc80
2025-08-23 15:20:28.818 [main] INFO  com.alibaba.nacos.common.remote.client - [8c8ddf84-709d-4b3e-bad1-ed4066a29371_config-0] Registry connection listener to current client:com.alibaba.nacos.client.config.impl.ClientWorker$ConfigRpcTransportClient$1
2025-08-23 15:20:28.819 [main] INFO  com.alibaba.nacos.common.remote.client - [8c8ddf84-709d-4b3e-bad1-ed4066a29371_config-0] RpcClient init, ServerListFactory = com.alibaba.nacos.client.config.impl.ClientWorker$ConfigRpcTransportClient$2
2025-08-23 15:20:28.829 [main] INFO  com.alibaba.nacos.common.remote.client - [8c8ddf84-709d-4b3e-bad1-ed4066a29371_config-0] Try to connect to server on start up, server: {serverIp = '47.236.36.111', server main port = 8848}
2025-08-23 15:20:28.865 [main] INFO  c.a.nacos.common.remote.client.grpc.GrpcClient - grpc client connection server:47.236.36.111 ip,serverPort:9848,grpcTslConfig:{"sslProvider":"OPENSSL","enableTls":false,"mutualAuthEnable":false,"trustAll":false}
2025-08-23 15:20:29.911 [main] INFO  com.alibaba.nacos.common.remote.client - [8c8ddf84-709d-4b3e-bad1-ed4066a29371_config-0] Success to connect to server [47.236.36.111:8848] on start up, connectionId = 1755933629655_112.94.129.71_1617
2025-08-23 15:20:29.913 [com.alibaba.nacos.client.remote.worker] INFO  com.alibaba.nacos.common.remote.client - [8c8ddf84-709d-4b3e-bad1-ed4066a29371_config-0] Notify connected event to listeners.
2025-08-23 15:20:29.913 [com.alibaba.nacos.client.remote.worker] INFO  com.alibaba.nacos.client.config.impl.ClientWorker - [8c8ddf84-709d-4b3e-bad1-ed4066a29371_config-0] Connected,notify listen context...
2025-08-23 15:20:29.913 [main] INFO  com.alibaba.nacos.common.remote.client - [8c8ddf84-709d-4b3e-bad1-ed4066a29371_config-0] Register server push request handler:com.alibaba.nacos.common.remote.client.RpcClient$ConnectResetRequestHandler
2025-08-23 15:20:29.914 [main] INFO  com.alibaba.nacos.common.remote.client - [8c8ddf84-709d-4b3e-bad1-ed4066a29371_config-0] Register server push request handler:com.alibaba.nacos.common.remote.client.RpcClient$$Lambda$610/0x00000241b94d76d0
2025-08-23 15:20:29.961 [main] INFO  com.alibaba.nacos.client.config.impl.Limiter - limitTime:5.0
2025-08-23 15:20:30.115 [main] INFO  com.alibaba.nacos.client.config.utils.JvmUtil - isMultiInstance:false
2025-08-23 15:20:30.353 [main] WARN  c.a.cloud.nacos.client.NacosPropertySourceBuilder - Ignore the empty nacos configuration and get it based on dataId[xiaohongshu-auth.yaml] & group[DEFAULT_GROUP]
2025-08-23 15:20:30.414 [main] INFO  o.s.c.b.c.PropertySourceBootstrapConfiguration - Located property source: [BootstrapPropertySource {name='bootstrapProperties-xiaohongshu-auth-dev.yaml,DEFAULT_GROUP'}, BootstrapPropertySource {name='bootstrapProperties-xiaohongshu-auth.yaml,DEFAULT_GROUP'}, BootstrapPropertySource {name='bootstrapProperties-xiaohongshu-auth,DEFAULT_GROUP'}]
2025-08-23 15:20:30.438 [main] WARN  com.alibaba.nacos.client.logging.NacosLogging - Load Logback Configuration of Nacos fail, message: Could not initialize Logback Nacos logging from classpath:nacos-logback.xml
2025-08-23 15:20:30.439 [main] INFO  c.zry.xiaohongshu.auth.XiaohongshuAuthApplication - The following 1 profile is active: "dev"
2025-08-23 15:20:31.209 [main] INFO  o.s.d.r.config.RepositoryConfigurationDelegate - Multiple Spring Data modules found, entering strict repository configuration mode
2025-08-23 15:20:31.213 [main] INFO  o.s.d.r.config.RepositoryConfigurationDelegate - Bootstrapping Spring Data Redis repositories in DEFAULT mode.
2025-08-23 15:20:31.240 [main] INFO  o.s.d.r.config.RepositoryConfigurationDelegate - Finished Spring Data repository scanning in 13 ms. Found 0 Redis repository interfaces.
2025-08-23 15:20:31.390 [main] WARN  org.mybatis.spring.mapper.ClassPathMapperScanner - No MyBatis mapper was found in '[com.zry.xiaohongshu.auth]' package. Please check your configuration.
2025-08-23 15:20:31.432 [main] INFO  o.springframework.cloud.context.scope.GenericScope - BeanFactory id=6ec31090-03f0-3e34-a471-10a8a85eb713
2025-08-23 15:20:32.007 [main] INFO  o.s.boot.web.embedded.tomcat.TomcatWebServer - Tomcat initialized with port(s): 8080 (http)
2025-08-23 15:20:32.010 [main] INFO  org.apache.catalina.core.AprLifecycleListener - Loaded Apache Tomcat Native library [2.0.3] using APR version [1.7.2].
2025-08-23 15:20:32.015 [main] INFO  org.apache.catalina.core.AprLifecycleListener - OpenSSL successfully initialized [OpenSSL 3.0.8 7 Feb 2023]
2025-08-23 15:20:32.026 [main] INFO  org.apache.catalina.core.StandardService - Starting service [Tomcat]
2025-08-23 15:20:32.027 [main] INFO  org.apache.catalina.core.StandardEngine - Starting Servlet engine: [Apache Tomcat/10.1.5]
2025-08-23 15:20:32.121 [main] INFO  o.a.c.core.ContainerBase.[Tomcat].[localhost].[/] - Initializing Spring embedded WebApplicationContext
2025-08-23 15:20:32.122 [main] INFO  o.s.b.w.s.c.ServletWebServerApplicationContext - Root WebApplicationContext: initialization completed in 1669 ms
2025-08-23 15:20:32.624 [main] INFO  o.s.cloud.openfeign.FeignClientFactoryBean - For 'xiaohongshu-user' URL not provided. Will try picking an instance via load-balancing.
2025-08-23 15:20:33.501 [main] INFO  c.a.d.s.b.a.DruidDataSourceAutoConfigure - Init DruidDataSource
2025-08-23 15:20:33.804 [main] INFO  com.alibaba.druid.pool.DruidDataSource - {dataSource-1} inited
2025-08-23 15:20:34.278 [main] WARN  o.s.c.l.c.LoadBalancerCacheAutoConfiguration$LoadBalancerCaffeineWarnLogger - Spring Cloud LoadBalancer is currently working with the default cache. While this cache implementation is useful for development and tests, it's recommended to use Caffeine cache in production.You can switch to using Caffeine cache, by adding it and org.springframework.cache.caffeine.CaffeineCacheManager to the classpath.
2025-08-23 15:20:34.373 [main] INFO  o.s.boot.web.embedded.tomcat.TomcatWebServer - Tomcat started on port(s): 8080 (http) with context path ''
2025-08-23 15:20:34.377 [main] INFO  com.alibaba.nacos.client.naming - initializer namespace from ans.namespace attribute : null
2025-08-23 15:20:34.378 [main] INFO  com.alibaba.nacos.client.naming - initializer namespace from ALIBABA_ALIWARE_NAMESPACE attribute :null
2025-08-23 15:20:34.378 [main] INFO  com.alibaba.nacos.client.naming - initializer namespace from namespace attribute :null
2025-08-23 15:20:34.386 [main] INFO  c.a.n.p.auth.spi.client.ClientAuthPluginManager - [ClientAuthPluginManager] Load ClientAuthService com.alibaba.nacos.client.auth.impl.NacosClientAuthServiceImpl success.
2025-08-23 15:20:34.386 [main] INFO  c.a.n.p.auth.spi.client.ClientAuthPluginManager - [ClientAuthPluginManager] Load ClientAuthService com.alibaba.nacos.client.auth.ram.RamClientAuthServiceImpl success.
2025-08-23 15:20:34.390 [main] INFO  com.alibaba.nacos.common.remote.client - [RpcClientFactory] create a new rpc client of 1fe9d7f5-073d-4a67-a148-9e5ec2d0f61b
2025-08-23 15:20:34.392 [main] INFO  com.alibaba.nacos.common.remote.client - [1fe9d7f5-073d-4a67-a148-9e5ec2d0f61b] RpcClient init, ServerListFactory = com.alibaba.nacos.client.naming.core.ServerListManager
2025-08-23 15:20:34.392 [main] INFO  com.alibaba.nacos.common.remote.client - [1fe9d7f5-073d-4a67-a148-9e5ec2d0f61b] Registry connection listener to current client:com.alibaba.nacos.client.naming.remote.gprc.redo.NamingGrpcRedoService
2025-08-23 15:20:34.392 [main] INFO  com.alibaba.nacos.common.remote.client - [1fe9d7f5-073d-4a67-a148-9e5ec2d0f61b] Register server push request handler:com.alibaba.nacos.client.naming.remote.gprc.NamingPushRequestHandler
2025-08-23 15:20:34.392 [main] INFO  com.alibaba.nacos.common.remote.client - [1fe9d7f5-073d-4a67-a148-9e5ec2d0f61b] Try to connect to server on start up, server: {serverIp = '47.236.36.111', server main port = 8848}
2025-08-23 15:20:34.393 [main] INFO  c.a.nacos.common.remote.client.grpc.GrpcClient - grpc client connection server:47.236.36.111 ip,serverPort:9848,grpcTslConfig:{"sslProvider":"OPENSSL","enableTls":false,"mutualAuthEnable":false,"trustAll":false}
2025-08-23 15:20:34.648 [main] INFO  com.alibaba.nacos.common.remote.client - [1fe9d7f5-073d-4a67-a148-9e5ec2d0f61b] Success to connect to server [47.236.36.111:8848] on start up, connectionId = 1755933634455_112.94.129.71_1618
2025-08-23 15:20:34.648 [com.alibaba.nacos.client.remote.worker] INFO  com.alibaba.nacos.common.remote.client - [1fe9d7f5-073d-4a67-a148-9e5ec2d0f61b] Notify connected event to listeners.
2025-08-23 15:20:34.648 [main] INFO  com.alibaba.nacos.common.remote.client - [1fe9d7f5-073d-4a67-a148-9e5ec2d0f61b] Register server push request handler:com.alibaba.nacos.common.remote.client.RpcClient$ConnectResetRequestHandler
2025-08-23 15:20:34.648 [com.alibaba.nacos.client.remote.worker] INFO  com.alibaba.nacos.client.naming - Grpc connection connect
2025-08-23 15:20:34.648 [main] INFO  com.alibaba.nacos.common.remote.client - [1fe9d7f5-073d-4a67-a148-9e5ec2d0f61b] Register server push request handler:com.alibaba.nacos.common.remote.client.RpcClient$$Lambda$610/0x00000241b94d76d0
2025-08-23 15:20:34.650 [main] INFO  com.alibaba.nacos.client.naming - [REGISTER-SERVICE] xiaohongshu registering service xiaohongshu-auth with instance Instance{instanceId='null', ip='10.2.66.3', port=8080, weight=1.0, healthy=true, enabled=true, ephemeral=true, clusterName='DEFAULT', serviceName='null', metadata={IPv6=null, preserved.register.source=SPRING_CLOUD}}
2025-08-23 15:20:34.710 [main] INFO  c.a.cloud.nacos.registry.NacosServiceRegistry - nacos registry, DEFAULT_GROUP xiaohongshu-auth 10.2.66.3:8080 register finished
2025-08-23 15:20:34.924 [main] INFO  c.zry.xiaohongshu.auth.XiaohongshuAuthApplication - Started XiaohongshuAuthApplication in 7.486 seconds (process running for 8.258)
2025-08-23 15:20:34.928 [main] INFO  com.alibaba.nacos.client.config.impl.CacheData - nacos.cache.data.init.snapshot = true 
2025-08-23 15:20:34.929 [main] INFO  com.alibaba.nacos.client.config.impl.ClientWorker - [fixed-xiaohongshu-47.236.36.111_8848_] [subscribe] xiaohongshu-auth.yaml+DEFAULT_GROUP+xiaohongshu
2025-08-23 15:20:34.937 [main] INFO  com.alibaba.nacos.client.config.impl.CacheData - [fixed-xiaohongshu-47.236.36.111_8848_] [add-listener] ok, tenant=xiaohongshu, dataId=xiaohongshu-auth.yaml, group=DEFAULT_GROUP, cnt=1
2025-08-23 15:20:34.937 [main] INFO  c.a.cloud.nacos.refresh.NacosContextRefresher - [Nacos Config] Listening config: dataId=xiaohongshu-auth.yaml, group=DEFAULT_GROUP
2025-08-23 15:20:34.939 [main] INFO  com.alibaba.nacos.client.config.impl.ClientWorker - [fixed-xiaohongshu-47.236.36.111_8848_] [subscribe] xiaohongshu-auth-dev.yaml+DEFAULT_GROUP+xiaohongshu
2025-08-23 15:20:34.939 [main] INFO  com.alibaba.nacos.client.config.impl.CacheData - [fixed-xiaohongshu-47.236.36.111_8848_] [add-listener] ok, tenant=xiaohongshu, dataId=xiaohongshu-auth-dev.yaml, group=DEFAULT_GROUP, cnt=1
2025-08-23 15:20:34.939 [main] INFO  c.a.cloud.nacos.refresh.NacosContextRefresher - [Nacos Config] Listening config: dataId=xiaohongshu-auth-dev.yaml, group=DEFAULT_GROUP
2025-08-23 15:20:34.941 [main] INFO  com.alibaba.nacos.client.config.impl.ClientWorker - [fixed-xiaohongshu-47.236.36.111_8848_] [subscribe] xiaohongshu-auth+DEFAULT_GROUP+xiaohongshu
2025-08-23 15:20:34.941 [main] INFO  com.alibaba.nacos.client.config.impl.CacheData - [fixed-xiaohongshu-47.236.36.111_8848_] [add-listener] ok, tenant=xiaohongshu, dataId=xiaohongshu-auth, group=DEFAULT_GROUP, cnt=1
2025-08-23 15:20:34.942 [main] INFO  c.a.cloud.nacos.refresh.NacosContextRefresher - [Nacos Config] Listening config: dataId=xiaohongshu-auth, group=DEFAULT_GROUP
2025-08-23 15:29:48.272 [Thread-2] WARN  c.alibaba.nacos.common.http.HttpClientBeanHolder - [HttpClientBeanHolder] Start destroying common HttpClient
2025-08-23 15:29:48.272 [Thread-9] WARN  com.alibaba.nacos.common.notify.NotifyCenter - [NotifyCenter] Start destroying Publisher
2025-08-23 15:29:48.272 [Thread-9] WARN  com.alibaba.nacos.common.notify.NotifyCenter - [NotifyCenter] Destruction of the end
2025-08-23 15:29:48.274 [Thread-2] WARN  c.alibaba.nacos.common.http.HttpClientBeanHolder - [HttpClientBeanHolder] Destruction of the end
2025-08-23 15:29:48.332 [SpringApplicationShutdownHook] INFO  com.alibaba.druid.pool.DruidDataSource - {dataSource-1} closing ...
2025-08-23 15:29:48.343 [SpringApplicationShutdownHook] INFO  com.alibaba.druid.pool.DruidDataSource - {dataSource-1} closed
2025-08-23 15:29:48.345 [SpringApplicationShutdownHook] INFO  c.a.cloud.nacos.registry.NacosServiceRegistry - De-registering from Nacos Server now...
2025-08-23 15:29:48.345 [SpringApplicationShutdownHook] INFO  com.alibaba.nacos.client.naming - [DEREGISTER-SERVICE] xiaohongshu deregistering service xiaohongshu-auth with instance: Instance{instanceId='null', ip='10.2.66.3', port=8080, weight=1.0, healthy=true, enabled=true, ephemeral=true, clusterName='DEFAULT', serviceName='null', metadata={}}
2025-08-23 15:29:48.394 [SpringApplicationShutdownHook] INFO  c.a.cloud.nacos.registry.NacosServiceRegistry - De-registration finished.
2025-08-23 15:29:48.394 [SpringApplicationShutdownHook] INFO  com.alibaba.nacos.client.naming - com.alibaba.nacos.client.naming.cache.ServiceInfoHolder do shutdown begin
2025-08-23 15:29:48.394 [SpringApplicationShutdownHook] INFO  com.alibaba.nacos.client.naming - com.alibaba.nacos.client.naming.backups.FailoverReactor do shutdown begin
2025-08-23 15:29:48.396 [SpringApplicationShutdownHook] INFO  com.alibaba.nacos.client.naming - com.alibaba.nacos.client.naming.backups.FailoverReactor do shutdown stop
2025-08-23 15:29:48.396 [SpringApplicationShutdownHook] INFO  com.alibaba.nacos.client.naming - com.alibaba.nacos.client.naming.cache.ServiceInfoHolder do shutdown stop
2025-08-23 15:29:48.396 [SpringApplicationShutdownHook] INFO  com.alibaba.nacos.client.naming - com.alibaba.nacos.client.naming.remote.NamingClientProxyDelegate do shutdown begin
2025-08-23 15:29:48.396 [SpringApplicationShutdownHook] INFO  com.alibaba.nacos.client.naming - com.alibaba.nacos.client.naming.core.ServiceInfoUpdateService do shutdown begin
2025-08-23 15:29:48.396 [SpringApplicationShutdownHook] INFO  com.alibaba.nacos.client.naming - com.alibaba.nacos.client.naming.core.ServiceInfoUpdateService do shutdown stop
2025-08-23 15:29:48.396 [SpringApplicationShutdownHook] INFO  com.alibaba.nacos.client.naming - com.alibaba.nacos.client.naming.core.ServerListManager do shutdown begin
2025-08-23 15:29:48.396 [SpringApplicationShutdownHook] WARN  com.alibaba.nacos.client.naming - [NamingHttpClientManager] Start destroying NacosRestTemplate
2025-08-23 15:29:48.396 [SpringApplicationShutdownHook] WARN  com.alibaba.nacos.client.naming - [NamingHttpClientManager] Destruction of the end
2025-08-23 15:29:48.396 [SpringApplicationShutdownHook] INFO  com.alibaba.nacos.client.naming - com.alibaba.nacos.client.naming.core.ServerListManager do shutdown stop
2025-08-23 15:29:48.396 [SpringApplicationShutdownHook] INFO  com.alibaba.nacos.client.naming - com.alibaba.nacos.client.naming.remote.http.NamingHttpClientProxy do shutdown begin
2025-08-23 15:29:48.396 [SpringApplicationShutdownHook] WARN  com.alibaba.nacos.client.naming - [NamingHttpClientManager] Start destroying NacosRestTemplate
2025-08-23 15:29:48.396 [SpringApplicationShutdownHook] WARN  com.alibaba.nacos.client.naming - [NamingHttpClientManager] Destruction of the end
2025-08-23 15:29:48.396 [SpringApplicationShutdownHook] INFO  com.alibaba.nacos.client.naming - com.alibaba.nacos.client.naming.remote.http.NamingHttpClientProxy do shutdown stop
2025-08-23 15:29:48.396 [SpringApplicationShutdownHook] INFO  com.alibaba.nacos.common.remote.client - Shutdown rpc client, set status to shutdown
2025-08-23 15:29:48.396 [SpringApplicationShutdownHook] INFO  com.alibaba.nacos.common.remote.client - Shutdown client event executor java.util.concurrent.ScheduledThreadPoolExecutor@21da8720[Running, pool size = 2, active threads = 2, queued tasks = 0, completed tasks = 0]
2025-08-23 15:29:48.396 [SpringApplicationShutdownHook] INFO  com.alibaba.nacos.common.remote.client - Close current connection 1755933634455_112.94.129.71_1618
2025-08-23 15:29:48.401 [nacos-grpc-client-executor-47.236.36.111-121] WARN  c.a.nacos.common.remote.client.grpc.GrpcClient - [1755933634455_112.94.129.71_1618]Ignore error event,isRunning:false,isAbandon=false
2025-08-23 15:29:48.403 [SpringApplicationShutdownHook] INFO  c.a.nacos.common.remote.client.grpc.GrpcClient - Shutdown grpc executor java.util.concurrent.ThreadPoolExecutor@7f78e183[Running, pool size = 4, active threads = 0, queued tasks = 0, completed tasks = 122]
2025-08-23 15:29:48.404 [SpringApplicationShutdownHook] INFO  com.alibaba.nacos.client.naming - Shutdown grpc redo service executor java.util.concurrent.ScheduledThreadPoolExecutor@7491886e[Running, pool size = 1, active threads = 0, queued tasks = 1, completed tasks = 184]
2025-08-23 15:29:48.404 [SpringApplicationShutdownHook] INFO  c.a.n.client.auth.ram.identify.CredentialWatcher - [null] CredentialWatcher is stopped
2025-08-23 15:29:48.404 [SpringApplicationShutdownHook] INFO  c.a.n.client.auth.ram.identify.CredentialService - [null] CredentialService is freed
2025-08-23 15:29:48.404 [SpringApplicationShutdownHook] INFO  com.alibaba.nacos.client.naming - com.alibaba.nacos.client.naming.remote.NamingClientProxyDelegate do shutdown stop
2025-08-23 15:30:05.408 [main] WARN  com.alibaba.nacos.client.logging.NacosLogging - Load Logback Configuration of Nacos fail, message: Could not initialize Logback Nacos logging from classpath:nacos-logback.xml
2025-08-23 15:30:05.473 [main] WARN  com.alibaba.nacos.client.logging.NacosLogging - Load Logback Configuration of Nacos fail, message: Could not initialize Logback Nacos logging from classpath:nacos-logback.xml
2025-08-23 15:30:05.712 [main] WARN  com.alibaba.nacos.client.logging.NacosLogging - Load Logback Configuration of Nacos fail, message: Could not initialize Logback Nacos logging from classpath:nacos-logback.xml
2025-08-23 15:30:05.714 [main] INFO  com.alibaba.nacos.client.utils.ParamUtil - [settings] [req-serv] nacos-server port:8848
2025-08-23 15:30:05.714 [main] INFO  com.alibaba.nacos.client.utils.ParamUtil - [settings] [http-client] connect timeout:1000
2025-08-23 15:30:05.714 [main] INFO  com.alibaba.nacos.client.utils.ParamUtil - PER_TASK_CONFIG_SIZE: 3000.0
2025-08-23 15:30:05.739 [main] INFO  c.a.n.p.auth.spi.client.ClientAuthPluginManager - [ClientAuthPluginManager] Load ClientAuthService com.alibaba.nacos.client.auth.impl.NacosClientAuthServiceImpl success.
2025-08-23 15:30:05.739 [main] INFO  c.a.n.p.auth.spi.client.ClientAuthPluginManager - [ClientAuthPluginManager] Load ClientAuthService com.alibaba.nacos.client.auth.ram.RamClientAuthServiceImpl success.
2025-08-23 15:30:05.742 [main] INFO  c.a.n.client.auth.ram.identify.CredentialWatcher - null No credential found
2025-08-23 15:30:06.057 [main] WARN  com.alibaba.nacos.client.logging.NacosLogging - Load Logback Configuration of Nacos fail, message: Could not initialize Logback Nacos logging from classpath:nacos-logback.xml
2025-08-23 15:30:06.072 [main] INFO  c.a.n.client.config.impl.LocalConfigInfoProcessor - LOCAL_SNAPSHOT_PATH:C:\Users\Rey\nacos\config
2025-08-23 15:30:06.076 [main] INFO  com.alibaba.nacos.common.remote.client - [RpcClientFactory] create a new rpc client of ba79d94d-0cfb-499c-bece-6460b49146f9_config-0
2025-08-23 15:30:06.092 [main] INFO  com.alibaba.nacos.common.remote.client - [ba79d94d-0cfb-499c-bece-6460b49146f9_config-0] Register server push request handler:com.alibaba.nacos.client.config.impl.ClientWorker$ConfigRpcTransportClient$$Lambda$589/0x0000014d173903f0
2025-08-23 15:30:06.093 [main] INFO  com.alibaba.nacos.common.remote.client - [ba79d94d-0cfb-499c-bece-6460b49146f9_config-0] Register server push request handler:com.alibaba.nacos.client.config.impl.ClientWorker$ConfigRpcTransportClient$$Lambda$590/0x0000014d17390810
2025-08-23 15:30:06.093 [main] INFO  com.alibaba.nacos.common.remote.client - [ba79d94d-0cfb-499c-bece-6460b49146f9_config-0] Registry connection listener to current client:com.alibaba.nacos.client.config.impl.ClientWorker$ConfigRpcTransportClient$1
2025-08-23 15:30:06.093 [main] INFO  com.alibaba.nacos.common.remote.client - [ba79d94d-0cfb-499c-bece-6460b49146f9_config-0] RpcClient init, ServerListFactory = com.alibaba.nacos.client.config.impl.ClientWorker$ConfigRpcTransportClient$2
2025-08-23 15:30:06.107 [main] INFO  com.alibaba.nacos.common.remote.client - [ba79d94d-0cfb-499c-bece-6460b49146f9_config-0] Try to connect to server on start up, server: {serverIp = '47.236.36.111', server main port = 8848}
2025-08-23 15:30:06.146 [main] INFO  c.a.nacos.common.remote.client.grpc.GrpcClient - grpc client connection server:47.236.36.111 ip,serverPort:9848,grpcTslConfig:{"sslProvider":"OPENSSL","enableTls":false,"mutualAuthEnable":false,"trustAll":false}
2025-08-23 15:30:07.163 [main] INFO  com.alibaba.nacos.common.remote.client - [ba79d94d-0cfb-499c-bece-6460b49146f9_config-0] Success to connect to server [47.236.36.111:8848] on start up, connectionId = 1755934206907_112.94.129.71_1213
2025-08-23 15:30:07.164 [com.alibaba.nacos.client.remote.worker] INFO  com.alibaba.nacos.common.remote.client - [ba79d94d-0cfb-499c-bece-6460b49146f9_config-0] Notify connected event to listeners.
2025-08-23 15:30:07.165 [com.alibaba.nacos.client.remote.worker] INFO  com.alibaba.nacos.client.config.impl.ClientWorker - [ba79d94d-0cfb-499c-bece-6460b49146f9_config-0] Connected,notify listen context...
2025-08-23 15:30:07.165 [main] INFO  com.alibaba.nacos.common.remote.client - [ba79d94d-0cfb-499c-bece-6460b49146f9_config-0] Register server push request handler:com.alibaba.nacos.common.remote.client.RpcClient$ConnectResetRequestHandler
2025-08-23 15:30:07.165 [main] INFO  com.alibaba.nacos.common.remote.client - [ba79d94d-0cfb-499c-bece-6460b49146f9_config-0] Register server push request handler:com.alibaba.nacos.common.remote.client.RpcClient$$Lambda$610/0x0000014d174d8228
2025-08-23 15:30:07.215 [main] INFO  com.alibaba.nacos.client.config.impl.Limiter - limitTime:5.0
2025-08-23 15:30:07.271 [main] INFO  com.alibaba.nacos.client.config.utils.JvmUtil - isMultiInstance:false
2025-08-23 15:30:07.338 [main] WARN  c.a.cloud.nacos.client.NacosPropertySourceBuilder - Ignore the empty nacos configuration and get it based on dataId[xiaohongshu-auth.yaml] & group[DEFAULT_GROUP]
2025-08-23 15:30:07.457 [main] INFO  o.s.c.b.c.PropertySourceBootstrapConfiguration - Located property source: [BootstrapPropertySource {name='bootstrapProperties-xiaohongshu-auth-dev.yaml,DEFAULT_GROUP'}, BootstrapPropertySource {name='bootstrapProperties-xiaohongshu-auth.yaml,DEFAULT_GROUP'}, BootstrapPropertySource {name='bootstrapProperties-xiaohongshu-auth,DEFAULT_GROUP'}]
2025-08-23 15:30:07.484 [main] WARN  com.alibaba.nacos.client.logging.NacosLogging - Load Logback Configuration of Nacos fail, message: Could not initialize Logback Nacos logging from classpath:nacos-logback.xml
2025-08-23 15:30:07.485 [main] INFO  c.zry.xiaohongshu.auth.XiaohongshuAuthApplication - The following 1 profile is active: "dev"
2025-08-23 15:30:08.155 [main] INFO  o.s.d.r.config.RepositoryConfigurationDelegate - Multiple Spring Data modules found, entering strict repository configuration mode
2025-08-23 15:30:08.158 [main] INFO  o.s.d.r.config.RepositoryConfigurationDelegate - Bootstrapping Spring Data Redis repositories in DEFAULT mode.
2025-08-23 15:30:08.188 [main] INFO  o.s.d.r.config.RepositoryConfigurationDelegate - Finished Spring Data repository scanning in 14 ms. Found 0 Redis repository interfaces.
2025-08-23 15:30:08.347 [main] INFO  o.springframework.cloud.context.scope.GenericScope - BeanFactory id=4caec7a2-dc6b-3701-b75d-86e0235c3ca4
2025-08-23 15:30:08.363 [main] INFO  o.s.c.s.PostProcessorRegistrationDelegate$BeanPostProcessorChecker - Bean 'com.zry.xiaohongshu.user.api.UserFeignApi' of type [org.springframework.cloud.openfeign.FeignClientFactoryBean] is not eligible for getting processed by all BeanPostProcessors (for example: not eligible for auto-proxying)
2025-08-23 15:30:08.794 [main] INFO  o.s.boot.web.embedded.tomcat.TomcatWebServer - Tomcat initialized with port(s): 8080 (http)
2025-08-23 15:30:08.794 [main] INFO  org.apache.catalina.core.AprLifecycleListener - Loaded Apache Tomcat Native library [2.0.3] using APR version [1.7.2].
2025-08-23 15:30:08.800 [main] INFO  org.apache.catalina.core.AprLifecycleListener - OpenSSL successfully initialized [OpenSSL 3.0.8 7 Feb 2023]
2025-08-23 15:30:08.814 [main] INFO  org.apache.catalina.core.StandardService - Starting service [Tomcat]
2025-08-23 15:30:08.814 [main] INFO  org.apache.catalina.core.StandardEngine - Starting Servlet engine: [Apache Tomcat/10.1.5]
2025-08-23 15:30:08.904 [main] INFO  o.a.c.core.ContainerBase.[Tomcat].[localhost].[/] - Initializing Spring embedded WebApplicationContext
2025-08-23 15:30:08.904 [main] INFO  o.s.b.w.s.c.ServletWebServerApplicationContext - Root WebApplicationContext: initialization completed in 1405 ms
2025-08-23 15:30:09.463 [main] INFO  o.s.cloud.openfeign.FeignClientFactoryBean - For 'xiaohongshu-user' URL not provided. Will try picking an instance via load-balancing.
2025-08-23 15:30:10.583 [main] WARN  o.s.c.l.c.LoadBalancerCacheAutoConfiguration$LoadBalancerCaffeineWarnLogger - Spring Cloud LoadBalancer is currently working with the default cache. While this cache implementation is useful for development and tests, it's recommended to use Caffeine cache in production.You can switch to using Caffeine cache, by adding it and org.springframework.cache.caffeine.CaffeineCacheManager to the classpath.
2025-08-23 15:30:10.647 [main] INFO  o.s.boot.web.embedded.tomcat.TomcatWebServer - Tomcat started on port(s): 8080 (http) with context path ''
2025-08-23 15:30:10.651 [main] INFO  com.alibaba.nacos.client.naming - initializer namespace from ans.namespace attribute : null
2025-08-23 15:30:10.652 [main] INFO  com.alibaba.nacos.client.naming - initializer namespace from ALIBABA_ALIWARE_NAMESPACE attribute :null
2025-08-23 15:30:10.652 [main] INFO  com.alibaba.nacos.client.naming - initializer namespace from namespace attribute :null
2025-08-23 15:30:10.660 [main] INFO  c.a.n.p.auth.spi.client.ClientAuthPluginManager - [ClientAuthPluginManager] Load ClientAuthService com.alibaba.nacos.client.auth.impl.NacosClientAuthServiceImpl success.
2025-08-23 15:30:10.660 [main] INFO  c.a.n.p.auth.spi.client.ClientAuthPluginManager - [ClientAuthPluginManager] Load ClientAuthService com.alibaba.nacos.client.auth.ram.RamClientAuthServiceImpl success.
2025-08-23 15:30:10.664 [main] INFO  com.alibaba.nacos.common.remote.client - [RpcClientFactory] create a new rpc client of a96add72-b62a-4cb6-91b0-672ac669fd39
2025-08-23 15:30:10.666 [main] INFO  com.alibaba.nacos.common.remote.client - [a96add72-b62a-4cb6-91b0-672ac669fd39] RpcClient init, ServerListFactory = com.alibaba.nacos.client.naming.core.ServerListManager
2025-08-23 15:30:10.666 [main] INFO  com.alibaba.nacos.common.remote.client - [a96add72-b62a-4cb6-91b0-672ac669fd39] Registry connection listener to current client:com.alibaba.nacos.client.naming.remote.gprc.redo.NamingGrpcRedoService
2025-08-23 15:30:10.666 [main] INFO  com.alibaba.nacos.common.remote.client - [a96add72-b62a-4cb6-91b0-672ac669fd39] Register server push request handler:com.alibaba.nacos.client.naming.remote.gprc.NamingPushRequestHandler
2025-08-23 15:30:10.666 [main] INFO  com.alibaba.nacos.common.remote.client - [a96add72-b62a-4cb6-91b0-672ac669fd39] Try to connect to server on start up, server: {serverIp = '47.236.36.111', server main port = 8848}
2025-08-23 15:30:10.667 [main] INFO  c.a.nacos.common.remote.client.grpc.GrpcClient - grpc client connection server:47.236.36.111 ip,serverPort:9848,grpcTslConfig:{"sslProvider":"OPENSSL","enableTls":false,"mutualAuthEnable":false,"trustAll":false}
2025-08-23 15:30:10.943 [main] INFO  com.alibaba.nacos.common.remote.client - [a96add72-b62a-4cb6-91b0-672ac669fd39] Success to connect to server [47.236.36.111:8848] on start up, connectionId = 1755934210741_112.94.129.71_1214
2025-08-23 15:30:10.943 [main] INFO  com.alibaba.nacos.common.remote.client - [a96add72-b62a-4cb6-91b0-672ac669fd39] Register server push request handler:com.alibaba.nacos.common.remote.client.RpcClient$ConnectResetRequestHandler
2025-08-23 15:30:10.943 [com.alibaba.nacos.client.remote.worker] INFO  com.alibaba.nacos.common.remote.client - [a96add72-b62a-4cb6-91b0-672ac669fd39] Notify connected event to listeners.
2025-08-23 15:30:10.944 [main] INFO  com.alibaba.nacos.common.remote.client - [a96add72-b62a-4cb6-91b0-672ac669fd39] Register server push request handler:com.alibaba.nacos.common.remote.client.RpcClient$$Lambda$610/0x0000014d174d8228
2025-08-23 15:30:10.944 [com.alibaba.nacos.client.remote.worker] INFO  com.alibaba.nacos.client.naming - Grpc connection connect
2025-08-23 15:30:10.945 [main] INFO  com.alibaba.nacos.client.naming - [REGISTER-SERVICE] xiaohongshu registering service xiaohongshu-auth with instance Instance{instanceId='null', ip='10.2.66.3', port=8080, weight=1.0, healthy=true, enabled=true, ephemeral=true, clusterName='DEFAULT', serviceName='null', metadata={IPv6=null, preserved.register.source=SPRING_CLOUD}}
2025-08-23 15:30:11.010 [main] INFO  c.a.cloud.nacos.registry.NacosServiceRegistry - nacos registry, DEFAULT_GROUP xiaohongshu-auth 10.2.66.3:8080 register finished
2025-08-23 15:30:11.213 [main] INFO  c.zry.xiaohongshu.auth.XiaohongshuAuthApplication - Started XiaohongshuAuthApplication in 6.553 seconds (process running for 7.255)
2025-08-23 15:30:11.217 [main] INFO  com.alibaba.nacos.client.config.impl.CacheData - nacos.cache.data.init.snapshot = true 
2025-08-23 15:30:11.218 [main] INFO  com.alibaba.nacos.client.config.impl.ClientWorker - [fixed-xiaohongshu-47.236.36.111_8848_] [subscribe] xiaohongshu-auth.yaml+DEFAULT_GROUP+xiaohongshu
2025-08-23 15:30:11.224 [main] INFO  com.alibaba.nacos.client.config.impl.CacheData - [fixed-xiaohongshu-47.236.36.111_8848_] [add-listener] ok, tenant=xiaohongshu, dataId=xiaohongshu-auth.yaml, group=DEFAULT_GROUP, cnt=1
2025-08-23 15:30:11.225 [main] INFO  c.a.cloud.nacos.refresh.NacosContextRefresher - [Nacos Config] Listening config: dataId=xiaohongshu-auth.yaml, group=DEFAULT_GROUP
2025-08-23 15:30:11.227 [main] INFO  com.alibaba.nacos.client.config.impl.ClientWorker - [fixed-xiaohongshu-47.236.36.111_8848_] [subscribe] xiaohongshu-auth-dev.yaml+DEFAULT_GROUP+xiaohongshu
2025-08-23 15:30:11.227 [main] INFO  com.alibaba.nacos.client.config.impl.CacheData - [fixed-xiaohongshu-47.236.36.111_8848_] [add-listener] ok, tenant=xiaohongshu, dataId=xiaohongshu-auth-dev.yaml, group=DEFAULT_GROUP, cnt=1
2025-08-23 15:30:11.227 [main] INFO  c.a.cloud.nacos.refresh.NacosContextRefresher - [Nacos Config] Listening config: dataId=xiaohongshu-auth-dev.yaml, group=DEFAULT_GROUP
2025-08-23 15:30:11.229 [main] INFO  com.alibaba.nacos.client.config.impl.ClientWorker - [fixed-xiaohongshu-47.236.36.111_8848_] [subscribe] xiaohongshu-auth+DEFAULT_GROUP+xiaohongshu
2025-08-23 15:30:11.229 [main] INFO  com.alibaba.nacos.client.config.impl.CacheData - [fixed-xiaohongshu-47.236.36.111_8848_] [add-listener] ok, tenant=xiaohongshu, dataId=xiaohongshu-auth, group=DEFAULT_GROUP, cnt=1
2025-08-23 15:30:11.229 [main] INFO  c.a.cloud.nacos.refresh.NacosContextRefresher - [Nacos Config] Listening config: dataId=xiaohongshu-auth, group=DEFAULT_GROUP
2025-08-23 15:30:18.692 [http-nio-8080-exec-1] INFO  o.a.c.core.ContainerBase.[Tomcat].[localhost].[/] - Initializing Spring DispatcherServlet 'dispatcherServlet'
2025-08-23 15:30:18.693 [http-nio-8080-exec-1] INFO  org.springframework.web.servlet.DispatcherServlet - Initializing Servlet 'dispatcherServlet'
2025-08-23 15:30:18.694 [http-nio-8080-exec-1] INFO  org.springframework.web.servlet.DispatcherServlet - Completed initialization in 1 ms
2025-08-23 15:30:18.700 [http-nio-8080-exec-1] INFO  c.z.f.b.context.filter.HeaderUserId2ContextFilter - ## HeaderUserId2ContextFilter, 用户 ID: null
2025-08-23 15:30:18.803 [http-nio-8080-exec-1] INFO  c.z.f.b.operationlog.aspect.ApiOperationLogAspect - ====== 请求开始: [用户登录], 入参: {"phone":"13068920712","code":null,"password":"123456","type":2}, 请求类: AuthController, 请求方法: loginAndRegister =================================== 
2025-08-23 15:30:18.895 [http-nio-8080-exec-1] INFO  com.alibaba.nacos.client.naming - [SUBSCRIBE-SERVICE] service:xiaohongshu-user, group:DEFAULT_GROUP, clusters: 
2025-08-23 15:30:19.040 [http-nio-8080-exec-1] INFO  com.alibaba.nacos.client.naming - init new ips(1) service: DEFAULT_GROUP@@xiaohongshu-user -> [{"ip":"10.2.66.3","port":8082,"weight":1.0,"healthy":true,"enabled":true,"ephemeral":true,"clusterName":"DEFAULT","serviceName":"DEFAULT_GROUP@@xiaohongshu-user","metadata":{"preserved.register.source":"SPRING_CLOUD"},"ipDeleteTimeout":30000,"instanceHeartBeatTimeOut":15000,"instanceHeartBeatInterval":5000}]
2025-08-23 15:30:19.042 [http-nio-8080-exec-1] INFO  com.alibaba.nacos.client.naming - current ips:(1) service: DEFAULT_GROUP@@xiaohongshu-user -> [{"ip":"10.2.66.3","port":8082,"weight":1.0,"healthy":true,"enabled":true,"ephemeral":true,"clusterName":"DEFAULT","serviceName":"DEFAULT_GROUP@@xiaohongshu-user","metadata":{"preserved.register.source":"SPRING_CLOUD"},"ipDeleteTimeout":30000,"instanceHeartBeatTimeOut":15000,"instanceHeartBeatInterval":5000}]
2025-08-23 15:30:19.640 [nacos-grpc-client-executor-47.236.36.111-9] INFO  com.alibaba.nacos.common.remote.client - [a96add72-b62a-4cb6-91b0-672ac669fd39] Receive server push request, request = NotifySubscriberRequest, requestId = 544
2025-08-23 15:30:19.640 [nacos-grpc-client-executor-47.236.36.111-9] INFO  com.alibaba.nacos.common.remote.client - [a96add72-b62a-4cb6-91b0-672ac669fd39] Ack server push request, request = NotifySubscriberRequest, requestId = 544
2025-08-23 15:30:21.039 [http-nio-8080-exec-1] INFO  c.z.f.b.operationlog.aspect.ApiOperationLogAspect - ====== 请求结束: [用户登录], 耗时: 2238ms, 出参: {"success":true,"message":null,"errorCode":null,"data":"MrX5T1UDqfePbJVTjNbm1jk2izO4MjLYOfkGGJHoeo2r3RPGrLDWXoloaWwDE1Ob9IJxRyVO80Hr0LMX2yqHxU43ig7H8Sc4us7SLV0Q2R7gFWFb8Q5ayGqc9X3N2epK"} =================================== 
2025-08-23 15:33:53.457 [http-nio-8080-exec-3] INFO  c.z.f.b.context.filter.HeaderUserId2ContextFilter - ## HeaderUserId2ContextFilter, 用户 ID: 2
2025-08-23 15:33:53.462 [http-nio-8080-exec-3] ERROR c.z.x.auth.exception.GlobalExceptionHandler - /password/update request error, 
org.springframework.web.HttpMediaTypeNotSupportedException: Content-Type 'text/plain;charset=UTF-8' is not supported
	at org.springframework.web.servlet.mvc.method.annotation.AbstractMessageConverterMethodArgumentResolver.readWithMessageConverters(AbstractMessageConverterMethodArgumentResolver.java:208)
	at org.springframework.web.servlet.mvc.method.annotation.RequestResponseBodyMethodProcessor.readWithMessageConverters(RequestResponseBodyMethodProcessor.java:163)
	at org.springframework.web.servlet.mvc.method.annotation.RequestResponseBodyMethodProcessor.resolveArgument(RequestResponseBodyMethodProcessor.java:136)
	at org.springframework.web.method.support.HandlerMethodArgumentResolverComposite.resolveArgument(HandlerMethodArgumentResolverComposite.java:122)
	at org.springframework.web.method.support.InvocableHandlerMethod.getMethodArgumentValues(InvocableHandlerMethod.java:181)
	at org.springframework.web.method.support.InvocableHandlerMethod.invokeForRequest(InvocableHandlerMethod.java:148)
	at org.springframework.web.servlet.mvc.method.annotation.ServletInvocableHandlerMethod.invokeAndHandle(ServletInvocableHandlerMethod.java:117)
	at org.springframework.web.servlet.mvc.method.annotation.RequestMappingHandlerAdapter.invokeHandlerMethod(RequestMappingHandlerAdapter.java:884)
	at org.springframework.web.servlet.mvc.method.annotation.RequestMappingHandlerAdapter.handleInternal(RequestMappingHandlerAdapter.java:797)
	at org.springframework.web.servlet.mvc.method.AbstractHandlerMethodAdapter.handle(AbstractHandlerMethodAdapter.java:87)
	at org.springframework.web.servlet.DispatcherServlet.doDispatch(DispatcherServlet.java:1080)
	at org.springframework.web.servlet.DispatcherServlet.doService(DispatcherServlet.java:973)
	at org.springframework.web.servlet.FrameworkServlet.processRequest(FrameworkServlet.java:1011)
	at org.springframework.web.servlet.FrameworkServlet.doPost(FrameworkServlet.java:914)
	at jakarta.servlet.http.HttpServlet.service(HttpServlet.java:547)
	at org.springframework.web.servlet.FrameworkServlet.service(FrameworkServlet.java:885)
	at jakarta.servlet.http.HttpServlet.service(HttpServlet.java:614)
	at org.apache.catalina.core.ApplicationFilterChain.internalDoFilter(ApplicationFilterChain.java:223)
	at org.apache.catalina.core.ApplicationFilterChain.doFilter(ApplicationFilterChain.java:158)
	at org.apache.tomcat.websocket.server.WsFilter.doFilter(WsFilter.java:53)
	at org.apache.catalina.core.ApplicationFilterChain.internalDoFilter(ApplicationFilterChain.java:185)
	at org.apache.catalina.core.ApplicationFilterChain.doFilter(ApplicationFilterChain.java:158)
	at com.zry.framework.biz.context.filter.HeaderUserId2ContextFilter.doFilterInternal(HeaderUserId2ContextFilter.java:33)
	at org.springframework.web.filter.OncePerRequestFilter.doFilter(OncePerRequestFilter.java:116)
	at org.apache.catalina.core.ApplicationFilterChain.internalDoFilter(ApplicationFilterChain.java:185)
	at org.apache.catalina.core.ApplicationFilterChain.doFilter(ApplicationFilterChain.java:158)
	at org.springframework.web.filter.RequestContextFilter.doFilterInternal(RequestContextFilter.java:100)
	at org.springframework.web.filter.OncePerRequestFilter.doFilter(OncePerRequestFilter.java:116)
	at org.apache.catalina.core.ApplicationFilterChain.internalDoFilter(ApplicationFilterChain.java:185)
	at org.apache.catalina.core.ApplicationFilterChain.doFilter(ApplicationFilterChain.java:158)
	at cn.dev33.satoken.filter.SaPathCheckFilterForJakartaServlet.doFilter(SaPathCheckFilterForJakartaServlet.java:55)
	at org.apache.catalina.core.ApplicationFilterChain.internalDoFilter(ApplicationFilterChain.java:185)
	at org.apache.catalina.core.ApplicationFilterChain.doFilter(ApplicationFilterChain.java:158)
	at org.springframework.web.filter.FormContentFilter.doFilterInternal(FormContentFilter.java:93)
	at org.springframework.web.filter.OncePerRequestFilter.doFilter(OncePerRequestFilter.java:116)
	at org.apache.catalina.core.ApplicationFilterChain.internalDoFilter(ApplicationFilterChain.java:185)
	at org.apache.catalina.core.ApplicationFilterChain.doFilter(ApplicationFilterChain.java:158)
	at org.springframework.web.filter.CharacterEncodingFilter.doFilterInternal(CharacterEncodingFilter.java:201)
	at org.springframework.web.filter.OncePerRequestFilter.doFilter(OncePerRequestFilter.java:116)
	at org.apache.catalina.core.ApplicationFilterChain.internalDoFilter(ApplicationFilterChain.java:185)
	at org.apache.catalina.core.ApplicationFilterChain.doFilter(ApplicationFilterChain.java:158)
	at org.apache.catalina.core.StandardWrapperValve.invoke(StandardWrapperValve.java:177)
	at org.apache.catalina.core.StandardContextValve.invoke(StandardContextValve.java:97)
	at org.apache.catalina.authenticator.AuthenticatorBase.invoke(AuthenticatorBase.java:542)
	at org.apache.catalina.core.StandardHostValve.invoke(StandardHostValve.java:119)
	at org.apache.catalina.valves.ErrorReportValve.invoke(ErrorReportValve.java:92)
	at org.apache.catalina.core.StandardEngineValve.invoke(StandardEngineValve.java:78)
	at org.apache.catalina.connector.CoyoteAdapter.service(CoyoteAdapter.java:357)
	at org.apache.coyote.http11.Http11Processor.service(Http11Processor.java:400)
	at org.apache.coyote.AbstractProcessorLight.process(AbstractProcessorLight.java:65)
	at org.apache.coyote.AbstractProtocol$ConnectionHandler.process(AbstractProtocol.java:859)
	at org.apache.tomcat.util.net.NioEndpoint$SocketProcessor.doRun(NioEndpoint.java:1734)
	at org.apache.tomcat.util.net.SocketProcessorBase.run(SocketProcessorBase.java:52)
	at org.apache.tomcat.util.threads.ThreadPoolExecutor.runWorker(ThreadPoolExecutor.java:1191)
	at org.apache.tomcat.util.threads.ThreadPoolExecutor$Worker.run(ThreadPoolExecutor.java:659)
	at org.apache.tomcat.util.threads.TaskThread$WrappingRunnable.run(TaskThread.java:61)
	at java.base/java.lang.Thread.run(Thread.java:842)
2025-08-23 15:33:53.468 [http-nio-8080-exec-3] INFO  c.z.f.b.context.filter.HeaderUserId2ContextFilter - ===== 删除 ThreadLocal， userId: 2
2025-08-23 15:35:01.458 [http-nio-8080-exec-5] INFO  c.z.f.b.context.filter.HeaderUserId2ContextFilter - ## HeaderUserId2ContextFilter, 用户 ID: 2
2025-08-23 15:35:01.460 [http-nio-8080-exec-5] ERROR c.z.x.auth.exception.GlobalExceptionHandler - /password/update request error, 
org.springframework.web.HttpMediaTypeNotSupportedException: Content-Type 'application/x-www-form-urlencoded;charset=UTF-8' is not supported
	at org.springframework.web.servlet.mvc.method.annotation.AbstractMessageConverterMethodArgumentResolver.readWithMessageConverters(AbstractMessageConverterMethodArgumentResolver.java:208)
	at org.springframework.web.servlet.mvc.method.annotation.RequestResponseBodyMethodProcessor.readWithMessageConverters(RequestResponseBodyMethodProcessor.java:163)
	at org.springframework.web.servlet.mvc.method.annotation.RequestResponseBodyMethodProcessor.resolveArgument(RequestResponseBodyMethodProcessor.java:136)
	at org.springframework.web.method.support.HandlerMethodArgumentResolverComposite.resolveArgument(HandlerMethodArgumentResolverComposite.java:122)
	at org.springframework.web.method.support.InvocableHandlerMethod.getMethodArgumentValues(InvocableHandlerMethod.java:181)
	at org.springframework.web.method.support.InvocableHandlerMethod.invokeForRequest(InvocableHandlerMethod.java:148)
	at org.springframework.web.servlet.mvc.method.annotation.ServletInvocableHandlerMethod.invokeAndHandle(ServletInvocableHandlerMethod.java:117)
	at org.springframework.web.servlet.mvc.method.annotation.RequestMappingHandlerAdapter.invokeHandlerMethod(RequestMappingHandlerAdapter.java:884)
	at org.springframework.web.servlet.mvc.method.annotation.RequestMappingHandlerAdapter.handleInternal(RequestMappingHandlerAdapter.java:797)
	at org.springframework.web.servlet.mvc.method.AbstractHandlerMethodAdapter.handle(AbstractHandlerMethodAdapter.java:87)
	at org.springframework.web.servlet.DispatcherServlet.doDispatch(DispatcherServlet.java:1080)
	at org.springframework.web.servlet.DispatcherServlet.doService(DispatcherServlet.java:973)
	at org.springframework.web.servlet.FrameworkServlet.processRequest(FrameworkServlet.java:1011)
	at org.springframework.web.servlet.FrameworkServlet.doPost(FrameworkServlet.java:914)
	at jakarta.servlet.http.HttpServlet.service(HttpServlet.java:547)
	at org.springframework.web.servlet.FrameworkServlet.service(FrameworkServlet.java:885)
	at jakarta.servlet.http.HttpServlet.service(HttpServlet.java:614)
	at org.apache.catalina.core.ApplicationFilterChain.internalDoFilter(ApplicationFilterChain.java:223)
	at org.apache.catalina.core.ApplicationFilterChain.doFilter(ApplicationFilterChain.java:158)
	at org.apache.tomcat.websocket.server.WsFilter.doFilter(WsFilter.java:53)
	at org.apache.catalina.core.ApplicationFilterChain.internalDoFilter(ApplicationFilterChain.java:185)
	at org.apache.catalina.core.ApplicationFilterChain.doFilter(ApplicationFilterChain.java:158)
	at com.zry.framework.biz.context.filter.HeaderUserId2ContextFilter.doFilterInternal(HeaderUserId2ContextFilter.java:33)
	at org.springframework.web.filter.OncePerRequestFilter.doFilter(OncePerRequestFilter.java:116)
	at org.apache.catalina.core.ApplicationFilterChain.internalDoFilter(ApplicationFilterChain.java:185)
	at org.apache.catalina.core.ApplicationFilterChain.doFilter(ApplicationFilterChain.java:158)
	at org.springframework.web.filter.RequestContextFilter.doFilterInternal(RequestContextFilter.java:100)
	at org.springframework.web.filter.OncePerRequestFilter.doFilter(OncePerRequestFilter.java:116)
	at org.apache.catalina.core.ApplicationFilterChain.internalDoFilter(ApplicationFilterChain.java:185)
	at org.apache.catalina.core.ApplicationFilterChain.doFilter(ApplicationFilterChain.java:158)
	at cn.dev33.satoken.filter.SaPathCheckFilterForJakartaServlet.doFilter(SaPathCheckFilterForJakartaServlet.java:55)
	at org.apache.catalina.core.ApplicationFilterChain.internalDoFilter(ApplicationFilterChain.java:185)
	at org.apache.catalina.core.ApplicationFilterChain.doFilter(ApplicationFilterChain.java:158)
	at org.springframework.web.filter.FormContentFilter.doFilterInternal(FormContentFilter.java:93)
	at org.springframework.web.filter.OncePerRequestFilter.doFilter(OncePerRequestFilter.java:116)
	at org.apache.catalina.core.ApplicationFilterChain.internalDoFilter(ApplicationFilterChain.java:185)
	at org.apache.catalina.core.ApplicationFilterChain.doFilter(ApplicationFilterChain.java:158)
	at org.springframework.web.filter.CharacterEncodingFilter.doFilterInternal(CharacterEncodingFilter.java:201)
	at org.springframework.web.filter.OncePerRequestFilter.doFilter(OncePerRequestFilter.java:116)
	at org.apache.catalina.core.ApplicationFilterChain.internalDoFilter(ApplicationFilterChain.java:185)
	at org.apache.catalina.core.ApplicationFilterChain.doFilter(ApplicationFilterChain.java:158)
	at org.apache.catalina.core.StandardWrapperValve.invoke(StandardWrapperValve.java:177)
	at org.apache.catalina.core.StandardContextValve.invoke(StandardContextValve.java:97)
	at org.apache.catalina.authenticator.AuthenticatorBase.invoke(AuthenticatorBase.java:542)
	at org.apache.catalina.core.StandardHostValve.invoke(StandardHostValve.java:119)
	at org.apache.catalina.valves.ErrorReportValve.invoke(ErrorReportValve.java:92)
	at org.apache.catalina.core.StandardEngineValve.invoke(StandardEngineValve.java:78)
	at org.apache.catalina.connector.CoyoteAdapter.service(CoyoteAdapter.java:357)
	at org.apache.coyote.http11.Http11Processor.service(Http11Processor.java:400)
	at org.apache.coyote.AbstractProcessorLight.process(AbstractProcessorLight.java:65)
	at org.apache.coyote.AbstractProtocol$ConnectionHandler.process(AbstractProtocol.java:859)
	at org.apache.tomcat.util.net.NioEndpoint$SocketProcessor.doRun(NioEndpoint.java:1734)
	at org.apache.tomcat.util.net.SocketProcessorBase.run(SocketProcessorBase.java:52)
	at org.apache.tomcat.util.threads.ThreadPoolExecutor.runWorker(ThreadPoolExecutor.java:1191)
	at org.apache.tomcat.util.threads.ThreadPoolExecutor$Worker.run(ThreadPoolExecutor.java:659)
	at org.apache.tomcat.util.threads.TaskThread$WrappingRunnable.run(TaskThread.java:61)
	at java.base/java.lang.Thread.run(Thread.java:842)
2025-08-23 15:35:01.461 [http-nio-8080-exec-5] INFO  c.z.f.b.context.filter.HeaderUserId2ContextFilter - ===== 删除 ThreadLocal， userId: 2
2025-08-23 15:35:51.856 [http-nio-8080-exec-6] INFO  c.z.f.b.context.filter.HeaderUserId2ContextFilter - ## HeaderUserId2ContextFilter, 用户 ID: 2
2025-08-23 15:35:51.858 [http-nio-8080-exec-6] ERROR c.z.x.auth.exception.GlobalExceptionHandler - /password/update request error, 
org.springframework.web.HttpMediaTypeNotSupportedException: Content-Type 'application/x-www-form-urlencoded;charset=UTF-8' is not supported
	at org.springframework.web.servlet.mvc.method.annotation.AbstractMessageConverterMethodArgumentResolver.readWithMessageConverters(AbstractMessageConverterMethodArgumentResolver.java:208)
	at org.springframework.web.servlet.mvc.method.annotation.RequestResponseBodyMethodProcessor.readWithMessageConverters(RequestResponseBodyMethodProcessor.java:163)
	at org.springframework.web.servlet.mvc.method.annotation.RequestResponseBodyMethodProcessor.resolveArgument(RequestResponseBodyMethodProcessor.java:136)
	at org.springframework.web.method.support.HandlerMethodArgumentResolverComposite.resolveArgument(HandlerMethodArgumentResolverComposite.java:122)
	at org.springframework.web.method.support.InvocableHandlerMethod.getMethodArgumentValues(InvocableHandlerMethod.java:181)
	at org.springframework.web.method.support.InvocableHandlerMethod.invokeForRequest(InvocableHandlerMethod.java:148)
	at org.springframework.web.servlet.mvc.method.annotation.ServletInvocableHandlerMethod.invokeAndHandle(ServletInvocableHandlerMethod.java:117)
	at org.springframework.web.servlet.mvc.method.annotation.RequestMappingHandlerAdapter.invokeHandlerMethod(RequestMappingHandlerAdapter.java:884)
	at org.springframework.web.servlet.mvc.method.annotation.RequestMappingHandlerAdapter.handleInternal(RequestMappingHandlerAdapter.java:797)
	at org.springframework.web.servlet.mvc.method.AbstractHandlerMethodAdapter.handle(AbstractHandlerMethodAdapter.java:87)
	at org.springframework.web.servlet.DispatcherServlet.doDispatch(DispatcherServlet.java:1080)
	at org.springframework.web.servlet.DispatcherServlet.doService(DispatcherServlet.java:973)
	at org.springframework.web.servlet.FrameworkServlet.processRequest(FrameworkServlet.java:1011)
	at org.springframework.web.servlet.FrameworkServlet.doPost(FrameworkServlet.java:914)
	at jakarta.servlet.http.HttpServlet.service(HttpServlet.java:547)
	at org.springframework.web.servlet.FrameworkServlet.service(FrameworkServlet.java:885)
	at jakarta.servlet.http.HttpServlet.service(HttpServlet.java:614)
	at org.apache.catalina.core.ApplicationFilterChain.internalDoFilter(ApplicationFilterChain.java:223)
	at org.apache.catalina.core.ApplicationFilterChain.doFilter(ApplicationFilterChain.java:158)
	at org.apache.tomcat.websocket.server.WsFilter.doFilter(WsFilter.java:53)
	at org.apache.catalina.core.ApplicationFilterChain.internalDoFilter(ApplicationFilterChain.java:185)
	at org.apache.catalina.core.ApplicationFilterChain.doFilter(ApplicationFilterChain.java:158)
	at com.zry.framework.biz.context.filter.HeaderUserId2ContextFilter.doFilterInternal(HeaderUserId2ContextFilter.java:33)
	at org.springframework.web.filter.OncePerRequestFilter.doFilter(OncePerRequestFilter.java:116)
	at org.apache.catalina.core.ApplicationFilterChain.internalDoFilter(ApplicationFilterChain.java:185)
	at org.apache.catalina.core.ApplicationFilterChain.doFilter(ApplicationFilterChain.java:158)
	at org.springframework.web.filter.RequestContextFilter.doFilterInternal(RequestContextFilter.java:100)
	at org.springframework.web.filter.OncePerRequestFilter.doFilter(OncePerRequestFilter.java:116)
	at org.apache.catalina.core.ApplicationFilterChain.internalDoFilter(ApplicationFilterChain.java:185)
	at org.apache.catalina.core.ApplicationFilterChain.doFilter(ApplicationFilterChain.java:158)
	at cn.dev33.satoken.filter.SaPathCheckFilterForJakartaServlet.doFilter(SaPathCheckFilterForJakartaServlet.java:55)
	at org.apache.catalina.core.ApplicationFilterChain.internalDoFilter(ApplicationFilterChain.java:185)
	at org.apache.catalina.core.ApplicationFilterChain.doFilter(ApplicationFilterChain.java:158)
	at org.springframework.web.filter.FormContentFilter.doFilterInternal(FormContentFilter.java:93)
	at org.springframework.web.filter.OncePerRequestFilter.doFilter(OncePerRequestFilter.java:116)
	at org.apache.catalina.core.ApplicationFilterChain.internalDoFilter(ApplicationFilterChain.java:185)
	at org.apache.catalina.core.ApplicationFilterChain.doFilter(ApplicationFilterChain.java:158)
	at org.springframework.web.filter.CharacterEncodingFilter.doFilterInternal(CharacterEncodingFilter.java:201)
	at org.springframework.web.filter.OncePerRequestFilter.doFilter(OncePerRequestFilter.java:116)
	at org.apache.catalina.core.ApplicationFilterChain.internalDoFilter(ApplicationFilterChain.java:185)
	at org.apache.catalina.core.ApplicationFilterChain.doFilter(ApplicationFilterChain.java:158)
	at org.apache.catalina.core.StandardWrapperValve.invoke(StandardWrapperValve.java:177)
	at org.apache.catalina.core.StandardContextValve.invoke(StandardContextValve.java:97)
	at org.apache.catalina.authenticator.AuthenticatorBase.invoke(AuthenticatorBase.java:542)
	at org.apache.catalina.core.StandardHostValve.invoke(StandardHostValve.java:119)
	at org.apache.catalina.valves.ErrorReportValve.invoke(ErrorReportValve.java:92)
	at org.apache.catalina.core.StandardEngineValve.invoke(StandardEngineValve.java:78)
	at org.apache.catalina.connector.CoyoteAdapter.service(CoyoteAdapter.java:357)
	at org.apache.coyote.http11.Http11Processor.service(Http11Processor.java:400)
	at org.apache.coyote.AbstractProcessorLight.process(AbstractProcessorLight.java:65)
	at org.apache.coyote.AbstractProtocol$ConnectionHandler.process(AbstractProtocol.java:859)
	at org.apache.tomcat.util.net.NioEndpoint$SocketProcessor.doRun(NioEndpoint.java:1734)
	at org.apache.tomcat.util.net.SocketProcessorBase.run(SocketProcessorBase.java:52)
	at org.apache.tomcat.util.threads.ThreadPoolExecutor.runWorker(ThreadPoolExecutor.java:1191)
	at org.apache.tomcat.util.threads.ThreadPoolExecutor$Worker.run(ThreadPoolExecutor.java:659)
	at org.apache.tomcat.util.threads.TaskThread$WrappingRunnable.run(TaskThread.java:61)
	at java.base/java.lang.Thread.run(Thread.java:842)
2025-08-23 15:35:51.864 [http-nio-8080-exec-6] INFO  c.z.f.b.context.filter.HeaderUserId2ContextFilter - ===== 删除 ThreadLocal， userId: 2
2025-08-23 15:37:34.362 [http-nio-8080-exec-8] INFO  c.z.f.b.context.filter.HeaderUserId2ContextFilter - ## HeaderUserId2ContextFilter, 用户 ID: 2
2025-08-23 15:37:34.373 [http-nio-8080-exec-8] INFO  c.z.f.b.operationlog.aspect.ApiOperationLogAspect - ====== 请求开始: [修改密码], 入参: {"newPassword":"123456"}, 请求类: AuthController, 请求方法: updatePassword =================================== 
2025-08-23 15:37:34.489 [http-nio-8080-exec-8] INFO  c.z.f.b.c.interceptor.FeignRequestInterceptor - ==> feign请求设置请求头 userId: 2
2025-08-23 15:37:34.550 [http-nio-8080-exec-8] ERROR c.z.x.auth.exception.GlobalExceptionHandler - /password/update request error, 
feign.FeignException$NotFound: [404] during [POST] to [http://xiaohongshu-user/user/password/update] [UserFeignApi#updatePassword(UpdateUserPasswordReqDTO)]: [{"timestamp":1755934654529,"status":404,"error":"Not Found","path":"/user/password/update"}]
	at feign.FeignException.clientErrorStatus(FeignException.java:228)
	at feign.FeignException.errorStatus(FeignException.java:203)
	at feign.FeignException.errorStatus(FeignException.java:194)
	at feign.FeignException.errorStatus(FeignException.java:171)
	at feign.codec.ErrorDecoder$Default.decode(ErrorDecoder.java:92)
	at feign.ResponseHandler.decodeError(ResponseHandler.java:136)
	at feign.ResponseHandler.handleResponse(ResponseHandler.java:70)
	at feign.SynchronousMethodHandler.executeAndDecode(SynchronousMethodHandler.java:116)
	at feign.SynchronousMethodHandler.invoke(SynchronousMethodHandler.java:72)
	at feign.ReflectiveFeign$FeignInvocationHandler.invoke(ReflectiveFeign.java:98)
	at jdk.proxy2/jdk.proxy2.$Proxy95.updatePassword(Unknown Source)
	at com.zry.xiaohongshu.auth.rpc.UserRpcService.updatePassword(UserRpcService.java:40)
	at com.zry.xiaohongshu.auth.service.impl.AuthServiceImpl.updatePassword(AuthServiceImpl.java:115)
	at com.zry.xiaohongshu.auth.controller.AuthController.updatePassword(AuthController.java:34)
	at java.base/jdk.internal.reflect.NativeMethodAccessorImpl.invoke0(Native Method)
	at java.base/jdk.internal.reflect.NativeMethodAccessorImpl.invoke(NativeMethodAccessorImpl.java:77)
	at java.base/jdk.internal.reflect.DelegatingMethodAccessorImpl.invoke(DelegatingMethodAccessorImpl.java:43)
	at java.base/java.lang.reflect.Method.invoke(Method.java:568)
	at org.springframework.aop.support.AopUtils.invokeJoinpointUsingReflection(AopUtils.java:343)
	at org.springframework.aop.framework.ReflectiveMethodInvocation.invokeJoinpoint(ReflectiveMethodInvocation.java:196)
	at org.springframework.aop.framework.ReflectiveMethodInvocation.proceed(ReflectiveMethodInvocation.java:163)
	at org.springframework.aop.framework.CglibAopProxy$CglibMethodInvocation.proceed(CglibAopProxy.java:752)
	at org.springframework.aop.aspectj.MethodInvocationProceedingJoinPoint.proceed(MethodInvocationProceedingJoinPoint.java:89)
	at com.zry.framework.biz.operationlog.aspect.ApiOperationLogAspect.doAround(ApiOperationLogAspect.java:50)
	at java.base/jdk.internal.reflect.NativeMethodAccessorImpl.invoke0(Native Method)
	at java.base/jdk.internal.reflect.NativeMethodAccessorImpl.invoke(NativeMethodAccessorImpl.java:77)
	at java.base/jdk.internal.reflect.DelegatingMethodAccessorImpl.invoke(DelegatingMethodAccessorImpl.java:43)
	at java.base/java.lang.reflect.Method.invoke(Method.java:568)
	at org.springframework.aop.aspectj.AbstractAspectJAdvice.invokeAdviceMethodWithGivenArgs(AbstractAspectJAdvice.java:633)
	at org.springframework.aop.aspectj.AbstractAspectJAdvice.invokeAdviceMethod(AbstractAspectJAdvice.java:623)
	at org.springframework.aop.aspectj.AspectJAroundAdvice.invoke(AspectJAroundAdvice.java:71)
	at org.springframework.aop.framework.ReflectiveMethodInvocation.proceed(ReflectiveMethodInvocation.java:173)
	at org.springframework.aop.framework.CglibAopProxy$CglibMethodInvocation.proceed(CglibAopProxy.java:752)
	at org.springframework.aop.interceptor.ExposeInvocationInterceptor.invoke(ExposeInvocationInterceptor.java:97)
	at org.springframework.aop.framework.ReflectiveMethodInvocation.proceed(ReflectiveMethodInvocation.java:184)
	at org.springframework.aop.framework.CglibAopProxy$CglibMethodInvocation.proceed(CglibAopProxy.java:752)
	at org.springframework.aop.framework.CglibAopProxy$DynamicAdvisedInterceptor.intercept(CglibAopProxy.java:703)
	at com.zry.xiaohongshu.auth.controller.AuthController$$SpringCGLIB$$0.updatePassword(<generated>)
	at java.base/jdk.internal.reflect.NativeMethodAccessorImpl.invoke0(Native Method)
	at java.base/jdk.internal.reflect.NativeMethodAccessorImpl.invoke(NativeMethodAccessorImpl.java:77)
	at java.base/jdk.internal.reflect.DelegatingMethodAccessorImpl.invoke(DelegatingMethodAccessorImpl.java:43)
	at java.base/java.lang.reflect.Method.invoke(Method.java:568)
	at org.springframework.web.method.support.InvocableHandlerMethod.doInvoke(InvocableHandlerMethod.java:207)
	at org.springframework.web.method.support.InvocableHandlerMethod.invokeForRequest(InvocableHandlerMethod.java:152)
	at org.springframework.web.servlet.mvc.method.annotation.ServletInvocableHandlerMethod.invokeAndHandle(ServletInvocableHandlerMethod.java:117)
	at org.springframework.web.servlet.mvc.method.annotation.RequestMappingHandlerAdapter.invokeHandlerMethod(RequestMappingHandlerAdapter.java:884)
	at org.springframework.web.servlet.mvc.method.annotation.RequestMappingHandlerAdapter.handleInternal(RequestMappingHandlerAdapter.java:797)
	at org.springframework.web.servlet.mvc.method.AbstractHandlerMethodAdapter.handle(AbstractHandlerMethodAdapter.java:87)
	at org.springframework.web.servlet.DispatcherServlet.doDispatch(DispatcherServlet.java:1080)
	at org.springframework.web.servlet.DispatcherServlet.doService(DispatcherServlet.java:973)
	at org.springframework.web.servlet.FrameworkServlet.processRequest(FrameworkServlet.java:1011)
	at org.springframework.web.servlet.FrameworkServlet.doPost(FrameworkServlet.java:914)
	at jakarta.servlet.http.HttpServlet.service(HttpServlet.java:547)
	at org.springframework.web.servlet.FrameworkServlet.service(FrameworkServlet.java:885)
	at jakarta.servlet.http.HttpServlet.service(HttpServlet.java:614)
	at org.apache.catalina.core.ApplicationFilterChain.internalDoFilter(ApplicationFilterChain.java:223)
	at org.apache.catalina.core.ApplicationFilterChain.doFilter(ApplicationFilterChain.java:158)
	at org.apache.tomcat.websocket.server.WsFilter.doFilter(WsFilter.java:53)
	at org.apache.catalina.core.ApplicationFilterChain.internalDoFilter(ApplicationFilterChain.java:185)
	at org.apache.catalina.core.ApplicationFilterChain.doFilter(ApplicationFilterChain.java:158)
	at com.zry.framework.biz.context.filter.HeaderUserId2ContextFilter.doFilterInternal(HeaderUserId2ContextFilter.java:33)
	at org.springframework.web.filter.OncePerRequestFilter.doFilter(OncePerRequestFilter.java:116)
	at org.apache.catalina.core.ApplicationFilterChain.internalDoFilter(ApplicationFilterChain.java:185)
	at org.apache.catalina.core.ApplicationFilterChain.doFilter(ApplicationFilterChain.java:158)
	at org.springframework.web.filter.RequestContextFilter.doFilterInternal(RequestContextFilter.java:100)
	at org.springframework.web.filter.OncePerRequestFilter.doFilter(OncePerRequestFilter.java:116)
	at org.apache.catalina.core.ApplicationFilterChain.internalDoFilter(ApplicationFilterChain.java:185)
	at org.apache.catalina.core.ApplicationFilterChain.doFilter(ApplicationFilterChain.java:158)
	at cn.dev33.satoken.filter.SaPathCheckFilterForJakartaServlet.doFilter(SaPathCheckFilterForJakartaServlet.java:55)
	at org.apache.catalina.core.ApplicationFilterChain.internalDoFilter(ApplicationFilterChain.java:185)
	at org.apache.catalina.core.ApplicationFilterChain.doFilter(ApplicationFilterChain.java:158)
	at org.springframework.web.filter.FormContentFilter.doFilterInternal(FormContentFilter.java:93)
	at org.springframework.web.filter.OncePerRequestFilter.doFilter(OncePerRequestFilter.java:116)
	at org.apache.catalina.core.ApplicationFilterChain.internalDoFilter(ApplicationFilterChain.java:185)
	at org.apache.catalina.core.ApplicationFilterChain.doFilter(ApplicationFilterChain.java:158)
	at org.springframework.web.filter.CharacterEncodingFilter.doFilterInternal(CharacterEncodingFilter.java:201)
	at org.springframework.web.filter.OncePerRequestFilter.doFilter(OncePerRequestFilter.java:116)
	at org.apache.catalina.core.ApplicationFilterChain.internalDoFilter(ApplicationFilterChain.java:185)
	at org.apache.catalina.core.ApplicationFilterChain.doFilter(ApplicationFilterChain.java:158)
	at org.apache.catalina.core.StandardWrapperValve.invoke(StandardWrapperValve.java:177)
	at org.apache.catalina.core.StandardContextValve.invoke(StandardContextValve.java:97)
	at org.apache.catalina.authenticator.AuthenticatorBase.invoke(AuthenticatorBase.java:542)
	at org.apache.catalina.core.StandardHostValve.invoke(StandardHostValve.java:119)
	at org.apache.catalina.valves.ErrorReportValve.invoke(ErrorReportValve.java:92)
	at org.apache.catalina.core.StandardEngineValve.invoke(StandardEngineValve.java:78)
	at org.apache.catalina.connector.CoyoteAdapter.service(CoyoteAdapter.java:357)
	at org.apache.coyote.http11.Http11Processor.service(Http11Processor.java:400)
	at org.apache.coyote.AbstractProcessorLight.process(AbstractProcessorLight.java:65)
	at org.apache.coyote.AbstractProtocol$ConnectionHandler.process(AbstractProtocol.java:859)
	at org.apache.tomcat.util.net.NioEndpoint$SocketProcessor.doRun(NioEndpoint.java:1734)
	at org.apache.tomcat.util.net.SocketProcessorBase.run(SocketProcessorBase.java:52)
	at org.apache.tomcat.util.threads.ThreadPoolExecutor.runWorker(ThreadPoolExecutor.java:1191)
	at org.apache.tomcat.util.threads.ThreadPoolExecutor$Worker.run(ThreadPoolExecutor.java:659)
	at org.apache.tomcat.util.threads.TaskThread$WrappingRunnable.run(TaskThread.java:61)
	at java.base/java.lang.Thread.run(Thread.java:842)
2025-08-23 15:37:34.552 [http-nio-8080-exec-8] INFO  c.z.f.b.context.filter.HeaderUserId2ContextFilter - ===== 删除 ThreadLocal， userId: 2
2025-08-23 15:37:36.404 [http-nio-8080-exec-10] INFO  c.z.f.b.context.filter.HeaderUserId2ContextFilter - ## HeaderUserId2ContextFilter, 用户 ID: 2
2025-08-23 15:37:36.405 [http-nio-8080-exec-10] INFO  c.z.f.b.operationlog.aspect.ApiOperationLogAspect - ====== 请求开始: [修改密码], 入参: {"newPassword":"123456"}, 请求类: AuthController, 请求方法: updatePassword =================================== 
2025-08-23 15:37:36.494 [http-nio-8080-exec-10] INFO  c.z.f.b.c.interceptor.FeignRequestInterceptor - ==> feign请求设置请求头 userId: 2
2025-08-23 15:37:36.514 [http-nio-8080-exec-10] ERROR c.z.x.auth.exception.GlobalExceptionHandler - /password/update request error, 
feign.FeignException$NotFound: [404] during [POST] to [http://xiaohongshu-user/user/password/update] [UserFeignApi#updatePassword(UpdateUserPasswordReqDTO)]: [{"timestamp":1755934656512,"status":404,"error":"Not Found","path":"/user/password/update"}]
	at feign.FeignException.clientErrorStatus(FeignException.java:228)
	at feign.FeignException.errorStatus(FeignException.java:203)
	at feign.FeignException.errorStatus(FeignException.java:194)
	at feign.FeignException.errorStatus(FeignException.java:171)
	at feign.codec.ErrorDecoder$Default.decode(ErrorDecoder.java:92)
	at feign.ResponseHandler.decodeError(ResponseHandler.java:136)
	at feign.ResponseHandler.handleResponse(ResponseHandler.java:70)
	at feign.SynchronousMethodHandler.executeAndDecode(SynchronousMethodHandler.java:116)
	at feign.SynchronousMethodHandler.invoke(SynchronousMethodHandler.java:72)
	at feign.ReflectiveFeign$FeignInvocationHandler.invoke(ReflectiveFeign.java:98)
	at jdk.proxy2/jdk.proxy2.$Proxy95.updatePassword(Unknown Source)
	at com.zry.xiaohongshu.auth.rpc.UserRpcService.updatePassword(UserRpcService.java:40)
	at com.zry.xiaohongshu.auth.service.impl.AuthServiceImpl.updatePassword(AuthServiceImpl.java:115)
	at com.zry.xiaohongshu.auth.controller.AuthController.updatePassword(AuthController.java:34)
	at java.base/jdk.internal.reflect.NativeMethodAccessorImpl.invoke0(Native Method)
	at java.base/jdk.internal.reflect.NativeMethodAccessorImpl.invoke(NativeMethodAccessorImpl.java:77)
	at java.base/jdk.internal.reflect.DelegatingMethodAccessorImpl.invoke(DelegatingMethodAccessorImpl.java:43)
	at java.base/java.lang.reflect.Method.invoke(Method.java:568)
	at org.springframework.aop.support.AopUtils.invokeJoinpointUsingReflection(AopUtils.java:343)
	at org.springframework.aop.framework.ReflectiveMethodInvocation.invokeJoinpoint(ReflectiveMethodInvocation.java:196)
	at org.springframework.aop.framework.ReflectiveMethodInvocation.proceed(ReflectiveMethodInvocation.java:163)
	at org.springframework.aop.framework.CglibAopProxy$CglibMethodInvocation.proceed(CglibAopProxy.java:752)
	at org.springframework.aop.aspectj.MethodInvocationProceedingJoinPoint.proceed(MethodInvocationProceedingJoinPoint.java:89)
	at com.zry.framework.biz.operationlog.aspect.ApiOperationLogAspect.doAround(ApiOperationLogAspect.java:50)
	at java.base/jdk.internal.reflect.NativeMethodAccessorImpl.invoke0(Native Method)
	at java.base/jdk.internal.reflect.NativeMethodAccessorImpl.invoke(NativeMethodAccessorImpl.java:77)
	at java.base/jdk.internal.reflect.DelegatingMethodAccessorImpl.invoke(DelegatingMethodAccessorImpl.java:43)
	at java.base/java.lang.reflect.Method.invoke(Method.java:568)
	at org.springframework.aop.aspectj.AbstractAspectJAdvice.invokeAdviceMethodWithGivenArgs(AbstractAspectJAdvice.java:633)
	at org.springframework.aop.aspectj.AbstractAspectJAdvice.invokeAdviceMethod(AbstractAspectJAdvice.java:623)
	at org.springframework.aop.aspectj.AspectJAroundAdvice.invoke(AspectJAroundAdvice.java:71)
	at org.springframework.aop.framework.ReflectiveMethodInvocation.proceed(ReflectiveMethodInvocation.java:173)
	at org.springframework.aop.framework.CglibAopProxy$CglibMethodInvocation.proceed(CglibAopProxy.java:752)
	at org.springframework.aop.interceptor.ExposeInvocationInterceptor.invoke(ExposeInvocationInterceptor.java:97)
	at org.springframework.aop.framework.ReflectiveMethodInvocation.proceed(ReflectiveMethodInvocation.java:184)
	at org.springframework.aop.framework.CglibAopProxy$CglibMethodInvocation.proceed(CglibAopProxy.java:752)
	at org.springframework.aop.framework.CglibAopProxy$DynamicAdvisedInterceptor.intercept(CglibAopProxy.java:703)
	at com.zry.xiaohongshu.auth.controller.AuthController$$SpringCGLIB$$0.updatePassword(<generated>)
	at java.base/jdk.internal.reflect.NativeMethodAccessorImpl.invoke0(Native Method)
	at java.base/jdk.internal.reflect.NativeMethodAccessorImpl.invoke(NativeMethodAccessorImpl.java:77)
	at java.base/jdk.internal.reflect.DelegatingMethodAccessorImpl.invoke(DelegatingMethodAccessorImpl.java:43)
	at java.base/java.lang.reflect.Method.invoke(Method.java:568)
	at org.springframework.web.method.support.InvocableHandlerMethod.doInvoke(InvocableHandlerMethod.java:207)
	at org.springframework.web.method.support.InvocableHandlerMethod.invokeForRequest(InvocableHandlerMethod.java:152)
	at org.springframework.web.servlet.mvc.method.annotation.ServletInvocableHandlerMethod.invokeAndHandle(ServletInvocableHandlerMethod.java:117)
	at org.springframework.web.servlet.mvc.method.annotation.RequestMappingHandlerAdapter.invokeHandlerMethod(RequestMappingHandlerAdapter.java:884)
	at org.springframework.web.servlet.mvc.method.annotation.RequestMappingHandlerAdapter.handleInternal(RequestMappingHandlerAdapter.java:797)
	at org.springframework.web.servlet.mvc.method.AbstractHandlerMethodAdapter.handle(AbstractHandlerMethodAdapter.java:87)
	at org.springframework.web.servlet.DispatcherServlet.doDispatch(DispatcherServlet.java:1080)
	at org.springframework.web.servlet.DispatcherServlet.doService(DispatcherServlet.java:973)
	at org.springframework.web.servlet.FrameworkServlet.processRequest(FrameworkServlet.java:1011)
	at org.springframework.web.servlet.FrameworkServlet.doPost(FrameworkServlet.java:914)
	at jakarta.servlet.http.HttpServlet.service(HttpServlet.java:547)
	at org.springframework.web.servlet.FrameworkServlet.service(FrameworkServlet.java:885)
	at jakarta.servlet.http.HttpServlet.service(HttpServlet.java:614)
	at org.apache.catalina.core.ApplicationFilterChain.internalDoFilter(ApplicationFilterChain.java:223)
	at org.apache.catalina.core.ApplicationFilterChain.doFilter(ApplicationFilterChain.java:158)
	at org.apache.tomcat.websocket.server.WsFilter.doFilter(WsFilter.java:53)
	at org.apache.catalina.core.ApplicationFilterChain.internalDoFilter(ApplicationFilterChain.java:185)
	at org.apache.catalina.core.ApplicationFilterChain.doFilter(ApplicationFilterChain.java:158)
	at com.zry.framework.biz.context.filter.HeaderUserId2ContextFilter.doFilterInternal(HeaderUserId2ContextFilter.java:33)
	at org.springframework.web.filter.OncePerRequestFilter.doFilter(OncePerRequestFilter.java:116)
	at org.apache.catalina.core.ApplicationFilterChain.internalDoFilter(ApplicationFilterChain.java:185)
	at org.apache.catalina.core.ApplicationFilterChain.doFilter(ApplicationFilterChain.java:158)
	at org.springframework.web.filter.RequestContextFilter.doFilterInternal(RequestContextFilter.java:100)
	at org.springframework.web.filter.OncePerRequestFilter.doFilter(OncePerRequestFilter.java:116)
	at org.apache.catalina.core.ApplicationFilterChain.internalDoFilter(ApplicationFilterChain.java:185)
	at org.apache.catalina.core.ApplicationFilterChain.doFilter(ApplicationFilterChain.java:158)
	at cn.dev33.satoken.filter.SaPathCheckFilterForJakartaServlet.doFilter(SaPathCheckFilterForJakartaServlet.java:55)
	at org.apache.catalina.core.ApplicationFilterChain.internalDoFilter(ApplicationFilterChain.java:185)
	at org.apache.catalina.core.ApplicationFilterChain.doFilter(ApplicationFilterChain.java:158)
	at org.springframework.web.filter.FormContentFilter.doFilterInternal(FormContentFilter.java:93)
	at org.springframework.web.filter.OncePerRequestFilter.doFilter(OncePerRequestFilter.java:116)
	at org.apache.catalina.core.ApplicationFilterChain.internalDoFilter(ApplicationFilterChain.java:185)
	at org.apache.catalina.core.ApplicationFilterChain.doFilter(ApplicationFilterChain.java:158)
	at org.springframework.web.filter.CharacterEncodingFilter.doFilterInternal(CharacterEncodingFilter.java:201)
	at org.springframework.web.filter.OncePerRequestFilter.doFilter(OncePerRequestFilter.java:116)
	at org.apache.catalina.core.ApplicationFilterChain.internalDoFilter(ApplicationFilterChain.java:185)
	at org.apache.catalina.core.ApplicationFilterChain.doFilter(ApplicationFilterChain.java:158)
	at org.apache.catalina.core.StandardWrapperValve.invoke(StandardWrapperValve.java:177)
	at org.apache.catalina.core.StandardContextValve.invoke(StandardContextValve.java:97)
	at org.apache.catalina.authenticator.AuthenticatorBase.invoke(AuthenticatorBase.java:542)
	at org.apache.catalina.core.StandardHostValve.invoke(StandardHostValve.java:119)
	at org.apache.catalina.valves.ErrorReportValve.invoke(ErrorReportValve.java:92)
	at org.apache.catalina.core.StandardEngineValve.invoke(StandardEngineValve.java:78)
	at org.apache.catalina.connector.CoyoteAdapter.service(CoyoteAdapter.java:357)
	at org.apache.coyote.http11.Http11Processor.service(Http11Processor.java:400)
	at org.apache.coyote.AbstractProcessorLight.process(AbstractProcessorLight.java:65)
	at org.apache.coyote.AbstractProtocol$ConnectionHandler.process(AbstractProtocol.java:859)
	at org.apache.tomcat.util.net.NioEndpoint$SocketProcessor.doRun(NioEndpoint.java:1734)
	at org.apache.tomcat.util.net.SocketProcessorBase.run(SocketProcessorBase.java:52)
	at org.apache.tomcat.util.threads.ThreadPoolExecutor.runWorker(ThreadPoolExecutor.java:1191)
	at org.apache.tomcat.util.threads.ThreadPoolExecutor$Worker.run(ThreadPoolExecutor.java:659)
	at org.apache.tomcat.util.threads.TaskThread$WrappingRunnable.run(TaskThread.java:61)
	at java.base/java.lang.Thread.run(Thread.java:842)
2025-08-23 15:37:36.515 [http-nio-8080-exec-10] INFO  c.z.f.b.context.filter.HeaderUserId2ContextFilter - ===== 删除 ThreadLocal， userId: 2
2025-08-23 15:37:56.378 [http-nio-8080-exec-4] INFO  c.z.f.b.context.filter.HeaderUserId2ContextFilter - ## HeaderUserId2ContextFilter, 用户 ID: 2
2025-08-23 15:37:56.380 [http-nio-8080-exec-4] INFO  c.z.f.b.operationlog.aspect.ApiOperationLogAspect - ====== 请求开始: [修改密码], 入参: {"newPassword":"123456"}, 请求类: AuthController, 请求方法: updatePassword =================================== 
2025-08-23 15:37:56.461 [http-nio-8080-exec-4] INFO  c.z.f.b.c.interceptor.FeignRequestInterceptor - ==> feign请求设置请求头 userId: 2
2025-08-23 15:37:56.486 [http-nio-8080-exec-4] ERROR c.z.x.auth.exception.GlobalExceptionHandler - /password/update request error, 
feign.FeignException$NotFound: [404] during [POST] to [http://xiaohongshu-user/user/password/update] [UserFeignApi#updatePassword(UpdateUserPasswordReqDTO)]: [{"timestamp":1755934676483,"status":404,"error":"Not Found","path":"/user/password/update"}]
	at feign.FeignException.clientErrorStatus(FeignException.java:228)
	at feign.FeignException.errorStatus(FeignException.java:203)
	at feign.FeignException.errorStatus(FeignException.java:194)
	at feign.FeignException.errorStatus(FeignException.java:171)
	at feign.codec.ErrorDecoder$Default.decode(ErrorDecoder.java:92)
	at feign.ResponseHandler.decodeError(ResponseHandler.java:136)
	at feign.ResponseHandler.handleResponse(ResponseHandler.java:70)
	at feign.SynchronousMethodHandler.executeAndDecode(SynchronousMethodHandler.java:116)
	at feign.SynchronousMethodHandler.invoke(SynchronousMethodHandler.java:72)
	at feign.ReflectiveFeign$FeignInvocationHandler.invoke(ReflectiveFeign.java:98)
	at jdk.proxy2/jdk.proxy2.$Proxy95.updatePassword(Unknown Source)
	at com.zry.xiaohongshu.auth.rpc.UserRpcService.updatePassword(UserRpcService.java:40)
	at com.zry.xiaohongshu.auth.service.impl.AuthServiceImpl.updatePassword(AuthServiceImpl.java:115)
	at com.zry.xiaohongshu.auth.controller.AuthController.updatePassword(AuthController.java:34)
	at java.base/jdk.internal.reflect.NativeMethodAccessorImpl.invoke0(Native Method)
	at java.base/jdk.internal.reflect.NativeMethodAccessorImpl.invoke(NativeMethodAccessorImpl.java:77)
	at java.base/jdk.internal.reflect.DelegatingMethodAccessorImpl.invoke(DelegatingMethodAccessorImpl.java:43)
	at java.base/java.lang.reflect.Method.invoke(Method.java:568)
	at org.springframework.aop.support.AopUtils.invokeJoinpointUsingReflection(AopUtils.java:343)
	at org.springframework.aop.framework.ReflectiveMethodInvocation.invokeJoinpoint(ReflectiveMethodInvocation.java:196)
	at org.springframework.aop.framework.ReflectiveMethodInvocation.proceed(ReflectiveMethodInvocation.java:163)
	at org.springframework.aop.framework.CglibAopProxy$CglibMethodInvocation.proceed(CglibAopProxy.java:752)
	at org.springframework.aop.aspectj.MethodInvocationProceedingJoinPoint.proceed(MethodInvocationProceedingJoinPoint.java:89)
	at com.zry.framework.biz.operationlog.aspect.ApiOperationLogAspect.doAround(ApiOperationLogAspect.java:50)
	at java.base/jdk.internal.reflect.NativeMethodAccessorImpl.invoke0(Native Method)
	at java.base/jdk.internal.reflect.NativeMethodAccessorImpl.invoke(NativeMethodAccessorImpl.java:77)
	at java.base/jdk.internal.reflect.DelegatingMethodAccessorImpl.invoke(DelegatingMethodAccessorImpl.java:43)
	at java.base/java.lang.reflect.Method.invoke(Method.java:568)
	at org.springframework.aop.aspectj.AbstractAspectJAdvice.invokeAdviceMethodWithGivenArgs(AbstractAspectJAdvice.java:633)
	at org.springframework.aop.aspectj.AbstractAspectJAdvice.invokeAdviceMethod(AbstractAspectJAdvice.java:623)
	at org.springframework.aop.aspectj.AspectJAroundAdvice.invoke(AspectJAroundAdvice.java:71)
	at org.springframework.aop.framework.ReflectiveMethodInvocation.proceed(ReflectiveMethodInvocation.java:173)
	at org.springframework.aop.framework.CglibAopProxy$CglibMethodInvocation.proceed(CglibAopProxy.java:752)
	at org.springframework.aop.interceptor.ExposeInvocationInterceptor.invoke(ExposeInvocationInterceptor.java:97)
	at org.springframework.aop.framework.ReflectiveMethodInvocation.proceed(ReflectiveMethodInvocation.java:184)
	at org.springframework.aop.framework.CglibAopProxy$CglibMethodInvocation.proceed(CglibAopProxy.java:752)
	at org.springframework.aop.framework.CglibAopProxy$DynamicAdvisedInterceptor.intercept(CglibAopProxy.java:703)
	at com.zry.xiaohongshu.auth.controller.AuthController$$SpringCGLIB$$0.updatePassword(<generated>)
	at java.base/jdk.internal.reflect.NativeMethodAccessorImpl.invoke0(Native Method)
	at java.base/jdk.internal.reflect.NativeMethodAccessorImpl.invoke(NativeMethodAccessorImpl.java:77)
	at java.base/jdk.internal.reflect.DelegatingMethodAccessorImpl.invoke(DelegatingMethodAccessorImpl.java:43)
	at java.base/java.lang.reflect.Method.invoke(Method.java:568)
	at org.springframework.web.method.support.InvocableHandlerMethod.doInvoke(InvocableHandlerMethod.java:207)
	at org.springframework.web.method.support.InvocableHandlerMethod.invokeForRequest(InvocableHandlerMethod.java:152)
	at org.springframework.web.servlet.mvc.method.annotation.ServletInvocableHandlerMethod.invokeAndHandle(ServletInvocableHandlerMethod.java:117)
	at org.springframework.web.servlet.mvc.method.annotation.RequestMappingHandlerAdapter.invokeHandlerMethod(RequestMappingHandlerAdapter.java:884)
	at org.springframework.web.servlet.mvc.method.annotation.RequestMappingHandlerAdapter.handleInternal(RequestMappingHandlerAdapter.java:797)
	at org.springframework.web.servlet.mvc.method.AbstractHandlerMethodAdapter.handle(AbstractHandlerMethodAdapter.java:87)
	at org.springframework.web.servlet.DispatcherServlet.doDispatch(DispatcherServlet.java:1080)
	at org.springframework.web.servlet.DispatcherServlet.doService(DispatcherServlet.java:973)
	at org.springframework.web.servlet.FrameworkServlet.processRequest(FrameworkServlet.java:1011)
	at org.springframework.web.servlet.FrameworkServlet.doPost(FrameworkServlet.java:914)
	at jakarta.servlet.http.HttpServlet.service(HttpServlet.java:547)
	at org.springframework.web.servlet.FrameworkServlet.service(FrameworkServlet.java:885)
	at jakarta.servlet.http.HttpServlet.service(HttpServlet.java:614)
	at org.apache.catalina.core.ApplicationFilterChain.internalDoFilter(ApplicationFilterChain.java:223)
	at org.apache.catalina.core.ApplicationFilterChain.doFilter(ApplicationFilterChain.java:158)
	at org.apache.tomcat.websocket.server.WsFilter.doFilter(WsFilter.java:53)
	at org.apache.catalina.core.ApplicationFilterChain.internalDoFilter(ApplicationFilterChain.java:185)
	at org.apache.catalina.core.ApplicationFilterChain.doFilter(ApplicationFilterChain.java:158)
	at com.zry.framework.biz.context.filter.HeaderUserId2ContextFilter.doFilterInternal(HeaderUserId2ContextFilter.java:33)
	at org.springframework.web.filter.OncePerRequestFilter.doFilter(OncePerRequestFilter.java:116)
	at org.apache.catalina.core.ApplicationFilterChain.internalDoFilter(ApplicationFilterChain.java:185)
	at org.apache.catalina.core.ApplicationFilterChain.doFilter(ApplicationFilterChain.java:158)
	at org.springframework.web.filter.RequestContextFilter.doFilterInternal(RequestContextFilter.java:100)
	at org.springframework.web.filter.OncePerRequestFilter.doFilter(OncePerRequestFilter.java:116)
	at org.apache.catalina.core.ApplicationFilterChain.internalDoFilter(ApplicationFilterChain.java:185)
	at org.apache.catalina.core.ApplicationFilterChain.doFilter(ApplicationFilterChain.java:158)
	at cn.dev33.satoken.filter.SaPathCheckFilterForJakartaServlet.doFilter(SaPathCheckFilterForJakartaServlet.java:55)
	at org.apache.catalina.core.ApplicationFilterChain.internalDoFilter(ApplicationFilterChain.java:185)
	at org.apache.catalina.core.ApplicationFilterChain.doFilter(ApplicationFilterChain.java:158)
	at org.springframework.web.filter.FormContentFilter.doFilterInternal(FormContentFilter.java:93)
	at org.springframework.web.filter.OncePerRequestFilter.doFilter(OncePerRequestFilter.java:116)
	at org.apache.catalina.core.ApplicationFilterChain.internalDoFilter(ApplicationFilterChain.java:185)
	at org.apache.catalina.core.ApplicationFilterChain.doFilter(ApplicationFilterChain.java:158)
	at org.springframework.web.filter.CharacterEncodingFilter.doFilterInternal(CharacterEncodingFilter.java:201)
	at org.springframework.web.filter.OncePerRequestFilter.doFilter(OncePerRequestFilter.java:116)
	at org.apache.catalina.core.ApplicationFilterChain.internalDoFilter(ApplicationFilterChain.java:185)
	at org.apache.catalina.core.ApplicationFilterChain.doFilter(ApplicationFilterChain.java:158)
	at org.apache.catalina.core.StandardWrapperValve.invoke(StandardWrapperValve.java:177)
	at org.apache.catalina.core.StandardContextValve.invoke(StandardContextValve.java:97)
	at org.apache.catalina.authenticator.AuthenticatorBase.invoke(AuthenticatorBase.java:542)
	at org.apache.catalina.core.StandardHostValve.invoke(StandardHostValve.java:119)
	at org.apache.catalina.valves.ErrorReportValve.invoke(ErrorReportValve.java:92)
	at org.apache.catalina.core.StandardEngineValve.invoke(StandardEngineValve.java:78)
	at org.apache.catalina.connector.CoyoteAdapter.service(CoyoteAdapter.java:357)
	at org.apache.coyote.http11.Http11Processor.service(Http11Processor.java:400)
	at org.apache.coyote.AbstractProcessorLight.process(AbstractProcessorLight.java:65)
	at org.apache.coyote.AbstractProtocol$ConnectionHandler.process(AbstractProtocol.java:859)
	at org.apache.tomcat.util.net.NioEndpoint$SocketProcessor.doRun(NioEndpoint.java:1734)
	at org.apache.tomcat.util.net.SocketProcessorBase.run(SocketProcessorBase.java:52)
	at org.apache.tomcat.util.threads.ThreadPoolExecutor.runWorker(ThreadPoolExecutor.java:1191)
	at org.apache.tomcat.util.threads.ThreadPoolExecutor$Worker.run(ThreadPoolExecutor.java:659)
	at org.apache.tomcat.util.threads.TaskThread$WrappingRunnable.run(TaskThread.java:61)
	at java.base/java.lang.Thread.run(Thread.java:842)
2025-08-23 15:37:56.487 [http-nio-8080-exec-4] INFO  c.z.f.b.context.filter.HeaderUserId2ContextFilter - ===== 删除 ThreadLocal， userId: 2
2025-08-23 15:38:04.664 [http-nio-8080-exec-1] INFO  c.z.f.b.context.filter.HeaderUserId2ContextFilter - ## HeaderUserId2ContextFilter, 用户 ID: 2
2025-08-23 15:38:04.666 [http-nio-8080-exec-1] ERROR c.z.x.auth.exception.GlobalExceptionHandler - /password/update request error, 
org.springframework.web.HttpMediaTypeNotSupportedException: Content-Type 'text/plain;charset=UTF-8' is not supported
	at org.springframework.web.servlet.mvc.method.annotation.AbstractMessageConverterMethodArgumentResolver.readWithMessageConverters(AbstractMessageConverterMethodArgumentResolver.java:208)
	at org.springframework.web.servlet.mvc.method.annotation.RequestResponseBodyMethodProcessor.readWithMessageConverters(RequestResponseBodyMethodProcessor.java:163)
	at org.springframework.web.servlet.mvc.method.annotation.RequestResponseBodyMethodProcessor.resolveArgument(RequestResponseBodyMethodProcessor.java:136)
	at org.springframework.web.method.support.HandlerMethodArgumentResolverComposite.resolveArgument(HandlerMethodArgumentResolverComposite.java:122)
	at org.springframework.web.method.support.InvocableHandlerMethod.getMethodArgumentValues(InvocableHandlerMethod.java:181)
	at org.springframework.web.method.support.InvocableHandlerMethod.invokeForRequest(InvocableHandlerMethod.java:148)
	at org.springframework.web.servlet.mvc.method.annotation.ServletInvocableHandlerMethod.invokeAndHandle(ServletInvocableHandlerMethod.java:117)
	at org.springframework.web.servlet.mvc.method.annotation.RequestMappingHandlerAdapter.invokeHandlerMethod(RequestMappingHandlerAdapter.java:884)
	at org.springframework.web.servlet.mvc.method.annotation.RequestMappingHandlerAdapter.handleInternal(RequestMappingHandlerAdapter.java:797)
	at org.springframework.web.servlet.mvc.method.AbstractHandlerMethodAdapter.handle(AbstractHandlerMethodAdapter.java:87)
	at org.springframework.web.servlet.DispatcherServlet.doDispatch(DispatcherServlet.java:1080)
	at org.springframework.web.servlet.DispatcherServlet.doService(DispatcherServlet.java:973)
	at org.springframework.web.servlet.FrameworkServlet.processRequest(FrameworkServlet.java:1011)
	at org.springframework.web.servlet.FrameworkServlet.doPost(FrameworkServlet.java:914)
	at jakarta.servlet.http.HttpServlet.service(HttpServlet.java:547)
	at org.springframework.web.servlet.FrameworkServlet.service(FrameworkServlet.java:885)
	at jakarta.servlet.http.HttpServlet.service(HttpServlet.java:614)
	at org.apache.catalina.core.ApplicationFilterChain.internalDoFilter(ApplicationFilterChain.java:223)
	at org.apache.catalina.core.ApplicationFilterChain.doFilter(ApplicationFilterChain.java:158)
	at org.apache.tomcat.websocket.server.WsFilter.doFilter(WsFilter.java:53)
	at org.apache.catalina.core.ApplicationFilterChain.internalDoFilter(ApplicationFilterChain.java:185)
	at org.apache.catalina.core.ApplicationFilterChain.doFilter(ApplicationFilterChain.java:158)
	at com.zry.framework.biz.context.filter.HeaderUserId2ContextFilter.doFilterInternal(HeaderUserId2ContextFilter.java:33)
	at org.springframework.web.filter.OncePerRequestFilter.doFilter(OncePerRequestFilter.java:116)
	at org.apache.catalina.core.ApplicationFilterChain.internalDoFilter(ApplicationFilterChain.java:185)
	at org.apache.catalina.core.ApplicationFilterChain.doFilter(ApplicationFilterChain.java:158)
	at org.springframework.web.filter.RequestContextFilter.doFilterInternal(RequestContextFilter.java:100)
	at org.springframework.web.filter.OncePerRequestFilter.doFilter(OncePerRequestFilter.java:116)
	at org.apache.catalina.core.ApplicationFilterChain.internalDoFilter(ApplicationFilterChain.java:185)
	at org.apache.catalina.core.ApplicationFilterChain.doFilter(ApplicationFilterChain.java:158)
	at cn.dev33.satoken.filter.SaPathCheckFilterForJakartaServlet.doFilter(SaPathCheckFilterForJakartaServlet.java:55)
	at org.apache.catalina.core.ApplicationFilterChain.internalDoFilter(ApplicationFilterChain.java:185)
	at org.apache.catalina.core.ApplicationFilterChain.doFilter(ApplicationFilterChain.java:158)
	at org.springframework.web.filter.FormContentFilter.doFilterInternal(FormContentFilter.java:93)
	at org.springframework.web.filter.OncePerRequestFilter.doFilter(OncePerRequestFilter.java:116)
	at org.apache.catalina.core.ApplicationFilterChain.internalDoFilter(ApplicationFilterChain.java:185)
	at org.apache.catalina.core.ApplicationFilterChain.doFilter(ApplicationFilterChain.java:158)
	at org.springframework.web.filter.CharacterEncodingFilter.doFilterInternal(CharacterEncodingFilter.java:201)
	at org.springframework.web.filter.OncePerRequestFilter.doFilter(OncePerRequestFilter.java:116)
	at org.apache.catalina.core.ApplicationFilterChain.internalDoFilter(ApplicationFilterChain.java:185)
	at org.apache.catalina.core.ApplicationFilterChain.doFilter(ApplicationFilterChain.java:158)
	at org.apache.catalina.core.StandardWrapperValve.invoke(StandardWrapperValve.java:177)
	at org.apache.catalina.core.StandardContextValve.invoke(StandardContextValve.java:97)
	at org.apache.catalina.authenticator.AuthenticatorBase.invoke(AuthenticatorBase.java:542)
	at org.apache.catalina.core.StandardHostValve.invoke(StandardHostValve.java:119)
	at org.apache.catalina.valves.ErrorReportValve.invoke(ErrorReportValve.java:92)
	at org.apache.catalina.core.StandardEngineValve.invoke(StandardEngineValve.java:78)
	at org.apache.catalina.connector.CoyoteAdapter.service(CoyoteAdapter.java:357)
	at org.apache.coyote.http11.Http11Processor.service(Http11Processor.java:400)
	at org.apache.coyote.AbstractProcessorLight.process(AbstractProcessorLight.java:65)
	at org.apache.coyote.AbstractProtocol$ConnectionHandler.process(AbstractProtocol.java:859)
	at org.apache.tomcat.util.net.NioEndpoint$SocketProcessor.doRun(NioEndpoint.java:1734)
	at org.apache.tomcat.util.net.SocketProcessorBase.run(SocketProcessorBase.java:52)
	at org.apache.tomcat.util.threads.ThreadPoolExecutor.runWorker(ThreadPoolExecutor.java:1191)
	at org.apache.tomcat.util.threads.ThreadPoolExecutor$Worker.run(ThreadPoolExecutor.java:659)
	at org.apache.tomcat.util.threads.TaskThread$WrappingRunnable.run(TaskThread.java:61)
	at java.base/java.lang.Thread.run(Thread.java:842)
2025-08-23 15:38:04.668 [http-nio-8080-exec-1] INFO  c.z.f.b.context.filter.HeaderUserId2ContextFilter - ===== 删除 ThreadLocal， userId: 2
2025-08-23 15:38:19.850 [Thread-9] WARN  com.alibaba.nacos.common.notify.NotifyCenter - [NotifyCenter] Start destroying Publisher
2025-08-23 15:38:19.850 [Thread-2] WARN  c.alibaba.nacos.common.http.HttpClientBeanHolder - [HttpClientBeanHolder] Start destroying common HttpClient
2025-08-23 15:38:19.851 [Thread-9] WARN  com.alibaba.nacos.common.notify.NotifyCenter - [NotifyCenter] Destruction of the end
2025-08-23 15:38:19.851 [Thread-2] WARN  c.alibaba.nacos.common.http.HttpClientBeanHolder - [HttpClientBeanHolder] Destruction of the end
2025-08-23 15:38:19.886 [SpringApplicationShutdownHook] INFO  c.a.cloud.nacos.registry.NacosServiceRegistry - De-registering from Nacos Server now...
2025-08-23 15:38:19.886 [SpringApplicationShutdownHook] INFO  com.alibaba.nacos.client.naming - [DEREGISTER-SERVICE] xiaohongshu deregistering service xiaohongshu-auth with instance: Instance{instanceId='null', ip='10.2.66.3', port=8080, weight=1.0, healthy=true, enabled=true, ephemeral=true, clusterName='DEFAULT', serviceName='null', metadata={}}
2025-08-23 15:38:19.941 [SpringApplicationShutdownHook] INFO  c.a.cloud.nacos.registry.NacosServiceRegistry - De-registration finished.
2025-08-23 15:38:19.942 [SpringApplicationShutdownHook] INFO  com.alibaba.nacos.client.naming - com.alibaba.nacos.client.naming.cache.ServiceInfoHolder do shutdown begin
2025-08-23 15:38:19.942 [SpringApplicationShutdownHook] INFO  com.alibaba.nacos.client.naming - com.alibaba.nacos.client.naming.backups.FailoverReactor do shutdown begin
2025-08-23 15:38:19.942 [SpringApplicationShutdownHook] INFO  com.alibaba.nacos.client.naming - com.alibaba.nacos.client.naming.backups.FailoverReactor do shutdown stop
2025-08-23 15:38:19.942 [SpringApplicationShutdownHook] INFO  com.alibaba.nacos.client.naming - com.alibaba.nacos.client.naming.cache.ServiceInfoHolder do shutdown stop
2025-08-23 15:38:19.942 [SpringApplicationShutdownHook] INFO  com.alibaba.nacos.client.naming - com.alibaba.nacos.client.naming.remote.NamingClientProxyDelegate do shutdown begin
2025-08-23 15:38:19.942 [SpringApplicationShutdownHook] INFO  com.alibaba.nacos.client.naming - com.alibaba.nacos.client.naming.core.ServiceInfoUpdateService do shutdown begin
2025-08-23 15:38:19.942 [SpringApplicationShutdownHook] INFO  com.alibaba.nacos.client.naming - com.alibaba.nacos.client.naming.core.ServiceInfoUpdateService do shutdown stop
2025-08-23 15:38:19.942 [SpringApplicationShutdownHook] INFO  com.alibaba.nacos.client.naming - com.alibaba.nacos.client.naming.core.ServerListManager do shutdown begin
2025-08-23 15:38:19.942 [SpringApplicationShutdownHook] WARN  com.alibaba.nacos.client.naming - [NamingHttpClientManager] Start destroying NacosRestTemplate
2025-08-23 15:38:19.942 [SpringApplicationShutdownHook] WARN  com.alibaba.nacos.client.naming - [NamingHttpClientManager] Destruction of the end
2025-08-23 15:38:19.942 [SpringApplicationShutdownHook] INFO  com.alibaba.nacos.client.naming - com.alibaba.nacos.client.naming.core.ServerListManager do shutdown stop
2025-08-23 15:38:19.942 [SpringApplicationShutdownHook] INFO  com.alibaba.nacos.client.naming - com.alibaba.nacos.client.naming.remote.http.NamingHttpClientProxy do shutdown begin
2025-08-23 15:38:19.942 [SpringApplicationShutdownHook] WARN  com.alibaba.nacos.client.naming - [NamingHttpClientManager] Start destroying NacosRestTemplate
2025-08-23 15:38:19.942 [SpringApplicationShutdownHook] WARN  com.alibaba.nacos.client.naming - [NamingHttpClientManager] Destruction of the end
2025-08-23 15:38:19.942 [SpringApplicationShutdownHook] INFO  com.alibaba.nacos.client.naming - com.alibaba.nacos.client.naming.remote.http.NamingHttpClientProxy do shutdown stop
2025-08-23 15:38:19.942 [SpringApplicationShutdownHook] INFO  com.alibaba.nacos.common.remote.client - Shutdown rpc client, set status to shutdown
2025-08-23 15:38:19.943 [SpringApplicationShutdownHook] INFO  com.alibaba.nacos.common.remote.client - Shutdown client event executor java.util.concurrent.ScheduledThreadPoolExecutor@36277bae[Running, pool size = 2, active threads = 2, queued tasks = 0, completed tasks = 0]
2025-08-23 15:38:19.943 [SpringApplicationShutdownHook] INFO  com.alibaba.nacos.common.remote.client - Close current connection 1755934210741_112.94.129.71_1214
2025-08-23 15:38:19.947 [SpringApplicationShutdownHook] INFO  c.a.nacos.common.remote.client.grpc.GrpcClient - Shutdown grpc executor java.util.concurrent.ThreadPoolExecutor@5cd5d0[Running, pool size = 3, active threads = 0, queued tasks = 0, completed tasks = 106]
2025-08-23 15:38:19.947 [SpringApplicationShutdownHook] INFO  com.alibaba.nacos.client.naming - Shutdown grpc redo service executor java.util.concurrent.ScheduledThreadPoolExecutor@7023684a[Running, pool size = 1, active threads = 0, queued tasks = 1, completed tasks = 162]
2025-08-23 15:38:19.947 [SpringApplicationShutdownHook] INFO  c.a.n.client.auth.ram.identify.CredentialWatcher - [null] CredentialWatcher is stopped
2025-08-23 15:38:19.947 [SpringApplicationShutdownHook] INFO  c.a.n.client.auth.ram.identify.CredentialService - [null] CredentialService is freed
2025-08-23 15:38:19.947 [SpringApplicationShutdownHook] INFO  com.alibaba.nacos.client.naming - com.alibaba.nacos.client.naming.remote.NamingClientProxyDelegate do shutdown stop
2025-08-23 15:38:25.058 [main] WARN  com.alibaba.nacos.client.logging.NacosLogging - Load Logback Configuration of Nacos fail, message: Could not initialize Logback Nacos logging from classpath:nacos-logback.xml
2025-08-23 15:38:25.134 [main] WARN  com.alibaba.nacos.client.logging.NacosLogging - Load Logback Configuration of Nacos fail, message: Could not initialize Logback Nacos logging from classpath:nacos-logback.xml
2025-08-23 15:38:25.374 [main] WARN  com.alibaba.nacos.client.logging.NacosLogging - Load Logback Configuration of Nacos fail, message: Could not initialize Logback Nacos logging from classpath:nacos-logback.xml
2025-08-23 15:38:25.375 [main] INFO  com.alibaba.nacos.client.utils.ParamUtil - [settings] [req-serv] nacos-server port:8848
2025-08-23 15:38:25.375 [main] INFO  com.alibaba.nacos.client.utils.ParamUtil - [settings] [http-client] connect timeout:1000
2025-08-23 15:38:25.376 [main] INFO  com.alibaba.nacos.client.utils.ParamUtil - PER_TASK_CONFIG_SIZE: 3000.0
2025-08-23 15:38:25.405 [main] INFO  c.a.n.p.auth.spi.client.ClientAuthPluginManager - [ClientAuthPluginManager] Load ClientAuthService com.alibaba.nacos.client.auth.impl.NacosClientAuthServiceImpl success.
2025-08-23 15:38:25.405 [main] INFO  c.a.n.p.auth.spi.client.ClientAuthPluginManager - [ClientAuthPluginManager] Load ClientAuthService com.alibaba.nacos.client.auth.ram.RamClientAuthServiceImpl success.
2025-08-23 15:38:25.407 [main] INFO  c.a.n.client.auth.ram.identify.CredentialWatcher - null No credential found
2025-08-23 15:38:25.696 [main] WARN  com.alibaba.nacos.client.logging.NacosLogging - Load Logback Configuration of Nacos fail, message: Could not initialize Logback Nacos logging from classpath:nacos-logback.xml
2025-08-23 15:38:25.711 [main] INFO  c.a.n.client.config.impl.LocalConfigInfoProcessor - LOCAL_SNAPSHOT_PATH:C:\Users\Rey\nacos\config
2025-08-23 15:38:25.715 [main] INFO  com.alibaba.nacos.common.remote.client - [RpcClientFactory] create a new rpc client of 9d29abde-a187-4bbf-840a-6bc2f766cdf6_config-0
2025-08-23 15:38:25.732 [main] INFO  com.alibaba.nacos.common.remote.client - [9d29abde-a187-4bbf-840a-6bc2f766cdf6_config-0] Register server push request handler:com.alibaba.nacos.client.config.impl.ClientWorker$ConfigRpcTransportClient$$Lambda$589/0x000001b301381258
2025-08-23 15:38:25.733 [main] INFO  com.alibaba.nacos.common.remote.client - [9d29abde-a187-4bbf-840a-6bc2f766cdf6_config-0] Register server push request handler:com.alibaba.nacos.client.config.impl.ClientWorker$ConfigRpcTransportClient$$Lambda$590/0x000001b301381678
2025-08-23 15:38:25.735 [main] INFO  com.alibaba.nacos.common.remote.client - [9d29abde-a187-4bbf-840a-6bc2f766cdf6_config-0] Registry connection listener to current client:com.alibaba.nacos.client.config.impl.ClientWorker$ConfigRpcTransportClient$1
2025-08-23 15:38:25.735 [main] INFO  com.alibaba.nacos.common.remote.client - [9d29abde-a187-4bbf-840a-6bc2f766cdf6_config-0] RpcClient init, ServerListFactory = com.alibaba.nacos.client.config.impl.ClientWorker$ConfigRpcTransportClient$2
2025-08-23 15:38:25.747 [main] INFO  com.alibaba.nacos.common.remote.client - [9d29abde-a187-4bbf-840a-6bc2f766cdf6_config-0] Try to connect to server on start up, server: {serverIp = '47.236.36.111', server main port = 8848}
2025-08-23 15:38:25.783 [main] INFO  c.a.nacos.common.remote.client.grpc.GrpcClient - grpc client connection server:47.236.36.111 ip,serverPort:9848,grpcTslConfig:{"sslProvider":"OPENSSL","enableTls":false,"mutualAuthEnable":false,"trustAll":false}
2025-08-23 15:38:27.006 [main] INFO  com.alibaba.nacos.common.remote.client - [9d29abde-a187-4bbf-840a-6bc2f766cdf6_config-0] Success to connect to server [47.236.36.111:8848] on start up, connectionId = 1755934706572_112.94.129.71_1556
2025-08-23 15:38:27.007 [com.alibaba.nacos.client.remote.worker] INFO  com.alibaba.nacos.common.remote.client - [9d29abde-a187-4bbf-840a-6bc2f766cdf6_config-0] Notify connected event to listeners.
2025-08-23 15:38:27.007 [com.alibaba.nacos.client.remote.worker] INFO  com.alibaba.nacos.client.config.impl.ClientWorker - [9d29abde-a187-4bbf-840a-6bc2f766cdf6_config-0] Connected,notify listen context...
2025-08-23 15:38:27.007 [main] INFO  com.alibaba.nacos.common.remote.client - [9d29abde-a187-4bbf-840a-6bc2f766cdf6_config-0] Register server push request handler:com.alibaba.nacos.common.remote.client.RpcClient$ConnectResetRequestHandler
2025-08-23 15:38:27.008 [main] INFO  com.alibaba.nacos.common.remote.client - [9d29abde-a187-4bbf-840a-6bc2f766cdf6_config-0] Register server push request handler:com.alibaba.nacos.common.remote.client.RpcClient$$Lambda$610/0x000001b3014e7160
2025-08-23 15:38:27.055 [main] INFO  com.alibaba.nacos.client.config.impl.Limiter - limitTime:5.0
2025-08-23 15:38:27.180 [main] INFO  com.alibaba.nacos.client.config.utils.JvmUtil - isMultiInstance:false
2025-08-23 15:38:27.240 [main] WARN  c.a.cloud.nacos.client.NacosPropertySourceBuilder - Ignore the empty nacos configuration and get it based on dataId[xiaohongshu-auth.yaml] & group[DEFAULT_GROUP]
2025-08-23 15:38:27.296 [main] INFO  o.s.c.b.c.PropertySourceBootstrapConfiguration - Located property source: [BootstrapPropertySource {name='bootstrapProperties-xiaohongshu-auth-dev.yaml,DEFAULT_GROUP'}, BootstrapPropertySource {name='bootstrapProperties-xiaohongshu-auth.yaml,DEFAULT_GROUP'}, BootstrapPropertySource {name='bootstrapProperties-xiaohongshu-auth,DEFAULT_GROUP'}]
2025-08-23 15:38:27.324 [main] WARN  com.alibaba.nacos.client.logging.NacosLogging - Load Logback Configuration of Nacos fail, message: Could not initialize Logback Nacos logging from classpath:nacos-logback.xml
2025-08-23 15:38:27.325 [main] INFO  c.zry.xiaohongshu.auth.XiaohongshuAuthApplication - The following 1 profile is active: "dev"
2025-08-23 15:38:28.021 [main] INFO  o.s.d.r.config.RepositoryConfigurationDelegate - Multiple Spring Data modules found, entering strict repository configuration mode
2025-08-23 15:38:28.024 [main] INFO  o.s.d.r.config.RepositoryConfigurationDelegate - Bootstrapping Spring Data Redis repositories in DEFAULT mode.
2025-08-23 15:38:28.057 [main] INFO  o.s.d.r.config.RepositoryConfigurationDelegate - Finished Spring Data repository scanning in 16 ms. Found 0 Redis repository interfaces.
2025-08-23 15:38:28.228 [main] INFO  o.springframework.cloud.context.scope.GenericScope - BeanFactory id=4caec7a2-dc6b-3701-b75d-86e0235c3ca4
2025-08-23 15:38:28.245 [main] INFO  o.s.c.s.PostProcessorRegistrationDelegate$BeanPostProcessorChecker - Bean 'com.zry.xiaohongshu.user.api.UserFeignApi' of type [org.springframework.cloud.openfeign.FeignClientFactoryBean] is not eligible for getting processed by all BeanPostProcessors (for example: not eligible for auto-proxying)
2025-08-23 15:38:28.717 [main] INFO  o.s.boot.web.embedded.tomcat.TomcatWebServer - Tomcat initialized with port(s): 8080 (http)
2025-08-23 15:38:28.718 [main] INFO  org.apache.catalina.core.AprLifecycleListener - Loaded Apache Tomcat Native library [2.0.3] using APR version [1.7.2].
2025-08-23 15:38:28.723 [main] INFO  org.apache.catalina.core.AprLifecycleListener - OpenSSL successfully initialized [OpenSSL 3.0.8 7 Feb 2023]
2025-08-23 15:38:28.737 [main] INFO  org.apache.catalina.core.StandardService - Starting service [Tomcat]
2025-08-23 15:38:28.738 [main] INFO  org.apache.catalina.core.StandardEngine - Starting Servlet engine: [Apache Tomcat/10.1.5]
2025-08-23 15:38:28.837 [main] INFO  o.a.c.core.ContainerBase.[Tomcat].[localhost].[/] - Initializing Spring embedded WebApplicationContext
2025-08-23 15:38:28.837 [main] INFO  o.s.b.w.s.c.ServletWebServerApplicationContext - Root WebApplicationContext: initialization completed in 1491 ms
2025-08-23 15:38:29.413 [main] INFO  o.s.cloud.openfeign.FeignClientFactoryBean - For 'xiaohongshu-user' URL not provided. Will try picking an instance via load-balancing.
2025-08-23 15:38:30.564 [main] WARN  o.s.c.l.c.LoadBalancerCacheAutoConfiguration$LoadBalancerCaffeineWarnLogger - Spring Cloud LoadBalancer is currently working with the default cache. While this cache implementation is useful for development and tests, it's recommended to use Caffeine cache in production.You can switch to using Caffeine cache, by adding it and org.springframework.cache.caffeine.CaffeineCacheManager to the classpath.
2025-08-23 15:38:30.636 [main] INFO  o.s.boot.web.embedded.tomcat.TomcatWebServer - Tomcat started on port(s): 8080 (http) with context path ''
2025-08-23 15:38:30.640 [main] INFO  com.alibaba.nacos.client.naming - initializer namespace from ans.namespace attribute : null
2025-08-23 15:38:30.640 [main] INFO  com.alibaba.nacos.client.naming - initializer namespace from ALIBABA_ALIWARE_NAMESPACE attribute :null
2025-08-23 15:38:30.640 [main] INFO  com.alibaba.nacos.client.naming - initializer namespace from namespace attribute :null
2025-08-23 15:38:30.647 [main] INFO  c.a.n.p.auth.spi.client.ClientAuthPluginManager - [ClientAuthPluginManager] Load ClientAuthService com.alibaba.nacos.client.auth.impl.NacosClientAuthServiceImpl success.
2025-08-23 15:38:30.647 [main] INFO  c.a.n.p.auth.spi.client.ClientAuthPluginManager - [ClientAuthPluginManager] Load ClientAuthService com.alibaba.nacos.client.auth.ram.RamClientAuthServiceImpl success.
2025-08-23 15:38:30.652 [main] INFO  com.alibaba.nacos.common.remote.client - [RpcClientFactory] create a new rpc client of 41c1d7e8-462a-4933-a2ac-5ad367bdd767
2025-08-23 15:38:30.653 [main] INFO  com.alibaba.nacos.common.remote.client - [41c1d7e8-462a-4933-a2ac-5ad367bdd767] RpcClient init, ServerListFactory = com.alibaba.nacos.client.naming.core.ServerListManager
2025-08-23 15:38:30.654 [main] INFO  com.alibaba.nacos.common.remote.client - [41c1d7e8-462a-4933-a2ac-5ad367bdd767] Registry connection listener to current client:com.alibaba.nacos.client.naming.remote.gprc.redo.NamingGrpcRedoService
2025-08-23 15:38:30.654 [main] INFO  com.alibaba.nacos.common.remote.client - [41c1d7e8-462a-4933-a2ac-5ad367bdd767] Register server push request handler:com.alibaba.nacos.client.naming.remote.gprc.NamingPushRequestHandler
2025-08-23 15:38:30.654 [main] INFO  com.alibaba.nacos.common.remote.client - [41c1d7e8-462a-4933-a2ac-5ad367bdd767] Try to connect to server on start up, server: {serverIp = '47.236.36.111', server main port = 8848}
2025-08-23 15:38:30.654 [main] INFO  c.a.nacos.common.remote.client.grpc.GrpcClient - grpc client connection server:47.236.36.111 ip,serverPort:9848,grpcTslConfig:{"sslProvider":"OPENSSL","enableTls":false,"mutualAuthEnable":false,"trustAll":false}
2025-08-23 15:38:30.914 [main] INFO  com.alibaba.nacos.common.remote.client - [41c1d7e8-462a-4933-a2ac-5ad367bdd767] Success to connect to server [47.236.36.111:8848] on start up, connectionId = 1755934710726_112.94.129.71_1559
2025-08-23 15:38:30.914 [main] INFO  com.alibaba.nacos.common.remote.client - [41c1d7e8-462a-4933-a2ac-5ad367bdd767] Register server push request handler:com.alibaba.nacos.common.remote.client.RpcClient$ConnectResetRequestHandler
2025-08-23 15:38:30.914 [main] INFO  com.alibaba.nacos.common.remote.client - [41c1d7e8-462a-4933-a2ac-5ad367bdd767] Register server push request handler:com.alibaba.nacos.common.remote.client.RpcClient$$Lambda$610/0x000001b3014e7160
2025-08-23 15:38:30.914 [com.alibaba.nacos.client.remote.worker] INFO  com.alibaba.nacos.common.remote.client - [41c1d7e8-462a-4933-a2ac-5ad367bdd767] Notify connected event to listeners.
2025-08-23 15:38:30.914 [com.alibaba.nacos.client.remote.worker] INFO  com.alibaba.nacos.client.naming - Grpc connection connect
2025-08-23 15:38:30.916 [main] INFO  com.alibaba.nacos.client.naming - [REGISTER-SERVICE] xiaohongshu registering service xiaohongshu-auth with instance Instance{instanceId='null', ip='10.2.66.3', port=8080, weight=1.0, healthy=true, enabled=true, ephemeral=true, clusterName='DEFAULT', serviceName='null', metadata={IPv6=null, preserved.register.source=SPRING_CLOUD}}
2025-08-23 15:38:30.974 [main] INFO  c.a.cloud.nacos.registry.NacosServiceRegistry - nacos registry, DEFAULT_GROUP xiaohongshu-auth 10.2.66.3:8080 register finished
2025-08-23 15:38:31.164 [main] INFO  c.zry.xiaohongshu.auth.XiaohongshuAuthApplication - Started XiaohongshuAuthApplication in 6.834 seconds (process running for 7.52)
2025-08-23 15:38:31.167 [main] INFO  com.alibaba.nacos.client.config.impl.CacheData - nacos.cache.data.init.snapshot = true 
2025-08-23 15:38:31.167 [main] INFO  com.alibaba.nacos.client.config.impl.ClientWorker - [fixed-xiaohongshu-47.236.36.111_8848_] [subscribe] xiaohongshu-auth.yaml+DEFAULT_GROUP+xiaohongshu
2025-08-23 15:38:31.173 [main] INFO  com.alibaba.nacos.client.config.impl.CacheData - [fixed-xiaohongshu-47.236.36.111_8848_] [add-listener] ok, tenant=xiaohongshu, dataId=xiaohongshu-auth.yaml, group=DEFAULT_GROUP, cnt=1
2025-08-23 15:38:31.174 [main] INFO  c.a.cloud.nacos.refresh.NacosContextRefresher - [Nacos Config] Listening config: dataId=xiaohongshu-auth.yaml, group=DEFAULT_GROUP
2025-08-23 15:38:31.177 [main] INFO  com.alibaba.nacos.client.config.impl.ClientWorker - [fixed-xiaohongshu-47.236.36.111_8848_] [subscribe] xiaohongshu-auth-dev.yaml+DEFAULT_GROUP+xiaohongshu
2025-08-23 15:38:31.177 [main] INFO  com.alibaba.nacos.client.config.impl.CacheData - [fixed-xiaohongshu-47.236.36.111_8848_] [add-listener] ok, tenant=xiaohongshu, dataId=xiaohongshu-auth-dev.yaml, group=DEFAULT_GROUP, cnt=1
2025-08-23 15:38:31.177 [main] INFO  c.a.cloud.nacos.refresh.NacosContextRefresher - [Nacos Config] Listening config: dataId=xiaohongshu-auth-dev.yaml, group=DEFAULT_GROUP
2025-08-23 15:38:31.179 [main] INFO  com.alibaba.nacos.client.config.impl.ClientWorker - [fixed-xiaohongshu-47.236.36.111_8848_] [subscribe] xiaohongshu-auth+DEFAULT_GROUP+xiaohongshu
2025-08-23 15:38:31.179 [main] INFO  com.alibaba.nacos.client.config.impl.CacheData - [fixed-xiaohongshu-47.236.36.111_8848_] [add-listener] ok, tenant=xiaohongshu, dataId=xiaohongshu-auth, group=DEFAULT_GROUP, cnt=1
2025-08-23 15:38:31.179 [main] INFO  c.a.cloud.nacos.refresh.NacosContextRefresher - [Nacos Config] Listening config: dataId=xiaohongshu-auth, group=DEFAULT_GROUP
2025-08-23 15:39:07.415 [http-nio-8080-exec-2] INFO  o.a.c.core.ContainerBase.[Tomcat].[localhost].[/] - Initializing Spring DispatcherServlet 'dispatcherServlet'
2025-08-23 15:39:07.415 [http-nio-8080-exec-2] INFO  org.springframework.web.servlet.DispatcherServlet - Initializing Servlet 'dispatcherServlet'
2025-08-23 15:39:07.416 [http-nio-8080-exec-2] INFO  org.springframework.web.servlet.DispatcherServlet - Completed initialization in 1 ms
2025-08-23 15:39:07.423 [http-nio-8080-exec-2] INFO  c.z.f.b.context.filter.HeaderUserId2ContextFilter - ## HeaderUserId2ContextFilter, 用户 ID: 2
2025-08-23 15:39:07.569 [http-nio-8080-exec-2] INFO  c.z.f.b.operationlog.aspect.ApiOperationLogAspect - ====== 请求开始: [修改密码], 入参: {"newPassword":"123456"}, 请求类: AuthController, 请求方法: updatePassword =================================== 
2025-08-23 15:39:07.738 [http-nio-8080-exec-2] INFO  c.z.f.b.c.interceptor.FeignRequestInterceptor - ==> feign请求设置请求头 userId: 2
2025-08-23 15:39:07.838 [http-nio-8080-exec-2] INFO  com.alibaba.nacos.client.naming - [SUBSCRIBE-SERVICE] service:xiaohongshu-user, group:DEFAULT_GROUP, clusters: 
2025-08-23 15:39:08.096 [http-nio-8080-exec-2] INFO  com.alibaba.nacos.client.naming - init new ips(1) service: DEFAULT_GROUP@@xiaohongshu-user -> [{"ip":"10.2.66.3","port":8082,"weight":1.0,"healthy":true,"enabled":true,"ephemeral":true,"clusterName":"DEFAULT","serviceName":"DEFAULT_GROUP@@xiaohongshu-user","metadata":{"preserved.register.source":"SPRING_CLOUD"},"instanceHeartBeatInterval":5000,"instanceHeartBeatTimeOut":15000,"ipDeleteTimeout":30000}]
2025-08-23 15:39:08.099 [http-nio-8080-exec-2] INFO  com.alibaba.nacos.client.naming - current ips:(1) service: DEFAULT_GROUP@@xiaohongshu-user -> [{"ip":"10.2.66.3","port":8082,"weight":1.0,"healthy":true,"enabled":true,"ephemeral":true,"clusterName":"DEFAULT","serviceName":"DEFAULT_GROUP@@xiaohongshu-user","metadata":{"preserved.register.source":"SPRING_CLOUD"},"instanceHeartBeatInterval":5000,"instanceHeartBeatTimeOut":15000,"ipDeleteTimeout":30000}]
2025-08-23 15:39:08.190 [http-nio-8080-exec-2] ERROR c.z.x.auth.exception.GlobalExceptionHandler - /password/update request error, 
feign.FeignException$NotFound: [404] during [POST] to [http://xiaohongshu-user/user/password/update] [UserFeignApi#updatePassword(UpdateUserPasswordReqDTO)]: [{"timestamp":1755934748171,"status":404,"error":"Not Found","path":"/user/password/update"}]
	at feign.FeignException.clientErrorStatus(FeignException.java:228)
	at feign.FeignException.errorStatus(FeignException.java:203)
	at feign.FeignException.errorStatus(FeignException.java:194)
	at feign.FeignException.errorStatus(FeignException.java:171)
	at feign.codec.ErrorDecoder$Default.decode(ErrorDecoder.java:92)
	at feign.ResponseHandler.decodeError(ResponseHandler.java:136)
	at feign.ResponseHandler.handleResponse(ResponseHandler.java:70)
	at feign.SynchronousMethodHandler.executeAndDecode(SynchronousMethodHandler.java:116)
	at feign.SynchronousMethodHandler.invoke(SynchronousMethodHandler.java:72)
	at feign.ReflectiveFeign$FeignInvocationHandler.invoke(ReflectiveFeign.java:98)
	at jdk.proxy2/jdk.proxy2.$Proxy95.updatePassword(Unknown Source)
	at com.zry.xiaohongshu.auth.rpc.UserRpcService.updatePassword(UserRpcService.java:40)
	at com.zry.xiaohongshu.auth.service.impl.AuthServiceImpl.updatePassword(AuthServiceImpl.java:115)
	at com.zry.xiaohongshu.auth.controller.AuthController.updatePassword(AuthController.java:34)
	at java.base/jdk.internal.reflect.NativeMethodAccessorImpl.invoke0(Native Method)
	at java.base/jdk.internal.reflect.NativeMethodAccessorImpl.invoke(NativeMethodAccessorImpl.java:77)
	at java.base/jdk.internal.reflect.DelegatingMethodAccessorImpl.invoke(DelegatingMethodAccessorImpl.java:43)
	at java.base/java.lang.reflect.Method.invoke(Method.java:568)
	at org.springframework.aop.support.AopUtils.invokeJoinpointUsingReflection(AopUtils.java:343)
	at org.springframework.aop.framework.ReflectiveMethodInvocation.invokeJoinpoint(ReflectiveMethodInvocation.java:196)
	at org.springframework.aop.framework.ReflectiveMethodInvocation.proceed(ReflectiveMethodInvocation.java:163)
	at org.springframework.aop.framework.CglibAopProxy$CglibMethodInvocation.proceed(CglibAopProxy.java:752)
	at org.springframework.aop.aspectj.MethodInvocationProceedingJoinPoint.proceed(MethodInvocationProceedingJoinPoint.java:89)
	at com.zry.framework.biz.operationlog.aspect.ApiOperationLogAspect.doAround(ApiOperationLogAspect.java:50)
	at java.base/jdk.internal.reflect.NativeMethodAccessorImpl.invoke0(Native Method)
	at java.base/jdk.internal.reflect.NativeMethodAccessorImpl.invoke(NativeMethodAccessorImpl.java:77)
	at java.base/jdk.internal.reflect.DelegatingMethodAccessorImpl.invoke(DelegatingMethodAccessorImpl.java:43)
	at java.base/java.lang.reflect.Method.invoke(Method.java:568)
	at org.springframework.aop.aspectj.AbstractAspectJAdvice.invokeAdviceMethodWithGivenArgs(AbstractAspectJAdvice.java:633)
	at org.springframework.aop.aspectj.AbstractAspectJAdvice.invokeAdviceMethod(AbstractAspectJAdvice.java:623)
	at org.springframework.aop.aspectj.AspectJAroundAdvice.invoke(AspectJAroundAdvice.java:71)
	at org.springframework.aop.framework.ReflectiveMethodInvocation.proceed(ReflectiveMethodInvocation.java:173)
	at org.springframework.aop.framework.CglibAopProxy$CglibMethodInvocation.proceed(CglibAopProxy.java:752)
	at org.springframework.aop.interceptor.ExposeInvocationInterceptor.invoke(ExposeInvocationInterceptor.java:97)
	at org.springframework.aop.framework.ReflectiveMethodInvocation.proceed(ReflectiveMethodInvocation.java:184)
	at org.springframework.aop.framework.CglibAopProxy$CglibMethodInvocation.proceed(CglibAopProxy.java:752)
	at org.springframework.aop.framework.CglibAopProxy$DynamicAdvisedInterceptor.intercept(CglibAopProxy.java:703)
	at com.zry.xiaohongshu.auth.controller.AuthController$$SpringCGLIB$$0.updatePassword(<generated>)
	at java.base/jdk.internal.reflect.NativeMethodAccessorImpl.invoke0(Native Method)
	at java.base/jdk.internal.reflect.NativeMethodAccessorImpl.invoke(NativeMethodAccessorImpl.java:77)
	at java.base/jdk.internal.reflect.DelegatingMethodAccessorImpl.invoke(DelegatingMethodAccessorImpl.java:43)
	at java.base/java.lang.reflect.Method.invoke(Method.java:568)
	at org.springframework.web.method.support.InvocableHandlerMethod.doInvoke(InvocableHandlerMethod.java:207)
	at org.springframework.web.method.support.InvocableHandlerMethod.invokeForRequest(InvocableHandlerMethod.java:152)
	at org.springframework.web.servlet.mvc.method.annotation.ServletInvocableHandlerMethod.invokeAndHandle(ServletInvocableHandlerMethod.java:117)
	at org.springframework.web.servlet.mvc.method.annotation.RequestMappingHandlerAdapter.invokeHandlerMethod(RequestMappingHandlerAdapter.java:884)
	at org.springframework.web.servlet.mvc.method.annotation.RequestMappingHandlerAdapter.handleInternal(RequestMappingHandlerAdapter.java:797)
	at org.springframework.web.servlet.mvc.method.AbstractHandlerMethodAdapter.handle(AbstractHandlerMethodAdapter.java:87)
	at org.springframework.web.servlet.DispatcherServlet.doDispatch(DispatcherServlet.java:1080)
	at org.springframework.web.servlet.DispatcherServlet.doService(DispatcherServlet.java:973)
	at org.springframework.web.servlet.FrameworkServlet.processRequest(FrameworkServlet.java:1011)
	at org.springframework.web.servlet.FrameworkServlet.doPost(FrameworkServlet.java:914)
	at jakarta.servlet.http.HttpServlet.service(HttpServlet.java:547)
	at org.springframework.web.servlet.FrameworkServlet.service(FrameworkServlet.java:885)
	at jakarta.servlet.http.HttpServlet.service(HttpServlet.java:614)
	at org.apache.catalina.core.ApplicationFilterChain.internalDoFilter(ApplicationFilterChain.java:223)
	at org.apache.catalina.core.ApplicationFilterChain.doFilter(ApplicationFilterChain.java:158)
	at org.apache.tomcat.websocket.server.WsFilter.doFilter(WsFilter.java:53)
	at org.apache.catalina.core.ApplicationFilterChain.internalDoFilter(ApplicationFilterChain.java:185)
	at org.apache.catalina.core.ApplicationFilterChain.doFilter(ApplicationFilterChain.java:158)
	at com.zry.framework.biz.context.filter.HeaderUserId2ContextFilter.doFilterInternal(HeaderUserId2ContextFilter.java:33)
	at org.springframework.web.filter.OncePerRequestFilter.doFilter(OncePerRequestFilter.java:116)
	at org.apache.catalina.core.ApplicationFilterChain.internalDoFilter(ApplicationFilterChain.java:185)
	at org.apache.catalina.core.ApplicationFilterChain.doFilter(ApplicationFilterChain.java:158)
	at org.springframework.web.filter.RequestContextFilter.doFilterInternal(RequestContextFilter.java:100)
	at org.springframework.web.filter.OncePerRequestFilter.doFilter(OncePerRequestFilter.java:116)
	at org.apache.catalina.core.ApplicationFilterChain.internalDoFilter(ApplicationFilterChain.java:185)
	at org.apache.catalina.core.ApplicationFilterChain.doFilter(ApplicationFilterChain.java:158)
	at cn.dev33.satoken.filter.SaPathCheckFilterForJakartaServlet.doFilter(SaPathCheckFilterForJakartaServlet.java:55)
	at org.apache.catalina.core.ApplicationFilterChain.internalDoFilter(ApplicationFilterChain.java:185)
	at org.apache.catalina.core.ApplicationFilterChain.doFilter(ApplicationFilterChain.java:158)
	at org.springframework.web.filter.FormContentFilter.doFilterInternal(FormContentFilter.java:93)
	at org.springframework.web.filter.OncePerRequestFilter.doFilter(OncePerRequestFilter.java:116)
	at org.apache.catalina.core.ApplicationFilterChain.internalDoFilter(ApplicationFilterChain.java:185)
	at org.apache.catalina.core.ApplicationFilterChain.doFilter(ApplicationFilterChain.java:158)
	at org.springframework.web.filter.CharacterEncodingFilter.doFilterInternal(CharacterEncodingFilter.java:201)
	at org.springframework.web.filter.OncePerRequestFilter.doFilter(OncePerRequestFilter.java:116)
	at org.apache.catalina.core.ApplicationFilterChain.internalDoFilter(ApplicationFilterChain.java:185)
	at org.apache.catalina.core.ApplicationFilterChain.doFilter(ApplicationFilterChain.java:158)
	at org.apache.catalina.core.StandardWrapperValve.invoke(StandardWrapperValve.java:177)
	at org.apache.catalina.core.StandardContextValve.invoke(StandardContextValve.java:97)
	at org.apache.catalina.authenticator.AuthenticatorBase.invoke(AuthenticatorBase.java:542)
	at org.apache.catalina.core.StandardHostValve.invoke(StandardHostValve.java:119)
	at org.apache.catalina.valves.ErrorReportValve.invoke(ErrorReportValve.java:92)
	at org.apache.catalina.core.StandardEngineValve.invoke(StandardEngineValve.java:78)
	at org.apache.catalina.connector.CoyoteAdapter.service(CoyoteAdapter.java:357)
	at org.apache.coyote.http11.Http11Processor.service(Http11Processor.java:400)
	at org.apache.coyote.AbstractProcessorLight.process(AbstractProcessorLight.java:65)
	at org.apache.coyote.AbstractProtocol$ConnectionHandler.process(AbstractProtocol.java:859)
	at org.apache.tomcat.util.net.NioEndpoint$SocketProcessor.doRun(NioEndpoint.java:1734)
	at org.apache.tomcat.util.net.SocketProcessorBase.run(SocketProcessorBase.java:52)
	at org.apache.tomcat.util.threads.ThreadPoolExecutor.runWorker(ThreadPoolExecutor.java:1191)
	at org.apache.tomcat.util.threads.ThreadPoolExecutor$Worker.run(ThreadPoolExecutor.java:659)
	at org.apache.tomcat.util.threads.TaskThread$WrappingRunnable.run(TaskThread.java:61)
	at java.base/java.lang.Thread.run(Thread.java:842)
2025-08-23 15:39:08.217 [http-nio-8080-exec-2] INFO  c.z.f.b.context.filter.HeaderUserId2ContextFilter - ===== 删除 ThreadLocal， userId: 2
2025-08-23 15:39:08.597 [nacos-grpc-client-executor-47.236.36.111-18] INFO  com.alibaba.nacos.common.remote.client - [41c1d7e8-462a-4933-a2ac-5ad367bdd767] Receive server push request, request = NotifySubscriberRequest, requestId = 549
2025-08-23 15:39:08.597 [nacos-grpc-client-executor-47.236.36.111-18] INFO  com.alibaba.nacos.common.remote.client - [41c1d7e8-462a-4933-a2ac-5ad367bdd767] Ack server push request, request = NotifySubscriberRequest, requestId = 549
