2025-09-18 15:08:32.032 [main] WARN  com.alibaba.nacos.client.logging.NacosLogging - Load Logback Configuration of Nacos fail, message: Could not initialize Logback Nacos logging from classpath:nacos-logback.xml
2025-09-18 15:08:32.096 [main] WARN  com.alibaba.nacos.client.logging.NacosLogging - Load Logback Configuration of Nacos fail, message: Could not initialize Logback Nacos logging from classpath:nacos-logback.xml
2025-09-18 15:08:32.338 [main] WARN  com.alibaba.nacos.client.logging.NacosLogging - Load Logback Configuration of Nacos fail, message: Could not initialize Logback Nacos logging from classpath:nacos-logback.xml
2025-09-18 15:08:32.340 [main] INFO  com.alibaba.nacos.client.utils.ParamUtil - [settings] [req-serv] nacos-server port:8848
2025-09-18 15:08:32.340 [main] INFO  com.alibaba.nacos.client.utils.ParamUtil - [settings] [http-client] connect timeout:1000
2025-09-18 15:08:32.341 [main] INFO  com.alibaba.nacos.client.utils.ParamUtil - PER_TASK_CONFIG_SIZE: 3000.0
2025-09-18 15:08:32.371 [main] INFO  c.a.n.p.auth.spi.client.ClientAuthPluginManager - [ClientAuthPluginManager] Load ClientAuthService com.alibaba.nacos.client.auth.impl.NacosClientAuthServiceImpl success.
2025-09-18 15:08:32.371 [main] INFO  c.a.n.p.auth.spi.client.ClientAuthPluginManager - [ClientAuthPluginManager] Load ClientAuthService com.alibaba.nacos.client.auth.ram.RamClientAuthServiceImpl success.
2025-09-18 15:08:32.375 [main] INFO  c.a.n.client.auth.ram.identify.CredentialWatcher - null No credential found
2025-09-18 15:08:32.773 [main] WARN  com.alibaba.nacos.client.logging.NacosLogging - Load Logback Configuration of Nacos fail, message: Could not initialize Logback Nacos logging from classpath:nacos-logback.xml
2025-09-18 15:08:32.792 [main] INFO  c.a.n.client.config.impl.LocalConfigInfoProcessor - LOCAL_SNAPSHOT_PATH:C:\Users\Rey\nacos\config
2025-09-18 15:08:32.797 [main] INFO  com.alibaba.nacos.common.remote.client - [RpcClientFactory] create a new rpc client of ac2cb24c-ec1b-4c96-8e8c-44b2e36a6e3c_config-0
2025-09-18 15:08:32.821 [main] INFO  com.alibaba.nacos.common.remote.client - [ac2cb24c-ec1b-4c96-8e8c-44b2e36a6e3c_config-0] Register server push request handler:com.alibaba.nacos.client.config.impl.ClientWorker$ConfigRpcTransportClient$$Lambda$589/0x000001b3c638f818
2025-09-18 15:08:32.822 [main] INFO  com.alibaba.nacos.common.remote.client - [ac2cb24c-ec1b-4c96-8e8c-44b2e36a6e3c_config-0] Register server push request handler:com.alibaba.nacos.client.config.impl.ClientWorker$ConfigRpcTransportClient$$Lambda$590/0x000001b3c638fc38
2025-09-18 15:08:32.822 [main] INFO  com.alibaba.nacos.common.remote.client - [ac2cb24c-ec1b-4c96-8e8c-44b2e36a6e3c_config-0] Registry connection listener to current client:com.alibaba.nacos.client.config.impl.ClientWorker$ConfigRpcTransportClient$1
2025-09-18 15:08:32.822 [main] INFO  com.alibaba.nacos.common.remote.client - [ac2cb24c-ec1b-4c96-8e8c-44b2e36a6e3c_config-0] RpcClient init, ServerListFactory = com.alibaba.nacos.client.config.impl.ClientWorker$ConfigRpcTransportClient$2
2025-09-18 15:08:32.830 [main] INFO  com.alibaba.nacos.common.remote.client - [ac2cb24c-ec1b-4c96-8e8c-44b2e36a6e3c_config-0] Try to connect to server on start up, server: {serverIp = '47.236.36.111', server main port = 8848}
2025-09-18 15:08:32.864 [main] INFO  c.a.nacos.common.remote.client.grpc.GrpcClient - grpc client connection server:47.236.36.111 ip,serverPort:9848,grpcTslConfig:{"sslProvider":"OPENSSL","enableTls":false,"mutualAuthEnable":false,"trustAll":false}
2025-09-18 15:08:34.137 [main] INFO  com.alibaba.nacos.common.remote.client - [ac2cb24c-ec1b-4c96-8e8c-44b2e36a6e3c_config-0] Success to connect to server [47.236.36.111:8848] on start up, connectionId = 1758179313910_120.85.130.202_61360
2025-09-18 15:08:34.139 [com.alibaba.nacos.client.remote.worker] INFO  com.alibaba.nacos.common.remote.client - [ac2cb24c-ec1b-4c96-8e8c-44b2e36a6e3c_config-0] Notify connected event to listeners.
2025-09-18 15:08:34.139 [com.alibaba.nacos.client.remote.worker] INFO  com.alibaba.nacos.client.config.impl.ClientWorker - [ac2cb24c-ec1b-4c96-8e8c-44b2e36a6e3c_config-0] Connected,notify listen context...
2025-09-18 15:08:34.139 [main] INFO  com.alibaba.nacos.common.remote.client - [ac2cb24c-ec1b-4c96-8e8c-44b2e36a6e3c_config-0] Register server push request handler:com.alibaba.nacos.common.remote.client.RpcClient$ConnectResetRequestHandler
2025-09-18 15:08:34.139 [main] INFO  com.alibaba.nacos.common.remote.client - [ac2cb24c-ec1b-4c96-8e8c-44b2e36a6e3c_config-0] Register server push request handler:com.alibaba.nacos.common.remote.client.RpcClient$$Lambda$610/0x000001b3c64d76d0
2025-09-18 15:08:34.183 [main] INFO  com.alibaba.nacos.client.config.impl.Limiter - limitTime:5.0
2025-09-18 15:08:34.263 [main] INFO  com.alibaba.nacos.client.config.utils.JvmUtil - isMultiInstance:false
2025-09-18 15:08:34.334 [main] WARN  c.a.cloud.nacos.client.NacosPropertySourceBuilder - Ignore the empty nacos configuration and get it based on dataId[xiaohongshu-auth.yaml] & group[DEFAULT_GROUP]
2025-09-18 15:08:34.394 [main] INFO  o.s.c.b.c.PropertySourceBootstrapConfiguration - Located property source: [BootstrapPropertySource {name='bootstrapProperties-xiaohongshu-auth-dev.yaml,DEFAULT_GROUP'}, BootstrapPropertySource {name='bootstrapProperties-xiaohongshu-auth.yaml,DEFAULT_GROUP'}, BootstrapPropertySource {name='bootstrapProperties-xiaohongshu-auth,DEFAULT_GROUP'}]
2025-09-18 15:08:34.421 [main] WARN  com.alibaba.nacos.client.logging.NacosLogging - Load Logback Configuration of Nacos fail, message: Could not initialize Logback Nacos logging from classpath:nacos-logback.xml
2025-09-18 15:08:34.422 [main] INFO  c.zry.xiaohongshu.auth.XiaohongshuAuthApplication - The following 1 profile is active: "dev"
2025-09-18 15:08:35.084 [main] INFO  o.s.d.r.config.RepositoryConfigurationDelegate - Multiple Spring Data modules found, entering strict repository configuration mode
2025-09-18 15:08:35.087 [main] INFO  o.s.d.r.config.RepositoryConfigurationDelegate - Bootstrapping Spring Data Redis repositories in DEFAULT mode.
2025-09-18 15:08:35.113 [main] INFO  o.s.d.r.config.RepositoryConfigurationDelegate - Finished Spring Data repository scanning in 13 ms. Found 0 Redis repository interfaces.
2025-09-18 15:08:35.260 [main] INFO  o.springframework.cloud.context.scope.GenericScope - BeanFactory id=4caec7a2-dc6b-3701-b75d-86e0235c3ca4
2025-09-18 15:08:35.275 [main] INFO  o.s.c.s.PostProcessorRegistrationDelegate$BeanPostProcessorChecker - Bean 'com.zry.xiaohongshu.user.api.UserFeignApi' of type [org.springframework.cloud.openfeign.FeignClientFactoryBean] is not eligible for getting processed by all BeanPostProcessors (for example: not eligible for auto-proxying)
2025-09-18 15:08:35.938 [main] INFO  o.s.boot.web.embedded.tomcat.TomcatWebServer - Tomcat initialized with port(s): 8089 (http)
2025-09-18 15:08:35.939 [main] INFO  org.apache.catalina.core.AprLifecycleListener - Loaded Apache Tomcat Native library [2.0.3] using APR version [1.7.2].
2025-09-18 15:08:35.944 [main] INFO  org.apache.catalina.core.AprLifecycleListener - OpenSSL successfully initialized [OpenSSL 3.0.8 7 Feb 2023]
2025-09-18 15:08:35.957 [main] INFO  org.apache.catalina.core.StandardService - Starting service [Tomcat]
2025-09-18 15:08:35.957 [main] INFO  org.apache.catalina.core.StandardEngine - Starting Servlet engine: [Apache Tomcat/10.1.5]
2025-09-18 15:08:36.044 [main] INFO  o.a.c.core.ContainerBase.[Tomcat].[localhost].[/] - Initializing Spring embedded WebApplicationContext
2025-09-18 15:08:36.045 [main] INFO  o.s.b.w.s.c.ServletWebServerApplicationContext - Root WebApplicationContext: initialization completed in 1607 ms
2025-09-18 15:08:36.618 [main] INFO  o.s.cloud.openfeign.FeignClientFactoryBean - For 'xiaohongshu-user' URL not provided. Will try picking an instance via load-balancing.
2025-09-18 15:08:37.957 [main] WARN  o.s.c.l.c.LoadBalancerCacheAutoConfiguration$LoadBalancerCaffeineWarnLogger - Spring Cloud LoadBalancer is currently working with the default cache. While this cache implementation is useful for development and tests, it's recommended to use Caffeine cache in production.You can switch to using Caffeine cache, by adding it and org.springframework.cache.caffeine.CaffeineCacheManager to the classpath.
2025-09-18 15:08:38.022 [main] INFO  o.s.boot.web.embedded.tomcat.TomcatWebServer - Tomcat started on port(s): 8089 (http) with context path ''
2025-09-18 15:08:38.026 [main] INFO  com.alibaba.nacos.client.naming - initializer namespace from ans.namespace attribute : null
2025-09-18 15:08:38.026 [main] INFO  com.alibaba.nacos.client.naming - initializer namespace from ALIBABA_ALIWARE_NAMESPACE attribute :null
2025-09-18 15:08:38.026 [main] INFO  com.alibaba.nacos.client.naming - initializer namespace from namespace attribute :null
2025-09-18 15:08:38.035 [main] INFO  c.a.n.p.auth.spi.client.ClientAuthPluginManager - [ClientAuthPluginManager] Load ClientAuthService com.alibaba.nacos.client.auth.impl.NacosClientAuthServiceImpl success.
2025-09-18 15:08:38.035 [main] INFO  c.a.n.p.auth.spi.client.ClientAuthPluginManager - [ClientAuthPluginManager] Load ClientAuthService com.alibaba.nacos.client.auth.ram.RamClientAuthServiceImpl success.
2025-09-18 15:08:38.038 [main] INFO  com.alibaba.nacos.common.remote.client - [RpcClientFactory] create a new rpc client of 401adba5-6df6-41ab-84a2-5e0f6e7bd731
2025-09-18 15:08:38.039 [main] INFO  com.alibaba.nacos.common.remote.client - [401adba5-6df6-41ab-84a2-5e0f6e7bd731] RpcClient init, ServerListFactory = com.alibaba.nacos.client.naming.core.ServerListManager
2025-09-18 15:08:38.040 [main] INFO  com.alibaba.nacos.common.remote.client - [401adba5-6df6-41ab-84a2-5e0f6e7bd731] Registry connection listener to current client:com.alibaba.nacos.client.naming.remote.gprc.redo.NamingGrpcRedoService
2025-09-18 15:08:38.040 [main] INFO  com.alibaba.nacos.common.remote.client - [401adba5-6df6-41ab-84a2-5e0f6e7bd731] Register server push request handler:com.alibaba.nacos.client.naming.remote.gprc.NamingPushRequestHandler
2025-09-18 15:08:38.040 [main] INFO  com.alibaba.nacos.common.remote.client - [401adba5-6df6-41ab-84a2-5e0f6e7bd731] Try to connect to server on start up, server: {serverIp = '47.236.36.111', server main port = 8848}
2025-09-18 15:08:38.041 [main] INFO  c.a.nacos.common.remote.client.grpc.GrpcClient - grpc client connection server:47.236.36.111 ip,serverPort:9848,grpcTslConfig:{"sslProvider":"OPENSSL","enableTls":false,"mutualAuthEnable":false,"trustAll":false}
2025-09-18 15:08:38.512 [main] INFO  com.alibaba.nacos.common.remote.client - [401adba5-6df6-41ab-84a2-5e0f6e7bd731] Success to connect to server [47.236.36.111:8848] on start up, connectionId = 1758179318350_120.85.130.202_61379
2025-09-18 15:08:38.512 [main] INFO  com.alibaba.nacos.common.remote.client - [401adba5-6df6-41ab-84a2-5e0f6e7bd731] Register server push request handler:com.alibaba.nacos.common.remote.client.RpcClient$ConnectResetRequestHandler
2025-09-18 15:08:38.512 [main] INFO  com.alibaba.nacos.common.remote.client - [401adba5-6df6-41ab-84a2-5e0f6e7bd731] Register server push request handler:com.alibaba.nacos.common.remote.client.RpcClient$$Lambda$610/0x000001b3c64d76d0
2025-09-18 15:08:38.512 [com.alibaba.nacos.client.remote.worker] INFO  com.alibaba.nacos.common.remote.client - [401adba5-6df6-41ab-84a2-5e0f6e7bd731] Notify connected event to listeners.
2025-09-18 15:08:38.512 [com.alibaba.nacos.client.remote.worker] INFO  com.alibaba.nacos.client.naming - Grpc connection connect
2025-09-18 15:08:38.514 [main] INFO  com.alibaba.nacos.client.naming - [REGISTER-SERVICE] xiaohongshu registering service xiaohongshu-auth with instance Instance{instanceId='null', ip='10.91.138.46', port=8089, weight=1.0, healthy=true, enabled=true, ephemeral=true, clusterName='DEFAULT', serviceName='null', metadata={IPv6=null, preserved.register.source=SPRING_CLOUD}}
2025-09-18 15:08:38.577 [main] INFO  c.a.cloud.nacos.registry.NacosServiceRegistry - nacos registry, DEFAULT_GROUP xiaohongshu-auth 10.91.138.46:8089 register finished
2025-09-18 15:08:38.845 [main] INFO  c.zry.xiaohongshu.auth.XiaohongshuAuthApplication - Started XiaohongshuAuthApplication in 7.759 seconds (process running for 9.058)
2025-09-18 15:08:38.848 [main] INFO  com.alibaba.nacos.client.config.impl.CacheData - nacos.cache.data.init.snapshot = true 
2025-09-18 15:08:38.849 [main] INFO  com.alibaba.nacos.client.config.impl.ClientWorker - [fixed-xiaohongshu-47.236.36.111_8848_] [subscribe] xiaohongshu-auth.yaml+DEFAULT_GROUP+xiaohongshu
2025-09-18 15:08:38.857 [main] INFO  com.alibaba.nacos.client.config.impl.CacheData - [fixed-xiaohongshu-47.236.36.111_8848_] [add-listener] ok, tenant=xiaohongshu, dataId=xiaohongshu-auth.yaml, group=DEFAULT_GROUP, cnt=1
2025-09-18 15:08:38.857 [main] INFO  c.a.cloud.nacos.refresh.NacosContextRefresher - [Nacos Config] Listening config: dataId=xiaohongshu-auth.yaml, group=DEFAULT_GROUP
2025-09-18 15:08:38.858 [main] INFO  com.alibaba.nacos.client.config.impl.ClientWorker - [fixed-xiaohongshu-47.236.36.111_8848_] [subscribe] xiaohongshu-auth-dev.yaml+DEFAULT_GROUP+xiaohongshu
2025-09-18 15:08:38.858 [main] INFO  com.alibaba.nacos.client.config.impl.CacheData - [fixed-xiaohongshu-47.236.36.111_8848_] [add-listener] ok, tenant=xiaohongshu, dataId=xiaohongshu-auth-dev.yaml, group=DEFAULT_GROUP, cnt=1
2025-09-18 15:08:38.858 [main] INFO  c.a.cloud.nacos.refresh.NacosContextRefresher - [Nacos Config] Listening config: dataId=xiaohongshu-auth-dev.yaml, group=DEFAULT_GROUP
2025-09-18 15:08:38.860 [main] INFO  com.alibaba.nacos.client.config.impl.ClientWorker - [fixed-xiaohongshu-47.236.36.111_8848_] [subscribe] xiaohongshu-auth+DEFAULT_GROUP+xiaohongshu
2025-09-18 15:08:38.860 [main] INFO  com.alibaba.nacos.client.config.impl.CacheData - [fixed-xiaohongshu-47.236.36.111_8848_] [add-listener] ok, tenant=xiaohongshu, dataId=xiaohongshu-auth, group=DEFAULT_GROUP, cnt=1
2025-09-18 15:08:38.860 [main] INFO  c.a.cloud.nacos.refresh.NacosContextRefresher - [Nacos Config] Listening config: dataId=xiaohongshu-auth, group=DEFAULT_GROUP
2025-09-18 15:43:07.721 [http-nio-8089-exec-1] INFO  o.a.c.core.ContainerBase.[Tomcat].[localhost].[/] - Initializing Spring DispatcherServlet 'dispatcherServlet'
2025-09-18 15:43:07.727 [http-nio-8089-exec-1] INFO  org.springframework.web.servlet.DispatcherServlet - Initializing Servlet 'dispatcherServlet'
2025-09-18 15:43:07.727 [http-nio-8089-exec-1] INFO  org.springframework.web.servlet.DispatcherServlet - Completed initialization in 0 ms
2025-09-18 15:43:07.744 [http-nio-8089-exec-1] INFO  c.z.f.b.context.filter.HeaderUserId2ContextFilter - ## HeaderUserId2ContextFilter, 用户 ID: null
2025-09-18 15:43:08.022 [http-nio-8089-exec-1] INFO  c.z.f.b.operationlog.aspect.ApiOperationLogAspect - ====== 请求开始: [发送验证码], 入参: {"phone":"13068920712"}, 请求类: VerificationCodeController, 请求方法: send =================================== 
2025-09-18 15:43:08.575 [http-nio-8089-exec-2] INFO  c.z.f.b.context.filter.HeaderUserId2ContextFilter - ## HeaderUserId2ContextFilter, 用户 ID: null
2025-09-18 15:43:08.578 [http-nio-8089-exec-2] INFO  c.z.f.b.operationlog.aspect.ApiOperationLogAspect - ====== 请求开始: [发送验证码], 入参: {"phone":"13068920712"}, 请求类: VerificationCodeController, 请求方法: send =================================== 
2025-09-18 15:43:09.081 [http-nio-8089-exec-2] INFO  c.z.x.a.service.impl.VerificationCodeServiceImpl - ==> 手机号: 13068920712, 已生成验证码：【926590】
2025-09-18 15:43:09.081 [http-nio-8089-exec-1] INFO  c.z.x.a.service.impl.VerificationCodeServiceImpl - ==> 手机号: 13068920712, 已生成验证码：【562724】
2025-09-18 15:43:09.085 [AuthExecutor-2] INFO  com.zry.xiaohongshu.auth.sms.AliyunSmsHelper - ==> 开始短信发送, phone: 13068920712, signName: 阿里云短信测试, templateCode: SMS_154950909, templateParam: {"code":"926590"}
2025-09-18 15:43:09.085 [AuthExecutor-1] INFO  com.zry.xiaohongshu.auth.sms.AliyunSmsHelper - ==> 开始短信发送, phone: 13068920712, signName: 阿里云短信测试, templateCode: SMS_154950909, templateParam: {"code":"562724"}
2025-09-18 15:43:09.102 [http-nio-8089-exec-2] INFO  c.z.f.b.operationlog.aspect.ApiOperationLogAspect - ====== 请求结束: [发送验证码], 耗时: 522ms, 出参: {"success":true,"message":null,"errorCode":null,"data":null} =================================== 
2025-09-18 15:43:09.102 [http-nio-8089-exec-1] INFO  c.z.f.b.operationlog.aspect.ApiOperationLogAspect - ====== 请求结束: [发送验证码], 耗时: 1079ms, 出参: {"success":true,"message":null,"errorCode":null,"data":null} =================================== 
2025-09-18 15:43:10.617 [AuthExecutor-1] INFO  com.zry.xiaohongshu.auth.sms.AliyunSmsHelper - ==> 短信发送成功, response: {"headers":{"access-control-allow-origin":"*","date":"Thu, 18 Sep 2025 07:43:10 GMT","content-length":"131","keep-alive":"timeout=25","x-acs-request-id":"1149183A-5C2D-5B13-9858-D0A14D46F119","connection":"keep-alive","content-type":"application/json;charset=utf-8","etag":"1qWnmXpMLetGpNNFpCDc2hg7","access-control-expose-headers":"*","x-acs-trace-id":"a728f98476b1e1ff0f288139e905e6ce"},"statusCode":200,"body":{"bizId":null,"code":"isv.BUSINESS_LIMIT_CONTROL","message":"触发分钟级流控Permits:1","requestId":"1149183A-5C2D-5B13-9858-D0A14D46F119"}}
2025-09-18 15:43:10.936 [AuthExecutor-2] INFO  com.zry.xiaohongshu.auth.sms.AliyunSmsHelper - ==> 短信发送成功, response: {"headers":{"access-control-allow-origin":"*","date":"Thu, 18 Sep 2025 07:43:10 GMT","content-length":"110","keep-alive":"timeout=25","x-acs-request-id":"96B7E91E-370D-51A6-843E-1CF10889D106","connection":"keep-alive","content-type":"application/json;charset=utf-8","etag":"15IKg4vrb9PjnUg+LD2Pvrg0","access-control-expose-headers":"*","x-acs-trace-id":"85f4d73c3e142ddc06b6a1d08d83f744"},"statusCode":200,"body":{"bizId":"628819258181390518^0","code":"OK","message":"OK","requestId":"96B7E91E-370D-51A6-843E-1CF10889D106"}}
2025-09-18 15:43:49.532 [http-nio-8089-exec-3] INFO  c.z.f.b.context.filter.HeaderUserId2ContextFilter - ## HeaderUserId2ContextFilter, 用户 ID: null
2025-09-18 15:43:49.544 [http-nio-8089-exec-3] INFO  c.z.f.b.operationlog.aspect.ApiOperationLogAspect - ====== 请求开始: [用户登录], 入参: {"phone":"13068920712","code":"562724","password":null,"type":1}, 请求类: AuthController, 请求方法: loginAndRegister =================================== 
2025-09-18 15:43:49.562 [http-nio-8089-exec-3] WARN  c.z.x.auth.exception.GlobalExceptionHandler - /login request fail, errorCode: AUTH-20001, errorMessage: 验证码错误
2025-09-18 15:43:51.866 [http-nio-8089-exec-4] INFO  c.z.f.b.context.filter.HeaderUserId2ContextFilter - ## HeaderUserId2ContextFilter, 用户 ID: null
2025-09-18 15:43:51.868 [http-nio-8089-exec-4] INFO  c.z.f.b.operationlog.aspect.ApiOperationLogAspect - ====== 请求开始: [用户登录], 入参: {"phone":"13068920712","code":"562724","password":null,"type":1}, 请求类: AuthController, 请求方法: loginAndRegister =================================== 
2025-09-18 15:43:51.870 [http-nio-8089-exec-4] WARN  c.z.x.auth.exception.GlobalExceptionHandler - /login request fail, errorCode: AUTH-20001, errorMessage: 验证码错误
2025-09-18 15:43:52.573 [http-nio-8089-exec-5] INFO  c.z.f.b.context.filter.HeaderUserId2ContextFilter - ## HeaderUserId2ContextFilter, 用户 ID: null
2025-09-18 15:43:52.575 [http-nio-8089-exec-5] INFO  c.z.f.b.operationlog.aspect.ApiOperationLogAspect - ====== 请求开始: [用户登录], 入参: {"phone":"13068920712","code":"562724","password":null,"type":1}, 请求类: AuthController, 请求方法: loginAndRegister =================================== 
2025-09-18 15:43:52.578 [http-nio-8089-exec-5] WARN  c.z.x.auth.exception.GlobalExceptionHandler - /login request fail, errorCode: AUTH-20001, errorMessage: 验证码错误
2025-09-18 15:43:52.748 [http-nio-8089-exec-8] INFO  c.z.f.b.context.filter.HeaderUserId2ContextFilter - ## HeaderUserId2ContextFilter, 用户 ID: null
2025-09-18 15:43:52.751 [http-nio-8089-exec-8] INFO  c.z.f.b.operationlog.aspect.ApiOperationLogAspect - ====== 请求开始: [用户登录], 入参: {"phone":"13068920712","code":"562724","password":null,"type":1}, 请求类: AuthController, 请求方法: loginAndRegister =================================== 
2025-09-18 15:43:52.755 [http-nio-8089-exec-8] WARN  c.z.x.auth.exception.GlobalExceptionHandler - /login request fail, errorCode: AUTH-20001, errorMessage: 验证码错误
2025-09-18 15:44:10.614 [http-nio-8089-exec-6] INFO  c.z.f.b.context.filter.HeaderUserId2ContextFilter - ## HeaderUserId2ContextFilter, 用户 ID: null
2025-09-18 15:44:10.614 [http-nio-8089-exec-6] INFO  c.z.f.b.operationlog.aspect.ApiOperationLogAspect - ====== 请求开始: [用户登录], 入参: {"phone":"13068920712","code":"926590","password":null,"type":1}, 请求类: AuthController, 请求方法: loginAndRegister =================================== 
2025-09-18 15:44:10.702 [http-nio-8089-exec-6] INFO  com.alibaba.nacos.client.naming - [SUBSCRIBE-SERVICE] service:xiaohongshu-user, group:DEFAULT_GROUP, clusters: 
2025-09-18 15:44:10.760 [http-nio-8089-exec-6] INFO  com.alibaba.nacos.client.naming - init new ips(1) service: DEFAULT_GROUP@@xiaohongshu-user -> [{"ip":"10.91.138.46","port":8082,"weight":1.0,"healthy":true,"enabled":true,"ephemeral":true,"clusterName":"DEFAULT","serviceName":"DEFAULT_GROUP@@xiaohongshu-user","metadata":{"preserved.register.source":"SPRING_CLOUD"},"ipDeleteTimeout":30000,"instanceHeartBeatInterval":5000,"instanceHeartBeatTimeOut":15000}]
2025-09-18 15:44:10.761 [http-nio-8089-exec-6] INFO  com.alibaba.nacos.client.naming - current ips:(1) service: DEFAULT_GROUP@@xiaohongshu-user -> [{"ip":"10.91.138.46","port":8082,"weight":1.0,"healthy":true,"enabled":true,"ephemeral":true,"clusterName":"DEFAULT","serviceName":"DEFAULT_GROUP@@xiaohongshu-user","metadata":{"preserved.register.source":"SPRING_CLOUD"},"ipDeleteTimeout":30000,"instanceHeartBeatInterval":5000,"instanceHeartBeatTimeOut":15000}]
2025-09-18 15:44:11.068 [http-nio-8089-exec-9] INFO  c.z.f.b.context.filter.HeaderUserId2ContextFilter - ## HeaderUserId2ContextFilter, 用户 ID: null
2025-09-18 15:44:11.070 [http-nio-8089-exec-9] INFO  c.z.f.b.operationlog.aspect.ApiOperationLogAspect - ====== 请求开始: [用户登录], 入参: {"phone":"13068920712","code":"926590","password":null,"type":1}, 请求类: AuthController, 请求方法: loginAndRegister =================================== 
2025-09-18 15:44:11.314 [nacos-grpc-client-executor-47.236.36.111-435] INFO  com.alibaba.nacos.common.remote.client - [401adba5-6df6-41ab-84a2-5e0f6e7bd731] Receive server push request, request = NotifySubscriberRequest, requestId = 396
2025-09-18 15:44:11.315 [nacos-grpc-client-executor-47.236.36.111-435] INFO  com.alibaba.nacos.common.remote.client - [401adba5-6df6-41ab-84a2-5e0f6e7bd731] Ack server push request, request = NotifySubscriberRequest, requestId = 396
2025-09-18 15:44:11.594 [http-nio-8089-exec-9] INFO  c.z.f.b.operationlog.aspect.ApiOperationLogAspect - ====== 请求结束: [用户登录], 耗时: 525ms, 出参: {"success":true,"message":null,"errorCode":null,"data":"7mr5CWldbdfU7gSRogFMQoKu9OOufcZve6qf1lKymbfKPbGIqsV3VfR9QhvUoVbRN9s27UCyPiKhPuIfcfed0NYXrsVPQS8eWMCjNBF0rejwg7ZVQwGpD5UBiPCVDY2I"} =================================== 
2025-09-18 15:44:11.594 [http-nio-8089-exec-6] INFO  c.z.f.b.operationlog.aspect.ApiOperationLogAspect - ====== 请求结束: [用户登录], 耗时: 980ms, 出参: {"success":true,"message":null,"errorCode":null,"data":"7mr5CWldbdfU7gSRogFMQoKu9OOufcZve6qf1lKymbfKPbGIqsV3VfR9QhvUoVbRN9s27UCyPiKhPuIfcfed0NYXrsVPQS8eWMCjNBF0rejwg7ZVQwGpD5UBiPCVDY2I"} =================================== 
2025-09-18 15:49:36.113 [nacos-grpc-client-executor-47.236.36.111-499] ERROR c.a.nacos.common.remote.client.grpc.GrpcClient - [1758179318350_120.85.130.202_61379]Request stream error, switch server,error={}
com.alibaba.nacos.shaded.io.grpc.StatusRuntimeException: UNAVAILABLE: io exception
	at com.alibaba.nacos.shaded.io.grpc.Status.asRuntimeException(Status.java:539)
	at com.alibaba.nacos.shaded.io.grpc.stub.ClientCalls$StreamObserverToCallListenerAdapter.onClose(ClientCalls.java:487)
	at com.alibaba.nacos.shaded.io.grpc.internal.ClientCallImpl.closeObserver(ClientCallImpl.java:563)
	at com.alibaba.nacos.shaded.io.grpc.internal.ClientCallImpl.access$300(ClientCallImpl.java:70)
	at com.alibaba.nacos.shaded.io.grpc.internal.ClientCallImpl$ClientStreamListenerImpl$1StreamClosed.runInternal(ClientCallImpl.java:744)
	at com.alibaba.nacos.shaded.io.grpc.internal.ClientCallImpl$ClientStreamListenerImpl$1StreamClosed.runInContext(ClientCallImpl.java:723)
	at com.alibaba.nacos.shaded.io.grpc.internal.ContextRunnable.run(ContextRunnable.java:37)
	at com.alibaba.nacos.shaded.io.grpc.internal.SerializingExecutor.run(SerializingExecutor.java:133)
	at java.base/java.util.concurrent.ThreadPoolExecutor.runWorker(ThreadPoolExecutor.java:1136)
	at java.base/java.util.concurrent.ThreadPoolExecutor$Worker.run(ThreadPoolExecutor.java:635)
	at java.base/java.lang.Thread.run(Thread.java:842)
Caused by: java.net.SocketException: Connection reset
	at java.base/sun.nio.ch.SocketChannelImpl.throwConnectionReset(SocketChannelImpl.java:394)
	at java.base/sun.nio.ch.SocketChannelImpl.read(SocketChannelImpl.java:426)
	at com.alibaba.nacos.shaded.io.grpc.netty.shaded.io.netty.buffer.PooledByteBuf.setBytes(PooledByteBuf.java:258)
	at com.alibaba.nacos.shaded.io.grpc.netty.shaded.io.netty.buffer.AbstractByteBuf.writeBytes(AbstractByteBuf.java:1132)
	at com.alibaba.nacos.shaded.io.grpc.netty.shaded.io.netty.channel.socket.nio.NioSocketChannel.doReadBytes(NioSocketChannel.java:357)
	at com.alibaba.nacos.shaded.io.grpc.netty.shaded.io.netty.channel.nio.AbstractNioByteChannel$NioByteUnsafe.read(AbstractNioByteChannel.java:151)
	at com.alibaba.nacos.shaded.io.grpc.netty.shaded.io.netty.channel.nio.NioEventLoop.processSelectedKey(NioEventLoop.java:722)
	at com.alibaba.nacos.shaded.io.grpc.netty.shaded.io.netty.channel.nio.NioEventLoop.processSelectedKeysOptimized(NioEventLoop.java:658)
	at com.alibaba.nacos.shaded.io.grpc.netty.shaded.io.netty.channel.nio.NioEventLoop.processSelectedKeys(NioEventLoop.java:584)
	at com.alibaba.nacos.shaded.io.grpc.netty.shaded.io.netty.channel.nio.NioEventLoop.run(NioEventLoop.java:496)
	at com.alibaba.nacos.shaded.io.grpc.netty.shaded.io.netty.util.concurrent.SingleThreadEventExecutor$4.run(SingleThreadEventExecutor.java:997)
	at com.alibaba.nacos.shaded.io.grpc.netty.shaded.io.netty.util.internal.ThreadExecutorMap$2.run(ThreadExecutorMap.java:74)
	at com.alibaba.nacos.shaded.io.grpc.netty.shaded.io.netty.util.concurrent.FastThreadLocalRunnable.run(FastThreadLocalRunnable.java:30)
	... 1 common frames omitted
2025-09-18 15:49:36.120 [com.alibaba.nacos.client.remote.worker] INFO  com.alibaba.nacos.common.remote.client - [401adba5-6df6-41ab-84a2-5e0f6e7bd731] Try to reconnect to a new server, server is  not appointed, will choose a random server.
2025-09-18 15:49:36.120 [com.alibaba.nacos.client.remote.worker] INFO  c.a.nacos.common.remote.client.grpc.GrpcClient - grpc client connection server:47.236.36.111 ip,serverPort:9848,grpcTslConfig:{"sslProvider":"OPENSSL","enableTls":false,"mutualAuthEnable":false,"trustAll":false}
2025-09-18 15:49:36.140 [nacos-grpc-client-executor-47.236.36.111-508] ERROR c.a.nacos.common.remote.client.grpc.GrpcClient - [1758179313910_120.85.130.202_61360]Request stream error, switch server,error={}
com.alibaba.nacos.shaded.io.grpc.StatusRuntimeException: UNAVAILABLE: io exception
	at com.alibaba.nacos.shaded.io.grpc.Status.asRuntimeException(Status.java:539)
	at com.alibaba.nacos.shaded.io.grpc.stub.ClientCalls$StreamObserverToCallListenerAdapter.onClose(ClientCalls.java:487)
	at com.alibaba.nacos.shaded.io.grpc.internal.ClientCallImpl.closeObserver(ClientCallImpl.java:563)
	at com.alibaba.nacos.shaded.io.grpc.internal.ClientCallImpl.access$300(ClientCallImpl.java:70)
	at com.alibaba.nacos.shaded.io.grpc.internal.ClientCallImpl$ClientStreamListenerImpl$1StreamClosed.runInternal(ClientCallImpl.java:744)
	at com.alibaba.nacos.shaded.io.grpc.internal.ClientCallImpl$ClientStreamListenerImpl$1StreamClosed.runInContext(ClientCallImpl.java:723)
	at com.alibaba.nacos.shaded.io.grpc.internal.ContextRunnable.run(ContextRunnable.java:37)
	at com.alibaba.nacos.shaded.io.grpc.internal.SerializingExecutor.run(SerializingExecutor.java:133)
	at java.base/java.util.concurrent.ThreadPoolExecutor.runWorker(ThreadPoolExecutor.java:1136)
	at java.base/java.util.concurrent.ThreadPoolExecutor$Worker.run(ThreadPoolExecutor.java:635)
	at java.base/java.lang.Thread.run(Thread.java:842)
Caused by: java.net.SocketException: Connection reset
	at java.base/sun.nio.ch.SocketChannelImpl.throwConnectionReset(SocketChannelImpl.java:394)
	at java.base/sun.nio.ch.SocketChannelImpl.read(SocketChannelImpl.java:426)
	at com.alibaba.nacos.shaded.io.grpc.netty.shaded.io.netty.buffer.PooledByteBuf.setBytes(PooledByteBuf.java:258)
	at com.alibaba.nacos.shaded.io.grpc.netty.shaded.io.netty.buffer.AbstractByteBuf.writeBytes(AbstractByteBuf.java:1132)
	at com.alibaba.nacos.shaded.io.grpc.netty.shaded.io.netty.channel.socket.nio.NioSocketChannel.doReadBytes(NioSocketChannel.java:357)
	at com.alibaba.nacos.shaded.io.grpc.netty.shaded.io.netty.channel.nio.AbstractNioByteChannel$NioByteUnsafe.read(AbstractNioByteChannel.java:151)
	at com.alibaba.nacos.shaded.io.grpc.netty.shaded.io.netty.channel.nio.NioEventLoop.processSelectedKey(NioEventLoop.java:722)
	at com.alibaba.nacos.shaded.io.grpc.netty.shaded.io.netty.channel.nio.NioEventLoop.processSelectedKeysOptimized(NioEventLoop.java:658)
	at com.alibaba.nacos.shaded.io.grpc.netty.shaded.io.netty.channel.nio.NioEventLoop.processSelectedKeys(NioEventLoop.java:584)
	at com.alibaba.nacos.shaded.io.grpc.netty.shaded.io.netty.channel.nio.NioEventLoop.run(NioEventLoop.java:496)
	at com.alibaba.nacos.shaded.io.grpc.netty.shaded.io.netty.util.concurrent.SingleThreadEventExecutor$4.run(SingleThreadEventExecutor.java:997)
	at com.alibaba.nacos.shaded.io.grpc.netty.shaded.io.netty.util.internal.ThreadExecutorMap$2.run(ThreadExecutorMap.java:74)
	at com.alibaba.nacos.shaded.io.grpc.netty.shaded.io.netty.util.concurrent.FastThreadLocalRunnable.run(FastThreadLocalRunnable.java:30)
	... 1 common frames omitted
2025-09-18 15:49:36.140 [com.alibaba.nacos.client.remote.worker] INFO  com.alibaba.nacos.common.remote.client - [ac2cb24c-ec1b-4c96-8e8c-44b2e36a6e3c_config-0] Try to reconnect to a new server, server is  not appointed, will choose a random server.
2025-09-18 15:49:36.140 [com.alibaba.nacos.client.remote.worker] INFO  c.a.nacos.common.remote.client.grpc.GrpcClient - grpc client connection server:47.236.36.111 ip,serverPort:9848,grpcTslConfig:{"sslProvider":"OPENSSL","enableTls":false,"mutualAuthEnable":false,"trustAll":false}
2025-09-18 15:49:39.135 [com.alibaba.nacos.client.remote.worker] ERROR c.a.nacos.common.remote.client.grpc.GrpcClient - Server check fail, please check server 47.236.36.111 ,port 9848 is available , error ={}
java.util.concurrent.TimeoutException: Waited 3000 milliseconds (plus 11 milliseconds, 153200 nanoseconds delay) for com.alibaba.nacos.shaded.io.grpc.stub.ClientCalls$GrpcFuture@7366f196[status=PENDING, info=[GrpcFuture{clientCall=PendingCall{realCall=ClientCallImpl{method=MethodDescriptor{fullMethodName=Request/request, type=UNARY, idempotent=false, safe=false, sampledToLocalTracing=true, requestMarshaller=com.alibaba.nacos.shaded.io.grpc.protobuf.lite.ProtoLiteUtils$MessageMarshaller@83f6bc, responseMarshaller=com.alibaba.nacos.shaded.io.grpc.protobuf.lite.ProtoLiteUtils$MessageMarshaller@29fb223, schemaDescriptor=com.alibaba.nacos.api.grpc.auto.RequestGrpc$RequestMethodDescriptorSupplier@12228bf3}}}}]]
	at com.alibaba.nacos.shaded.com.google.common.util.concurrent.AbstractFuture.get(AbstractFuture.java:508)
	at com.alibaba.nacos.common.remote.client.grpc.GrpcClient.serverCheck(GrpcClient.java:218)
	at com.alibaba.nacos.common.remote.client.grpc.GrpcClient.connectToServer(GrpcClient.java:329)
	at com.alibaba.nacos.common.remote.client.RpcClient.reconnect(RpcClient.java:502)
	at com.alibaba.nacos.common.remote.client.RpcClient.lambda$start$2(RpcClient.java:343)
	at java.base/java.util.concurrent.Executors$RunnableAdapter.call(Executors.java:539)
	at java.base/java.util.concurrent.FutureTask.run(FutureTask.java:264)
	at java.base/java.util.concurrent.ScheduledThreadPoolExecutor$ScheduledFutureTask.run(ScheduledThreadPoolExecutor.java:304)
	at java.base/java.util.concurrent.ThreadPoolExecutor.runWorker(ThreadPoolExecutor.java:1136)
	at java.base/java.util.concurrent.ThreadPoolExecutor$Worker.run(ThreadPoolExecutor.java:635)
	at java.base/java.lang.Thread.run(Thread.java:842)
2025-09-18 15:49:39.149 [com.alibaba.nacos.client.remote.worker] ERROR c.a.nacos.common.remote.client.grpc.GrpcClient - Server check fail, please check server 47.236.36.111 ,port 9848 is available , error ={}
java.util.concurrent.TimeoutException: Waited 3000 milliseconds (plus 6 milliseconds, 797400 nanoseconds delay) for com.alibaba.nacos.shaded.io.grpc.stub.ClientCalls$GrpcFuture@43458508[status=PENDING, info=[GrpcFuture{clientCall=PendingCall{realCall=ClientCallImpl{method=MethodDescriptor{fullMethodName=Request/request, type=UNARY, idempotent=false, safe=false, sampledToLocalTracing=true, requestMarshaller=com.alibaba.nacos.shaded.io.grpc.protobuf.lite.ProtoLiteUtils$MessageMarshaller@83f6bc, responseMarshaller=com.alibaba.nacos.shaded.io.grpc.protobuf.lite.ProtoLiteUtils$MessageMarshaller@29fb223, schemaDescriptor=com.alibaba.nacos.api.grpc.auto.RequestGrpc$RequestMethodDescriptorSupplier@12228bf3}}}}]]
	at com.alibaba.nacos.shaded.com.google.common.util.concurrent.AbstractFuture.get(AbstractFuture.java:508)
	at com.alibaba.nacos.common.remote.client.grpc.GrpcClient.serverCheck(GrpcClient.java:218)
	at com.alibaba.nacos.common.remote.client.grpc.GrpcClient.connectToServer(GrpcClient.java:329)
	at com.alibaba.nacos.common.remote.client.RpcClient.reconnect(RpcClient.java:502)
	at com.alibaba.nacos.common.remote.client.RpcClient.lambda$start$2(RpcClient.java:343)
	at java.base/java.util.concurrent.Executors$RunnableAdapter.call(Executors.java:539)
	at java.base/java.util.concurrent.FutureTask.run(FutureTask.java:264)
	at java.base/java.util.concurrent.ScheduledThreadPoolExecutor$ScheduledFutureTask.run(ScheduledThreadPoolExecutor.java:304)
	at java.base/java.util.concurrent.ThreadPoolExecutor.runWorker(ThreadPoolExecutor.java:1136)
	at java.base/java.util.concurrent.ThreadPoolExecutor$Worker.run(ThreadPoolExecutor.java:635)
	at java.base/java.lang.Thread.run(Thread.java:842)
2025-09-18 15:49:39.253 [com.alibaba.nacos.client.remote.worker] INFO  c.a.nacos.common.remote.client.grpc.GrpcClient - grpc client connection server:47.236.36.111 ip,serverPort:9848,grpcTslConfig:{"sslProvider":"OPENSSL","enableTls":false,"mutualAuthEnable":false,"trustAll":false}
2025-09-18 15:49:39.253 [com.alibaba.nacos.client.remote.worker] INFO  c.a.nacos.common.remote.client.grpc.GrpcClient - grpc client connection server:47.236.36.111 ip,serverPort:9848,grpcTslConfig:{"sslProvider":"OPENSSL","enableTls":false,"mutualAuthEnable":false,"trustAll":false}
2025-09-18 15:49:42.262 [com.alibaba.nacos.client.remote.worker] ERROR c.a.nacos.common.remote.client.grpc.GrpcClient - Server check fail, please check server 47.236.36.111 ,port 9848 is available , error ={}
java.util.concurrent.TimeoutException: Waited 3000 milliseconds (plus 6 milliseconds, 298500 nanoseconds delay) for com.alibaba.nacos.shaded.io.grpc.stub.ClientCalls$GrpcFuture@ba273[status=PENDING, info=[GrpcFuture{clientCall=PendingCall{realCall=ClientCallImpl{method=MethodDescriptor{fullMethodName=Request/request, type=UNARY, idempotent=false, safe=false, sampledToLocalTracing=true, requestMarshaller=com.alibaba.nacos.shaded.io.grpc.protobuf.lite.ProtoLiteUtils$MessageMarshaller@83f6bc, responseMarshaller=com.alibaba.nacos.shaded.io.grpc.protobuf.lite.ProtoLiteUtils$MessageMarshaller@29fb223, schemaDescriptor=com.alibaba.nacos.api.grpc.auto.RequestGrpc$RequestMethodDescriptorSupplier@12228bf3}}}}]]
	at com.alibaba.nacos.shaded.com.google.common.util.concurrent.AbstractFuture.get(AbstractFuture.java:508)
	at com.alibaba.nacos.common.remote.client.grpc.GrpcClient.serverCheck(GrpcClient.java:218)
	at com.alibaba.nacos.common.remote.client.grpc.GrpcClient.connectToServer(GrpcClient.java:329)
	at com.alibaba.nacos.common.remote.client.RpcClient.reconnect(RpcClient.java:502)
	at com.alibaba.nacos.common.remote.client.RpcClient.lambda$start$2(RpcClient.java:343)
	at java.base/java.util.concurrent.Executors$RunnableAdapter.call(Executors.java:539)
	at java.base/java.util.concurrent.FutureTask.run(FutureTask.java:264)
	at java.base/java.util.concurrent.ScheduledThreadPoolExecutor$ScheduledFutureTask.run(ScheduledThreadPoolExecutor.java:304)
	at java.base/java.util.concurrent.ThreadPoolExecutor.runWorker(ThreadPoolExecutor.java:1136)
	at java.base/java.util.concurrent.ThreadPoolExecutor$Worker.run(ThreadPoolExecutor.java:635)
	at java.base/java.lang.Thread.run(Thread.java:842)
2025-09-18 15:49:42.263 [com.alibaba.nacos.client.remote.worker] INFO  com.alibaba.nacos.common.remote.client - [ac2cb24c-ec1b-4c96-8e8c-44b2e36a6e3c_config-0] Fail to connect server, after trying 1 times, last try server is {serverIp = '47.236.36.111', server main port = 8848}, error = unknown
2025-09-18 15:49:42.265 [com.alibaba.nacos.client.remote.worker] ERROR c.a.nacos.common.remote.client.grpc.GrpcClient - Server check fail, please check server 47.236.36.111 ,port 9848 is available , error ={}
java.util.concurrent.TimeoutException: Waited 3000 milliseconds (plus 10 milliseconds, 416400 nanoseconds delay) for com.alibaba.nacos.shaded.io.grpc.stub.ClientCalls$GrpcFuture@43c4c1bc[status=PENDING, info=[GrpcFuture{clientCall=PendingCall{realCall=ClientCallImpl{method=MethodDescriptor{fullMethodName=Request/request, type=UNARY, idempotent=false, safe=false, sampledToLocalTracing=true, requestMarshaller=com.alibaba.nacos.shaded.io.grpc.protobuf.lite.ProtoLiteUtils$MessageMarshaller@83f6bc, responseMarshaller=com.alibaba.nacos.shaded.io.grpc.protobuf.lite.ProtoLiteUtils$MessageMarshaller@29fb223, schemaDescriptor=com.alibaba.nacos.api.grpc.auto.RequestGrpc$RequestMethodDescriptorSupplier@12228bf3}}}}]]
	at com.alibaba.nacos.shaded.com.google.common.util.concurrent.AbstractFuture.get(AbstractFuture.java:508)
	at com.alibaba.nacos.common.remote.client.grpc.GrpcClient.serverCheck(GrpcClient.java:218)
	at com.alibaba.nacos.common.remote.client.grpc.GrpcClient.connectToServer(GrpcClient.java:329)
	at com.alibaba.nacos.common.remote.client.RpcClient.reconnect(RpcClient.java:502)
	at com.alibaba.nacos.common.remote.client.RpcClient.lambda$start$2(RpcClient.java:343)
	at java.base/java.util.concurrent.Executors$RunnableAdapter.call(Executors.java:539)
	at java.base/java.util.concurrent.FutureTask.run(FutureTask.java:264)
	at java.base/java.util.concurrent.ScheduledThreadPoolExecutor$ScheduledFutureTask.run(ScheduledThreadPoolExecutor.java:304)
	at java.base/java.util.concurrent.ThreadPoolExecutor.runWorker(ThreadPoolExecutor.java:1136)
	at java.base/java.util.concurrent.ThreadPoolExecutor$Worker.run(ThreadPoolExecutor.java:635)
	at java.base/java.lang.Thread.run(Thread.java:842)
2025-09-18 15:49:42.267 [com.alibaba.nacos.client.remote.worker] INFO  com.alibaba.nacos.common.remote.client - [401adba5-6df6-41ab-84a2-5e0f6e7bd731] Fail to connect server, after trying 1 times, last try server is {serverIp = '47.236.36.111', server main port = 8848}, error = unknown
2025-09-18 15:49:42.468 [com.alibaba.nacos.client.remote.worker] INFO  c.a.nacos.common.remote.client.grpc.GrpcClient - grpc client connection server:47.236.36.111 ip,serverPort:9848,grpcTslConfig:{"sslProvider":"OPENSSL","enableTls":false,"mutualAuthEnable":false,"trustAll":false}
2025-09-18 15:49:42.482 [com.alibaba.nacos.client.remote.worker] INFO  c.a.nacos.common.remote.client.grpc.GrpcClient - grpc client connection server:47.236.36.111 ip,serverPort:9848,grpcTslConfig:{"sslProvider":"OPENSSL","enableTls":false,"mutualAuthEnable":false,"trustAll":false}
2025-09-18 15:49:45.488 [com.alibaba.nacos.client.remote.worker] ERROR c.a.nacos.common.remote.client.grpc.GrpcClient - Server check fail, please check server 47.236.36.111 ,port 9848 is available , error ={}
java.util.concurrent.TimeoutException: Waited 3000 milliseconds (plus 15 milliseconds, 259800 nanoseconds delay) for com.alibaba.nacos.shaded.io.grpc.stub.ClientCalls$GrpcFuture@cb4ea60[status=PENDING, info=[GrpcFuture{clientCall=PendingCall{realCall=ClientCallImpl{method=MethodDescriptor{fullMethodName=Request/request, type=UNARY, idempotent=false, safe=false, sampledToLocalTracing=true, requestMarshaller=com.alibaba.nacos.shaded.io.grpc.protobuf.lite.ProtoLiteUtils$MessageMarshaller@83f6bc, responseMarshaller=com.alibaba.nacos.shaded.io.grpc.protobuf.lite.ProtoLiteUtils$MessageMarshaller@29fb223, schemaDescriptor=com.alibaba.nacos.api.grpc.auto.RequestGrpc$RequestMethodDescriptorSupplier@12228bf3}}}}]]
	at com.alibaba.nacos.shaded.com.google.common.util.concurrent.AbstractFuture.get(AbstractFuture.java:508)
	at com.alibaba.nacos.common.remote.client.grpc.GrpcClient.serverCheck(GrpcClient.java:218)
	at com.alibaba.nacos.common.remote.client.grpc.GrpcClient.connectToServer(GrpcClient.java:329)
	at com.alibaba.nacos.common.remote.client.RpcClient.reconnect(RpcClient.java:502)
	at com.alibaba.nacos.common.remote.client.RpcClient.lambda$start$2(RpcClient.java:343)
	at java.base/java.util.concurrent.Executors$RunnableAdapter.call(Executors.java:539)
	at java.base/java.util.concurrent.FutureTask.run(FutureTask.java:264)
	at java.base/java.util.concurrent.ScheduledThreadPoolExecutor$ScheduledFutureTask.run(ScheduledThreadPoolExecutor.java:304)
	at java.base/java.util.concurrent.ThreadPoolExecutor.runWorker(ThreadPoolExecutor.java:1136)
	at java.base/java.util.concurrent.ThreadPoolExecutor$Worker.run(ThreadPoolExecutor.java:635)
	at java.base/java.lang.Thread.run(Thread.java:842)
2025-09-18 15:49:45.489 [com.alibaba.nacos.client.remote.worker] INFO  com.alibaba.nacos.common.remote.client - [ac2cb24c-ec1b-4c96-8e8c-44b2e36a6e3c_config-0] Fail to connect server, after trying 2 times, last try server is {serverIp = '47.236.36.111', server main port = 8848}, error = unknown
2025-09-18 15:49:45.494 [com.alibaba.nacos.client.remote.worker] ERROR c.a.nacos.common.remote.client.grpc.GrpcClient - Server check fail, please check server 47.236.36.111 ,port 9848 is available , error ={}
java.util.concurrent.TimeoutException: Waited 3000 milliseconds (plus 8 milliseconds, 310000 nanoseconds delay) for com.alibaba.nacos.shaded.io.grpc.stub.ClientCalls$GrpcFuture@37f7ba96[status=PENDING, info=[GrpcFuture{clientCall=PendingCall{realCall=ClientCallImpl{method=MethodDescriptor{fullMethodName=Request/request, type=UNARY, idempotent=false, safe=false, sampledToLocalTracing=true, requestMarshaller=com.alibaba.nacos.shaded.io.grpc.protobuf.lite.ProtoLiteUtils$MessageMarshaller@83f6bc, responseMarshaller=com.alibaba.nacos.shaded.io.grpc.protobuf.lite.ProtoLiteUtils$MessageMarshaller@29fb223, schemaDescriptor=com.alibaba.nacos.api.grpc.auto.RequestGrpc$RequestMethodDescriptorSupplier@12228bf3}}}}]]
	at com.alibaba.nacos.shaded.com.google.common.util.concurrent.AbstractFuture.get(AbstractFuture.java:508)
	at com.alibaba.nacos.common.remote.client.grpc.GrpcClient.serverCheck(GrpcClient.java:218)
	at com.alibaba.nacos.common.remote.client.grpc.GrpcClient.connectToServer(GrpcClient.java:329)
	at com.alibaba.nacos.common.remote.client.RpcClient.reconnect(RpcClient.java:502)
	at com.alibaba.nacos.common.remote.client.RpcClient.lambda$start$2(RpcClient.java:343)
	at java.base/java.util.concurrent.Executors$RunnableAdapter.call(Executors.java:539)
	at java.base/java.util.concurrent.FutureTask.run(FutureTask.java:264)
	at java.base/java.util.concurrent.ScheduledThreadPoolExecutor$ScheduledFutureTask.run(ScheduledThreadPoolExecutor.java:304)
	at java.base/java.util.concurrent.ThreadPoolExecutor.runWorker(ThreadPoolExecutor.java:1136)
	at java.base/java.util.concurrent.ThreadPoolExecutor$Worker.run(ThreadPoolExecutor.java:635)
	at java.base/java.lang.Thread.run(Thread.java:842)
2025-09-18 15:49:45.495 [com.alibaba.nacos.client.remote.worker] INFO  com.alibaba.nacos.common.remote.client - [401adba5-6df6-41ab-84a2-5e0f6e7bd731] Fail to connect server, after trying 2 times, last try server is {serverIp = '47.236.36.111', server main port = 8848}, error = unknown
2025-09-18 15:49:45.795 [com.alibaba.nacos.client.remote.worker] INFO  c.a.nacos.common.remote.client.grpc.GrpcClient - grpc client connection server:47.236.36.111 ip,serverPort:9848,grpcTslConfig:{"sslProvider":"OPENSSL","enableTls":false,"mutualAuthEnable":false,"trustAll":false}
2025-09-18 15:49:45.811 [com.alibaba.nacos.client.remote.worker] INFO  c.a.nacos.common.remote.client.grpc.GrpcClient - grpc client connection server:47.236.36.111 ip,serverPort:9848,grpcTslConfig:{"sslProvider":"OPENSSL","enableTls":false,"mutualAuthEnable":false,"trustAll":false}
2025-09-18 15:49:48.810 [com.alibaba.nacos.client.remote.worker] ERROR c.a.nacos.common.remote.client.grpc.GrpcClient - Server check fail, please check server 47.236.36.111 ,port 9848 is available , error ={}
java.util.concurrent.TimeoutException: Waited 3000 milliseconds (plus 12 milliseconds, 259200 nanoseconds delay) for com.alibaba.nacos.shaded.io.grpc.stub.ClientCalls$GrpcFuture@62c1cb1a[status=PENDING, info=[GrpcFuture{clientCall=PendingCall{realCall=ClientCallImpl{method=MethodDescriptor{fullMethodName=Request/request, type=UNARY, idempotent=false, safe=false, sampledToLocalTracing=true, requestMarshaller=com.alibaba.nacos.shaded.io.grpc.protobuf.lite.ProtoLiteUtils$MessageMarshaller@83f6bc, responseMarshaller=com.alibaba.nacos.shaded.io.grpc.protobuf.lite.ProtoLiteUtils$MessageMarshaller@29fb223, schemaDescriptor=com.alibaba.nacos.api.grpc.auto.RequestGrpc$RequestMethodDescriptorSupplier@12228bf3}}}}]]
	at com.alibaba.nacos.shaded.com.google.common.util.concurrent.AbstractFuture.get(AbstractFuture.java:508)
	at com.alibaba.nacos.common.remote.client.grpc.GrpcClient.serverCheck(GrpcClient.java:218)
	at com.alibaba.nacos.common.remote.client.grpc.GrpcClient.connectToServer(GrpcClient.java:329)
	at com.alibaba.nacos.common.remote.client.RpcClient.reconnect(RpcClient.java:502)
	at com.alibaba.nacos.common.remote.client.RpcClient.lambda$start$2(RpcClient.java:343)
	at java.base/java.util.concurrent.Executors$RunnableAdapter.call(Executors.java:539)
	at java.base/java.util.concurrent.FutureTask.run(FutureTask.java:264)
	at java.base/java.util.concurrent.ScheduledThreadPoolExecutor$ScheduledFutureTask.run(ScheduledThreadPoolExecutor.java:304)
	at java.base/java.util.concurrent.ThreadPoolExecutor.runWorker(ThreadPoolExecutor.java:1136)
	at java.base/java.util.concurrent.ThreadPoolExecutor$Worker.run(ThreadPoolExecutor.java:635)
	at java.base/java.lang.Thread.run(Thread.java:842)
2025-09-18 15:49:48.810 [com.alibaba.nacos.client.remote.worker] INFO  com.alibaba.nacos.common.remote.client - [ac2cb24c-ec1b-4c96-8e8c-44b2e36a6e3c_config-0] Fail to connect server, after trying 3 times, last try server is {serverIp = '47.236.36.111', server main port = 8848}, error = unknown
2025-09-18 15:49:48.825 [com.alibaba.nacos.client.remote.worker] ERROR c.a.nacos.common.remote.client.grpc.GrpcClient - Server check fail, please check server 47.236.36.111 ,port 9848 is available , error ={}
java.util.concurrent.TimeoutException: Waited 3000 milliseconds (plus 11 milliseconds, 937400 nanoseconds delay) for com.alibaba.nacos.shaded.io.grpc.stub.ClientCalls$GrpcFuture@328969fb[status=PENDING, info=[GrpcFuture{clientCall=PendingCall{realCall=ClientCallImpl{method=MethodDescriptor{fullMethodName=Request/request, type=UNARY, idempotent=false, safe=false, sampledToLocalTracing=true, requestMarshaller=com.alibaba.nacos.shaded.io.grpc.protobuf.lite.ProtoLiteUtils$MessageMarshaller@83f6bc, responseMarshaller=com.alibaba.nacos.shaded.io.grpc.protobuf.lite.ProtoLiteUtils$MessageMarshaller@29fb223, schemaDescriptor=com.alibaba.nacos.api.grpc.auto.RequestGrpc$RequestMethodDescriptorSupplier@12228bf3}}}}]]
	at com.alibaba.nacos.shaded.com.google.common.util.concurrent.AbstractFuture.get(AbstractFuture.java:508)
	at com.alibaba.nacos.common.remote.client.grpc.GrpcClient.serverCheck(GrpcClient.java:218)
	at com.alibaba.nacos.common.remote.client.grpc.GrpcClient.connectToServer(GrpcClient.java:329)
	at com.alibaba.nacos.common.remote.client.RpcClient.reconnect(RpcClient.java:502)
	at com.alibaba.nacos.common.remote.client.RpcClient.lambda$start$2(RpcClient.java:343)
	at java.base/java.util.concurrent.Executors$RunnableAdapter.call(Executors.java:539)
	at java.base/java.util.concurrent.FutureTask.run(FutureTask.java:264)
	at java.base/java.util.concurrent.ScheduledThreadPoolExecutor$ScheduledFutureTask.run(ScheduledThreadPoolExecutor.java:304)
	at java.base/java.util.concurrent.ThreadPoolExecutor.runWorker(ThreadPoolExecutor.java:1136)
	at java.base/java.util.concurrent.ThreadPoolExecutor$Worker.run(ThreadPoolExecutor.java:635)
	at java.base/java.lang.Thread.run(Thread.java:842)
2025-09-18 15:49:48.826 [com.alibaba.nacos.client.remote.worker] INFO  com.alibaba.nacos.common.remote.client - [401adba5-6df6-41ab-84a2-5e0f6e7bd731] Fail to connect server, after trying 3 times, last try server is {serverIp = '47.236.36.111', server main port = 8848}, error = unknown
2025-09-18 15:49:49.211 [com.alibaba.nacos.client.remote.worker] INFO  c.a.nacos.common.remote.client.grpc.GrpcClient - grpc client connection server:47.236.36.111 ip,serverPort:9848,grpcTslConfig:{"sslProvider":"OPENSSL","enableTls":false,"mutualAuthEnable":false,"trustAll":false}
2025-09-18 15:49:49.227 [com.alibaba.nacos.client.remote.worker] INFO  c.a.nacos.common.remote.client.grpc.GrpcClient - grpc client connection server:47.236.36.111 ip,serverPort:9848,grpcTslConfig:{"sslProvider":"OPENSSL","enableTls":false,"mutualAuthEnable":false,"trustAll":false}
2025-09-18 15:49:49.453 [com.alibaba.nacos.client.remote.worker] INFO  com.alibaba.nacos.common.remote.client - [ac2cb24c-ec1b-4c96-8e8c-44b2e36a6e3c_config-0] Success to connect a server [47.236.36.111:8848], connectionId = 1758181789320_112.94.129.56_8557
2025-09-18 15:49:49.453 [com.alibaba.nacos.client.remote.worker] INFO  com.alibaba.nacos.common.remote.client - [ac2cb24c-ec1b-4c96-8e8c-44b2e36a6e3c_config-0] Abandon prev connection, server is 47.236.36.111:8848, connectionId is 1758179313910_120.85.130.202_61360
2025-09-18 15:49:49.454 [com.alibaba.nacos.client.remote.worker] INFO  com.alibaba.nacos.common.remote.client - Close current connection 1758179313910_120.85.130.202_61360
2025-09-18 15:49:49.455 [com.alibaba.nacos.client.remote.worker] INFO  com.alibaba.nacos.common.remote.client - [ac2cb24c-ec1b-4c96-8e8c-44b2e36a6e3c_config-0] Notify disconnected event to listeners
2025-09-18 15:49:49.455 [com.alibaba.nacos.client.remote.worker] INFO  com.alibaba.nacos.client.config.impl.ClientWorker - [ac2cb24c-ec1b-4c96-8e8c-44b2e36a6e3c_config-0] DisConnected,clear listen context...
2025-09-18 15:49:49.455 [com.alibaba.nacos.client.remote.worker] INFO  com.alibaba.nacos.common.remote.client - [ac2cb24c-ec1b-4c96-8e8c-44b2e36a6e3c_config-0] Notify connected event to listeners.
2025-09-18 15:49:49.455 [com.alibaba.nacos.client.remote.worker] INFO  com.alibaba.nacos.client.config.impl.ClientWorker - [ac2cb24c-ec1b-4c96-8e8c-44b2e36a6e3c_config-0] Connected,notify listen context...
2025-09-18 15:49:49.483 [com.alibaba.nacos.client.remote.worker] INFO  com.alibaba.nacos.common.remote.client - [401adba5-6df6-41ab-84a2-5e0f6e7bd731] Success to connect a server [47.236.36.111:8848], connectionId = 1758181789346_112.94.129.56_8558
2025-09-18 15:49:49.484 [com.alibaba.nacos.client.remote.worker] INFO  com.alibaba.nacos.common.remote.client - [401adba5-6df6-41ab-84a2-5e0f6e7bd731] Abandon prev connection, server is 47.236.36.111:8848, connectionId is 1758179318350_120.85.130.202_61379
2025-09-18 15:49:49.484 [com.alibaba.nacos.client.remote.worker] INFO  com.alibaba.nacos.common.remote.client - Close current connection 1758179318350_120.85.130.202_61379
2025-09-18 15:49:49.484 [com.alibaba.nacos.client.remote.worker] INFO  com.alibaba.nacos.common.remote.client - [401adba5-6df6-41ab-84a2-5e0f6e7bd731] Notify disconnected event to listeners
2025-09-18 15:49:49.485 [com.alibaba.nacos.client.remote.worker] WARN  com.alibaba.nacos.client.naming - Grpc connection disconnect, mark to redo
2025-09-18 15:49:49.485 [com.alibaba.nacos.client.remote.worker] WARN  com.alibaba.nacos.client.naming - mark to redo completed
2025-09-18 15:49:49.486 [com.alibaba.nacos.client.remote.worker] INFO  com.alibaba.nacos.common.remote.client - [401adba5-6df6-41ab-84a2-5e0f6e7bd731] Notify connected event to listeners.
2025-09-18 15:49:49.486 [com.alibaba.nacos.client.remote.worker] INFO  com.alibaba.nacos.client.naming - Grpc connection connect
2025-09-18 15:49:50.128 [com.alibaba.nacos.client.naming.grpc.redo.0] INFO  com.alibaba.nacos.client.naming - Redo instance operation REGISTER for DEFAULT_GROUP@@xiaohongshu-auth
2025-09-18 15:49:50.277 [com.alibaba.nacos.client.naming.grpc.redo.0] INFO  com.alibaba.nacos.client.naming - Redo subscriber operation REGISTER for DEFAULT_GROUP@@xiaohongshu-user#
2025-09-18 15:49:51.099 [nacos-grpc-client-executor-47.236.36.111-519] INFO  com.alibaba.nacos.common.remote.client - [401adba5-6df6-41ab-84a2-5e0f6e7bd731] Receive server push request, request = NotifySubscriberRequest, requestId = 407
2025-09-18 15:49:51.100 [nacos-grpc-client-executor-47.236.36.111-519] INFO  com.alibaba.nacos.common.remote.client - [401adba5-6df6-41ab-84a2-5e0f6e7bd731] Ack server push request, request = NotifySubscriberRequest, requestId = 407
2025-09-18 15:49:52.397 [nacos-grpc-client-executor-47.236.36.111-520] INFO  com.alibaba.nacos.common.remote.client - [401adba5-6df6-41ab-84a2-5e0f6e7bd731] Receive server push request, request = NotifySubscriberRequest, requestId = 412
2025-09-18 15:49:52.400 [nacos-grpc-client-executor-47.236.36.111-520] INFO  com.alibaba.nacos.common.remote.client - [401adba5-6df6-41ab-84a2-5e0f6e7bd731] Ack server push request, request = NotifySubscriberRequest, requestId = 412
2025-09-18 15:55:27.299 [Thread-9] WARN  com.alibaba.nacos.common.notify.NotifyCenter - [NotifyCenter] Start destroying Publisher
2025-09-18 15:55:27.299 [Thread-2] WARN  c.alibaba.nacos.common.http.HttpClientBeanHolder - [HttpClientBeanHolder] Start destroying common HttpClient
2025-09-18 15:55:27.303 [Thread-9] WARN  com.alibaba.nacos.common.notify.NotifyCenter - [NotifyCenter] Destruction of the end
2025-09-18 15:55:27.310 [Thread-2] WARN  c.alibaba.nacos.common.http.HttpClientBeanHolder - [HttpClientBeanHolder] Destruction of the end
2025-09-18 15:55:27.509 [SpringApplicationShutdownHook] INFO  c.a.cloud.nacos.registry.NacosServiceRegistry - De-registering from Nacos Server now...
2025-09-18 15:55:27.510 [SpringApplicationShutdownHook] INFO  com.alibaba.nacos.client.naming - [DEREGISTER-SERVICE] xiaohongshu deregistering service xiaohongshu-auth with instance: Instance{instanceId='null', ip='10.91.138.46', port=8089, weight=1.0, healthy=true, enabled=true, ephemeral=true, clusterName='DEFAULT', serviceName='null', metadata={}}
2025-09-18 15:55:27.561 [SpringApplicationShutdownHook] INFO  c.a.cloud.nacos.registry.NacosServiceRegistry - De-registration finished.
2025-09-18 15:55:27.561 [SpringApplicationShutdownHook] INFO  com.alibaba.nacos.client.naming - com.alibaba.nacos.client.naming.cache.ServiceInfoHolder do shutdown begin
2025-09-18 15:55:27.561 [SpringApplicationShutdownHook] INFO  com.alibaba.nacos.client.naming - com.alibaba.nacos.client.naming.backups.FailoverReactor do shutdown begin
2025-09-18 15:55:27.563 [SpringApplicationShutdownHook] INFO  com.alibaba.nacos.client.naming - com.alibaba.nacos.client.naming.backups.FailoverReactor do shutdown stop
2025-09-18 15:55:27.563 [SpringApplicationShutdownHook] INFO  com.alibaba.nacos.client.naming - com.alibaba.nacos.client.naming.cache.ServiceInfoHolder do shutdown stop
2025-09-18 15:55:27.563 [SpringApplicationShutdownHook] INFO  com.alibaba.nacos.client.naming - com.alibaba.nacos.client.naming.remote.NamingClientProxyDelegate do shutdown begin
2025-09-18 15:55:27.563 [SpringApplicationShutdownHook] INFO  com.alibaba.nacos.client.naming - com.alibaba.nacos.client.naming.core.ServiceInfoUpdateService do shutdown begin
2025-09-18 15:55:27.563 [SpringApplicationShutdownHook] INFO  com.alibaba.nacos.client.naming - com.alibaba.nacos.client.naming.core.ServiceInfoUpdateService do shutdown stop
2025-09-18 15:55:27.563 [SpringApplicationShutdownHook] INFO  com.alibaba.nacos.client.naming - com.alibaba.nacos.client.naming.core.ServerListManager do shutdown begin
2025-09-18 15:55:27.563 [SpringApplicationShutdownHook] WARN  com.alibaba.nacos.client.naming - [NamingHttpClientManager] Start destroying NacosRestTemplate
2025-09-18 15:55:27.563 [SpringApplicationShutdownHook] WARN  com.alibaba.nacos.client.naming - [NamingHttpClientManager] Destruction of the end
2025-09-18 15:55:27.563 [SpringApplicationShutdownHook] INFO  com.alibaba.nacos.client.naming - com.alibaba.nacos.client.naming.core.ServerListManager do shutdown stop
2025-09-18 15:55:27.565 [SpringApplicationShutdownHook] INFO  com.alibaba.nacos.client.naming - com.alibaba.nacos.client.naming.remote.http.NamingHttpClientProxy do shutdown begin
2025-09-18 15:55:27.565 [SpringApplicationShutdownHook] WARN  com.alibaba.nacos.client.naming - [NamingHttpClientManager] Start destroying NacosRestTemplate
2025-09-18 15:55:27.566 [SpringApplicationShutdownHook] WARN  com.alibaba.nacos.client.naming - [NamingHttpClientManager] Destruction of the end
2025-09-18 15:55:27.566 [SpringApplicationShutdownHook] INFO  com.alibaba.nacos.client.naming - com.alibaba.nacos.client.naming.remote.http.NamingHttpClientProxy do shutdown stop
2025-09-18 15:55:27.566 [SpringApplicationShutdownHook] INFO  com.alibaba.nacos.common.remote.client - Shutdown rpc client, set status to shutdown
2025-09-18 15:55:27.567 [SpringApplicationShutdownHook] INFO  com.alibaba.nacos.common.remote.client - Shutdown client event executor java.util.concurrent.ScheduledThreadPoolExecutor@63359ea1[Running, pool size = 2, active threads = 2, queued tasks = 0, completed tasks = 0]
2025-09-18 15:55:27.567 [SpringApplicationShutdownHook] INFO  com.alibaba.nacos.common.remote.client - Close current connection 1758181789346_112.94.129.56_8558
2025-09-18 15:55:27.572 [SpringApplicationShutdownHook] INFO  c.a.nacos.common.remote.client.grpc.GrpcClient - Shutdown grpc executor java.util.concurrent.ThreadPoolExecutor@54300d13[Running, pool size = 3, active threads = 0, queued tasks = 0, completed tasks = 587]
2025-09-18 15:55:27.573 [SpringApplicationShutdownHook] INFO  com.alibaba.nacos.client.naming - Shutdown grpc redo service executor java.util.concurrent.ScheduledThreadPoolExecutor@5462e563[Running, pool size = 1, active threads = 0, queued tasks = 1, completed tasks = 934]
2025-09-18 15:55:27.573 [SpringApplicationShutdownHook] INFO  c.a.n.client.auth.ram.identify.CredentialWatcher - [null] CredentialWatcher is stopped
2025-09-18 15:55:27.574 [SpringApplicationShutdownHook] INFO  c.a.n.client.auth.ram.identify.CredentialService - [null] CredentialService is freed
2025-09-18 15:55:27.581 [SpringApplicationShutdownHook] INFO  com.alibaba.nacos.client.naming - com.alibaba.nacos.client.naming.remote.NamingClientProxyDelegate do shutdown stop
2025-09-18 15:55:31.716 [main] WARN  com.alibaba.nacos.client.logging.NacosLogging - Load Logback Configuration of Nacos fail, message: Could not initialize Logback Nacos logging from classpath:nacos-logback.xml
2025-09-18 15:55:31.784 [main] WARN  com.alibaba.nacos.client.logging.NacosLogging - Load Logback Configuration of Nacos fail, message: Could not initialize Logback Nacos logging from classpath:nacos-logback.xml
2025-09-18 15:55:32.028 [main] WARN  com.alibaba.nacos.client.logging.NacosLogging - Load Logback Configuration of Nacos fail, message: Could not initialize Logback Nacos logging from classpath:nacos-logback.xml
2025-09-18 15:55:32.029 [main] INFO  com.alibaba.nacos.client.utils.ParamUtil - [settings] [req-serv] nacos-server port:8848
2025-09-18 15:55:32.030 [main] INFO  com.alibaba.nacos.client.utils.ParamUtil - [settings] [http-client] connect timeout:1000
2025-09-18 15:55:32.031 [main] INFO  com.alibaba.nacos.client.utils.ParamUtil - PER_TASK_CONFIG_SIZE: 3000.0
2025-09-18 15:55:32.055 [main] INFO  c.a.n.p.auth.spi.client.ClientAuthPluginManager - [ClientAuthPluginManager] Load ClientAuthService com.alibaba.nacos.client.auth.impl.NacosClientAuthServiceImpl success.
2025-09-18 15:55:32.055 [main] INFO  c.a.n.p.auth.spi.client.ClientAuthPluginManager - [ClientAuthPluginManager] Load ClientAuthService com.alibaba.nacos.client.auth.ram.RamClientAuthServiceImpl success.
2025-09-18 15:55:32.058 [main] INFO  c.a.n.client.auth.ram.identify.CredentialWatcher - null No credential found
2025-09-18 15:55:32.429 [main] WARN  com.alibaba.nacos.client.logging.NacosLogging - Load Logback Configuration of Nacos fail, message: Could not initialize Logback Nacos logging from classpath:nacos-logback.xml
2025-09-18 15:55:32.444 [main] INFO  c.a.n.client.config.impl.LocalConfigInfoProcessor - LOCAL_SNAPSHOT_PATH:C:\Users\Rey\nacos\config
2025-09-18 15:55:32.448 [main] INFO  com.alibaba.nacos.common.remote.client - [RpcClientFactory] create a new rpc client of d49e4105-6667-4669-89d5-a9911a30830a_config-0
2025-09-18 15:55:32.471 [main] INFO  com.alibaba.nacos.common.remote.client - [d49e4105-6667-4669-89d5-a9911a30830a_config-0] Register server push request handler:com.alibaba.nacos.client.config.impl.ClientWorker$ConfigRpcTransportClient$$Lambda$589/0x000001c89438f600
2025-09-18 15:55:32.471 [main] INFO  com.alibaba.nacos.common.remote.client - [d49e4105-6667-4669-89d5-a9911a30830a_config-0] Register server push request handler:com.alibaba.nacos.client.config.impl.ClientWorker$ConfigRpcTransportClient$$Lambda$590/0x000001c89438fa20
2025-09-18 15:55:32.472 [main] INFO  com.alibaba.nacos.common.remote.client - [d49e4105-6667-4669-89d5-a9911a30830a_config-0] Registry connection listener to current client:com.alibaba.nacos.client.config.impl.ClientWorker$ConfigRpcTransportClient$1
2025-09-18 15:55:32.472 [main] INFO  com.alibaba.nacos.common.remote.client - [d49e4105-6667-4669-89d5-a9911a30830a_config-0] RpcClient init, ServerListFactory = com.alibaba.nacos.client.config.impl.ClientWorker$ConfigRpcTransportClient$2
2025-09-18 15:55:32.479 [main] INFO  com.alibaba.nacos.common.remote.client - [d49e4105-6667-4669-89d5-a9911a30830a_config-0] Try to connect to server on start up, server: {serverIp = '47.236.36.111', server main port = 8848}
2025-09-18 15:55:32.516 [main] INFO  c.a.nacos.common.remote.client.grpc.GrpcClient - grpc client connection server:47.236.36.111 ip,serverPort:9848,grpcTslConfig:{"sslProvider":"OPENSSL","enableTls":false,"mutualAuthEnable":false,"trustAll":false}
2025-09-18 15:55:33.670 [main] INFO  com.alibaba.nacos.common.remote.client - [d49e4105-6667-4669-89d5-a9911a30830a_config-0] Success to connect to server [47.236.36.111:8848] on start up, connectionId = 1758182133460_112.94.129.56_8969
2025-09-18 15:55:33.672 [com.alibaba.nacos.client.remote.worker] INFO  com.alibaba.nacos.common.remote.client - [d49e4105-6667-4669-89d5-a9911a30830a_config-0] Notify connected event to listeners.
2025-09-18 15:55:33.672 [com.alibaba.nacos.client.remote.worker] INFO  com.alibaba.nacos.client.config.impl.ClientWorker - [d49e4105-6667-4669-89d5-a9911a30830a_config-0] Connected,notify listen context...
2025-09-18 15:55:33.674 [main] INFO  com.alibaba.nacos.common.remote.client - [d49e4105-6667-4669-89d5-a9911a30830a_config-0] Register server push request handler:com.alibaba.nacos.common.remote.client.RpcClient$ConnectResetRequestHandler
2025-09-18 15:55:33.675 [main] INFO  com.alibaba.nacos.common.remote.client - [d49e4105-6667-4669-89d5-a9911a30830a_config-0] Register server push request handler:com.alibaba.nacos.common.remote.client.RpcClient$$Lambda$610/0x000001c8944d7be0
2025-09-18 15:55:33.727 [main] INFO  com.alibaba.nacos.client.config.impl.Limiter - limitTime:5.0
2025-09-18 15:55:33.902 [main] INFO  com.alibaba.nacos.client.config.utils.JvmUtil - isMultiInstance:false
2025-09-18 15:55:34.157 [main] WARN  c.a.cloud.nacos.client.NacosPropertySourceBuilder - Ignore the empty nacos configuration and get it based on dataId[xiaohongshu-auth.yaml] & group[DEFAULT_GROUP]
2025-09-18 15:55:34.216 [main] INFO  o.s.c.b.c.PropertySourceBootstrapConfiguration - Located property source: [BootstrapPropertySource {name='bootstrapProperties-xiaohongshu-auth-dev.yaml,DEFAULT_GROUP'}, BootstrapPropertySource {name='bootstrapProperties-xiaohongshu-auth.yaml,DEFAULT_GROUP'}, BootstrapPropertySource {name='bootstrapProperties-xiaohongshu-auth,DEFAULT_GROUP'}]
2025-09-18 15:55:34.242 [main] WARN  com.alibaba.nacos.client.logging.NacosLogging - Load Logback Configuration of Nacos fail, message: Could not initialize Logback Nacos logging from classpath:nacos-logback.xml
2025-09-18 15:55:34.243 [main] INFO  c.zry.xiaohongshu.auth.XiaohongshuAuthApplication - The following 1 profile is active: "dev"
2025-09-18 15:55:34.936 [main] INFO  o.s.d.r.config.RepositoryConfigurationDelegate - Multiple Spring Data modules found, entering strict repository configuration mode
2025-09-18 15:55:34.939 [main] INFO  o.s.d.r.config.RepositoryConfigurationDelegate - Bootstrapping Spring Data Redis repositories in DEFAULT mode.
2025-09-18 15:55:34.966 [main] INFO  o.s.d.r.config.RepositoryConfigurationDelegate - Finished Spring Data repository scanning in 13 ms. Found 0 Redis repository interfaces.
2025-09-18 15:55:35.126 [main] INFO  o.springframework.cloud.context.scope.GenericScope - BeanFactory id=4caec7a2-dc6b-3701-b75d-86e0235c3ca4
2025-09-18 15:55:35.141 [main] INFO  o.s.c.s.PostProcessorRegistrationDelegate$BeanPostProcessorChecker - Bean 'com.zry.xiaohongshu.user.api.UserFeignApi' of type [org.springframework.cloud.openfeign.FeignClientFactoryBean] is not eligible for getting processed by all BeanPostProcessors (for example: not eligible for auto-proxying)
2025-09-18 15:55:35.573 [main] INFO  o.s.boot.web.embedded.tomcat.TomcatWebServer - Tomcat initialized with port(s): 8089 (http)
2025-09-18 15:55:35.574 [main] INFO  org.apache.catalina.core.AprLifecycleListener - Loaded Apache Tomcat Native library [2.0.3] using APR version [1.7.2].
2025-09-18 15:55:35.579 [main] INFO  org.apache.catalina.core.AprLifecycleListener - OpenSSL successfully initialized [OpenSSL 3.0.8 7 Feb 2023]
2025-09-18 15:55:35.592 [main] INFO  org.apache.catalina.core.StandardService - Starting service [Tomcat]
2025-09-18 15:55:35.593 [main] INFO  org.apache.catalina.core.StandardEngine - Starting Servlet engine: [Apache Tomcat/10.1.5]
2025-09-18 15:55:35.681 [main] INFO  o.a.c.core.ContainerBase.[Tomcat].[localhost].[/] - Initializing Spring embedded WebApplicationContext
2025-09-18 15:55:35.681 [main] INFO  o.s.b.w.s.c.ServletWebServerApplicationContext - Root WebApplicationContext: initialization completed in 1423 ms
2025-09-18 15:55:36.249 [main] INFO  o.s.cloud.openfeign.FeignClientFactoryBean - For 'xiaohongshu-user' URL not provided. Will try picking an instance via load-balancing.
2025-09-18 15:55:37.586 [main] WARN  o.s.c.l.c.LoadBalancerCacheAutoConfiguration$LoadBalancerCaffeineWarnLogger - Spring Cloud LoadBalancer is currently working with the default cache. While this cache implementation is useful for development and tests, it's recommended to use Caffeine cache in production.You can switch to using Caffeine cache, by adding it and org.springframework.cache.caffeine.CaffeineCacheManager to the classpath.
2025-09-18 15:55:37.649 [main] INFO  o.s.boot.web.embedded.tomcat.TomcatWebServer - Tomcat started on port(s): 8089 (http) with context path ''
2025-09-18 15:55:37.652 [main] INFO  com.alibaba.nacos.client.naming - initializer namespace from ans.namespace attribute : null
2025-09-18 15:55:37.653 [main] INFO  com.alibaba.nacos.client.naming - initializer namespace from ALIBABA_ALIWARE_NAMESPACE attribute :null
2025-09-18 15:55:37.653 [main] INFO  com.alibaba.nacos.client.naming - initializer namespace from namespace attribute :null
2025-09-18 15:55:37.660 [main] INFO  c.a.n.p.auth.spi.client.ClientAuthPluginManager - [ClientAuthPluginManager] Load ClientAuthService com.alibaba.nacos.client.auth.impl.NacosClientAuthServiceImpl success.
2025-09-18 15:55:37.661 [main] INFO  c.a.n.p.auth.spi.client.ClientAuthPluginManager - [ClientAuthPluginManager] Load ClientAuthService com.alibaba.nacos.client.auth.ram.RamClientAuthServiceImpl success.
2025-09-18 15:55:37.665 [main] INFO  com.alibaba.nacos.common.remote.client - [RpcClientFactory] create a new rpc client of a6879dd9-5dcd-4571-9d3b-8beb31264d37
2025-09-18 15:55:37.667 [main] INFO  com.alibaba.nacos.common.remote.client - [a6879dd9-5dcd-4571-9d3b-8beb31264d37] RpcClient init, ServerListFactory = com.alibaba.nacos.client.naming.core.ServerListManager
2025-09-18 15:55:37.667 [main] INFO  com.alibaba.nacos.common.remote.client - [a6879dd9-5dcd-4571-9d3b-8beb31264d37] Registry connection listener to current client:com.alibaba.nacos.client.naming.remote.gprc.redo.NamingGrpcRedoService
2025-09-18 15:55:37.668 [main] INFO  com.alibaba.nacos.common.remote.client - [a6879dd9-5dcd-4571-9d3b-8beb31264d37] Register server push request handler:com.alibaba.nacos.client.naming.remote.gprc.NamingPushRequestHandler
2025-09-18 15:55:37.668 [main] INFO  com.alibaba.nacos.common.remote.client - [a6879dd9-5dcd-4571-9d3b-8beb31264d37] Try to connect to server on start up, server: {serverIp = '47.236.36.111', server main port = 8848}
2025-09-18 15:55:37.668 [main] INFO  c.a.nacos.common.remote.client.grpc.GrpcClient - grpc client connection server:47.236.36.111 ip,serverPort:9848,grpcTslConfig:{"sslProvider":"OPENSSL","enableTls":false,"mutualAuthEnable":false,"trustAll":false}
2025-09-18 15:55:37.919 [main] INFO  com.alibaba.nacos.common.remote.client - [a6879dd9-5dcd-4571-9d3b-8beb31264d37] Success to connect to server [47.236.36.111:8848] on start up, connectionId = 1758182137786_112.94.129.56_8973
2025-09-18 15:55:37.919 [main] INFO  com.alibaba.nacos.common.remote.client - [a6879dd9-5dcd-4571-9d3b-8beb31264d37] Register server push request handler:com.alibaba.nacos.common.remote.client.RpcClient$ConnectResetRequestHandler
2025-09-18 15:55:37.919 [com.alibaba.nacos.client.remote.worker] INFO  com.alibaba.nacos.common.remote.client - [a6879dd9-5dcd-4571-9d3b-8beb31264d37] Notify connected event to listeners.
2025-09-18 15:55:37.919 [main] INFO  com.alibaba.nacos.common.remote.client - [a6879dd9-5dcd-4571-9d3b-8beb31264d37] Register server push request handler:com.alibaba.nacos.common.remote.client.RpcClient$$Lambda$610/0x000001c8944d7be0
2025-09-18 15:55:37.919 [com.alibaba.nacos.client.remote.worker] INFO  com.alibaba.nacos.client.naming - Grpc connection connect
2025-09-18 15:55:37.920 [main] INFO  com.alibaba.nacos.client.naming - [REGISTER-SERVICE] xiaohongshu registering service xiaohongshu-auth with instance Instance{instanceId='null', ip='10.95.158.9', port=8089, weight=1.0, healthy=true, enabled=true, ephemeral=true, clusterName='DEFAULT', serviceName='null', metadata={IPv6=null, preserved.register.source=SPRING_CLOUD}}
2025-09-18 15:55:37.977 [main] INFO  c.a.cloud.nacos.registry.NacosServiceRegistry - nacos registry, DEFAULT_GROUP xiaohongshu-auth 10.95.158.9:8089 register finished
2025-09-18 15:55:38.248 [main] INFO  c.zry.xiaohongshu.auth.XiaohongshuAuthApplication - Started XiaohongshuAuthApplication in 7.4 seconds (process running for 8.211)
2025-09-18 15:55:38.251 [main] INFO  com.alibaba.nacos.client.config.impl.CacheData - nacos.cache.data.init.snapshot = true 
2025-09-18 15:55:38.251 [main] INFO  com.alibaba.nacos.client.config.impl.ClientWorker - [fixed-xiaohongshu-47.236.36.111_8848_] [subscribe] xiaohongshu-auth.yaml+DEFAULT_GROUP+xiaohongshu
2025-09-18 15:55:38.259 [main] INFO  com.alibaba.nacos.client.config.impl.CacheData - [fixed-xiaohongshu-47.236.36.111_8848_] [add-listener] ok, tenant=xiaohongshu, dataId=xiaohongshu-auth.yaml, group=DEFAULT_GROUP, cnt=1
2025-09-18 15:55:38.259 [main] INFO  c.a.cloud.nacos.refresh.NacosContextRefresher - [Nacos Config] Listening config: dataId=xiaohongshu-auth.yaml, group=DEFAULT_GROUP
2025-09-18 15:55:38.261 [main] INFO  com.alibaba.nacos.client.config.impl.ClientWorker - [fixed-xiaohongshu-47.236.36.111_8848_] [subscribe] xiaohongshu-auth-dev.yaml+DEFAULT_GROUP+xiaohongshu
2025-09-18 15:55:38.261 [main] INFO  com.alibaba.nacos.client.config.impl.CacheData - [fixed-xiaohongshu-47.236.36.111_8848_] [add-listener] ok, tenant=xiaohongshu, dataId=xiaohongshu-auth-dev.yaml, group=DEFAULT_GROUP, cnt=1
2025-09-18 15:55:38.261 [main] INFO  c.a.cloud.nacos.refresh.NacosContextRefresher - [Nacos Config] Listening config: dataId=xiaohongshu-auth-dev.yaml, group=DEFAULT_GROUP
2025-09-18 15:55:38.262 [main] INFO  com.alibaba.nacos.client.config.impl.ClientWorker - [fixed-xiaohongshu-47.236.36.111_8848_] [subscribe] xiaohongshu-auth+DEFAULT_GROUP+xiaohongshu
2025-09-18 15:55:38.262 [main] INFO  com.alibaba.nacos.client.config.impl.CacheData - [fixed-xiaohongshu-47.236.36.111_8848_] [add-listener] ok, tenant=xiaohongshu, dataId=xiaohongshu-auth, group=DEFAULT_GROUP, cnt=1
2025-09-18 15:55:38.262 [main] INFO  c.a.cloud.nacos.refresh.NacosContextRefresher - [Nacos Config] Listening config: dataId=xiaohongshu-auth, group=DEFAULT_GROUP
2025-09-18 15:55:47.102 [Thread-9] WARN  com.alibaba.nacos.common.notify.NotifyCenter - [NotifyCenter] Start destroying Publisher
2025-09-18 15:55:47.102 [Thread-2] WARN  c.alibaba.nacos.common.http.HttpClientBeanHolder - [HttpClientBeanHolder] Start destroying common HttpClient
2025-09-18 15:55:47.102 [Thread-9] WARN  com.alibaba.nacos.common.notify.NotifyCenter - [NotifyCenter] Destruction of the end
2025-09-18 15:55:47.103 [Thread-2] WARN  c.alibaba.nacos.common.http.HttpClientBeanHolder - [HttpClientBeanHolder] Destruction of the end
2025-09-18 15:55:47.131 [SpringApplicationShutdownHook] INFO  c.a.cloud.nacos.registry.NacosServiceRegistry - De-registering from Nacos Server now...
2025-09-18 15:55:47.131 [SpringApplicationShutdownHook] INFO  com.alibaba.nacos.client.naming - [DEREGISTER-SERVICE] xiaohongshu deregistering service xiaohongshu-auth with instance: Instance{instanceId='null', ip='10.95.158.9', port=8089, weight=1.0, healthy=true, enabled=true, ephemeral=true, clusterName='DEFAULT', serviceName='null', metadata={}}
2025-09-18 15:55:47.178 [SpringApplicationShutdownHook] INFO  c.a.cloud.nacos.registry.NacosServiceRegistry - De-registration finished.
2025-09-18 15:55:47.179 [SpringApplicationShutdownHook] INFO  com.alibaba.nacos.client.naming - com.alibaba.nacos.client.naming.cache.ServiceInfoHolder do shutdown begin
2025-09-18 15:55:47.179 [SpringApplicationShutdownHook] INFO  com.alibaba.nacos.client.naming - com.alibaba.nacos.client.naming.backups.FailoverReactor do shutdown begin
2025-09-18 15:55:47.500 [SpringApplicationShutdownHook] INFO  com.alibaba.nacos.client.naming - com.alibaba.nacos.client.naming.backups.FailoverReactor do shutdown stop
2025-09-18 15:55:47.500 [SpringApplicationShutdownHook] INFO  com.alibaba.nacos.client.naming - com.alibaba.nacos.client.naming.cache.ServiceInfoHolder do shutdown stop
2025-09-18 15:55:47.500 [SpringApplicationShutdownHook] INFO  com.alibaba.nacos.client.naming - com.alibaba.nacos.client.naming.remote.NamingClientProxyDelegate do shutdown begin
2025-09-18 15:55:47.500 [SpringApplicationShutdownHook] INFO  com.alibaba.nacos.client.naming - com.alibaba.nacos.client.naming.core.ServiceInfoUpdateService do shutdown begin
2025-09-18 15:55:47.500 [SpringApplicationShutdownHook] INFO  com.alibaba.nacos.client.naming - com.alibaba.nacos.client.naming.core.ServiceInfoUpdateService do shutdown stop
2025-09-18 15:55:47.500 [SpringApplicationShutdownHook] INFO  com.alibaba.nacos.client.naming - com.alibaba.nacos.client.naming.core.ServerListManager do shutdown begin
2025-09-18 15:55:47.500 [SpringApplicationShutdownHook] WARN  com.alibaba.nacos.client.naming - [NamingHttpClientManager] Start destroying NacosRestTemplate
2025-09-18 15:55:47.500 [SpringApplicationShutdownHook] WARN  com.alibaba.nacos.client.naming - [NamingHttpClientManager] Destruction of the end
2025-09-18 15:55:47.501 [SpringApplicationShutdownHook] INFO  com.alibaba.nacos.client.naming - com.alibaba.nacos.client.naming.core.ServerListManager do shutdown stop
2025-09-18 15:55:47.501 [SpringApplicationShutdownHook] INFO  com.alibaba.nacos.client.naming - com.alibaba.nacos.client.naming.remote.http.NamingHttpClientProxy do shutdown begin
2025-09-18 15:55:47.501 [SpringApplicationShutdownHook] WARN  com.alibaba.nacos.client.naming - [NamingHttpClientManager] Start destroying NacosRestTemplate
2025-09-18 15:55:47.501 [SpringApplicationShutdownHook] WARN  com.alibaba.nacos.client.naming - [NamingHttpClientManager] Destruction of the end
2025-09-18 15:55:47.501 [SpringApplicationShutdownHook] INFO  com.alibaba.nacos.client.naming - com.alibaba.nacos.client.naming.remote.http.NamingHttpClientProxy do shutdown stop
2025-09-18 15:55:47.501 [SpringApplicationShutdownHook] INFO  com.alibaba.nacos.common.remote.client - Shutdown rpc client, set status to shutdown
2025-09-18 15:55:47.501 [SpringApplicationShutdownHook] INFO  com.alibaba.nacos.common.remote.client - Shutdown client event executor java.util.concurrent.ScheduledThreadPoolExecutor@6eaf99ed[Running, pool size = 2, active threads = 2, queued tasks = 0, completed tasks = 0]
2025-09-18 15:55:47.501 [SpringApplicationShutdownHook] INFO  com.alibaba.nacos.common.remote.client - Close current connection 1758182137786_112.94.129.56_8973
2025-09-18 15:55:47.504 [nacos-grpc-client-executor-47.236.36.111-10] WARN  c.a.nacos.common.remote.client.grpc.GrpcClient - [1758182137786_112.94.129.56_8973]Ignore error event,isRunning:false,isAbandon=false
2025-09-18 15:55:47.505 [SpringApplicationShutdownHook] INFO  c.a.nacos.common.remote.client.grpc.GrpcClient - Shutdown grpc executor java.util.concurrent.ThreadPoolExecutor@59ceef5d[Running, pool size = 11, active threads = 0, queued tasks = 0, completed tasks = 11]
2025-09-18 15:55:47.506 [SpringApplicationShutdownHook] INFO  com.alibaba.nacos.client.naming - Shutdown grpc redo service executor java.util.concurrent.ScheduledThreadPoolExecutor@423042c0[Running, pool size = 1, active threads = 0, queued tasks = 1, completed tasks = 3]
2025-09-18 15:55:47.506 [SpringApplicationShutdownHook] INFO  c.a.n.client.auth.ram.identify.CredentialWatcher - [null] CredentialWatcher is stopped
2025-09-18 15:55:47.506 [SpringApplicationShutdownHook] INFO  c.a.n.client.auth.ram.identify.CredentialService - [null] CredentialService is freed
2025-09-18 15:55:47.506 [SpringApplicationShutdownHook] INFO  com.alibaba.nacos.client.naming - com.alibaba.nacos.client.naming.remote.NamingClientProxyDelegate do shutdown stop
2025-09-18 15:57:15.736 [main] WARN  com.alibaba.nacos.client.logging.NacosLogging - Load Logback Configuration of Nacos fail, message: Could not initialize Logback Nacos logging from classpath:nacos-logback.xml
2025-09-18 15:57:15.807 [main] WARN  com.alibaba.nacos.client.logging.NacosLogging - Load Logback Configuration of Nacos fail, message: Could not initialize Logback Nacos logging from classpath:nacos-logback.xml
2025-09-18 15:57:16.054 [main] WARN  com.alibaba.nacos.client.logging.NacosLogging - Load Logback Configuration of Nacos fail, message: Could not initialize Logback Nacos logging from classpath:nacos-logback.xml
2025-09-18 15:57:16.056 [main] INFO  com.alibaba.nacos.client.utils.ParamUtil - [settings] [req-serv] nacos-server port:8848
2025-09-18 15:57:16.056 [main] INFO  com.alibaba.nacos.client.utils.ParamUtil - [settings] [http-client] connect timeout:1000
2025-09-18 15:57:16.057 [main] INFO  com.alibaba.nacos.client.utils.ParamUtil - PER_TASK_CONFIG_SIZE: 3000.0
2025-09-18 15:57:16.086 [main] INFO  c.a.n.p.auth.spi.client.ClientAuthPluginManager - [ClientAuthPluginManager] Load ClientAuthService com.alibaba.nacos.client.auth.impl.NacosClientAuthServiceImpl success.
2025-09-18 15:57:16.086 [main] INFO  c.a.n.p.auth.spi.client.ClientAuthPluginManager - [ClientAuthPluginManager] Load ClientAuthService com.alibaba.nacos.client.auth.ram.RamClientAuthServiceImpl success.
2025-09-18 15:57:16.089 [main] INFO  c.a.n.client.auth.ram.identify.CredentialWatcher - null No credential found
2025-09-18 15:57:16.476 [main] WARN  com.alibaba.nacos.client.logging.NacosLogging - Load Logback Configuration of Nacos fail, message: Could not initialize Logback Nacos logging from classpath:nacos-logback.xml
2025-09-18 15:57:16.491 [main] INFO  c.a.n.client.config.impl.LocalConfigInfoProcessor - LOCAL_SNAPSHOT_PATH:C:\Users\Rey\nacos\config
2025-09-18 15:57:16.496 [main] INFO  com.alibaba.nacos.common.remote.client - [RpcClientFactory] create a new rpc client of 459d9f67-94a8-4d77-9213-1abcbc7b4a7d_config-0
2025-09-18 15:57:16.514 [main] INFO  com.alibaba.nacos.common.remote.client - [459d9f67-94a8-4d77-9213-1abcbc7b4a7d_config-0] Register server push request handler:com.alibaba.nacos.client.config.impl.ClientWorker$ConfigRpcTransportClient$$Lambda$589/0x000001e5ca38f3f0
2025-09-18 15:57:16.514 [main] INFO  com.alibaba.nacos.common.remote.client - [459d9f67-94a8-4d77-9213-1abcbc7b4a7d_config-0] Register server push request handler:com.alibaba.nacos.client.config.impl.ClientWorker$ConfigRpcTransportClient$$Lambda$590/0x000001e5ca38f810
2025-09-18 15:57:16.515 [main] INFO  com.alibaba.nacos.common.remote.client - [459d9f67-94a8-4d77-9213-1abcbc7b4a7d_config-0] Registry connection listener to current client:com.alibaba.nacos.client.config.impl.ClientWorker$ConfigRpcTransportClient$1
2025-09-18 15:57:16.515 [main] INFO  com.alibaba.nacos.common.remote.client - [459d9f67-94a8-4d77-9213-1abcbc7b4a7d_config-0] RpcClient init, ServerListFactory = com.alibaba.nacos.client.config.impl.ClientWorker$ConfigRpcTransportClient$2
2025-09-18 15:57:16.529 [main] INFO  com.alibaba.nacos.common.remote.client - [459d9f67-94a8-4d77-9213-1abcbc7b4a7d_config-0] Try to connect to server on start up, server: {serverIp = '47.236.36.111', server main port = 8848}
2025-09-18 15:57:16.563 [main] INFO  c.a.nacos.common.remote.client.grpc.GrpcClient - grpc client connection server:47.236.36.111 ip,serverPort:9848,grpcTslConfig:{"sslProvider":"OPENSSL","enableTls":false,"mutualAuthEnable":false,"trustAll":false}
2025-09-18 15:57:17.698 [main] INFO  com.alibaba.nacos.common.remote.client - [459d9f67-94a8-4d77-9213-1abcbc7b4a7d_config-0] Success to connect to server [47.236.36.111:8848] on start up, connectionId = 1758182237494_112.94.129.56_9011
2025-09-18 15:57:17.699 [com.alibaba.nacos.client.remote.worker] INFO  com.alibaba.nacos.common.remote.client - [459d9f67-94a8-4d77-9213-1abcbc7b4a7d_config-0] Notify connected event to listeners.
2025-09-18 15:57:17.699 [com.alibaba.nacos.client.remote.worker] INFO  com.alibaba.nacos.client.config.impl.ClientWorker - [459d9f67-94a8-4d77-9213-1abcbc7b4a7d_config-0] Connected,notify listen context...
2025-09-18 15:57:17.699 [main] INFO  com.alibaba.nacos.common.remote.client - [459d9f67-94a8-4d77-9213-1abcbc7b4a7d_config-0] Register server push request handler:com.alibaba.nacos.common.remote.client.RpcClient$ConnectResetRequestHandler
2025-09-18 15:57:17.699 [main] INFO  com.alibaba.nacos.common.remote.client - [459d9f67-94a8-4d77-9213-1abcbc7b4a7d_config-0] Register server push request handler:com.alibaba.nacos.common.remote.client.RpcClient$$Lambda$610/0x000001e5ca4d7070
2025-09-18 15:57:17.745 [main] INFO  com.alibaba.nacos.client.config.impl.Limiter - limitTime:5.0
2025-09-18 15:57:17.802 [main] INFO  com.alibaba.nacos.client.config.utils.JvmUtil - isMultiInstance:false
2025-09-18 15:57:17.859 [main] WARN  c.a.cloud.nacos.client.NacosPropertySourceBuilder - Ignore the empty nacos configuration and get it based on dataId[xiaohongshu-auth.yaml] & group[DEFAULT_GROUP]
2025-09-18 15:57:17.910 [main] INFO  o.s.c.b.c.PropertySourceBootstrapConfiguration - Located property source: [BootstrapPropertySource {name='bootstrapProperties-xiaohongshu-auth-dev.yaml,DEFAULT_GROUP'}, BootstrapPropertySource {name='bootstrapProperties-xiaohongshu-auth.yaml,DEFAULT_GROUP'}, BootstrapPropertySource {name='bootstrapProperties-xiaohongshu-auth,DEFAULT_GROUP'}]
2025-09-18 15:57:17.940 [main] WARN  com.alibaba.nacos.client.logging.NacosLogging - Load Logback Configuration of Nacos fail, message: Could not initialize Logback Nacos logging from classpath:nacos-logback.xml
2025-09-18 15:57:17.941 [main] INFO  c.zry.xiaohongshu.auth.XiaohongshuAuthApplication - The following 1 profile is active: "dev"
2025-09-18 15:57:18.635 [main] INFO  o.s.d.r.config.RepositoryConfigurationDelegate - Multiple Spring Data modules found, entering strict repository configuration mode
2025-09-18 15:57:18.639 [main] INFO  o.s.d.r.config.RepositoryConfigurationDelegate - Bootstrapping Spring Data Redis repositories in DEFAULT mode.
2025-09-18 15:57:18.671 [main] INFO  o.s.d.r.config.RepositoryConfigurationDelegate - Finished Spring Data repository scanning in 14 ms. Found 0 Redis repository interfaces.
2025-09-18 15:57:18.877 [main] INFO  o.springframework.cloud.context.scope.GenericScope - BeanFactory id=4caec7a2-dc6b-3701-b75d-86e0235c3ca4
2025-09-18 15:57:18.898 [main] INFO  o.s.c.s.PostProcessorRegistrationDelegate$BeanPostProcessorChecker - Bean 'com.zry.xiaohongshu.user.api.UserFeignApi' of type [org.springframework.cloud.openfeign.FeignClientFactoryBean] is not eligible for getting processed by all BeanPostProcessors (for example: not eligible for auto-proxying)
2025-09-18 15:57:19.340 [main] INFO  o.s.boot.web.embedded.tomcat.TomcatWebServer - Tomcat initialized with port(s): 8089 (http)
2025-09-18 15:57:19.341 [main] INFO  org.apache.catalina.core.AprLifecycleListener - Loaded Apache Tomcat Native library [2.0.3] using APR version [1.7.2].
2025-09-18 15:57:19.345 [main] INFO  org.apache.catalina.core.AprLifecycleListener - OpenSSL successfully initialized [OpenSSL 3.0.8 7 Feb 2023]
2025-09-18 15:57:19.357 [main] INFO  org.apache.catalina.core.StandardService - Starting service [Tomcat]
2025-09-18 15:57:19.357 [main] INFO  org.apache.catalina.core.StandardEngine - Starting Servlet engine: [Apache Tomcat/10.1.5]
2025-09-18 15:57:19.445 [main] INFO  o.a.c.core.ContainerBase.[Tomcat].[localhost].[/] - Initializing Spring embedded WebApplicationContext
2025-09-18 15:57:19.445 [main] INFO  o.s.b.w.s.c.ServletWebServerApplicationContext - Root WebApplicationContext: initialization completed in 1487 ms
2025-09-18 15:57:20.027 [main] INFO  o.s.cloud.openfeign.FeignClientFactoryBean - For 'xiaohongshu-user' URL not provided. Will try picking an instance via load-balancing.
2025-09-18 15:57:21.401 [main] WARN  o.s.c.l.c.LoadBalancerCacheAutoConfiguration$LoadBalancerCaffeineWarnLogger - Spring Cloud LoadBalancer is currently working with the default cache. While this cache implementation is useful for development and tests, it's recommended to use Caffeine cache in production.You can switch to using Caffeine cache, by adding it and org.springframework.cache.caffeine.CaffeineCacheManager to the classpath.
2025-09-18 15:57:21.471 [main] INFO  o.s.boot.web.embedded.tomcat.TomcatWebServer - Tomcat started on port(s): 8089 (http) with context path ''
2025-09-18 15:57:21.474 [main] INFO  com.alibaba.nacos.client.naming - initializer namespace from ans.namespace attribute : null
2025-09-18 15:57:21.474 [main] INFO  com.alibaba.nacos.client.naming - initializer namespace from ALIBABA_ALIWARE_NAMESPACE attribute :null
2025-09-18 15:57:21.474 [main] INFO  com.alibaba.nacos.client.naming - initializer namespace from namespace attribute :null
2025-09-18 15:57:21.486 [main] INFO  c.a.n.p.auth.spi.client.ClientAuthPluginManager - [ClientAuthPluginManager] Load ClientAuthService com.alibaba.nacos.client.auth.impl.NacosClientAuthServiceImpl success.
2025-09-18 15:57:21.486 [main] INFO  c.a.n.p.auth.spi.client.ClientAuthPluginManager - [ClientAuthPluginManager] Load ClientAuthService com.alibaba.nacos.client.auth.ram.RamClientAuthServiceImpl success.
2025-09-18 15:57:21.490 [main] INFO  com.alibaba.nacos.common.remote.client - [RpcClientFactory] create a new rpc client of 0c39eeac-d9a5-439f-8521-b32befbb4f33
2025-09-18 15:57:21.492 [main] INFO  com.alibaba.nacos.common.remote.client - [0c39eeac-d9a5-439f-8521-b32befbb4f33] RpcClient init, ServerListFactory = com.alibaba.nacos.client.naming.core.ServerListManager
2025-09-18 15:57:21.493 [main] INFO  com.alibaba.nacos.common.remote.client - [0c39eeac-d9a5-439f-8521-b32befbb4f33] Registry connection listener to current client:com.alibaba.nacos.client.naming.remote.gprc.redo.NamingGrpcRedoService
2025-09-18 15:57:21.493 [main] INFO  com.alibaba.nacos.common.remote.client - [0c39eeac-d9a5-439f-8521-b32befbb4f33] Register server push request handler:com.alibaba.nacos.client.naming.remote.gprc.NamingPushRequestHandler
2025-09-18 15:57:21.494 [main] INFO  com.alibaba.nacos.common.remote.client - [0c39eeac-d9a5-439f-8521-b32befbb4f33] Try to connect to server on start up, server: {serverIp = '47.236.36.111', server main port = 8848}
2025-09-18 15:57:21.494 [main] INFO  c.a.nacos.common.remote.client.grpc.GrpcClient - grpc client connection server:47.236.36.111 ip,serverPort:9848,grpcTslConfig:{"sslProvider":"OPENSSL","enableTls":false,"mutualAuthEnable":false,"trustAll":false}
2025-09-18 15:57:22.783 [main] INFO  com.alibaba.nacos.common.remote.client - [0c39eeac-d9a5-439f-8521-b32befbb4f33] Success to connect to server [47.236.36.111:8848] on start up, connectionId = 1758182242634_112.94.129.56_9014
2025-09-18 15:57:22.783 [main] INFO  com.alibaba.nacos.common.remote.client - [0c39eeac-d9a5-439f-8521-b32befbb4f33] Register server push request handler:com.alibaba.nacos.common.remote.client.RpcClient$ConnectResetRequestHandler
2025-09-18 15:57:22.783 [main] INFO  com.alibaba.nacos.common.remote.client - [0c39eeac-d9a5-439f-8521-b32befbb4f33] Register server push request handler:com.alibaba.nacos.common.remote.client.RpcClient$$Lambda$610/0x000001e5ca4d7070
2025-09-18 15:57:22.783 [com.alibaba.nacos.client.remote.worker] INFO  com.alibaba.nacos.common.remote.client - [0c39eeac-d9a5-439f-8521-b32befbb4f33] Notify connected event to listeners.
2025-09-18 15:57:22.783 [com.alibaba.nacos.client.remote.worker] INFO  com.alibaba.nacos.client.naming - Grpc connection connect
2025-09-18 15:57:22.784 [main] INFO  com.alibaba.nacos.client.naming - [REGISTER-SERVICE] xiaohongshu registering service xiaohongshu-auth with instance Instance{instanceId='null', ip='10.95.158.9', port=8089, weight=1.0, healthy=true, enabled=true, ephemeral=true, clusterName='DEFAULT', serviceName='null', metadata={IPv6=null, preserved.register.source=SPRING_CLOUD}}
2025-09-18 15:57:22.853 [main] INFO  c.a.cloud.nacos.registry.NacosServiceRegistry - nacos registry, DEFAULT_GROUP xiaohongshu-auth 10.95.158.9:8089 register finished
2025-09-18 15:57:23.161 [main] INFO  c.zry.xiaohongshu.auth.XiaohongshuAuthApplication - Started XiaohongshuAuthApplication in 8.285 seconds (process running for 9.139)
2025-09-18 15:57:23.163 [main] INFO  com.alibaba.nacos.client.config.impl.CacheData - nacos.cache.data.init.snapshot = true 
2025-09-18 15:57:23.164 [main] INFO  com.alibaba.nacos.client.config.impl.ClientWorker - [fixed-xiaohongshu-47.236.36.111_8848_] [subscribe] xiaohongshu-auth.yaml+DEFAULT_GROUP+xiaohongshu
2025-09-18 15:57:23.172 [main] INFO  com.alibaba.nacos.client.config.impl.CacheData - [fixed-xiaohongshu-47.236.36.111_8848_] [add-listener] ok, tenant=xiaohongshu, dataId=xiaohongshu-auth.yaml, group=DEFAULT_GROUP, cnt=1
2025-09-18 15:57:23.172 [main] INFO  c.a.cloud.nacos.refresh.NacosContextRefresher - [Nacos Config] Listening config: dataId=xiaohongshu-auth.yaml, group=DEFAULT_GROUP
2025-09-18 15:57:23.174 [main] INFO  com.alibaba.nacos.client.config.impl.ClientWorker - [fixed-xiaohongshu-47.236.36.111_8848_] [subscribe] xiaohongshu-auth-dev.yaml+DEFAULT_GROUP+xiaohongshu
2025-09-18 15:57:23.174 [main] INFO  com.alibaba.nacos.client.config.impl.CacheData - [fixed-xiaohongshu-47.236.36.111_8848_] [add-listener] ok, tenant=xiaohongshu, dataId=xiaohongshu-auth-dev.yaml, group=DEFAULT_GROUP, cnt=1
2025-09-18 15:57:23.174 [main] INFO  c.a.cloud.nacos.refresh.NacosContextRefresher - [Nacos Config] Listening config: dataId=xiaohongshu-auth-dev.yaml, group=DEFAULT_GROUP
2025-09-18 15:57:23.175 [main] INFO  com.alibaba.nacos.client.config.impl.ClientWorker - [fixed-xiaohongshu-47.236.36.111_8848_] [subscribe] xiaohongshu-auth+DEFAULT_GROUP+xiaohongshu
2025-09-18 15:57:23.175 [main] INFO  com.alibaba.nacos.client.config.impl.CacheData - [fixed-xiaohongshu-47.236.36.111_8848_] [add-listener] ok, tenant=xiaohongshu, dataId=xiaohongshu-auth, group=DEFAULT_GROUP, cnt=1
2025-09-18 15:57:23.175 [main] INFO  c.a.cloud.nacos.refresh.NacosContextRefresher - [Nacos Config] Listening config: dataId=xiaohongshu-auth, group=DEFAULT_GROUP
2025-09-18 15:57:38.567 [http-nio-8089-exec-1] INFO  o.a.c.core.ContainerBase.[Tomcat].[localhost].[/] - Initializing Spring DispatcherServlet 'dispatcherServlet'
2025-09-18 15:57:38.567 [http-nio-8089-exec-1] INFO  org.springframework.web.servlet.DispatcherServlet - Initializing Servlet 'dispatcherServlet'
2025-09-18 15:57:38.568 [http-nio-8089-exec-1] INFO  org.springframework.web.servlet.DispatcherServlet - Completed initialization in 1 ms
2025-09-18 15:57:38.577 [http-nio-8089-exec-1] INFO  c.z.f.b.context.filter.HeaderUserId2ContextFilter - ## HeaderUserId2ContextFilter, 用户 ID: null
2025-09-18 15:57:38.672 [http-nio-8089-exec-1] INFO  c.z.f.b.operationlog.aspect.ApiOperationLogAspect - ====== 请求开始: [发送验证码], 入参: {"phone":"13068920712"}, 请求类: VerificationCodeController, 请求方法: send =================================== 
2025-09-18 15:57:39.164 [http-nio-8089-exec-1] INFO  c.z.x.a.service.impl.VerificationCodeServiceImpl - ==> 手机号: 13068920712, 已生成验证码：【675961】
2025-09-18 15:57:39.165 [AuthExecutor-1] INFO  com.zry.xiaohongshu.auth.sms.AliyunSmsHelper - ==> 开始短信发送, phone: 13068920712, signName: 阿里云短信测试, templateCode: SMS_154950909, templateParam: {"code":"675961"}
2025-09-18 15:57:39.172 [http-nio-8089-exec-1] INFO  c.z.f.b.operationlog.aspect.ApiOperationLogAspect - ====== 请求结束: [发送验证码], 耗时: 502ms, 出参: {"success":true,"message":null,"errorCode":null,"data":null} =================================== 
2025-09-18 15:57:40.304 [AuthExecutor-1] INFO  com.zry.xiaohongshu.auth.sms.AliyunSmsHelper - ==> 短信发送成功, response: {"headers":{"access-control-allow-origin":"*","date":"Thu, 18 Sep 2025 07:57:40 GMT","content-length":"110","keep-alive":"timeout=25","x-acs-request-id":"CA8EEF08-F94B-5A1E-99D7-FAFFA2CF7147","connection":"keep-alive","content-type":"application/json;charset=utf-8","etag":"13Sfx54SW/rgcnFTDhdoO/Q0","access-control-expose-headers":"*","x-acs-trace-id":"97c1fc9f1b537e4e5e6a713a00ae53b5"},"statusCode":200,"body":{"bizId":"369600258182260020^0","code":"OK","message":"OK","requestId":"CA8EEF08-F94B-5A1E-99D7-FAFFA2CF7147"}}
2025-09-18 15:57:52.957 [http-nio-8089-exec-3] INFO  c.z.f.b.context.filter.HeaderUserId2ContextFilter - ## HeaderUserId2ContextFilter, 用户 ID: null
2025-09-18 15:57:52.968 [http-nio-8089-exec-3] INFO  c.z.f.b.operationlog.aspect.ApiOperationLogAspect - ====== 请求开始: [用户登录], 入参: {"phone":"13068920712","code":"675961","password":null,"type":1}, 请求类: AuthController, 请求方法: loginAndRegister =================================== 
2025-09-18 15:57:53.047 [http-nio-8089-exec-3] INFO  com.alibaba.nacos.client.naming - [SUBSCRIBE-SERVICE] service:xiaohongshu-user, group:DEFAULT_GROUP, clusters: 
2025-09-18 15:57:53.117 [http-nio-8089-exec-3] INFO  com.alibaba.nacos.client.naming - init new ips(2) service: DEFAULT_GROUP@@xiaohongshu-user -> [{"ip":"10.91.138.46","port":8082,"weight":1.0,"healthy":true,"enabled":true,"ephemeral":true,"clusterName":"DEFAULT","serviceName":"DEFAULT_GROUP@@xiaohongshu-user","metadata":{"preserved.register.source":"SPRING_CLOUD"},"instanceHeartBeatTimeOut":15000,"instanceHeartBeatInterval":5000,"ipDeleteTimeout":30000},{"ip":"10.95.158.9","port":8082,"weight":1.0,"healthy":true,"enabled":true,"ephemeral":true,"clusterName":"DEFAULT","serviceName":"DEFAULT_GROUP@@xiaohongshu-user","metadata":{"preserved.register.source":"SPRING_CLOUD"},"instanceHeartBeatTimeOut":15000,"instanceHeartBeatInterval":5000,"ipDeleteTimeout":30000}]
2025-09-18 15:57:53.119 [http-nio-8089-exec-3] INFO  com.alibaba.nacos.client.naming - current ips:(2) service: DEFAULT_GROUP@@xiaohongshu-user -> [{"ip":"10.91.138.46","port":8082,"weight":1.0,"healthy":true,"enabled":true,"ephemeral":true,"clusterName":"DEFAULT","serviceName":"DEFAULT_GROUP@@xiaohongshu-user","metadata":{"preserved.register.source":"SPRING_CLOUD"},"instanceHeartBeatTimeOut":15000,"instanceHeartBeatInterval":5000,"ipDeleteTimeout":30000},{"ip":"10.95.158.9","port":8082,"weight":1.0,"healthy":true,"enabled":true,"ephemeral":true,"clusterName":"DEFAULT","serviceName":"DEFAULT_GROUP@@xiaohongshu-user","metadata":{"preserved.register.source":"SPRING_CLOUD"},"instanceHeartBeatTimeOut":15000,"instanceHeartBeatInterval":5000,"ipDeleteTimeout":30000}]
2025-09-18 15:57:53.684 [http-nio-8089-exec-3] INFO  c.z.f.b.operationlog.aspect.ApiOperationLogAspect - ====== 请求结束: [用户登录], 耗时: 717ms, 出参: {"success":true,"message":null,"errorCode":null,"data":"7mr5CWldbdfU7gSRogFMQoKu9OOufcZve6qf1lKymbfKPbGIqsV3VfR9QhvUoVbRN9s27UCyPiKhPuIfcfed0NYXrsVPQS8eWMCjNBF0rejwg7ZVQwGpD5UBiPCVDY2I"} =================================== 
2025-09-18 15:57:53.696 [nacos-grpc-client-executor-47.236.36.111-14] INFO  com.alibaba.nacos.common.remote.client - [0c39eeac-d9a5-439f-8521-b32befbb4f33] Receive server push request, request = NotifySubscriberRequest, requestId = 1057
2025-09-18 15:57:53.698 [nacos-grpc-client-executor-47.236.36.111-14] INFO  com.alibaba.nacos.common.remote.client - [0c39eeac-d9a5-439f-8521-b32befbb4f33] Ack server push request, request = NotifySubscriberRequest, requestId = 1057
2025-09-18 16:06:14.476 [nacos-grpc-client-executor-47.236.36.111-119] INFO  com.alibaba.nacos.common.remote.client - [0c39eeac-d9a5-439f-8521-b32befbb4f33] Receive server push request, request = NotifySubscriberRequest, requestId = 1833
2025-09-18 16:06:14.481 [nacos-grpc-client-executor-47.236.36.111-119] INFO  com.alibaba.nacos.client.naming - removed ips(1) service: DEFAULT_GROUP@@xiaohongshu-user -> [{"ip":"10.91.138.46","port":8082,"weight":1.0,"healthy":true,"enabled":true,"ephemeral":true,"clusterName":"DEFAULT","serviceName":"DEFAULT_GROUP@@xiaohongshu-user","metadata":{"preserved.register.source":"SPRING_CLOUD"},"instanceHeartBeatTimeOut":15000,"instanceHeartBeatInterval":5000,"ipDeleteTimeout":30000}]
2025-09-18 16:06:14.483 [nacos-grpc-client-executor-47.236.36.111-119] INFO  com.alibaba.nacos.client.naming - current ips:(1) service: DEFAULT_GROUP@@xiaohongshu-user -> [{"ip":"10.95.158.9","port":8082,"weight":1.0,"healthy":true,"enabled":true,"ephemeral":true,"clusterName":"DEFAULT","serviceName":"DEFAULT_GROUP@@xiaohongshu-user","metadata":{"preserved.register.source":"SPRING_CLOUD"},"instanceHeartBeatTimeOut":15000,"instanceHeartBeatInterval":5000,"ipDeleteTimeout":30000}]
2025-09-18 16:06:14.486 [nacos-grpc-client-executor-47.236.36.111-119] INFO  com.alibaba.nacos.common.remote.client - [0c39eeac-d9a5-439f-8521-b32befbb4f33] Ack server push request, request = NotifySubscriberRequest, requestId = 1833
2025-09-18 16:28:43.034 [lettuce-nioEventLoop-4-1] INFO  io.lettuce.core.protocol.CommandHandler - null Unexpected exception during request: java.net.SocketException: Connection reset
java.net.SocketException: Connection reset
	at java.base/sun.nio.ch.SocketChannelImpl.throwConnectionReset(SocketChannelImpl.java:394)
	at java.base/sun.nio.ch.SocketChannelImpl.read(SocketChannelImpl.java:426)
	at io.netty.buffer.PooledByteBuf.setBytes(PooledByteBuf.java:259)
	at io.netty.buffer.AbstractByteBuf.writeBytes(AbstractByteBuf.java:1132)
	at io.netty.channel.socket.nio.NioSocketChannel.doReadBytes(NioSocketChannel.java:357)
	at io.netty.channel.nio.AbstractNioByteChannel$NioByteUnsafe.read(AbstractNioByteChannel.java:151)
	at io.netty.channel.nio.NioEventLoop.processSelectedKey(NioEventLoop.java:788)
	at io.netty.channel.nio.NioEventLoop.processSelectedKeysOptimized(NioEventLoop.java:724)
	at io.netty.channel.nio.NioEventLoop.processSelectedKeys(NioEventLoop.java:650)
	at io.netty.channel.nio.NioEventLoop.run(NioEventLoop.java:562)
	at io.netty.util.concurrent.SingleThreadEventExecutor$4.run(SingleThreadEventExecutor.java:997)
	at io.netty.util.internal.ThreadExecutorMap$2.run(ThreadExecutorMap.java:74)
	at io.netty.util.concurrent.FastThreadLocalRunnable.run(FastThreadLocalRunnable.java:30)
	at java.base/java.lang.Thread.run(Thread.java:842)
2025-09-18 16:28:43.264 [lettuce-eventExecutorLoop-1-3] INFO  io.lettuce.core.protocol.ConnectionWatchdog - Reconnecting, last destination was /127.0.0.1:6379
2025-09-18 16:28:43.301 [lettuce-eventExecutorLoop-1-3] WARN  io.lettuce.core.protocol.ConnectionWatchdog - Cannot reconnect to [127.0.0.1/<unresolved>:6379]: Connection refused: no further information: /127.0.0.1:6379
2025-09-18 16:28:52.341 [lettuce-eventExecutorLoop-1-10] INFO  io.lettuce.core.protocol.ConnectionWatchdog - Reconnecting, last destination was 127.0.0.1/<unresolved>:6379
2025-09-18 16:28:52.341 [lettuce-nioEventLoop-4-14] WARN  io.lettuce.core.protocol.ConnectionWatchdog - Cannot reconnect to [127.0.0.1/<unresolved>:6379]: Connection refused: no further information: /127.0.0.1:6379
2025-09-18 16:29:00.541 [lettuce-eventExecutorLoop-1-13] INFO  io.lettuce.core.protocol.ConnectionWatchdog - Reconnecting, last destination was 127.0.0.1/<unresolved>:6379
2025-09-18 16:29:00.549 [lettuce-nioEventLoop-4-15] WARN  io.lettuce.core.protocol.ConnectionWatchdog - Cannot reconnect to [127.0.0.1/<unresolved>:6379]: Connection refused: no further information: /127.0.0.1:6379
2025-09-18 16:29:16.581 [Thread-9] WARN  com.alibaba.nacos.common.notify.NotifyCenter - [NotifyCenter] Start destroying Publisher
2025-09-18 16:29:16.581 [Thread-2] WARN  c.alibaba.nacos.common.http.HttpClientBeanHolder - [HttpClientBeanHolder] Start destroying common HttpClient
2025-09-18 16:29:16.581 [Thread-9] WARN  com.alibaba.nacos.common.notify.NotifyCenter - [NotifyCenter] Destruction of the end
2025-09-18 16:29:16.583 [Thread-2] WARN  c.alibaba.nacos.common.http.HttpClientBeanHolder - [HttpClientBeanHolder] Destruction of the end
2025-09-18 16:29:16.714 [SpringApplicationShutdownHook] INFO  c.a.cloud.nacos.registry.NacosServiceRegistry - De-registering from Nacos Server now...
2025-09-18 16:29:16.714 [SpringApplicationShutdownHook] INFO  com.alibaba.nacos.client.naming - [DEREGISTER-SERVICE] xiaohongshu deregistering service xiaohongshu-auth with instance: Instance{instanceId='null', ip='10.95.158.9', port=8089, weight=1.0, healthy=true, enabled=true, ephemeral=true, clusterName='DEFAULT', serviceName='null', metadata={}}
2025-09-18 16:29:16.776 [SpringApplicationShutdownHook] INFO  c.a.cloud.nacos.registry.NacosServiceRegistry - De-registration finished.
2025-09-18 16:29:16.777 [SpringApplicationShutdownHook] INFO  com.alibaba.nacos.client.naming - com.alibaba.nacos.client.naming.cache.ServiceInfoHolder do shutdown begin
2025-09-18 16:29:16.777 [SpringApplicationShutdownHook] INFO  com.alibaba.nacos.client.naming - com.alibaba.nacos.client.naming.backups.FailoverReactor do shutdown begin
2025-09-18 16:29:16.777 [SpringApplicationShutdownHook] INFO  com.alibaba.nacos.client.naming - com.alibaba.nacos.client.naming.backups.FailoverReactor do shutdown stop
2025-09-18 16:29:16.777 [SpringApplicationShutdownHook] INFO  com.alibaba.nacos.client.naming - com.alibaba.nacos.client.naming.cache.ServiceInfoHolder do shutdown stop
2025-09-18 16:29:16.777 [SpringApplicationShutdownHook] INFO  com.alibaba.nacos.client.naming - com.alibaba.nacos.client.naming.remote.NamingClientProxyDelegate do shutdown begin
2025-09-18 16:29:16.778 [SpringApplicationShutdownHook] INFO  com.alibaba.nacos.client.naming - com.alibaba.nacos.client.naming.core.ServiceInfoUpdateService do shutdown begin
2025-09-18 16:29:16.778 [SpringApplicationShutdownHook] INFO  com.alibaba.nacos.client.naming - com.alibaba.nacos.client.naming.core.ServiceInfoUpdateService do shutdown stop
2025-09-18 16:29:16.778 [SpringApplicationShutdownHook] INFO  com.alibaba.nacos.client.naming - com.alibaba.nacos.client.naming.core.ServerListManager do shutdown begin
2025-09-18 16:29:16.778 [SpringApplicationShutdownHook] WARN  com.alibaba.nacos.client.naming - [NamingHttpClientManager] Start destroying NacosRestTemplate
2025-09-18 16:29:16.779 [SpringApplicationShutdownHook] WARN  com.alibaba.nacos.client.naming - [NamingHttpClientManager] Destruction of the end
2025-09-18 16:29:16.779 [SpringApplicationShutdownHook] INFO  com.alibaba.nacos.client.naming - com.alibaba.nacos.client.naming.core.ServerListManager do shutdown stop
2025-09-18 16:29:16.779 [SpringApplicationShutdownHook] INFO  com.alibaba.nacos.client.naming - com.alibaba.nacos.client.naming.remote.http.NamingHttpClientProxy do shutdown begin
2025-09-18 16:29:16.779 [SpringApplicationShutdownHook] WARN  com.alibaba.nacos.client.naming - [NamingHttpClientManager] Start destroying NacosRestTemplate
2025-09-18 16:29:16.779 [SpringApplicationShutdownHook] WARN  com.alibaba.nacos.client.naming - [NamingHttpClientManager] Destruction of the end
2025-09-18 16:29:16.779 [SpringApplicationShutdownHook] INFO  com.alibaba.nacos.client.naming - com.alibaba.nacos.client.naming.remote.http.NamingHttpClientProxy do shutdown stop
2025-09-18 16:29:16.779 [SpringApplicationShutdownHook] INFO  com.alibaba.nacos.common.remote.client - Shutdown rpc client, set status to shutdown
2025-09-18 16:29:16.779 [SpringApplicationShutdownHook] INFO  com.alibaba.nacos.common.remote.client - Shutdown client event executor java.util.concurrent.ScheduledThreadPoolExecutor@2cc0b129[Running, pool size = 2, active threads = 2, queued tasks = 0, completed tasks = 0]
2025-09-18 16:29:16.780 [SpringApplicationShutdownHook] INFO  com.alibaba.nacos.common.remote.client - Close current connection 1758182242634_112.94.129.56_9014
2025-09-18 16:29:16.792 [SpringApplicationShutdownHook] INFO  c.a.nacos.common.remote.client.grpc.GrpcClient - Shutdown grpc executor java.util.concurrent.ThreadPoolExecutor@28056d1f[Running, pool size = 4, active threads = 0, queued tasks = 0, completed tasks = 394]
2025-09-18 16:29:16.792 [SpringApplicationShutdownHook] INFO  com.alibaba.nacos.client.naming - Shutdown grpc redo service executor java.util.concurrent.ScheduledThreadPoolExecutor@3da410c1[Running, pool size = 1, active threads = 0, queued tasks = 1, completed tasks = 636]
2025-09-18 16:29:16.793 [SpringApplicationShutdownHook] INFO  c.a.n.client.auth.ram.identify.CredentialWatcher - [null] CredentialWatcher is stopped
2025-09-18 16:29:16.793 [SpringApplicationShutdownHook] INFO  c.a.n.client.auth.ram.identify.CredentialService - [null] CredentialService is freed
2025-09-18 16:29:16.793 [SpringApplicationShutdownHook] INFO  com.alibaba.nacos.client.naming - com.alibaba.nacos.client.naming.remote.NamingClientProxyDelegate do shutdown stop
