2025-09-19 11:48:30.436 [main] WARN  com.alibaba.nacos.client.logging.NacosLogging - Load Logback Configuration of Nacos fail, message: Could not initialize Logback Nacos logging from classpath:nacos-logback.xml
2025-09-19 11:48:30.504 [main] WARN  com.alibaba.nacos.client.logging.NacosLogging - Load Logback Configuration of Nacos fail, message: Could not initialize Logback Nacos logging from classpath:nacos-logback.xml
2025-09-19 11:48:31.127 [main] WARN  com.alibaba.nacos.client.logging.NacosLogging - Load Logback Configuration of Nacos fail, message: Could not initialize Logback Nacos logging from classpath:nacos-logback.xml
2025-09-19 11:48:31.143 [main] WARN  com.alibaba.nacos.client.logging.NacosLogging - Load Logback Configuration of Nacos fail, message: Could not initialize Logback Nacos logging from classpath:nacos-logback.xml
2025-09-19 11:48:31.144 [main] INFO  c.z.x.comment.biz.XiaohongshuCommentApplication - The following 1 profile is active: "dev"
2025-09-19 11:48:31.161 [main] WARN  o.s.core.annotation.AnnotationTypeMapping - Support for convention-based annotation attribute overrides is deprecated and will be removed in Spring Framework 6.1. Please annotate the following attributes in @org.springframework.retry.annotation.EnableRetry with appropriate @AliasFor declarations: [proxyTargetClass]
2025-09-19 11:48:31.979 [main] INFO  o.s.d.r.config.RepositoryConfigurationDelegate - Multiple Spring Data modules found, entering strict repository configuration mode
2025-09-19 11:48:31.985 [main] INFO  o.s.d.r.config.RepositoryConfigurationDelegate - Bootstrapping Spring Data Redis repositories in DEFAULT mode.
2025-09-19 11:48:32.017 [main] INFO  o.s.d.r.config.RepositoryConfigurationDelegate - Finished Spring Data repository scanning in 16 ms. Found 0 Redis repository interfaces.
2025-09-19 11:48:32.313 [main] INFO  o.springframework.cloud.context.scope.GenericScope - BeanFactory id=f9540961-baa3-31a2-9c49-444c2719e2e1
2025-09-19 11:48:32.374 [main] INFO  o.s.c.s.PostProcessorRegistrationDelegate$BeanPostProcessorChecker - Bean 'com.zry.xiaohongshu.distributed.id.generator.api.DistributedIdGeneratorFeignApi' of type [org.springframework.cloud.openfeign.FeignClientFactoryBean] is not eligible for getting processed by all BeanPostProcessors (for example: not eligible for auto-proxying)
2025-09-19 11:48:32.377 [main] INFO  o.s.c.s.PostProcessorRegistrationDelegate$BeanPostProcessorChecker - Bean 'com.zry.xiaohongshu.kv.api.KeyValueFeignApi' of type [org.springframework.cloud.openfeign.FeignClientFactoryBean] is not eligible for getting processed by all BeanPostProcessors (for example: not eligible for auto-proxying)
2025-09-19 11:48:32.380 [main] INFO  o.s.c.s.PostProcessorRegistrationDelegate$BeanPostProcessorChecker - Bean 'com.zry.xiaohongshu.user.api.UserFeignApi' of type [org.springframework.cloud.openfeign.FeignClientFactoryBean] is not eligible for getting processed by all BeanPostProcessors (for example: not eligible for auto-proxying)
2025-09-19 11:48:32.687 [main] INFO  o.s.c.s.PostProcessorRegistrationDelegate$BeanPostProcessorChecker - Bean 'org.apache.rocketmq.spring.autoconfigure.MessageConverterConfiguration' of type [org.apache.rocketmq.spring.autoconfigure.MessageConverterConfiguration$$SpringCGLIB$$0] is not eligible for getting processed by all BeanPostProcessors (for example: not eligible for auto-proxying)
2025-09-19 11:48:32.763 [main] INFO  o.s.c.s.PostProcessorRegistrationDelegate$BeanPostProcessorChecker - Bean 'createRocketMQMessageConverter' of type [org.apache.rocketmq.spring.support.RocketMQMessageConverter] is not eligible for getting processed by all BeanPostProcessors (for example: not eligible for auto-proxying)
2025-09-19 11:48:32.767 [main] INFO  o.s.c.s.PostProcessorRegistrationDelegate$BeanPostProcessorChecker - Bean 'org.springframework.cloud.commons.config.CommonsConfigAutoConfiguration' of type [org.springframework.cloud.commons.config.CommonsConfigAutoConfiguration] is not eligible for getting processed by all BeanPostProcessors (for example: not eligible for auto-proxying)
2025-09-19 11:48:32.772 [main] INFO  o.s.c.s.PostProcessorRegistrationDelegate$BeanPostProcessorChecker - Bean 'org.springframework.cloud.client.loadbalancer.LoadBalancerDefaultMappingsProviderAutoConfiguration' of type [org.springframework.cloud.client.loadbalancer.LoadBalancerDefaultMappingsProviderAutoConfiguration] is not eligible for getting processed by all BeanPostProcessors (for example: not eligible for auto-proxying)
2025-09-19 11:48:32.773 [main] INFO  o.s.c.s.PostProcessorRegistrationDelegate$BeanPostProcessorChecker - Bean 'loadBalancerClientsDefaultsMappingsProvider' of type [org.springframework.cloud.client.loadbalancer.LoadBalancerDefaultMappingsProviderAutoConfiguration$$Lambda$727/0x0000021bd4525568] is not eligible for getting processed by all BeanPostProcessors (for example: not eligible for auto-proxying)
2025-09-19 11:48:32.775 [main] INFO  o.s.c.s.PostProcessorRegistrationDelegate$BeanPostProcessorChecker - Bean 'defaultsBindHandlerAdvisor' of type [org.springframework.cloud.commons.config.DefaultsBindHandlerAdvisor] is not eligible for getting processed by all BeanPostProcessors (for example: not eligible for auto-proxying)
2025-09-19 11:48:32.784 [main] INFO  o.s.c.s.PostProcessorRegistrationDelegate$BeanPostProcessorChecker - Bean 'rocketmq-org.apache.rocketmq.spring.autoconfigure.RocketMQProperties' of type [org.apache.rocketmq.spring.autoconfigure.RocketMQProperties] is not eligible for getting processed by all BeanPostProcessors (for example: not eligible for auto-proxying)
2025-09-19 11:48:32.785 [main] INFO  o.s.c.s.PostProcessorRegistrationDelegate$BeanPostProcessorChecker - Bean 'org.apache.rocketmq.spring.autoconfigure.ListenerContainerConfiguration' of type [org.apache.rocketmq.spring.autoconfigure.ListenerContainerConfiguration$$SpringCGLIB$$0] is not eligible for getting processed by all BeanPostProcessors (for example: not eligible for auto-proxying)
2025-09-19 11:48:33.099 [main] INFO  o.s.boot.web.embedded.tomcat.TomcatWebServer - Tomcat initialized with port(s): 8093 (http)
2025-09-19 11:48:33.101 [main] INFO  org.apache.catalina.core.AprLifecycleListener - Loaded Apache Tomcat Native library [2.0.3] using APR version [1.7.2].
2025-09-19 11:48:33.106 [main] INFO  org.apache.catalina.core.AprLifecycleListener - OpenSSL successfully initialized [OpenSSL 3.0.8 7 Feb 2023]
2025-09-19 11:48:33.117 [main] INFO  org.apache.catalina.core.StandardService - Starting service [Tomcat]
2025-09-19 11:48:33.117 [main] INFO  org.apache.catalina.core.StandardEngine - Starting Servlet engine: [Apache Tomcat/10.1.5]
2025-09-19 11:48:33.239 [main] INFO  o.a.c.core.ContainerBase.[Tomcat].[localhost].[/] - Initializing Spring embedded WebApplicationContext
2025-09-19 11:48:33.240 [main] INFO  o.s.b.w.s.c.ServletWebServerApplicationContext - Root WebApplicationContext: initialization completed in 2074 ms
2025-09-19 11:48:33.388 [main] INFO  c.a.d.s.b.a.DruidDataSourceAutoConfigure - Init DruidDataSource
2025-09-19 11:48:33.820 [main] INFO  com.alibaba.druid.pool.DruidDataSource - {dataSource-1} inited
2025-09-19 11:48:34.229 [main] INFO  o.s.cloud.openfeign.FeignClientFactoryBean - For 'xiaohongshu-kv' URL not provided. Will try picking an instance via load-balancing.
2025-09-19 11:48:34.327 [main] INFO  o.a.r.s.autoconfigure.RocketMQAutoConfiguration - a producer (xiaohongshu_group) init on namesrv 127.0.0.1:9876
2025-09-19 11:48:37.989 [main] INFO  o.a.r.s.support.DefaultRocketMQListenerContainer - running container: DefaultRocketMQListenerContainer{consumerGroup='xiaohongshu_group_CommentHeatUpdateTopic', namespace='', nameServer='127.0.0.1:9876', topic='CommentHeatUpdateTopic', consumeMode=CONCURRENTLY, selectorType=TAG, selectorExpression='*', messageModel=CLUSTERING', tlsEnable=false, instanceName=DEFAULT}
2025-09-19 11:48:37.989 [main] INFO  o.a.r.s.a.ListenerContainerConfiguration - Register the listener to container, listenerBeanName:commentHeatUpdateConsumer, containerBeanName:org.apache.rocketmq.spring.support.DefaultRocketMQListenerContainer_1
2025-09-19 11:48:37.991 [NettyClientSelector_1] INFO  RocketmqRemoting - closeChannel: close the connection to remote address[10.91.138.46:10911] result: true
2025-09-19 11:48:38.579 [NettyClientSelector_1] INFO  RocketmqRemoting - closeChannel: close the connection to remote address[10.91.138.46:10911] result: true
2025-09-19 11:48:40.997 [NettyClientSelector_1] INFO  RocketmqRemoting - closeChannel: close the connection to remote address[10.91.138.46:10911] result: true
2025-09-19 11:48:41.064 [NettyClientSelector_1] INFO  RocketmqRemoting - closeChannel: close the connection to remote address[10.91.138.46:10911] result: true
2025-09-19 11:48:41.064 [main] INFO  o.a.r.s.support.DefaultRocketMQListenerContainer - running container: DefaultRocketMQListenerContainer{consumerGroup='xiaohongshu_group_DeleteCommentTopic', namespace='', nameServer='127.0.0.1:9876', topic='DeleteCommentTopic', consumeMode=CONCURRENTLY, selectorType=TAG, selectorExpression='*', messageModel=CLUSTERING', tlsEnable=false, instanceName=DEFAULT}
2025-09-19 11:48:41.064 [main] INFO  o.a.r.s.a.ListenerContainerConfiguration - Register the listener to container, listenerBeanName:deleteCommentConsumer, containerBeanName:org.apache.rocketmq.spring.support.DefaultRocketMQListenerContainer_2
2025-09-19 11:48:41.147 [main] INFO  o.s.cloud.openfeign.FeignClientFactoryBean - For 'xiaohongshu-distributed-id-generator' URL not provided. Will try picking an instance via load-balancing.
2025-09-19 11:48:41.169 [main] INFO  o.s.cloud.openfeign.FeignClientFactoryBean - For 'xiaohongshu-user' URL not provided. Will try picking an instance via load-balancing.
2025-09-19 11:48:41.244 [main] INFO  o.a.r.s.support.DefaultRocketMQListenerContainer - running container: DefaultRocketMQListenerContainer{consumerGroup='xiaohongshu_group_DeleteCommentTopic', namespace='', nameServer='127.0.0.1:9876', topic='DeleteCommentDetailLocalCacheTopic', consumeMode=CONCURRENTLY, selectorType=TAG, selectorExpression='*', messageModel=BROADCASTING', tlsEnable=false, instanceName=DEFAULT}
2025-09-19 11:48:41.245 [main] INFO  o.a.r.s.a.ListenerContainerConfiguration - Register the listener to container, listenerBeanName:deleteCommentLocalCacheConsumer, containerBeanName:org.apache.rocketmq.spring.support.DefaultRocketMQListenerContainer_3
2025-09-19 11:48:44.071 [NettyClientSelector_1] INFO  RocketmqRemoting - closeChannel: close the connection to remote address[10.91.138.46:10911] result: true
2025-09-19 11:48:44.314 [main] INFO  o.a.r.s.support.DefaultRocketMQListenerContainer - running container: DefaultRocketMQListenerContainer{consumerGroup='xiaohongshu_group_first_reply_comment_idCountNoteCommentTopic', namespace='', nameServer='127.0.0.1:9876', topic='CountNoteCommentTopic', consumeMode=CONCURRENTLY, selectorType=TAG, selectorExpression='*', messageModel=CLUSTERING', tlsEnable=false, instanceName=DEFAULT}
2025-09-19 11:48:44.314 [main] INFO  o.a.r.s.a.ListenerContainerConfiguration - Register the listener to container, listenerBeanName:oneLevelCommentFirstReplyCommentIdUpdateConsumer, containerBeanName:org.apache.rocketmq.spring.support.DefaultRocketMQListenerContainer_4
2025-09-19 11:48:45.242 [NettyClientSelector_1] INFO  RocketmqRemoting - closeChannel: close the connection to remote address[10.91.138.46:10911] result: true
2025-09-19 11:48:47.319 [NettyClientSelector_1] INFO  RocketmqRemoting - closeChannel: close the connection to remote address[10.91.138.46:10911] result: true
2025-09-19 11:48:50.416 [NettyClientSelector_1] INFO  RocketmqRemoting - closeChannel: close the connection to remote address[10.91.138.46:10911] result: true
2025-09-19 11:48:51.923 [main] INFO  o.s.boot.web.embedded.tomcat.TomcatWebServer - Tomcat started on port(s): 8093 (http) with context path ''
2025-09-19 11:48:51.930 [main] WARN  com.alibaba.nacos.client.logging.NacosLogging - Load Logback Configuration of Nacos fail, message: Could not initialize Logback Nacos logging from classpath:nacos-logback.xml
2025-09-19 11:48:51.930 [main] INFO  com.alibaba.nacos.client.naming - initializer namespace from ans.namespace attribute : null
2025-09-19 11:48:51.931 [main] INFO  com.alibaba.nacos.client.naming - initializer namespace from ALIBABA_ALIWARE_NAMESPACE attribute :null
2025-09-19 11:48:51.931 [main] INFO  com.alibaba.nacos.client.naming - initializer namespace from namespace attribute :null
2025-09-19 11:48:51.961 [main] INFO  com.alibaba.nacos.client.utils.ParamUtil - [settings] [req-serv] nacos-server port:8848
2025-09-19 11:48:51.961 [main] INFO  com.alibaba.nacos.client.utils.ParamUtil - [settings] [http-client] connect timeout:1000
2025-09-19 11:48:51.962 [main] INFO  com.alibaba.nacos.client.utils.ParamUtil - PER_TASK_CONFIG_SIZE: 3000.0
2025-09-19 11:48:51.967 [main] INFO  c.a.n.p.auth.spi.client.ClientAuthPluginManager - [ClientAuthPluginManager] Load ClientAuthService com.alibaba.nacos.client.auth.impl.NacosClientAuthServiceImpl success.
2025-09-19 11:48:51.967 [main] INFO  c.a.n.p.auth.spi.client.ClientAuthPluginManager - [ClientAuthPluginManager] Load ClientAuthService com.alibaba.nacos.client.auth.ram.RamClientAuthServiceImpl success.
2025-09-19 11:48:51.972 [main] INFO  c.a.n.client.auth.ram.identify.CredentialWatcher - null No credential found
2025-09-19 11:48:51.989 [main] INFO  com.alibaba.nacos.common.remote.client - [RpcClientFactory] create a new rpc client of 73fad9a9-0931-4098-a24b-87f3ff98eaa2
2025-09-19 11:48:52.017 [main] INFO  com.alibaba.nacos.common.remote.client - [73fad9a9-0931-4098-a24b-87f3ff98eaa2] RpcClient init, ServerListFactory = com.alibaba.nacos.client.naming.core.ServerListManager
2025-09-19 11:48:52.017 [main] INFO  com.alibaba.nacos.common.remote.client - [73fad9a9-0931-4098-a24b-87f3ff98eaa2] Registry connection listener to current client:com.alibaba.nacos.client.naming.remote.gprc.redo.NamingGrpcRedoService
2025-09-19 11:48:52.019 [main] INFO  com.alibaba.nacos.common.remote.client - [73fad9a9-0931-4098-a24b-87f3ff98eaa2] Register server push request handler:com.alibaba.nacos.client.naming.remote.gprc.NamingPushRequestHandler
2025-09-19 11:48:52.022 [main] INFO  com.alibaba.nacos.common.remote.client - [73fad9a9-0931-4098-a24b-87f3ff98eaa2] Try to connect to server on start up, server: {serverIp = '47.236.36.111', server main port = 8848}
2025-09-19 11:48:52.055 [main] INFO  c.a.nacos.common.remote.client.grpc.GrpcClient - grpc client connection server:47.236.36.111 ip,serverPort:9848,grpcTslConfig:{"sslProvider":"OPENSSL","enableTls":false,"mutualAuthEnable":false,"trustAll":false}
2025-09-19 11:48:53.283 [main] INFO  com.alibaba.nacos.common.remote.client - [73fad9a9-0931-4098-a24b-87f3ff98eaa2] Success to connect to server [47.236.36.111:8848] on start up, connectionId = 1758253733093_112.94.129.56_8436
2025-09-19 11:48:53.284 [com.alibaba.nacos.client.remote.worker] INFO  com.alibaba.nacos.common.remote.client - [73fad9a9-0931-4098-a24b-87f3ff98eaa2] Notify connected event to listeners.
2025-09-19 11:48:53.284 [com.alibaba.nacos.client.remote.worker] INFO  com.alibaba.nacos.client.naming - Grpc connection connect
2025-09-19 11:48:53.285 [main] INFO  com.alibaba.nacos.common.remote.client - [73fad9a9-0931-4098-a24b-87f3ff98eaa2] Register server push request handler:com.alibaba.nacos.common.remote.client.RpcClient$ConnectResetRequestHandler
2025-09-19 11:48:53.285 [main] INFO  com.alibaba.nacos.common.remote.client - [73fad9a9-0931-4098-a24b-87f3ff98eaa2] Register server push request handler:com.alibaba.nacos.common.remote.client.RpcClient$$Lambda$1327/0x0000021bd49eb408
2025-09-19 11:48:53.287 [main] INFO  com.alibaba.nacos.client.naming - [REGISTER-SERVICE] xiaohongshu registering service xiaohongshu-comment with instance Instance{instanceId='null', ip='10.95.156.152', port=8093, weight=1.0, healthy=true, enabled=true, ephemeral=true, clusterName='DEFAULT', serviceName='null', metadata={IPv6=null, preserved.register.source=SPRING_CLOUD}}
2025-09-19 11:48:53.344 [main] INFO  c.a.cloud.nacos.registry.NacosServiceRegistry - nacos registry, DEFAULT_GROUP xiaohongshu-comment 10.95.156.152:8093 register finished
2025-09-19 11:48:53.488 [NettyClientSelector_1] INFO  RocketmqRemoting - closeChannel: close the connection to remote address[10.91.138.46:10911] result: true
2025-09-19 11:48:53.763 [main] INFO  c.z.x.comment.biz.XiaohongshuCommentApplication - Started XiaohongshuCommentApplication in 24.221 seconds (process running for 25.239)
2025-09-19 11:48:57.999 [http-nio-8093-exec-1] INFO  o.a.c.core.ContainerBase.[Tomcat].[localhost].[/] - Initializing Spring DispatcherServlet 'dispatcherServlet'
2025-09-19 11:48:58.000 [http-nio-8093-exec-1] INFO  org.springframework.web.servlet.DispatcherServlet - Initializing Servlet 'dispatcherServlet'
2025-09-19 11:48:58.001 [http-nio-8093-exec-1] INFO  org.springframework.web.servlet.DispatcherServlet - Completed initialization in 1 ms
2025-09-19 11:48:58.022 [http-nio-8093-exec-1] INFO  c.z.f.b.context.filter.HeaderUserId2ContextFilter - ## HeaderUserId2ContextFilter, 用户 ID: null
2025-09-19 11:48:58.226 [http-nio-8093-exec-1] INFO  c.z.f.b.operationlog.aspect.ApiOperationLogAspect - ====== 请求开始: [评论分页查询], 入参: {"noteId":1960629729467826196,"pageNo":1}, 请求类: CommentController, 请求方法: findCommentPageList =================================== 
2025-09-19 11:49:01.020 [http-nio-8093-exec-1] ERROR c.z.x.comment.biz.exception.GlobalExceptionHandler - /comment/list request error, 
org.springframework.data.redis.RedisConnectionFailureException: Unable to connect to Redis
	at org.springframework.data.redis.connection.lettuce.LettuceConnectionFactory$ExceptionTranslatingConnectionProvider.translateException(LettuceConnectionFactory.java:1602)
	at org.springframework.data.redis.connection.lettuce.LettuceConnectionFactory$ExceptionTranslatingConnectionProvider.getConnection(LettuceConnectionFactory.java:1533)
	at org.springframework.data.redis.connection.lettuce.LettuceConnectionFactory$SharedConnection.getNativeConnection(LettuceConnectionFactory.java:1358)
	at org.springframework.data.redis.connection.lettuce.LettuceConnectionFactory$SharedConnection.getConnection(LettuceConnectionFactory.java:1341)
	at org.springframework.data.redis.connection.lettuce.LettuceConnectionFactory.getSharedConnection(LettuceConnectionFactory.java:1059)
	at org.springframework.data.redis.connection.lettuce.LettuceConnectionFactory.getConnection(LettuceConnectionFactory.java:398)
	at org.springframework.data.redis.core.RedisConnectionUtils.fetchConnection(RedisConnectionUtils.java:193)
	at org.springframework.data.redis.core.RedisConnectionUtils.doGetConnection(RedisConnectionUtils.java:144)
	at org.springframework.data.redis.core.RedisConnectionUtils.getConnection(RedisConnectionUtils.java:105)
	at org.springframework.data.redis.core.RedisTemplate.execute(RedisTemplate.java:393)
	at org.springframework.data.redis.core.RedisTemplate.execute(RedisTemplate.java:373)
	at org.springframework.data.redis.core.AbstractOperations.execute(AbstractOperations.java:97)
	at org.springframework.data.redis.core.DefaultHashOperations.get(DefaultHashOperations.java:51)
	at com.zry.xiaohongshu.comment.biz.service.impl.CommentServiceImpl.findCommentPageList(CommentServiceImpl.java:129)
	at com.zry.xiaohongshu.comment.biz.controller.CommentController.findCommentPageList(CommentController.java:31)
	at java.base/jdk.internal.reflect.NativeMethodAccessorImpl.invoke0(Native Method)
	at java.base/jdk.internal.reflect.NativeMethodAccessorImpl.invoke(NativeMethodAccessorImpl.java:77)
	at java.base/jdk.internal.reflect.DelegatingMethodAccessorImpl.invoke(DelegatingMethodAccessorImpl.java:43)
	at java.base/java.lang.reflect.Method.invoke(Method.java:568)
	at org.springframework.aop.support.AopUtils.invokeJoinpointUsingReflection(AopUtils.java:343)
	at org.springframework.aop.framework.ReflectiveMethodInvocation.invokeJoinpoint(ReflectiveMethodInvocation.java:196)
	at org.springframework.aop.framework.ReflectiveMethodInvocation.proceed(ReflectiveMethodInvocation.java:163)
	at org.springframework.aop.framework.CglibAopProxy$CglibMethodInvocation.proceed(CglibAopProxy.java:752)
	at org.springframework.aop.aspectj.MethodInvocationProceedingJoinPoint.proceed(MethodInvocationProceedingJoinPoint.java:89)
	at com.zry.framework.biz.operationlog.aspect.ApiOperationLogAspect.doAround(ApiOperationLogAspect.java:50)
	at java.base/jdk.internal.reflect.NativeMethodAccessorImpl.invoke0(Native Method)
	at java.base/jdk.internal.reflect.NativeMethodAccessorImpl.invoke(NativeMethodAccessorImpl.java:77)
	at java.base/jdk.internal.reflect.DelegatingMethodAccessorImpl.invoke(DelegatingMethodAccessorImpl.java:43)
	at java.base/java.lang.reflect.Method.invoke(Method.java:568)
	at org.springframework.aop.aspectj.AbstractAspectJAdvice.invokeAdviceMethodWithGivenArgs(AbstractAspectJAdvice.java:633)
	at org.springframework.aop.aspectj.AbstractAspectJAdvice.invokeAdviceMethod(AbstractAspectJAdvice.java:623)
	at org.springframework.aop.aspectj.AspectJAroundAdvice.invoke(AspectJAroundAdvice.java:71)
	at org.springframework.aop.framework.ReflectiveMethodInvocation.proceed(ReflectiveMethodInvocation.java:173)
	at org.springframework.aop.framework.CglibAopProxy$CglibMethodInvocation.proceed(CglibAopProxy.java:752)
	at org.springframework.aop.interceptor.ExposeInvocationInterceptor.invoke(ExposeInvocationInterceptor.java:97)
	at org.springframework.aop.framework.ReflectiveMethodInvocation.proceed(ReflectiveMethodInvocation.java:184)
	at org.springframework.aop.framework.CglibAopProxy$CglibMethodInvocation.proceed(CglibAopProxy.java:752)
	at org.springframework.aop.framework.CglibAopProxy$DynamicAdvisedInterceptor.intercept(CglibAopProxy.java:703)
	at com.zry.xiaohongshu.comment.biz.controller.CommentController$$SpringCGLIB$$0.findCommentPageList(<generated>)
	at java.base/jdk.internal.reflect.NativeMethodAccessorImpl.invoke0(Native Method)
	at java.base/jdk.internal.reflect.NativeMethodAccessorImpl.invoke(NativeMethodAccessorImpl.java:77)
	at java.base/jdk.internal.reflect.DelegatingMethodAccessorImpl.invoke(DelegatingMethodAccessorImpl.java:43)
	at java.base/java.lang.reflect.Method.invoke(Method.java:568)
	at org.springframework.web.method.support.InvocableHandlerMethod.doInvoke(InvocableHandlerMethod.java:207)
	at org.springframework.web.method.support.InvocableHandlerMethod.invokeForRequest(InvocableHandlerMethod.java:152)
	at org.springframework.web.servlet.mvc.method.annotation.ServletInvocableHandlerMethod.invokeAndHandle(ServletInvocableHandlerMethod.java:117)
	at org.springframework.web.servlet.mvc.method.annotation.RequestMappingHandlerAdapter.invokeHandlerMethod(RequestMappingHandlerAdapter.java:884)
	at org.springframework.web.servlet.mvc.method.annotation.RequestMappingHandlerAdapter.handleInternal(RequestMappingHandlerAdapter.java:797)
	at org.springframework.web.servlet.mvc.method.AbstractHandlerMethodAdapter.handle(AbstractHandlerMethodAdapter.java:87)
	at org.springframework.web.servlet.DispatcherServlet.doDispatch(DispatcherServlet.java:1080)
	at org.springframework.web.servlet.DispatcherServlet.doService(DispatcherServlet.java:973)
	at org.springframework.web.servlet.FrameworkServlet.processRequest(FrameworkServlet.java:1011)
	at org.springframework.web.servlet.FrameworkServlet.doPost(FrameworkServlet.java:914)
	at jakarta.servlet.http.HttpServlet.service(HttpServlet.java:547)
	at org.springframework.web.servlet.FrameworkServlet.service(FrameworkServlet.java:885)
	at jakarta.servlet.http.HttpServlet.service(HttpServlet.java:614)
	at org.apache.catalina.core.ApplicationFilterChain.internalDoFilter(ApplicationFilterChain.java:223)
	at org.apache.catalina.core.ApplicationFilterChain.doFilter(ApplicationFilterChain.java:158)
	at org.apache.tomcat.websocket.server.WsFilter.doFilter(WsFilter.java:53)
	at org.apache.catalina.core.ApplicationFilterChain.internalDoFilter(ApplicationFilterChain.java:185)
	at org.apache.catalina.core.ApplicationFilterChain.doFilter(ApplicationFilterChain.java:158)
	at com.zry.framework.biz.context.filter.HeaderUserId2ContextFilter.doFilterInternal(HeaderUserId2ContextFilter.java:28)
	at org.springframework.web.filter.OncePerRequestFilter.doFilter(OncePerRequestFilter.java:116)
	at org.apache.catalina.core.ApplicationFilterChain.internalDoFilter(ApplicationFilterChain.java:185)
	at org.apache.catalina.core.ApplicationFilterChain.doFilter(ApplicationFilterChain.java:158)
	at com.alibaba.druid.support.jakarta.WebStatFilter.doFilter(WebStatFilter.java:113)
	at org.apache.catalina.core.ApplicationFilterChain.internalDoFilter(ApplicationFilterChain.java:185)
	at org.apache.catalina.core.ApplicationFilterChain.doFilter(ApplicationFilterChain.java:158)
	at org.springframework.web.filter.RequestContextFilter.doFilterInternal(RequestContextFilter.java:100)
	at org.springframework.web.filter.OncePerRequestFilter.doFilter(OncePerRequestFilter.java:116)
	at org.apache.catalina.core.ApplicationFilterChain.internalDoFilter(ApplicationFilterChain.java:185)
	at org.apache.catalina.core.ApplicationFilterChain.doFilter(ApplicationFilterChain.java:158)
	at org.springframework.web.filter.FormContentFilter.doFilterInternal(FormContentFilter.java:93)
	at org.springframework.web.filter.OncePerRequestFilter.doFilter(OncePerRequestFilter.java:116)
	at org.apache.catalina.core.ApplicationFilterChain.internalDoFilter(ApplicationFilterChain.java:185)
	at org.apache.catalina.core.ApplicationFilterChain.doFilter(ApplicationFilterChain.java:158)
	at org.springframework.web.filter.CharacterEncodingFilter.doFilterInternal(CharacterEncodingFilter.java:201)
	at org.springframework.web.filter.OncePerRequestFilter.doFilter(OncePerRequestFilter.java:116)
	at org.apache.catalina.core.ApplicationFilterChain.internalDoFilter(ApplicationFilterChain.java:185)
	at org.apache.catalina.core.ApplicationFilterChain.doFilter(ApplicationFilterChain.java:158)
	at org.apache.catalina.core.StandardWrapperValve.invoke(StandardWrapperValve.java:177)
	at org.apache.catalina.core.StandardContextValve.invoke(StandardContextValve.java:97)
	at org.apache.catalina.authenticator.AuthenticatorBase.invoke(AuthenticatorBase.java:542)
	at org.apache.catalina.core.StandardHostValve.invoke(StandardHostValve.java:119)
	at org.apache.catalina.valves.ErrorReportValve.invoke(ErrorReportValve.java:92)
	at org.apache.catalina.core.StandardEngineValve.invoke(StandardEngineValve.java:78)
	at org.apache.catalina.connector.CoyoteAdapter.service(CoyoteAdapter.java:357)
	at org.apache.coyote.http11.Http11Processor.service(Http11Processor.java:400)
	at org.apache.coyote.AbstractProcessorLight.process(AbstractProcessorLight.java:65)
	at org.apache.coyote.AbstractProtocol$ConnectionHandler.process(AbstractProtocol.java:859)
	at org.apache.tomcat.util.net.NioEndpoint$SocketProcessor.doRun(NioEndpoint.java:1734)
	at org.apache.tomcat.util.net.SocketProcessorBase.run(SocketProcessorBase.java:52)
	at org.apache.tomcat.util.threads.ThreadPoolExecutor.runWorker(ThreadPoolExecutor.java:1191)
	at org.apache.tomcat.util.threads.ThreadPoolExecutor$Worker.run(ThreadPoolExecutor.java:659)
	at org.apache.tomcat.util.threads.TaskThread$WrappingRunnable.run(TaskThread.java:61)
	at java.base/java.lang.Thread.run(Thread.java:842)
Caused by: io.lettuce.core.RedisConnectionException: Unable to connect to 47.236.36.111/<unresolved>:6379
	at io.lettuce.core.RedisConnectionException.create(RedisConnectionException.java:78)
	at io.lettuce.core.RedisConnectionException.create(RedisConnectionException.java:56)
	at io.lettuce.core.AbstractRedisClient.getConnection(AbstractRedisClient.java:350)
	at io.lettuce.core.RedisClient.connect(RedisClient.java:216)
	at org.springframework.data.redis.connection.lettuce.StandaloneConnectionProvider.lambda$getConnection$1(StandaloneConnectionProvider.java:111)
	at java.base/java.util.Optional.orElseGet(Optional.java:364)
	at org.springframework.data.redis.connection.lettuce.StandaloneConnectionProvider.getConnection(StandaloneConnectionProvider.java:111)
	at org.springframework.data.redis.connection.lettuce.LettuceConnectionFactory$ExceptionTranslatingConnectionProvider.getConnection(LettuceConnectionFactory.java:1531)
	... 94 common frames omitted
Caused by: io.netty.channel.AbstractChannel$AnnotatedConnectException: Connection refused: no further information: /47.236.36.111:6379
Caused by: java.net.ConnectException: Connection refused: no further information
	at java.base/sun.nio.ch.Net.pollConnect(Native Method)
	at java.base/sun.nio.ch.Net.pollConnectNow(Net.java:672)
	at java.base/sun.nio.ch.SocketChannelImpl.finishConnect(SocketChannelImpl.java:946)
	at io.netty.channel.socket.nio.NioSocketChannel.doFinishConnect(NioSocketChannel.java:337)
	at io.netty.channel.nio.AbstractNioChannel$AbstractNioUnsafe.finishConnect(AbstractNioChannel.java:334)
	at io.netty.channel.nio.NioEventLoop.processSelectedKey(NioEventLoop.java:776)
	at io.netty.channel.nio.NioEventLoop.processSelectedKeysOptimized(NioEventLoop.java:724)
	at io.netty.channel.nio.NioEventLoop.processSelectedKeys(NioEventLoop.java:650)
	at io.netty.channel.nio.NioEventLoop.run(NioEventLoop.java:562)
	at io.netty.util.concurrent.SingleThreadEventExecutor$4.run(SingleThreadEventExecutor.java:997)
	at io.netty.util.internal.ThreadExecutorMap$2.run(ThreadExecutorMap.java:74)
	at io.netty.util.concurrent.FastThreadLocalRunnable.run(FastThreadLocalRunnable.java:30)
	at java.base/java.lang.Thread.run(Thread.java:842)
2025-09-19 11:49:06.521 [http-nio-8093-exec-6] INFO  c.z.f.b.context.filter.HeaderUserId2ContextFilter - ## HeaderUserId2ContextFilter, 用户 ID: 100
2025-09-19 11:49:06.533 [http-nio-8093-exec-6] INFO  c.z.f.b.operationlog.aspect.ApiOperationLogAspect - ====== 请求开始: [评论分页查询], 入参: {"noteId":1862481582414102049,"pageNo":1}, 请求类: CommentController, 请求方法: findCommentPageList =================================== 
2025-09-19 11:49:07.030 [NettyClientSelector_1] INFO  RocketmqRemoting - closeChannel: close the connection to remote address[10.91.138.46:10911] result: true
2025-09-19 11:49:07.087 [NettyClientSelector_1] INFO  RocketmqRemoting - closeChannel: close the connection to remote address[10.91.138.46:10911] result: true
2025-09-19 11:49:08.559 [NettyClientSelector_1] INFO  RocketmqRemoting - closeChannel: close the connection to remote address[10.91.138.46:10911] result: true
2025-09-19 11:49:08.820 [http-nio-8093-exec-6] ERROR c.z.x.comment.biz.exception.GlobalExceptionHandler - /comment/list request error, 
org.springframework.data.redis.RedisConnectionFailureException: Unable to connect to Redis
	at org.springframework.data.redis.connection.lettuce.LettuceConnectionFactory$ExceptionTranslatingConnectionProvider.translateException(LettuceConnectionFactory.java:1602)
	at org.springframework.data.redis.connection.lettuce.LettuceConnectionFactory$ExceptionTranslatingConnectionProvider.getConnection(LettuceConnectionFactory.java:1533)
	at org.springframework.data.redis.connection.lettuce.LettuceConnectionFactory$SharedConnection.getNativeConnection(LettuceConnectionFactory.java:1358)
	at org.springframework.data.redis.connection.lettuce.LettuceConnectionFactory$SharedConnection.getConnection(LettuceConnectionFactory.java:1341)
	at org.springframework.data.redis.connection.lettuce.LettuceConnectionFactory.getSharedConnection(LettuceConnectionFactory.java:1059)
	at org.springframework.data.redis.connection.lettuce.LettuceConnectionFactory.getConnection(LettuceConnectionFactory.java:398)
	at org.springframework.data.redis.core.RedisConnectionUtils.fetchConnection(RedisConnectionUtils.java:193)
	at org.springframework.data.redis.core.RedisConnectionUtils.doGetConnection(RedisConnectionUtils.java:144)
	at org.springframework.data.redis.core.RedisConnectionUtils.getConnection(RedisConnectionUtils.java:105)
	at org.springframework.data.redis.core.RedisTemplate.execute(RedisTemplate.java:393)
	at org.springframework.data.redis.core.RedisTemplate.execute(RedisTemplate.java:373)
	at org.springframework.data.redis.core.AbstractOperations.execute(AbstractOperations.java:97)
	at org.springframework.data.redis.core.DefaultHashOperations.get(DefaultHashOperations.java:51)
	at com.zry.xiaohongshu.comment.biz.service.impl.CommentServiceImpl.findCommentPageList(CommentServiceImpl.java:129)
	at com.zry.xiaohongshu.comment.biz.controller.CommentController.findCommentPageList(CommentController.java:31)
	at java.base/jdk.internal.reflect.NativeMethodAccessorImpl.invoke0(Native Method)
	at java.base/jdk.internal.reflect.NativeMethodAccessorImpl.invoke(NativeMethodAccessorImpl.java:77)
	at java.base/jdk.internal.reflect.DelegatingMethodAccessorImpl.invoke(DelegatingMethodAccessorImpl.java:43)
	at java.base/java.lang.reflect.Method.invoke(Method.java:568)
	at org.springframework.aop.support.AopUtils.invokeJoinpointUsingReflection(AopUtils.java:343)
	at org.springframework.aop.framework.ReflectiveMethodInvocation.invokeJoinpoint(ReflectiveMethodInvocation.java:196)
	at org.springframework.aop.framework.ReflectiveMethodInvocation.proceed(ReflectiveMethodInvocation.java:163)
	at org.springframework.aop.framework.CglibAopProxy$CglibMethodInvocation.proceed(CglibAopProxy.java:752)
	at org.springframework.aop.aspectj.MethodInvocationProceedingJoinPoint.proceed(MethodInvocationProceedingJoinPoint.java:89)
	at com.zry.framework.biz.operationlog.aspect.ApiOperationLogAspect.doAround(ApiOperationLogAspect.java:50)
	at java.base/jdk.internal.reflect.NativeMethodAccessorImpl.invoke0(Native Method)
	at java.base/jdk.internal.reflect.NativeMethodAccessorImpl.invoke(NativeMethodAccessorImpl.java:77)
	at java.base/jdk.internal.reflect.DelegatingMethodAccessorImpl.invoke(DelegatingMethodAccessorImpl.java:43)
	at java.base/java.lang.reflect.Method.invoke(Method.java:568)
	at org.springframework.aop.aspectj.AbstractAspectJAdvice.invokeAdviceMethodWithGivenArgs(AbstractAspectJAdvice.java:633)
	at org.springframework.aop.aspectj.AbstractAspectJAdvice.invokeAdviceMethod(AbstractAspectJAdvice.java:623)
	at org.springframework.aop.aspectj.AspectJAroundAdvice.invoke(AspectJAroundAdvice.java:71)
	at org.springframework.aop.framework.ReflectiveMethodInvocation.proceed(ReflectiveMethodInvocation.java:173)
	at org.springframework.aop.framework.CglibAopProxy$CglibMethodInvocation.proceed(CglibAopProxy.java:752)
	at org.springframework.aop.interceptor.ExposeInvocationInterceptor.invoke(ExposeInvocationInterceptor.java:97)
	at org.springframework.aop.framework.ReflectiveMethodInvocation.proceed(ReflectiveMethodInvocation.java:184)
	at org.springframework.aop.framework.CglibAopProxy$CglibMethodInvocation.proceed(CglibAopProxy.java:752)
	at org.springframework.aop.framework.CglibAopProxy$DynamicAdvisedInterceptor.intercept(CglibAopProxy.java:703)
	at com.zry.xiaohongshu.comment.biz.controller.CommentController$$SpringCGLIB$$0.findCommentPageList(<generated>)
	at java.base/jdk.internal.reflect.NativeMethodAccessorImpl.invoke0(Native Method)
	at java.base/jdk.internal.reflect.NativeMethodAccessorImpl.invoke(NativeMethodAccessorImpl.java:77)
	at java.base/jdk.internal.reflect.DelegatingMethodAccessorImpl.invoke(DelegatingMethodAccessorImpl.java:43)
	at java.base/java.lang.reflect.Method.invoke(Method.java:568)
	at org.springframework.web.method.support.InvocableHandlerMethod.doInvoke(InvocableHandlerMethod.java:207)
	at org.springframework.web.method.support.InvocableHandlerMethod.invokeForRequest(InvocableHandlerMethod.java:152)
	at org.springframework.web.servlet.mvc.method.annotation.ServletInvocableHandlerMethod.invokeAndHandle(ServletInvocableHandlerMethod.java:117)
	at org.springframework.web.servlet.mvc.method.annotation.RequestMappingHandlerAdapter.invokeHandlerMethod(RequestMappingHandlerAdapter.java:884)
	at org.springframework.web.servlet.mvc.method.annotation.RequestMappingHandlerAdapter.handleInternal(RequestMappingHandlerAdapter.java:797)
	at org.springframework.web.servlet.mvc.method.AbstractHandlerMethodAdapter.handle(AbstractHandlerMethodAdapter.java:87)
	at org.springframework.web.servlet.DispatcherServlet.doDispatch(DispatcherServlet.java:1080)
	at org.springframework.web.servlet.DispatcherServlet.doService(DispatcherServlet.java:973)
	at org.springframework.web.servlet.FrameworkServlet.processRequest(FrameworkServlet.java:1011)
	at org.springframework.web.servlet.FrameworkServlet.doPost(FrameworkServlet.java:914)
	at jakarta.servlet.http.HttpServlet.service(HttpServlet.java:547)
	at org.springframework.web.servlet.FrameworkServlet.service(FrameworkServlet.java:885)
	at jakarta.servlet.http.HttpServlet.service(HttpServlet.java:614)
	at org.apache.catalina.core.ApplicationFilterChain.internalDoFilter(ApplicationFilterChain.java:223)
	at org.apache.catalina.core.ApplicationFilterChain.doFilter(ApplicationFilterChain.java:158)
	at org.apache.tomcat.websocket.server.WsFilter.doFilter(WsFilter.java:53)
	at org.apache.catalina.core.ApplicationFilterChain.internalDoFilter(ApplicationFilterChain.java:185)
	at org.apache.catalina.core.ApplicationFilterChain.doFilter(ApplicationFilterChain.java:158)
	at com.zry.framework.biz.context.filter.HeaderUserId2ContextFilter.doFilterInternal(HeaderUserId2ContextFilter.java:33)
	at org.springframework.web.filter.OncePerRequestFilter.doFilter(OncePerRequestFilter.java:116)
	at org.apache.catalina.core.ApplicationFilterChain.internalDoFilter(ApplicationFilterChain.java:185)
	at org.apache.catalina.core.ApplicationFilterChain.doFilter(ApplicationFilterChain.java:158)
	at com.alibaba.druid.support.jakarta.WebStatFilter.doFilter(WebStatFilter.java:113)
	at org.apache.catalina.core.ApplicationFilterChain.internalDoFilter(ApplicationFilterChain.java:185)
	at org.apache.catalina.core.ApplicationFilterChain.doFilter(ApplicationFilterChain.java:158)
	at org.springframework.web.filter.RequestContextFilter.doFilterInternal(RequestContextFilter.java:100)
	at org.springframework.web.filter.OncePerRequestFilter.doFilter(OncePerRequestFilter.java:116)
	at org.apache.catalina.core.ApplicationFilterChain.internalDoFilter(ApplicationFilterChain.java:185)
	at org.apache.catalina.core.ApplicationFilterChain.doFilter(ApplicationFilterChain.java:158)
	at org.springframework.web.filter.FormContentFilter.doFilterInternal(FormContentFilter.java:93)
	at org.springframework.web.filter.OncePerRequestFilter.doFilter(OncePerRequestFilter.java:116)
	at org.apache.catalina.core.ApplicationFilterChain.internalDoFilter(ApplicationFilterChain.java:185)
	at org.apache.catalina.core.ApplicationFilterChain.doFilter(ApplicationFilterChain.java:158)
	at org.springframework.web.filter.CharacterEncodingFilter.doFilterInternal(CharacterEncodingFilter.java:201)
	at org.springframework.web.filter.OncePerRequestFilter.doFilter(OncePerRequestFilter.java:116)
	at org.apache.catalina.core.ApplicationFilterChain.internalDoFilter(ApplicationFilterChain.java:185)
	at org.apache.catalina.core.ApplicationFilterChain.doFilter(ApplicationFilterChain.java:158)
	at org.apache.catalina.core.StandardWrapperValve.invoke(StandardWrapperValve.java:177)
	at org.apache.catalina.core.StandardContextValve.invoke(StandardContextValve.java:97)
	at org.apache.catalina.authenticator.AuthenticatorBase.invoke(AuthenticatorBase.java:542)
	at org.apache.catalina.core.StandardHostValve.invoke(StandardHostValve.java:119)
	at org.apache.catalina.valves.ErrorReportValve.invoke(ErrorReportValve.java:92)
	at org.apache.catalina.core.StandardEngineValve.invoke(StandardEngineValve.java:78)
	at org.apache.catalina.connector.CoyoteAdapter.service(CoyoteAdapter.java:357)
	at org.apache.coyote.http11.Http11Processor.service(Http11Processor.java:400)
	at org.apache.coyote.AbstractProcessorLight.process(AbstractProcessorLight.java:65)
	at org.apache.coyote.AbstractProtocol$ConnectionHandler.process(AbstractProtocol.java:859)
	at org.apache.tomcat.util.net.NioEndpoint$SocketProcessor.doRun(NioEndpoint.java:1734)
	at org.apache.tomcat.util.net.SocketProcessorBase.run(SocketProcessorBase.java:52)
	at org.apache.tomcat.util.threads.ThreadPoolExecutor.runWorker(ThreadPoolExecutor.java:1191)
	at org.apache.tomcat.util.threads.ThreadPoolExecutor$Worker.run(ThreadPoolExecutor.java:659)
	at org.apache.tomcat.util.threads.TaskThread$WrappingRunnable.run(TaskThread.java:61)
	at java.base/java.lang.Thread.run(Thread.java:842)
Caused by: io.lettuce.core.RedisConnectionException: Unable to connect to 47.236.36.111/<unresolved>:6379
	at io.lettuce.core.RedisConnectionException.create(RedisConnectionException.java:78)
	at io.lettuce.core.RedisConnectionException.create(RedisConnectionException.java:56)
	at io.lettuce.core.AbstractRedisClient.getConnection(AbstractRedisClient.java:350)
	at io.lettuce.core.RedisClient.connect(RedisClient.java:216)
	at org.springframework.data.redis.connection.lettuce.StandaloneConnectionProvider.lambda$getConnection$1(StandaloneConnectionProvider.java:111)
	at java.base/java.util.Optional.orElseGet(Optional.java:364)
	at org.springframework.data.redis.connection.lettuce.StandaloneConnectionProvider.getConnection(StandaloneConnectionProvider.java:111)
	at org.springframework.data.redis.connection.lettuce.LettuceConnectionFactory$ExceptionTranslatingConnectionProvider.getConnection(LettuceConnectionFactory.java:1531)
	... 94 common frames omitted
Caused by: io.netty.channel.AbstractChannel$AnnotatedConnectException: Connection refused: no further information: /47.236.36.111:6379
Caused by: java.net.ConnectException: Connection refused: no further information
	at java.base/sun.nio.ch.Net.pollConnect(Native Method)
	at java.base/sun.nio.ch.Net.pollConnectNow(Net.java:672)
	at java.base/sun.nio.ch.SocketChannelImpl.finishConnect(SocketChannelImpl.java:946)
	at io.netty.channel.socket.nio.NioSocketChannel.doFinishConnect(NioSocketChannel.java:337)
	at io.netty.channel.nio.AbstractNioChannel$AbstractNioUnsafe.finishConnect(AbstractNioChannel.java:334)
	at io.netty.channel.nio.NioEventLoop.processSelectedKey(NioEventLoop.java:776)
	at io.netty.channel.nio.NioEventLoop.processSelectedKeysOptimized(NioEventLoop.java:724)
	at io.netty.channel.nio.NioEventLoop.processSelectedKeys(NioEventLoop.java:650)
	at io.netty.channel.nio.NioEventLoop.run(NioEventLoop.java:562)
	at io.netty.util.concurrent.SingleThreadEventExecutor$4.run(SingleThreadEventExecutor.java:997)
	at io.netty.util.internal.ThreadExecutorMap$2.run(ThreadExecutorMap.java:74)
	at io.netty.util.concurrent.FastThreadLocalRunnable.run(FastThreadLocalRunnable.java:30)
	at java.base/java.lang.Thread.run(Thread.java:842)
2025-09-19 11:49:08.824 [http-nio-8093-exec-6] INFO  c.z.f.b.context.filter.HeaderUserId2ContextFilter - ===== 删除 ThreadLocal， userId: 100
2025-09-19 11:49:10.339 [NettyClientSelector_1] INFO  RocketmqRemoting - closeChannel: close the connection to remote address[10.91.138.46:10911] result: true
2025-09-19 11:49:11.779 [http-nio-8093-exec-4] INFO  c.z.f.b.context.filter.HeaderUserId2ContextFilter - ## HeaderUserId2ContextFilter, 用户 ID: 100
2025-09-19 11:49:11.782 [http-nio-8093-exec-4] INFO  c.z.f.b.operationlog.aspect.ApiOperationLogAspect - ====== 请求开始: [评论分页查询], 入参: {"noteId":1960629729467826196,"pageNo":1}, 请求类: CommentController, 请求方法: findCommentPageList =================================== 
2025-09-19 11:49:12.080 [NettyClientSelector_1] INFO  RocketmqRemoting - closeChannel: close the connection to remote address[10.91.138.46:10911] result: true
2025-09-19 11:49:13.348 [NettyClientSelector_1] INFO  RocketmqRemoting - closeChannel: close the connection to remote address[10.91.138.46:10911] result: true
2025-09-19 11:49:14.015 [http-nio-8093-exec-4] ERROR c.z.x.comment.biz.exception.GlobalExceptionHandler - /comment/list request error, 
org.springframework.data.redis.RedisConnectionFailureException: Unable to connect to Redis
	at org.springframework.data.redis.connection.lettuce.LettuceConnectionFactory$ExceptionTranslatingConnectionProvider.translateException(LettuceConnectionFactory.java:1602)
	at org.springframework.data.redis.connection.lettuce.LettuceConnectionFactory$ExceptionTranslatingConnectionProvider.getConnection(LettuceConnectionFactory.java:1533)
	at org.springframework.data.redis.connection.lettuce.LettuceConnectionFactory$SharedConnection.getNativeConnection(LettuceConnectionFactory.java:1358)
	at org.springframework.data.redis.connection.lettuce.LettuceConnectionFactory$SharedConnection.getConnection(LettuceConnectionFactory.java:1341)
	at org.springframework.data.redis.connection.lettuce.LettuceConnectionFactory.getSharedConnection(LettuceConnectionFactory.java:1059)
	at org.springframework.data.redis.connection.lettuce.LettuceConnectionFactory.getConnection(LettuceConnectionFactory.java:398)
	at org.springframework.data.redis.core.RedisConnectionUtils.fetchConnection(RedisConnectionUtils.java:193)
	at org.springframework.data.redis.core.RedisConnectionUtils.doGetConnection(RedisConnectionUtils.java:144)
	at org.springframework.data.redis.core.RedisConnectionUtils.getConnection(RedisConnectionUtils.java:105)
	at org.springframework.data.redis.core.RedisTemplate.execute(RedisTemplate.java:393)
	at org.springframework.data.redis.core.RedisTemplate.execute(RedisTemplate.java:373)
	at org.springframework.data.redis.core.AbstractOperations.execute(AbstractOperations.java:97)
	at org.springframework.data.redis.core.DefaultHashOperations.get(DefaultHashOperations.java:51)
	at com.zry.xiaohongshu.comment.biz.service.impl.CommentServiceImpl.findCommentPageList(CommentServiceImpl.java:129)
	at com.zry.xiaohongshu.comment.biz.controller.CommentController.findCommentPageList(CommentController.java:31)
	at java.base/jdk.internal.reflect.NativeMethodAccessorImpl.invoke0(Native Method)
	at java.base/jdk.internal.reflect.NativeMethodAccessorImpl.invoke(NativeMethodAccessorImpl.java:77)
	at java.base/jdk.internal.reflect.DelegatingMethodAccessorImpl.invoke(DelegatingMethodAccessorImpl.java:43)
	at java.base/java.lang.reflect.Method.invoke(Method.java:568)
	at org.springframework.aop.support.AopUtils.invokeJoinpointUsingReflection(AopUtils.java:343)
	at org.springframework.aop.framework.ReflectiveMethodInvocation.invokeJoinpoint(ReflectiveMethodInvocation.java:196)
	at org.springframework.aop.framework.ReflectiveMethodInvocation.proceed(ReflectiveMethodInvocation.java:163)
	at org.springframework.aop.framework.CglibAopProxy$CglibMethodInvocation.proceed(CglibAopProxy.java:752)
	at org.springframework.aop.aspectj.MethodInvocationProceedingJoinPoint.proceed(MethodInvocationProceedingJoinPoint.java:89)
	at com.zry.framework.biz.operationlog.aspect.ApiOperationLogAspect.doAround(ApiOperationLogAspect.java:50)
	at java.base/jdk.internal.reflect.NativeMethodAccessorImpl.invoke0(Native Method)
	at java.base/jdk.internal.reflect.NativeMethodAccessorImpl.invoke(NativeMethodAccessorImpl.java:77)
	at java.base/jdk.internal.reflect.DelegatingMethodAccessorImpl.invoke(DelegatingMethodAccessorImpl.java:43)
	at java.base/java.lang.reflect.Method.invoke(Method.java:568)
	at org.springframework.aop.aspectj.AbstractAspectJAdvice.invokeAdviceMethodWithGivenArgs(AbstractAspectJAdvice.java:633)
	at org.springframework.aop.aspectj.AbstractAspectJAdvice.invokeAdviceMethod(AbstractAspectJAdvice.java:623)
	at org.springframework.aop.aspectj.AspectJAroundAdvice.invoke(AspectJAroundAdvice.java:71)
	at org.springframework.aop.framework.ReflectiveMethodInvocation.proceed(ReflectiveMethodInvocation.java:173)
	at org.springframework.aop.framework.CglibAopProxy$CglibMethodInvocation.proceed(CglibAopProxy.java:752)
	at org.springframework.aop.interceptor.ExposeInvocationInterceptor.invoke(ExposeInvocationInterceptor.java:97)
	at org.springframework.aop.framework.ReflectiveMethodInvocation.proceed(ReflectiveMethodInvocation.java:184)
	at org.springframework.aop.framework.CglibAopProxy$CglibMethodInvocation.proceed(CglibAopProxy.java:752)
	at org.springframework.aop.framework.CglibAopProxy$DynamicAdvisedInterceptor.intercept(CglibAopProxy.java:703)
	at com.zry.xiaohongshu.comment.biz.controller.CommentController$$SpringCGLIB$$0.findCommentPageList(<generated>)
	at java.base/jdk.internal.reflect.NativeMethodAccessorImpl.invoke0(Native Method)
	at java.base/jdk.internal.reflect.NativeMethodAccessorImpl.invoke(NativeMethodAccessorImpl.java:77)
	at java.base/jdk.internal.reflect.DelegatingMethodAccessorImpl.invoke(DelegatingMethodAccessorImpl.java:43)
	at java.base/java.lang.reflect.Method.invoke(Method.java:568)
	at org.springframework.web.method.support.InvocableHandlerMethod.doInvoke(InvocableHandlerMethod.java:207)
	at org.springframework.web.method.support.InvocableHandlerMethod.invokeForRequest(InvocableHandlerMethod.java:152)
	at org.springframework.web.servlet.mvc.method.annotation.ServletInvocableHandlerMethod.invokeAndHandle(ServletInvocableHandlerMethod.java:117)
	at org.springframework.web.servlet.mvc.method.annotation.RequestMappingHandlerAdapter.invokeHandlerMethod(RequestMappingHandlerAdapter.java:884)
	at org.springframework.web.servlet.mvc.method.annotation.RequestMappingHandlerAdapter.handleInternal(RequestMappingHandlerAdapter.java:797)
	at org.springframework.web.servlet.mvc.method.AbstractHandlerMethodAdapter.handle(AbstractHandlerMethodAdapter.java:87)
	at org.springframework.web.servlet.DispatcherServlet.doDispatch(DispatcherServlet.java:1080)
	at org.springframework.web.servlet.DispatcherServlet.doService(DispatcherServlet.java:973)
	at org.springframework.web.servlet.FrameworkServlet.processRequest(FrameworkServlet.java:1011)
	at org.springframework.web.servlet.FrameworkServlet.doPost(FrameworkServlet.java:914)
	at jakarta.servlet.http.HttpServlet.service(HttpServlet.java:547)
	at org.springframework.web.servlet.FrameworkServlet.service(FrameworkServlet.java:885)
	at jakarta.servlet.http.HttpServlet.service(HttpServlet.java:614)
	at org.apache.catalina.core.ApplicationFilterChain.internalDoFilter(ApplicationFilterChain.java:223)
	at org.apache.catalina.core.ApplicationFilterChain.doFilter(ApplicationFilterChain.java:158)
	at org.apache.tomcat.websocket.server.WsFilter.doFilter(WsFilter.java:53)
	at org.apache.catalina.core.ApplicationFilterChain.internalDoFilter(ApplicationFilterChain.java:185)
	at org.apache.catalina.core.ApplicationFilterChain.doFilter(ApplicationFilterChain.java:158)
	at com.zry.framework.biz.context.filter.HeaderUserId2ContextFilter.doFilterInternal(HeaderUserId2ContextFilter.java:33)
	at org.springframework.web.filter.OncePerRequestFilter.doFilter(OncePerRequestFilter.java:116)
	at org.apache.catalina.core.ApplicationFilterChain.internalDoFilter(ApplicationFilterChain.java:185)
	at org.apache.catalina.core.ApplicationFilterChain.doFilter(ApplicationFilterChain.java:158)
	at com.alibaba.druid.support.jakarta.WebStatFilter.doFilter(WebStatFilter.java:113)
	at org.apache.catalina.core.ApplicationFilterChain.internalDoFilter(ApplicationFilterChain.java:185)
	at org.apache.catalina.core.ApplicationFilterChain.doFilter(ApplicationFilterChain.java:158)
	at org.springframework.web.filter.RequestContextFilter.doFilterInternal(RequestContextFilter.java:100)
	at org.springframework.web.filter.OncePerRequestFilter.doFilter(OncePerRequestFilter.java:116)
	at org.apache.catalina.core.ApplicationFilterChain.internalDoFilter(ApplicationFilterChain.java:185)
	at org.apache.catalina.core.ApplicationFilterChain.doFilter(ApplicationFilterChain.java:158)
	at org.springframework.web.filter.FormContentFilter.doFilterInternal(FormContentFilter.java:93)
	at org.springframework.web.filter.OncePerRequestFilter.doFilter(OncePerRequestFilter.java:116)
	at org.apache.catalina.core.ApplicationFilterChain.internalDoFilter(ApplicationFilterChain.java:185)
	at org.apache.catalina.core.ApplicationFilterChain.doFilter(ApplicationFilterChain.java:158)
	at org.springframework.web.filter.CharacterEncodingFilter.doFilterInternal(CharacterEncodingFilter.java:201)
	at org.springframework.web.filter.OncePerRequestFilter.doFilter(OncePerRequestFilter.java:116)
	at org.apache.catalina.core.ApplicationFilterChain.internalDoFilter(ApplicationFilterChain.java:185)
	at org.apache.catalina.core.ApplicationFilterChain.doFilter(ApplicationFilterChain.java:158)
	at org.apache.catalina.core.StandardWrapperValve.invoke(StandardWrapperValve.java:177)
	at org.apache.catalina.core.StandardContextValve.invoke(StandardContextValve.java:97)
	at org.apache.catalina.authenticator.AuthenticatorBase.invoke(AuthenticatorBase.java:542)
	at org.apache.catalina.core.StandardHostValve.invoke(StandardHostValve.java:119)
	at org.apache.catalina.valves.ErrorReportValve.invoke(ErrorReportValve.java:92)
	at org.apache.catalina.core.StandardEngineValve.invoke(StandardEngineValve.java:78)
	at org.apache.catalina.connector.CoyoteAdapter.service(CoyoteAdapter.java:357)
	at org.apache.coyote.http11.Http11Processor.service(Http11Processor.java:400)
	at org.apache.coyote.AbstractProcessorLight.process(AbstractProcessorLight.java:65)
	at org.apache.coyote.AbstractProtocol$ConnectionHandler.process(AbstractProtocol.java:859)
	at org.apache.tomcat.util.net.NioEndpoint$SocketProcessor.doRun(NioEndpoint.java:1734)
	at org.apache.tomcat.util.net.SocketProcessorBase.run(SocketProcessorBase.java:52)
	at org.apache.tomcat.util.threads.ThreadPoolExecutor.runWorker(ThreadPoolExecutor.java:1191)
	at org.apache.tomcat.util.threads.ThreadPoolExecutor$Worker.run(ThreadPoolExecutor.java:659)
	at org.apache.tomcat.util.threads.TaskThread$WrappingRunnable.run(TaskThread.java:61)
	at java.base/java.lang.Thread.run(Thread.java:842)
Caused by: io.lettuce.core.RedisConnectionException: Unable to connect to 47.236.36.111/<unresolved>:6379
	at io.lettuce.core.RedisConnectionException.create(RedisConnectionException.java:78)
	at io.lettuce.core.RedisConnectionException.create(RedisConnectionException.java:56)
	at io.lettuce.core.AbstractRedisClient.getConnection(AbstractRedisClient.java:350)
	at io.lettuce.core.RedisClient.connect(RedisClient.java:216)
	at org.springframework.data.redis.connection.lettuce.StandaloneConnectionProvider.lambda$getConnection$1(StandaloneConnectionProvider.java:111)
	at java.base/java.util.Optional.orElseGet(Optional.java:364)
	at org.springframework.data.redis.connection.lettuce.StandaloneConnectionProvider.getConnection(StandaloneConnectionProvider.java:111)
	at org.springframework.data.redis.connection.lettuce.LettuceConnectionFactory$ExceptionTranslatingConnectionProvider.getConnection(LettuceConnectionFactory.java:1531)
	... 94 common frames omitted
Caused by: io.netty.channel.AbstractChannel$AnnotatedConnectException: Connection refused: no further information: /47.236.36.111:6379
Caused by: java.net.ConnectException: Connection refused: no further information
	at java.base/sun.nio.ch.Net.pollConnect(Native Method)
	at java.base/sun.nio.ch.Net.pollConnectNow(Net.java:672)
	at java.base/sun.nio.ch.SocketChannelImpl.finishConnect(SocketChannelImpl.java:946)
	at io.netty.channel.socket.nio.NioSocketChannel.doFinishConnect(NioSocketChannel.java:337)
	at io.netty.channel.nio.AbstractNioChannel$AbstractNioUnsafe.finishConnect(AbstractNioChannel.java:334)
	at io.netty.channel.nio.NioEventLoop.processSelectedKey(NioEventLoop.java:776)
	at io.netty.channel.nio.NioEventLoop.processSelectedKeysOptimized(NioEventLoop.java:724)
	at io.netty.channel.nio.NioEventLoop.processSelectedKeys(NioEventLoop.java:650)
	at io.netty.channel.nio.NioEventLoop.run(NioEventLoop.java:562)
	at io.netty.util.concurrent.SingleThreadEventExecutor$4.run(SingleThreadEventExecutor.java:997)
	at io.netty.util.internal.ThreadExecutorMap$2.run(ThreadExecutorMap.java:74)
	at io.netty.util.concurrent.FastThreadLocalRunnable.run(FastThreadLocalRunnable.java:30)
	at java.base/java.lang.Thread.run(Thread.java:842)
2025-09-19 11:49:14.017 [http-nio-8093-exec-4] INFO  c.z.f.b.context.filter.HeaderUserId2ContextFilter - ===== 删除 ThreadLocal， userId: 100
2025-09-19 11:49:15.254 [NettyClientSelector_1] INFO  RocketmqRemoting - closeChannel: close the connection to remote address[10.91.138.46:10911] result: true
2025-09-19 11:49:16.448 [NettyClientSelector_1] INFO  RocketmqRemoting - closeChannel: close the connection to remote address[10.91.138.46:10911] result: true
2025-09-19 11:49:16.503 [NettyClientSelector_1] INFO  RocketmqRemoting - closeChannel: close the connection to remote address[10.91.138.46:10911] result: true
2025-09-19 11:49:21.491 [NettyClientSelector_1] INFO  RocketmqRemoting - closeChannel: close the connection to remote address[10.91.138.46:10911] result: true
2025-09-19 11:49:28.062 [http-nio-8093-exec-5] INFO  c.z.f.b.context.filter.HeaderUserId2ContextFilter - ## HeaderUserId2ContextFilter, 用户 ID: 100
2025-09-19 11:49:28.064 [http-nio-8093-exec-5] INFO  c.z.f.b.operationlog.aspect.ApiOperationLogAspect - ====== 请求开始: [评论分页查询], 入参: {"noteId":1862481582414102049,"pageNo":1}, 请求类: CommentController, 请求方法: findCommentPageList =================================== 
2025-09-19 11:49:30.058 [NettyClientSelector_1] INFO  RocketmqRemoting - closeChannel: close the connection to remote address[10.91.138.46:10911] result: true
2025-09-19 11:49:30.110 [NettyClientSelector_1] INFO  RocketmqRemoting - closeChannel: close the connection to remote address[10.91.138.46:10911] result: true
2025-09-19 11:49:30.329 [http-nio-8093-exec-5] ERROR c.z.x.comment.biz.exception.GlobalExceptionHandler - /comment/list request error, 
org.springframework.data.redis.RedisConnectionFailureException: Unable to connect to Redis
	at org.springframework.data.redis.connection.lettuce.LettuceConnectionFactory$ExceptionTranslatingConnectionProvider.translateException(LettuceConnectionFactory.java:1602)
	at org.springframework.data.redis.connection.lettuce.LettuceConnectionFactory$ExceptionTranslatingConnectionProvider.getConnection(LettuceConnectionFactory.java:1533)
	at org.springframework.data.redis.connection.lettuce.LettuceConnectionFactory$SharedConnection.getNativeConnection(LettuceConnectionFactory.java:1358)
	at org.springframework.data.redis.connection.lettuce.LettuceConnectionFactory$SharedConnection.getConnection(LettuceConnectionFactory.java:1341)
	at org.springframework.data.redis.connection.lettuce.LettuceConnectionFactory.getSharedConnection(LettuceConnectionFactory.java:1059)
	at org.springframework.data.redis.connection.lettuce.LettuceConnectionFactory.getConnection(LettuceConnectionFactory.java:398)
	at org.springframework.data.redis.core.RedisConnectionUtils.fetchConnection(RedisConnectionUtils.java:193)
	at org.springframework.data.redis.core.RedisConnectionUtils.doGetConnection(RedisConnectionUtils.java:144)
	at org.springframework.data.redis.core.RedisConnectionUtils.getConnection(RedisConnectionUtils.java:105)
	at org.springframework.data.redis.core.RedisTemplate.execute(RedisTemplate.java:393)
	at org.springframework.data.redis.core.RedisTemplate.execute(RedisTemplate.java:373)
	at org.springframework.data.redis.core.AbstractOperations.execute(AbstractOperations.java:97)
	at org.springframework.data.redis.core.DefaultHashOperations.get(DefaultHashOperations.java:51)
	at com.zry.xiaohongshu.comment.biz.service.impl.CommentServiceImpl.findCommentPageList(CommentServiceImpl.java:129)
	at com.zry.xiaohongshu.comment.biz.controller.CommentController.findCommentPageList(CommentController.java:31)
	at java.base/jdk.internal.reflect.NativeMethodAccessorImpl.invoke0(Native Method)
	at java.base/jdk.internal.reflect.NativeMethodAccessorImpl.invoke(NativeMethodAccessorImpl.java:77)
	at java.base/jdk.internal.reflect.DelegatingMethodAccessorImpl.invoke(DelegatingMethodAccessorImpl.java:43)
	at java.base/java.lang.reflect.Method.invoke(Method.java:568)
	at org.springframework.aop.support.AopUtils.invokeJoinpointUsingReflection(AopUtils.java:343)
	at org.springframework.aop.framework.ReflectiveMethodInvocation.invokeJoinpoint(ReflectiveMethodInvocation.java:196)
	at org.springframework.aop.framework.ReflectiveMethodInvocation.proceed(ReflectiveMethodInvocation.java:163)
	at org.springframework.aop.framework.CglibAopProxy$CglibMethodInvocation.proceed(CglibAopProxy.java:752)
	at org.springframework.aop.aspectj.MethodInvocationProceedingJoinPoint.proceed(MethodInvocationProceedingJoinPoint.java:89)
	at com.zry.framework.biz.operationlog.aspect.ApiOperationLogAspect.doAround(ApiOperationLogAspect.java:50)
	at java.base/jdk.internal.reflect.NativeMethodAccessorImpl.invoke0(Native Method)
	at java.base/jdk.internal.reflect.NativeMethodAccessorImpl.invoke(NativeMethodAccessorImpl.java:77)
	at java.base/jdk.internal.reflect.DelegatingMethodAccessorImpl.invoke(DelegatingMethodAccessorImpl.java:43)
	at java.base/java.lang.reflect.Method.invoke(Method.java:568)
	at org.springframework.aop.aspectj.AbstractAspectJAdvice.invokeAdviceMethodWithGivenArgs(AbstractAspectJAdvice.java:633)
	at org.springframework.aop.aspectj.AbstractAspectJAdvice.invokeAdviceMethod(AbstractAspectJAdvice.java:623)
	at org.springframework.aop.aspectj.AspectJAroundAdvice.invoke(AspectJAroundAdvice.java:71)
	at org.springframework.aop.framework.ReflectiveMethodInvocation.proceed(ReflectiveMethodInvocation.java:173)
	at org.springframework.aop.framework.CglibAopProxy$CglibMethodInvocation.proceed(CglibAopProxy.java:752)
	at org.springframework.aop.interceptor.ExposeInvocationInterceptor.invoke(ExposeInvocationInterceptor.java:97)
	at org.springframework.aop.framework.ReflectiveMethodInvocation.proceed(ReflectiveMethodInvocation.java:184)
	at org.springframework.aop.framework.CglibAopProxy$CglibMethodInvocation.proceed(CglibAopProxy.java:752)
	at org.springframework.aop.framework.CglibAopProxy$DynamicAdvisedInterceptor.intercept(CglibAopProxy.java:703)
	at com.zry.xiaohongshu.comment.biz.controller.CommentController$$SpringCGLIB$$0.findCommentPageList(<generated>)
	at java.base/jdk.internal.reflect.NativeMethodAccessorImpl.invoke0(Native Method)
	at java.base/jdk.internal.reflect.NativeMethodAccessorImpl.invoke(NativeMethodAccessorImpl.java:77)
	at java.base/jdk.internal.reflect.DelegatingMethodAccessorImpl.invoke(DelegatingMethodAccessorImpl.java:43)
	at java.base/java.lang.reflect.Method.invoke(Method.java:568)
	at org.springframework.web.method.support.InvocableHandlerMethod.doInvoke(InvocableHandlerMethod.java:207)
	at org.springframework.web.method.support.InvocableHandlerMethod.invokeForRequest(InvocableHandlerMethod.java:152)
	at org.springframework.web.servlet.mvc.method.annotation.ServletInvocableHandlerMethod.invokeAndHandle(ServletInvocableHandlerMethod.java:117)
	at org.springframework.web.servlet.mvc.method.annotation.RequestMappingHandlerAdapter.invokeHandlerMethod(RequestMappingHandlerAdapter.java:884)
	at org.springframework.web.servlet.mvc.method.annotation.RequestMappingHandlerAdapter.handleInternal(RequestMappingHandlerAdapter.java:797)
	at org.springframework.web.servlet.mvc.method.AbstractHandlerMethodAdapter.handle(AbstractHandlerMethodAdapter.java:87)
	at org.springframework.web.servlet.DispatcherServlet.doDispatch(DispatcherServlet.java:1080)
	at org.springframework.web.servlet.DispatcherServlet.doService(DispatcherServlet.java:973)
	at org.springframework.web.servlet.FrameworkServlet.processRequest(FrameworkServlet.java:1011)
	at org.springframework.web.servlet.FrameworkServlet.doPost(FrameworkServlet.java:914)
	at jakarta.servlet.http.HttpServlet.service(HttpServlet.java:547)
	at org.springframework.web.servlet.FrameworkServlet.service(FrameworkServlet.java:885)
	at jakarta.servlet.http.HttpServlet.service(HttpServlet.java:614)
	at org.apache.catalina.core.ApplicationFilterChain.internalDoFilter(ApplicationFilterChain.java:223)
	at org.apache.catalina.core.ApplicationFilterChain.doFilter(ApplicationFilterChain.java:158)
	at org.apache.tomcat.websocket.server.WsFilter.doFilter(WsFilter.java:53)
	at org.apache.catalina.core.ApplicationFilterChain.internalDoFilter(ApplicationFilterChain.java:185)
	at org.apache.catalina.core.ApplicationFilterChain.doFilter(ApplicationFilterChain.java:158)
	at com.zry.framework.biz.context.filter.HeaderUserId2ContextFilter.doFilterInternal(HeaderUserId2ContextFilter.java:33)
	at org.springframework.web.filter.OncePerRequestFilter.doFilter(OncePerRequestFilter.java:116)
	at org.apache.catalina.core.ApplicationFilterChain.internalDoFilter(ApplicationFilterChain.java:185)
	at org.apache.catalina.core.ApplicationFilterChain.doFilter(ApplicationFilterChain.java:158)
	at com.alibaba.druid.support.jakarta.WebStatFilter.doFilter(WebStatFilter.java:113)
	at org.apache.catalina.core.ApplicationFilterChain.internalDoFilter(ApplicationFilterChain.java:185)
	at org.apache.catalina.core.ApplicationFilterChain.doFilter(ApplicationFilterChain.java:158)
	at org.springframework.web.filter.RequestContextFilter.doFilterInternal(RequestContextFilter.java:100)
	at org.springframework.web.filter.OncePerRequestFilter.doFilter(OncePerRequestFilter.java:116)
	at org.apache.catalina.core.ApplicationFilterChain.internalDoFilter(ApplicationFilterChain.java:185)
	at org.apache.catalina.core.ApplicationFilterChain.doFilter(ApplicationFilterChain.java:158)
	at org.springframework.web.filter.FormContentFilter.doFilterInternal(FormContentFilter.java:93)
	at org.springframework.web.filter.OncePerRequestFilter.doFilter(OncePerRequestFilter.java:116)
	at org.apache.catalina.core.ApplicationFilterChain.internalDoFilter(ApplicationFilterChain.java:185)
	at org.apache.catalina.core.ApplicationFilterChain.doFilter(ApplicationFilterChain.java:158)
	at org.springframework.web.filter.CharacterEncodingFilter.doFilterInternal(CharacterEncodingFilter.java:201)
	at org.springframework.web.filter.OncePerRequestFilter.doFilter(OncePerRequestFilter.java:116)
	at org.apache.catalina.core.ApplicationFilterChain.internalDoFilter(ApplicationFilterChain.java:185)
	at org.apache.catalina.core.ApplicationFilterChain.doFilter(ApplicationFilterChain.java:158)
	at org.apache.catalina.core.StandardWrapperValve.invoke(StandardWrapperValve.java:177)
	at org.apache.catalina.core.StandardContextValve.invoke(StandardContextValve.java:97)
	at org.apache.catalina.authenticator.AuthenticatorBase.invoke(AuthenticatorBase.java:542)
	at org.apache.catalina.core.StandardHostValve.invoke(StandardHostValve.java:119)
	at org.apache.catalina.valves.ErrorReportValve.invoke(ErrorReportValve.java:92)
	at org.apache.catalina.core.StandardEngineValve.invoke(StandardEngineValve.java:78)
	at org.apache.catalina.connector.CoyoteAdapter.service(CoyoteAdapter.java:357)
	at org.apache.coyote.http11.Http11Processor.service(Http11Processor.java:400)
	at org.apache.coyote.AbstractProcessorLight.process(AbstractProcessorLight.java:65)
	at org.apache.coyote.AbstractProtocol$ConnectionHandler.process(AbstractProtocol.java:859)
	at org.apache.tomcat.util.net.NioEndpoint$SocketProcessor.doRun(NioEndpoint.java:1734)
	at org.apache.tomcat.util.net.SocketProcessorBase.run(SocketProcessorBase.java:52)
	at org.apache.tomcat.util.threads.ThreadPoolExecutor.runWorker(ThreadPoolExecutor.java:1191)
	at org.apache.tomcat.util.threads.ThreadPoolExecutor$Worker.run(ThreadPoolExecutor.java:659)
	at org.apache.tomcat.util.threads.TaskThread$WrappingRunnable.run(TaskThread.java:61)
	at java.base/java.lang.Thread.run(Thread.java:842)
Caused by: io.lettuce.core.RedisConnectionException: Unable to connect to 47.236.36.111/<unresolved>:6379
	at io.lettuce.core.RedisConnectionException.create(RedisConnectionException.java:78)
	at io.lettuce.core.RedisConnectionException.create(RedisConnectionException.java:56)
	at io.lettuce.core.AbstractRedisClient.getConnection(AbstractRedisClient.java:350)
	at io.lettuce.core.RedisClient.connect(RedisClient.java:216)
	at org.springframework.data.redis.connection.lettuce.StandaloneConnectionProvider.lambda$getConnection$1(StandaloneConnectionProvider.java:111)
	at java.base/java.util.Optional.orElseGet(Optional.java:364)
	at org.springframework.data.redis.connection.lettuce.StandaloneConnectionProvider.getConnection(StandaloneConnectionProvider.java:111)
	at org.springframework.data.redis.connection.lettuce.LettuceConnectionFactory$ExceptionTranslatingConnectionProvider.getConnection(LettuceConnectionFactory.java:1531)
	... 94 common frames omitted
Caused by: io.netty.channel.AbstractChannel$AnnotatedConnectException: Connection refused: no further information: /47.236.36.111:6379
Caused by: java.net.ConnectException: Connection refused: no further information
	at java.base/sun.nio.ch.Net.pollConnect(Native Method)
	at java.base/sun.nio.ch.Net.pollConnectNow(Net.java:672)
	at java.base/sun.nio.ch.SocketChannelImpl.finishConnect(SocketChannelImpl.java:946)
	at io.netty.channel.socket.nio.NioSocketChannel.doFinishConnect(NioSocketChannel.java:337)
	at io.netty.channel.nio.AbstractNioChannel$AbstractNioUnsafe.finishConnect(AbstractNioChannel.java:334)
	at io.netty.channel.nio.NioEventLoop.processSelectedKey(NioEventLoop.java:776)
	at io.netty.channel.nio.NioEventLoop.processSelectedKeysOptimized(NioEventLoop.java:724)
	at io.netty.channel.nio.NioEventLoop.processSelectedKeys(NioEventLoop.java:650)
	at io.netty.channel.nio.NioEventLoop.run(NioEventLoop.java:562)
	at io.netty.util.concurrent.SingleThreadEventExecutor$4.run(SingleThreadEventExecutor.java:997)
	at io.netty.util.internal.ThreadExecutorMap$2.run(ThreadExecutorMap.java:74)
	at io.netty.util.concurrent.FastThreadLocalRunnable.run(FastThreadLocalRunnable.java:30)
	at java.base/java.lang.Thread.run(Thread.java:842)
2025-09-19 11:49:30.330 [http-nio-8093-exec-5] INFO  c.z.f.b.context.filter.HeaderUserId2ContextFilter - ===== 删除 ThreadLocal， userId: 100
2025-09-19 11:49:33.072 [NettyClientSelector_1] INFO  RocketmqRemoting - closeChannel: close the connection to remote address[10.91.138.46:10911] result: true
2025-09-19 11:49:38.580 [NettyClientSelector_1] INFO  RocketmqRemoting - closeChannel: close the connection to remote address[10.91.138.46:10911] result: true
2025-09-19 11:49:38.975 [NettyClientSelector_1] INFO  RocketmqRemoting - closeChannel: close the connection to remote address[10.91.138.46:10911] result: true
2025-09-19 11:49:39.368 [NettyClientSelector_1] INFO  RocketmqRemoting - closeChannel: close the connection to remote address[10.91.138.46:10911] result: true
2025-09-19 11:49:39.524 [NettyClientSelector_1] INFO  RocketmqRemoting - closeChannel: close the connection to remote address[10.91.138.46:10911] result: true
2025-09-19 11:49:40.335 [http-nio-8093-exec-3] INFO  c.z.f.b.context.filter.HeaderUserId2ContextFilter - ## HeaderUserId2ContextFilter, 用户 ID: null
2025-09-19 11:49:40.337 [http-nio-8093-exec-3] INFO  c.z.f.b.operationlog.aspect.ApiOperationLogAspect - ====== 请求开始: [评论分页查询], 入参: {"noteId":1960629739609653259,"pageNo":1}, 请求类: CommentController, 请求方法: findCommentPageList =================================== 
2025-09-19 11:49:42.062 [NettyClientSelector_1] INFO  RocketmqRemoting - closeChannel: close the connection to remote address[10.91.138.46:10911] result: true
2025-09-19 11:49:42.479 [NettyClientSelector_1] INFO  RocketmqRemoting - closeChannel: close the connection to remote address[10.91.138.46:10911] result: true
2025-09-19 11:49:42.620 [http-nio-8093-exec-3] ERROR c.z.x.comment.biz.exception.GlobalExceptionHandler - /comment/list request error, 
org.springframework.data.redis.RedisConnectionFailureException: Unable to connect to Redis
	at org.springframework.data.redis.connection.lettuce.LettuceConnectionFactory$ExceptionTranslatingConnectionProvider.translateException(LettuceConnectionFactory.java:1602)
	at org.springframework.data.redis.connection.lettuce.LettuceConnectionFactory$ExceptionTranslatingConnectionProvider.getConnection(LettuceConnectionFactory.java:1533)
	at org.springframework.data.redis.connection.lettuce.LettuceConnectionFactory$SharedConnection.getNativeConnection(LettuceConnectionFactory.java:1358)
	at org.springframework.data.redis.connection.lettuce.LettuceConnectionFactory$SharedConnection.getConnection(LettuceConnectionFactory.java:1341)
	at org.springframework.data.redis.connection.lettuce.LettuceConnectionFactory.getSharedConnection(LettuceConnectionFactory.java:1059)
	at org.springframework.data.redis.connection.lettuce.LettuceConnectionFactory.getConnection(LettuceConnectionFactory.java:398)
	at org.springframework.data.redis.core.RedisConnectionUtils.fetchConnection(RedisConnectionUtils.java:193)
	at org.springframework.data.redis.core.RedisConnectionUtils.doGetConnection(RedisConnectionUtils.java:144)
	at org.springframework.data.redis.core.RedisConnectionUtils.getConnection(RedisConnectionUtils.java:105)
	at org.springframework.data.redis.core.RedisTemplate.execute(RedisTemplate.java:393)
	at org.springframework.data.redis.core.RedisTemplate.execute(RedisTemplate.java:373)
	at org.springframework.data.redis.core.AbstractOperations.execute(AbstractOperations.java:97)
	at org.springframework.data.redis.core.DefaultHashOperations.get(DefaultHashOperations.java:51)
	at com.zry.xiaohongshu.comment.biz.service.impl.CommentServiceImpl.findCommentPageList(CommentServiceImpl.java:129)
	at com.zry.xiaohongshu.comment.biz.controller.CommentController.findCommentPageList(CommentController.java:31)
	at java.base/jdk.internal.reflect.NativeMethodAccessorImpl.invoke0(Native Method)
	at java.base/jdk.internal.reflect.NativeMethodAccessorImpl.invoke(NativeMethodAccessorImpl.java:77)
	at java.base/jdk.internal.reflect.DelegatingMethodAccessorImpl.invoke(DelegatingMethodAccessorImpl.java:43)
	at java.base/java.lang.reflect.Method.invoke(Method.java:568)
	at org.springframework.aop.support.AopUtils.invokeJoinpointUsingReflection(AopUtils.java:343)
	at org.springframework.aop.framework.ReflectiveMethodInvocation.invokeJoinpoint(ReflectiveMethodInvocation.java:196)
	at org.springframework.aop.framework.ReflectiveMethodInvocation.proceed(ReflectiveMethodInvocation.java:163)
	at org.springframework.aop.framework.CglibAopProxy$CglibMethodInvocation.proceed(CglibAopProxy.java:752)
	at org.springframework.aop.aspectj.MethodInvocationProceedingJoinPoint.proceed(MethodInvocationProceedingJoinPoint.java:89)
	at com.zry.framework.biz.operationlog.aspect.ApiOperationLogAspect.doAround(ApiOperationLogAspect.java:50)
	at java.base/jdk.internal.reflect.NativeMethodAccessorImpl.invoke0(Native Method)
	at java.base/jdk.internal.reflect.NativeMethodAccessorImpl.invoke(NativeMethodAccessorImpl.java:77)
	at java.base/jdk.internal.reflect.DelegatingMethodAccessorImpl.invoke(DelegatingMethodAccessorImpl.java:43)
	at java.base/java.lang.reflect.Method.invoke(Method.java:568)
	at org.springframework.aop.aspectj.AbstractAspectJAdvice.invokeAdviceMethodWithGivenArgs(AbstractAspectJAdvice.java:633)
	at org.springframework.aop.aspectj.AbstractAspectJAdvice.invokeAdviceMethod(AbstractAspectJAdvice.java:623)
	at org.springframework.aop.aspectj.AspectJAroundAdvice.invoke(AspectJAroundAdvice.java:71)
	at org.springframework.aop.framework.ReflectiveMethodInvocation.proceed(ReflectiveMethodInvocation.java:173)
	at org.springframework.aop.framework.CglibAopProxy$CglibMethodInvocation.proceed(CglibAopProxy.java:752)
	at org.springframework.aop.interceptor.ExposeInvocationInterceptor.invoke(ExposeInvocationInterceptor.java:97)
	at org.springframework.aop.framework.ReflectiveMethodInvocation.proceed(ReflectiveMethodInvocation.java:184)
	at org.springframework.aop.framework.CglibAopProxy$CglibMethodInvocation.proceed(CglibAopProxy.java:752)
	at org.springframework.aop.framework.CglibAopProxy$DynamicAdvisedInterceptor.intercept(CglibAopProxy.java:703)
	at com.zry.xiaohongshu.comment.biz.controller.CommentController$$SpringCGLIB$$0.findCommentPageList(<generated>)
	at java.base/jdk.internal.reflect.NativeMethodAccessorImpl.invoke0(Native Method)
	at java.base/jdk.internal.reflect.NativeMethodAccessorImpl.invoke(NativeMethodAccessorImpl.java:77)
	at java.base/jdk.internal.reflect.DelegatingMethodAccessorImpl.invoke(DelegatingMethodAccessorImpl.java:43)
	at java.base/java.lang.reflect.Method.invoke(Method.java:568)
	at org.springframework.web.method.support.InvocableHandlerMethod.doInvoke(InvocableHandlerMethod.java:207)
	at org.springframework.web.method.support.InvocableHandlerMethod.invokeForRequest(InvocableHandlerMethod.java:152)
	at org.springframework.web.servlet.mvc.method.annotation.ServletInvocableHandlerMethod.invokeAndHandle(ServletInvocableHandlerMethod.java:117)
	at org.springframework.web.servlet.mvc.method.annotation.RequestMappingHandlerAdapter.invokeHandlerMethod(RequestMappingHandlerAdapter.java:884)
	at org.springframework.web.servlet.mvc.method.annotation.RequestMappingHandlerAdapter.handleInternal(RequestMappingHandlerAdapter.java:797)
	at org.springframework.web.servlet.mvc.method.AbstractHandlerMethodAdapter.handle(AbstractHandlerMethodAdapter.java:87)
	at org.springframework.web.servlet.DispatcherServlet.doDispatch(DispatcherServlet.java:1080)
	at org.springframework.web.servlet.DispatcherServlet.doService(DispatcherServlet.java:973)
	at org.springframework.web.servlet.FrameworkServlet.processRequest(FrameworkServlet.java:1011)
	at org.springframework.web.servlet.FrameworkServlet.doPost(FrameworkServlet.java:914)
	at jakarta.servlet.http.HttpServlet.service(HttpServlet.java:547)
	at org.springframework.web.servlet.FrameworkServlet.service(FrameworkServlet.java:885)
	at jakarta.servlet.http.HttpServlet.service(HttpServlet.java:614)
	at org.apache.catalina.core.ApplicationFilterChain.internalDoFilter(ApplicationFilterChain.java:223)
	at org.apache.catalina.core.ApplicationFilterChain.doFilter(ApplicationFilterChain.java:158)
	at org.apache.tomcat.websocket.server.WsFilter.doFilter(WsFilter.java:53)
	at org.apache.catalina.core.ApplicationFilterChain.internalDoFilter(ApplicationFilterChain.java:185)
	at org.apache.catalina.core.ApplicationFilterChain.doFilter(ApplicationFilterChain.java:158)
	at com.zry.framework.biz.context.filter.HeaderUserId2ContextFilter.doFilterInternal(HeaderUserId2ContextFilter.java:28)
	at org.springframework.web.filter.OncePerRequestFilter.doFilter(OncePerRequestFilter.java:116)
	at org.apache.catalina.core.ApplicationFilterChain.internalDoFilter(ApplicationFilterChain.java:185)
	at org.apache.catalina.core.ApplicationFilterChain.doFilter(ApplicationFilterChain.java:158)
	at com.alibaba.druid.support.jakarta.WebStatFilter.doFilter(WebStatFilter.java:113)
	at org.apache.catalina.core.ApplicationFilterChain.internalDoFilter(ApplicationFilterChain.java:185)
	at org.apache.catalina.core.ApplicationFilterChain.doFilter(ApplicationFilterChain.java:158)
	at org.springframework.web.filter.RequestContextFilter.doFilterInternal(RequestContextFilter.java:100)
	at org.springframework.web.filter.OncePerRequestFilter.doFilter(OncePerRequestFilter.java:116)
	at org.apache.catalina.core.ApplicationFilterChain.internalDoFilter(ApplicationFilterChain.java:185)
	at org.apache.catalina.core.ApplicationFilterChain.doFilter(ApplicationFilterChain.java:158)
	at org.springframework.web.filter.FormContentFilter.doFilterInternal(FormContentFilter.java:93)
	at org.springframework.web.filter.OncePerRequestFilter.doFilter(OncePerRequestFilter.java:116)
	at org.apache.catalina.core.ApplicationFilterChain.internalDoFilter(ApplicationFilterChain.java:185)
	at org.apache.catalina.core.ApplicationFilterChain.doFilter(ApplicationFilterChain.java:158)
	at org.springframework.web.filter.CharacterEncodingFilter.doFilterInternal(CharacterEncodingFilter.java:201)
	at org.springframework.web.filter.OncePerRequestFilter.doFilter(OncePerRequestFilter.java:116)
	at org.apache.catalina.core.ApplicationFilterChain.internalDoFilter(ApplicationFilterChain.java:185)
	at org.apache.catalina.core.ApplicationFilterChain.doFilter(ApplicationFilterChain.java:158)
	at org.apache.catalina.core.StandardWrapperValve.invoke(StandardWrapperValve.java:177)
	at org.apache.catalina.core.StandardContextValve.invoke(StandardContextValve.java:97)
	at org.apache.catalina.authenticator.AuthenticatorBase.invoke(AuthenticatorBase.java:542)
	at org.apache.catalina.core.StandardHostValve.invoke(StandardHostValve.java:119)
	at org.apache.catalina.valves.ErrorReportValve.invoke(ErrorReportValve.java:92)
	at org.apache.catalina.core.StandardEngineValve.invoke(StandardEngineValve.java:78)
	at org.apache.catalina.connector.CoyoteAdapter.service(CoyoteAdapter.java:357)
	at org.apache.coyote.http11.Http11Processor.service(Http11Processor.java:400)
	at org.apache.coyote.AbstractProcessorLight.process(AbstractProcessorLight.java:65)
	at org.apache.coyote.AbstractProtocol$ConnectionHandler.process(AbstractProtocol.java:859)
	at org.apache.tomcat.util.net.NioEndpoint$SocketProcessor.doRun(NioEndpoint.java:1734)
	at org.apache.tomcat.util.net.SocketProcessorBase.run(SocketProcessorBase.java:52)
	at org.apache.tomcat.util.threads.ThreadPoolExecutor.runWorker(ThreadPoolExecutor.java:1191)
	at org.apache.tomcat.util.threads.ThreadPoolExecutor$Worker.run(ThreadPoolExecutor.java:659)
	at org.apache.tomcat.util.threads.TaskThread$WrappingRunnable.run(TaskThread.java:61)
	at java.base/java.lang.Thread.run(Thread.java:842)
Caused by: io.lettuce.core.RedisConnectionException: Unable to connect to 47.236.36.111/<unresolved>:6379
	at io.lettuce.core.RedisConnectionException.create(RedisConnectionException.java:78)
	at io.lettuce.core.RedisConnectionException.create(RedisConnectionException.java:56)
	at io.lettuce.core.AbstractRedisClient.getConnection(AbstractRedisClient.java:350)
	at io.lettuce.core.RedisClient.connect(RedisClient.java:216)
	at org.springframework.data.redis.connection.lettuce.StandaloneConnectionProvider.lambda$getConnection$1(StandaloneConnectionProvider.java:111)
	at java.base/java.util.Optional.orElseGet(Optional.java:364)
	at org.springframework.data.redis.connection.lettuce.StandaloneConnectionProvider.getConnection(StandaloneConnectionProvider.java:111)
	at org.springframework.data.redis.connection.lettuce.LettuceConnectionFactory$ExceptionTranslatingConnectionProvider.getConnection(LettuceConnectionFactory.java:1531)
	... 94 common frames omitted
Caused by: io.netty.channel.AbstractChannel$AnnotatedConnectException: Connection refused: no further information: /47.236.36.111:6379
Caused by: java.net.ConnectException: Connection refused: no further information
	at java.base/sun.nio.ch.Net.pollConnect(Native Method)
	at java.base/sun.nio.ch.Net.pollConnectNow(Net.java:672)
	at java.base/sun.nio.ch.SocketChannelImpl.finishConnect(SocketChannelImpl.java:946)
	at io.netty.channel.socket.nio.NioSocketChannel.doFinishConnect(NioSocketChannel.java:337)
	at io.netty.channel.nio.AbstractNioChannel$AbstractNioUnsafe.finishConnect(AbstractNioChannel.java:334)
	at io.netty.channel.nio.NioEventLoop.processSelectedKey(NioEventLoop.java:776)
	at io.netty.channel.nio.NioEventLoop.processSelectedKeysOptimized(NioEventLoop.java:724)
	at io.netty.channel.nio.NioEventLoop.processSelectedKeys(NioEventLoop.java:650)
	at io.netty.channel.nio.NioEventLoop.run(NioEventLoop.java:562)
	at io.netty.util.concurrent.SingleThreadEventExecutor$4.run(SingleThreadEventExecutor.java:997)
	at io.netty.util.internal.ThreadExecutorMap$2.run(ThreadExecutorMap.java:74)
	at io.netty.util.concurrent.FastThreadLocalRunnable.run(FastThreadLocalRunnable.java:30)
	at java.base/java.lang.Thread.run(Thread.java:842)
2025-09-19 11:49:45.249 [NettyClientSelector_1] INFO  RocketmqRemoting - closeChannel: close the connection to remote address[10.91.138.46:10911] result: true
2025-09-19 11:49:45.309 [NettyClientSelector_1] INFO  RocketmqRemoting - closeChannel: close the connection to remote address[10.91.138.46:10911] result: true
2025-09-19 11:49:48.416 [NettyClientSelector_1] INFO  RocketmqRemoting - closeChannel: close the connection to remote address[10.91.138.46:10911] result: true
2025-09-19 11:49:51.481 [NettyClientSelector_1] INFO  RocketmqRemoting - closeChannel: close the connection to remote address[10.91.138.46:10911] result: true
2025-09-19 11:49:52.065 [http-nio-8093-exec-7] INFO  c.z.f.b.context.filter.HeaderUserId2ContextFilter - ## HeaderUserId2ContextFilter, 用户 ID: 100
2025-09-19 11:49:52.066 [http-nio-8093-exec-7] INFO  c.z.f.b.operationlog.aspect.ApiOperationLogAspect - ====== 请求开始: [评论分页查询], 入参: {"noteId":1960629719539908695,"pageNo":1}, 请求类: CommentController, 请求方法: findCommentPageList =================================== 
2025-09-19 11:49:53.136 [NettyClientSelector_1] INFO  RocketmqRemoting - closeChannel: close the connection to remote address[10.91.138.46:10911] result: true
2025-09-19 11:49:53.472 [http-nio-8093-exec-8] INFO  c.z.f.b.context.filter.HeaderUserId2ContextFilter - ## HeaderUserId2ContextFilter, 用户 ID: 100
2025-09-19 11:49:53.473 [http-nio-8093-exec-8] INFO  c.z.f.b.operationlog.aspect.ApiOperationLogAspect - ====== 请求开始: [评论分页查询], 入参: {"noteId":1960629729467826196,"pageNo":1}, 请求类: CommentController, 请求方法: findCommentPageList =================================== 
2025-09-19 11:49:54.322 [http-nio-8093-exec-7] ERROR c.z.x.comment.biz.exception.GlobalExceptionHandler - /comment/list request error, 
org.springframework.data.redis.RedisConnectionFailureException: Unable to connect to Redis
	at org.springframework.data.redis.connection.lettuce.LettuceConnectionFactory$ExceptionTranslatingConnectionProvider.translateException(LettuceConnectionFactory.java:1602)
	at org.springframework.data.redis.connection.lettuce.LettuceConnectionFactory$ExceptionTranslatingConnectionProvider.getConnection(LettuceConnectionFactory.java:1533)
	at org.springframework.data.redis.connection.lettuce.LettuceConnectionFactory$SharedConnection.getNativeConnection(LettuceConnectionFactory.java:1358)
	at org.springframework.data.redis.connection.lettuce.LettuceConnectionFactory$SharedConnection.getConnection(LettuceConnectionFactory.java:1341)
	at org.springframework.data.redis.connection.lettuce.LettuceConnectionFactory.getSharedConnection(LettuceConnectionFactory.java:1059)
	at org.springframework.data.redis.connection.lettuce.LettuceConnectionFactory.getConnection(LettuceConnectionFactory.java:398)
	at org.springframework.data.redis.core.RedisConnectionUtils.fetchConnection(RedisConnectionUtils.java:193)
	at org.springframework.data.redis.core.RedisConnectionUtils.doGetConnection(RedisConnectionUtils.java:144)
	at org.springframework.data.redis.core.RedisConnectionUtils.getConnection(RedisConnectionUtils.java:105)
	at org.springframework.data.redis.core.RedisTemplate.execute(RedisTemplate.java:393)
	at org.springframework.data.redis.core.RedisTemplate.execute(RedisTemplate.java:373)
	at org.springframework.data.redis.core.AbstractOperations.execute(AbstractOperations.java:97)
	at org.springframework.data.redis.core.DefaultHashOperations.get(DefaultHashOperations.java:51)
	at com.zry.xiaohongshu.comment.biz.service.impl.CommentServiceImpl.findCommentPageList(CommentServiceImpl.java:129)
	at com.zry.xiaohongshu.comment.biz.controller.CommentController.findCommentPageList(CommentController.java:31)
	at java.base/jdk.internal.reflect.NativeMethodAccessorImpl.invoke0(Native Method)
	at java.base/jdk.internal.reflect.NativeMethodAccessorImpl.invoke(NativeMethodAccessorImpl.java:77)
	at java.base/jdk.internal.reflect.DelegatingMethodAccessorImpl.invoke(DelegatingMethodAccessorImpl.java:43)
	at java.base/java.lang.reflect.Method.invoke(Method.java:568)
	at org.springframework.aop.support.AopUtils.invokeJoinpointUsingReflection(AopUtils.java:343)
	at org.springframework.aop.framework.ReflectiveMethodInvocation.invokeJoinpoint(ReflectiveMethodInvocation.java:196)
	at org.springframework.aop.framework.ReflectiveMethodInvocation.proceed(ReflectiveMethodInvocation.java:163)
	at org.springframework.aop.framework.CglibAopProxy$CglibMethodInvocation.proceed(CglibAopProxy.java:752)
	at org.springframework.aop.aspectj.MethodInvocationProceedingJoinPoint.proceed(MethodInvocationProceedingJoinPoint.java:89)
	at com.zry.framework.biz.operationlog.aspect.ApiOperationLogAspect.doAround(ApiOperationLogAspect.java:50)
	at java.base/jdk.internal.reflect.NativeMethodAccessorImpl.invoke0(Native Method)
	at java.base/jdk.internal.reflect.NativeMethodAccessorImpl.invoke(NativeMethodAccessorImpl.java:77)
	at java.base/jdk.internal.reflect.DelegatingMethodAccessorImpl.invoke(DelegatingMethodAccessorImpl.java:43)
	at java.base/java.lang.reflect.Method.invoke(Method.java:568)
	at org.springframework.aop.aspectj.AbstractAspectJAdvice.invokeAdviceMethodWithGivenArgs(AbstractAspectJAdvice.java:633)
	at org.springframework.aop.aspectj.AbstractAspectJAdvice.invokeAdviceMethod(AbstractAspectJAdvice.java:623)
	at org.springframework.aop.aspectj.AspectJAroundAdvice.invoke(AspectJAroundAdvice.java:71)
	at org.springframework.aop.framework.ReflectiveMethodInvocation.proceed(ReflectiveMethodInvocation.java:173)
	at org.springframework.aop.framework.CglibAopProxy$CglibMethodInvocation.proceed(CglibAopProxy.java:752)
	at org.springframework.aop.interceptor.ExposeInvocationInterceptor.invoke(ExposeInvocationInterceptor.java:97)
	at org.springframework.aop.framework.ReflectiveMethodInvocation.proceed(ReflectiveMethodInvocation.java:184)
	at org.springframework.aop.framework.CglibAopProxy$CglibMethodInvocation.proceed(CglibAopProxy.java:752)
	at org.springframework.aop.framework.CglibAopProxy$DynamicAdvisedInterceptor.intercept(CglibAopProxy.java:703)
	at com.zry.xiaohongshu.comment.biz.controller.CommentController$$SpringCGLIB$$0.findCommentPageList(<generated>)
	at java.base/jdk.internal.reflect.NativeMethodAccessorImpl.invoke0(Native Method)
	at java.base/jdk.internal.reflect.NativeMethodAccessorImpl.invoke(NativeMethodAccessorImpl.java:77)
	at java.base/jdk.internal.reflect.DelegatingMethodAccessorImpl.invoke(DelegatingMethodAccessorImpl.java:43)
	at java.base/java.lang.reflect.Method.invoke(Method.java:568)
	at org.springframework.web.method.support.InvocableHandlerMethod.doInvoke(InvocableHandlerMethod.java:207)
	at org.springframework.web.method.support.InvocableHandlerMethod.invokeForRequest(InvocableHandlerMethod.java:152)
	at org.springframework.web.servlet.mvc.method.annotation.ServletInvocableHandlerMethod.invokeAndHandle(ServletInvocableHandlerMethod.java:117)
	at org.springframework.web.servlet.mvc.method.annotation.RequestMappingHandlerAdapter.invokeHandlerMethod(RequestMappingHandlerAdapter.java:884)
	at org.springframework.web.servlet.mvc.method.annotation.RequestMappingHandlerAdapter.handleInternal(RequestMappingHandlerAdapter.java:797)
	at org.springframework.web.servlet.mvc.method.AbstractHandlerMethodAdapter.handle(AbstractHandlerMethodAdapter.java:87)
	at org.springframework.web.servlet.DispatcherServlet.doDispatch(DispatcherServlet.java:1080)
	at org.springframework.web.servlet.DispatcherServlet.doService(DispatcherServlet.java:973)
	at org.springframework.web.servlet.FrameworkServlet.processRequest(FrameworkServlet.java:1011)
	at org.springframework.web.servlet.FrameworkServlet.doPost(FrameworkServlet.java:914)
	at jakarta.servlet.http.HttpServlet.service(HttpServlet.java:547)
	at org.springframework.web.servlet.FrameworkServlet.service(FrameworkServlet.java:885)
	at jakarta.servlet.http.HttpServlet.service(HttpServlet.java:614)
	at org.apache.catalina.core.ApplicationFilterChain.internalDoFilter(ApplicationFilterChain.java:223)
	at org.apache.catalina.core.ApplicationFilterChain.doFilter(ApplicationFilterChain.java:158)
	at org.apache.tomcat.websocket.server.WsFilter.doFilter(WsFilter.java:53)
	at org.apache.catalina.core.ApplicationFilterChain.internalDoFilter(ApplicationFilterChain.java:185)
	at org.apache.catalina.core.ApplicationFilterChain.doFilter(ApplicationFilterChain.java:158)
	at com.zry.framework.biz.context.filter.HeaderUserId2ContextFilter.doFilterInternal(HeaderUserId2ContextFilter.java:33)
	at org.springframework.web.filter.OncePerRequestFilter.doFilter(OncePerRequestFilter.java:116)
	at org.apache.catalina.core.ApplicationFilterChain.internalDoFilter(ApplicationFilterChain.java:185)
	at org.apache.catalina.core.ApplicationFilterChain.doFilter(ApplicationFilterChain.java:158)
	at com.alibaba.druid.support.jakarta.WebStatFilter.doFilter(WebStatFilter.java:113)
	at org.apache.catalina.core.ApplicationFilterChain.internalDoFilter(ApplicationFilterChain.java:185)
	at org.apache.catalina.core.ApplicationFilterChain.doFilter(ApplicationFilterChain.java:158)
	at org.springframework.web.filter.RequestContextFilter.doFilterInternal(RequestContextFilter.java:100)
	at org.springframework.web.filter.OncePerRequestFilter.doFilter(OncePerRequestFilter.java:116)
	at org.apache.catalina.core.ApplicationFilterChain.internalDoFilter(ApplicationFilterChain.java:185)
	at org.apache.catalina.core.ApplicationFilterChain.doFilter(ApplicationFilterChain.java:158)
	at org.springframework.web.filter.FormContentFilter.doFilterInternal(FormContentFilter.java:93)
	at org.springframework.web.filter.OncePerRequestFilter.doFilter(OncePerRequestFilter.java:116)
	at org.apache.catalina.core.ApplicationFilterChain.internalDoFilter(ApplicationFilterChain.java:185)
	at org.apache.catalina.core.ApplicationFilterChain.doFilter(ApplicationFilterChain.java:158)
	at org.springframework.web.filter.CharacterEncodingFilter.doFilterInternal(CharacterEncodingFilter.java:201)
	at org.springframework.web.filter.OncePerRequestFilter.doFilter(OncePerRequestFilter.java:116)
	at org.apache.catalina.core.ApplicationFilterChain.internalDoFilter(ApplicationFilterChain.java:185)
	at org.apache.catalina.core.ApplicationFilterChain.doFilter(ApplicationFilterChain.java:158)
	at org.apache.catalina.core.StandardWrapperValve.invoke(StandardWrapperValve.java:177)
	at org.apache.catalina.core.StandardContextValve.invoke(StandardContextValve.java:97)
	at org.apache.catalina.authenticator.AuthenticatorBase.invoke(AuthenticatorBase.java:542)
	at org.apache.catalina.core.StandardHostValve.invoke(StandardHostValve.java:119)
	at org.apache.catalina.valves.ErrorReportValve.invoke(ErrorReportValve.java:92)
	at org.apache.catalina.core.StandardEngineValve.invoke(StandardEngineValve.java:78)
	at org.apache.catalina.connector.CoyoteAdapter.service(CoyoteAdapter.java:357)
	at org.apache.coyote.http11.Http11Processor.service(Http11Processor.java:400)
	at org.apache.coyote.AbstractProcessorLight.process(AbstractProcessorLight.java:65)
	at org.apache.coyote.AbstractProtocol$ConnectionHandler.process(AbstractProtocol.java:859)
	at org.apache.tomcat.util.net.NioEndpoint$SocketProcessor.doRun(NioEndpoint.java:1734)
	at org.apache.tomcat.util.net.SocketProcessorBase.run(SocketProcessorBase.java:52)
	at org.apache.tomcat.util.threads.ThreadPoolExecutor.runWorker(ThreadPoolExecutor.java:1191)
	at org.apache.tomcat.util.threads.ThreadPoolExecutor$Worker.run(ThreadPoolExecutor.java:659)
	at org.apache.tomcat.util.threads.TaskThread$WrappingRunnable.run(TaskThread.java:61)
	at java.base/java.lang.Thread.run(Thread.java:842)
Caused by: io.lettuce.core.RedisConnectionException: Unable to connect to 47.236.36.111/<unresolved>:6379
	at io.lettuce.core.RedisConnectionException.create(RedisConnectionException.java:78)
	at io.lettuce.core.RedisConnectionException.create(RedisConnectionException.java:56)
	at io.lettuce.core.AbstractRedisClient.getConnection(AbstractRedisClient.java:350)
	at io.lettuce.core.RedisClient.connect(RedisClient.java:216)
	at org.springframework.data.redis.connection.lettuce.StandaloneConnectionProvider.lambda$getConnection$1(StandaloneConnectionProvider.java:111)
	at java.base/java.util.Optional.orElseGet(Optional.java:364)
	at org.springframework.data.redis.connection.lettuce.StandaloneConnectionProvider.getConnection(StandaloneConnectionProvider.java:111)
	at org.springframework.data.redis.connection.lettuce.LettuceConnectionFactory$ExceptionTranslatingConnectionProvider.getConnection(LettuceConnectionFactory.java:1531)
	... 94 common frames omitted
Caused by: io.netty.channel.AbstractChannel$AnnotatedConnectException: Connection refused: no further information: /47.236.36.111:6379
Caused by: java.net.ConnectException: Connection refused: no further information
	at java.base/sun.nio.ch.Net.pollConnect(Native Method)
	at java.base/sun.nio.ch.Net.pollConnectNow(Net.java:672)
	at java.base/sun.nio.ch.SocketChannelImpl.finishConnect(SocketChannelImpl.java:946)
	at io.netty.channel.socket.nio.NioSocketChannel.doFinishConnect(NioSocketChannel.java:337)
	at io.netty.channel.nio.AbstractNioChannel$AbstractNioUnsafe.finishConnect(AbstractNioChannel.java:334)
	at io.netty.channel.nio.NioEventLoop.processSelectedKey(NioEventLoop.java:776)
	at io.netty.channel.nio.NioEventLoop.processSelectedKeysOptimized(NioEventLoop.java:724)
	at io.netty.channel.nio.NioEventLoop.processSelectedKeys(NioEventLoop.java:650)
	at io.netty.channel.nio.NioEventLoop.run(NioEventLoop.java:562)
	at io.netty.util.concurrent.SingleThreadEventExecutor$4.run(SingleThreadEventExecutor.java:997)
	at io.netty.util.internal.ThreadExecutorMap$2.run(ThreadExecutorMap.java:74)
	at io.netty.util.concurrent.FastThreadLocalRunnable.run(FastThreadLocalRunnable.java:30)
	at java.base/java.lang.Thread.run(Thread.java:842)
2025-09-19 11:49:54.325 [http-nio-8093-exec-7] INFO  c.z.f.b.context.filter.HeaderUserId2ContextFilter - ===== 删除 ThreadLocal， userId: 100
2025-09-19 11:49:54.350 [http-nio-8093-exec-2] INFO  c.z.f.b.context.filter.HeaderUserId2ContextFilter - ## HeaderUserId2ContextFilter, 用户 ID: 100
2025-09-19 11:49:54.352 [http-nio-8093-exec-2] INFO  c.z.f.b.operationlog.aspect.ApiOperationLogAspect - ====== 请求开始: [评论分页查询], 入参: {"noteId":1862481582414102049,"pageNo":1}, 请求类: CommentController, 请求方法: findCommentPageList =================================== 
2025-09-19 11:49:56.573 [http-nio-8093-exec-8] ERROR c.z.x.comment.biz.exception.GlobalExceptionHandler - /comment/list request error, 
org.springframework.data.redis.RedisConnectionFailureException: Unable to connect to Redis
	at org.springframework.data.redis.connection.lettuce.LettuceConnectionFactory$ExceptionTranslatingConnectionProvider.translateException(LettuceConnectionFactory.java:1602)
	at org.springframework.data.redis.connection.lettuce.LettuceConnectionFactory$ExceptionTranslatingConnectionProvider.getConnection(LettuceConnectionFactory.java:1533)
	at org.springframework.data.redis.connection.lettuce.LettuceConnectionFactory$SharedConnection.getNativeConnection(LettuceConnectionFactory.java:1358)
	at org.springframework.data.redis.connection.lettuce.LettuceConnectionFactory$SharedConnection.getConnection(LettuceConnectionFactory.java:1341)
	at org.springframework.data.redis.connection.lettuce.LettuceConnectionFactory.getSharedConnection(LettuceConnectionFactory.java:1059)
	at org.springframework.data.redis.connection.lettuce.LettuceConnectionFactory.getConnection(LettuceConnectionFactory.java:398)
	at org.springframework.data.redis.core.RedisConnectionUtils.fetchConnection(RedisConnectionUtils.java:193)
	at org.springframework.data.redis.core.RedisConnectionUtils.doGetConnection(RedisConnectionUtils.java:144)
	at org.springframework.data.redis.core.RedisConnectionUtils.getConnection(RedisConnectionUtils.java:105)
	at org.springframework.data.redis.core.RedisTemplate.execute(RedisTemplate.java:393)
	at org.springframework.data.redis.core.RedisTemplate.execute(RedisTemplate.java:373)
	at org.springframework.data.redis.core.AbstractOperations.execute(AbstractOperations.java:97)
	at org.springframework.data.redis.core.DefaultHashOperations.get(DefaultHashOperations.java:51)
	at com.zry.xiaohongshu.comment.biz.service.impl.CommentServiceImpl.findCommentPageList(CommentServiceImpl.java:129)
	at com.zry.xiaohongshu.comment.biz.controller.CommentController.findCommentPageList(CommentController.java:31)
	at java.base/jdk.internal.reflect.NativeMethodAccessorImpl.invoke0(Native Method)
	at java.base/jdk.internal.reflect.NativeMethodAccessorImpl.invoke(NativeMethodAccessorImpl.java:77)
	at java.base/jdk.internal.reflect.DelegatingMethodAccessorImpl.invoke(DelegatingMethodAccessorImpl.java:43)
	at java.base/java.lang.reflect.Method.invoke(Method.java:568)
	at org.springframework.aop.support.AopUtils.invokeJoinpointUsingReflection(AopUtils.java:343)
	at org.springframework.aop.framework.ReflectiveMethodInvocation.invokeJoinpoint(ReflectiveMethodInvocation.java:196)
	at org.springframework.aop.framework.ReflectiveMethodInvocation.proceed(ReflectiveMethodInvocation.java:163)
	at org.springframework.aop.framework.CglibAopProxy$CglibMethodInvocation.proceed(CglibAopProxy.java:752)
	at org.springframework.aop.aspectj.MethodInvocationProceedingJoinPoint.proceed(MethodInvocationProceedingJoinPoint.java:89)
	at com.zry.framework.biz.operationlog.aspect.ApiOperationLogAspect.doAround(ApiOperationLogAspect.java:50)
	at java.base/jdk.internal.reflect.NativeMethodAccessorImpl.invoke0(Native Method)
	at java.base/jdk.internal.reflect.NativeMethodAccessorImpl.invoke(NativeMethodAccessorImpl.java:77)
	at java.base/jdk.internal.reflect.DelegatingMethodAccessorImpl.invoke(DelegatingMethodAccessorImpl.java:43)
	at java.base/java.lang.reflect.Method.invoke(Method.java:568)
	at org.springframework.aop.aspectj.AbstractAspectJAdvice.invokeAdviceMethodWithGivenArgs(AbstractAspectJAdvice.java:633)
	at org.springframework.aop.aspectj.AbstractAspectJAdvice.invokeAdviceMethod(AbstractAspectJAdvice.java:623)
	at org.springframework.aop.aspectj.AspectJAroundAdvice.invoke(AspectJAroundAdvice.java:71)
	at org.springframework.aop.framework.ReflectiveMethodInvocation.proceed(ReflectiveMethodInvocation.java:173)
	at org.springframework.aop.framework.CglibAopProxy$CglibMethodInvocation.proceed(CglibAopProxy.java:752)
	at org.springframework.aop.interceptor.ExposeInvocationInterceptor.invoke(ExposeInvocationInterceptor.java:97)
	at org.springframework.aop.framework.ReflectiveMethodInvocation.proceed(ReflectiveMethodInvocation.java:184)
	at org.springframework.aop.framework.CglibAopProxy$CglibMethodInvocation.proceed(CglibAopProxy.java:752)
	at org.springframework.aop.framework.CglibAopProxy$DynamicAdvisedInterceptor.intercept(CglibAopProxy.java:703)
	at com.zry.xiaohongshu.comment.biz.controller.CommentController$$SpringCGLIB$$0.findCommentPageList(<generated>)
	at java.base/jdk.internal.reflect.NativeMethodAccessorImpl.invoke0(Native Method)
	at java.base/jdk.internal.reflect.NativeMethodAccessorImpl.invoke(NativeMethodAccessorImpl.java:77)
	at java.base/jdk.internal.reflect.DelegatingMethodAccessorImpl.invoke(DelegatingMethodAccessorImpl.java:43)
	at java.base/java.lang.reflect.Method.invoke(Method.java:568)
	at org.springframework.web.method.support.InvocableHandlerMethod.doInvoke(InvocableHandlerMethod.java:207)
	at org.springframework.web.method.support.InvocableHandlerMethod.invokeForRequest(InvocableHandlerMethod.java:152)
	at org.springframework.web.servlet.mvc.method.annotation.ServletInvocableHandlerMethod.invokeAndHandle(ServletInvocableHandlerMethod.java:117)
	at org.springframework.web.servlet.mvc.method.annotation.RequestMappingHandlerAdapter.invokeHandlerMethod(RequestMappingHandlerAdapter.java:884)
	at org.springframework.web.servlet.mvc.method.annotation.RequestMappingHandlerAdapter.handleInternal(RequestMappingHandlerAdapter.java:797)
	at org.springframework.web.servlet.mvc.method.AbstractHandlerMethodAdapter.handle(AbstractHandlerMethodAdapter.java:87)
	at org.springframework.web.servlet.DispatcherServlet.doDispatch(DispatcherServlet.java:1080)
	at org.springframework.web.servlet.DispatcherServlet.doService(DispatcherServlet.java:973)
	at org.springframework.web.servlet.FrameworkServlet.processRequest(FrameworkServlet.java:1011)
	at org.springframework.web.servlet.FrameworkServlet.doPost(FrameworkServlet.java:914)
	at jakarta.servlet.http.HttpServlet.service(HttpServlet.java:547)
	at org.springframework.web.servlet.FrameworkServlet.service(FrameworkServlet.java:885)
	at jakarta.servlet.http.HttpServlet.service(HttpServlet.java:614)
	at org.apache.catalina.core.ApplicationFilterChain.internalDoFilter(ApplicationFilterChain.java:223)
	at org.apache.catalina.core.ApplicationFilterChain.doFilter(ApplicationFilterChain.java:158)
	at org.apache.tomcat.websocket.server.WsFilter.doFilter(WsFilter.java:53)
	at org.apache.catalina.core.ApplicationFilterChain.internalDoFilter(ApplicationFilterChain.java:185)
	at org.apache.catalina.core.ApplicationFilterChain.doFilter(ApplicationFilterChain.java:158)
	at com.zry.framework.biz.context.filter.HeaderUserId2ContextFilter.doFilterInternal(HeaderUserId2ContextFilter.java:33)
	at org.springframework.web.filter.OncePerRequestFilter.doFilter(OncePerRequestFilter.java:116)
	at org.apache.catalina.core.ApplicationFilterChain.internalDoFilter(ApplicationFilterChain.java:185)
	at org.apache.catalina.core.ApplicationFilterChain.doFilter(ApplicationFilterChain.java:158)
	at com.alibaba.druid.support.jakarta.WebStatFilter.doFilter(WebStatFilter.java:113)
	at org.apache.catalina.core.ApplicationFilterChain.internalDoFilter(ApplicationFilterChain.java:185)
	at org.apache.catalina.core.ApplicationFilterChain.doFilter(ApplicationFilterChain.java:158)
	at org.springframework.web.filter.RequestContextFilter.doFilterInternal(RequestContextFilter.java:100)
	at org.springframework.web.filter.OncePerRequestFilter.doFilter(OncePerRequestFilter.java:116)
	at org.apache.catalina.core.ApplicationFilterChain.internalDoFilter(ApplicationFilterChain.java:185)
	at org.apache.catalina.core.ApplicationFilterChain.doFilter(ApplicationFilterChain.java:158)
	at org.springframework.web.filter.FormContentFilter.doFilterInternal(FormContentFilter.java:93)
	at org.springframework.web.filter.OncePerRequestFilter.doFilter(OncePerRequestFilter.java:116)
	at org.apache.catalina.core.ApplicationFilterChain.internalDoFilter(ApplicationFilterChain.java:185)
	at org.apache.catalina.core.ApplicationFilterChain.doFilter(ApplicationFilterChain.java:158)
	at org.springframework.web.filter.CharacterEncodingFilter.doFilterInternal(CharacterEncodingFilter.java:201)
	at org.springframework.web.filter.OncePerRequestFilter.doFilter(OncePerRequestFilter.java:116)
	at org.apache.catalina.core.ApplicationFilterChain.internalDoFilter(ApplicationFilterChain.java:185)
	at org.apache.catalina.core.ApplicationFilterChain.doFilter(ApplicationFilterChain.java:158)
	at org.apache.catalina.core.StandardWrapperValve.invoke(StandardWrapperValve.java:177)
	at org.apache.catalina.core.StandardContextValve.invoke(StandardContextValve.java:97)
	at org.apache.catalina.authenticator.AuthenticatorBase.invoke(AuthenticatorBase.java:542)
	at org.apache.catalina.core.StandardHostValve.invoke(StandardHostValve.java:119)
	at org.apache.catalina.valves.ErrorReportValve.invoke(ErrorReportValve.java:92)
	at org.apache.catalina.core.StandardEngineValve.invoke(StandardEngineValve.java:78)
	at org.apache.catalina.connector.CoyoteAdapter.service(CoyoteAdapter.java:357)
	at org.apache.coyote.http11.Http11Processor.service(Http11Processor.java:400)
	at org.apache.coyote.AbstractProcessorLight.process(AbstractProcessorLight.java:65)
	at org.apache.coyote.AbstractProtocol$ConnectionHandler.process(AbstractProtocol.java:859)
	at org.apache.tomcat.util.net.NioEndpoint$SocketProcessor.doRun(NioEndpoint.java:1734)
	at org.apache.tomcat.util.net.SocketProcessorBase.run(SocketProcessorBase.java:52)
	at org.apache.tomcat.util.threads.ThreadPoolExecutor.runWorker(ThreadPoolExecutor.java:1191)
	at org.apache.tomcat.util.threads.ThreadPoolExecutor$Worker.run(ThreadPoolExecutor.java:659)
	at org.apache.tomcat.util.threads.TaskThread$WrappingRunnable.run(TaskThread.java:61)
	at java.base/java.lang.Thread.run(Thread.java:842)
Caused by: io.lettuce.core.RedisConnectionException: Unable to connect to 47.236.36.111/<unresolved>:6379
	at io.lettuce.core.RedisConnectionException.create(RedisConnectionException.java:78)
	at io.lettuce.core.RedisConnectionException.create(RedisConnectionException.java:56)
	at io.lettuce.core.AbstractRedisClient.getConnection(AbstractRedisClient.java:350)
	at io.lettuce.core.RedisClient.connect(RedisClient.java:216)
	at org.springframework.data.redis.connection.lettuce.StandaloneConnectionProvider.lambda$getConnection$1(StandaloneConnectionProvider.java:111)
	at java.base/java.util.Optional.orElseGet(Optional.java:364)
	at org.springframework.data.redis.connection.lettuce.StandaloneConnectionProvider.getConnection(StandaloneConnectionProvider.java:111)
	at org.springframework.data.redis.connection.lettuce.LettuceConnectionFactory$ExceptionTranslatingConnectionProvider.getConnection(LettuceConnectionFactory.java:1531)
	... 94 common frames omitted
Caused by: io.netty.channel.AbstractChannel$AnnotatedConnectException: Connection refused: no further information: /47.236.36.111:6379
Caused by: java.net.ConnectException: Connection refused: no further information
	at java.base/sun.nio.ch.Net.pollConnect(Native Method)
	at java.base/sun.nio.ch.Net.pollConnectNow(Net.java:672)
	at java.base/sun.nio.ch.SocketChannelImpl.finishConnect(SocketChannelImpl.java:946)
	at io.netty.channel.socket.nio.NioSocketChannel.doFinishConnect(NioSocketChannel.java:337)
	at io.netty.channel.nio.AbstractNioChannel$AbstractNioUnsafe.finishConnect(AbstractNioChannel.java:334)
	at io.netty.channel.nio.NioEventLoop.processSelectedKey(NioEventLoop.java:776)
	at io.netty.channel.nio.NioEventLoop.processSelectedKeysOptimized(NioEventLoop.java:724)
	at io.netty.channel.nio.NioEventLoop.processSelectedKeys(NioEventLoop.java:650)
	at io.netty.channel.nio.NioEventLoop.run(NioEventLoop.java:562)
	at io.netty.util.concurrent.SingleThreadEventExecutor$4.run(SingleThreadEventExecutor.java:997)
	at io.netty.util.internal.ThreadExecutorMap$2.run(ThreadExecutorMap.java:74)
	at io.netty.util.concurrent.FastThreadLocalRunnable.run(FastThreadLocalRunnable.java:30)
	at java.base/java.lang.Thread.run(Thread.java:842)
2025-09-19 11:49:56.578 [http-nio-8093-exec-8] INFO  c.z.f.b.context.filter.HeaderUserId2ContextFilter - ===== 删除 ThreadLocal， userId: 100
2025-09-19 11:49:58.863 [http-nio-8093-exec-2] ERROR c.z.x.comment.biz.exception.GlobalExceptionHandler - /comment/list request error, 
org.springframework.data.redis.RedisConnectionFailureException: Unable to connect to Redis
	at org.springframework.data.redis.connection.lettuce.LettuceConnectionFactory$ExceptionTranslatingConnectionProvider.translateException(LettuceConnectionFactory.java:1602)
	at org.springframework.data.redis.connection.lettuce.LettuceConnectionFactory$ExceptionTranslatingConnectionProvider.getConnection(LettuceConnectionFactory.java:1533)
	at org.springframework.data.redis.connection.lettuce.LettuceConnectionFactory$SharedConnection.getNativeConnection(LettuceConnectionFactory.java:1358)
	at org.springframework.data.redis.connection.lettuce.LettuceConnectionFactory$SharedConnection.getConnection(LettuceConnectionFactory.java:1341)
	at org.springframework.data.redis.connection.lettuce.LettuceConnectionFactory.getSharedConnection(LettuceConnectionFactory.java:1059)
	at org.springframework.data.redis.connection.lettuce.LettuceConnectionFactory.getConnection(LettuceConnectionFactory.java:398)
	at org.springframework.data.redis.core.RedisConnectionUtils.fetchConnection(RedisConnectionUtils.java:193)
	at org.springframework.data.redis.core.RedisConnectionUtils.doGetConnection(RedisConnectionUtils.java:144)
	at org.springframework.data.redis.core.RedisConnectionUtils.getConnection(RedisConnectionUtils.java:105)
	at org.springframework.data.redis.core.RedisTemplate.execute(RedisTemplate.java:393)
	at org.springframework.data.redis.core.RedisTemplate.execute(RedisTemplate.java:373)
	at org.springframework.data.redis.core.AbstractOperations.execute(AbstractOperations.java:97)
	at org.springframework.data.redis.core.DefaultHashOperations.get(DefaultHashOperations.java:51)
	at com.zry.xiaohongshu.comment.biz.service.impl.CommentServiceImpl.findCommentPageList(CommentServiceImpl.java:129)
	at com.zry.xiaohongshu.comment.biz.controller.CommentController.findCommentPageList(CommentController.java:31)
	at java.base/jdk.internal.reflect.NativeMethodAccessorImpl.invoke0(Native Method)
	at java.base/jdk.internal.reflect.NativeMethodAccessorImpl.invoke(NativeMethodAccessorImpl.java:77)
	at java.base/jdk.internal.reflect.DelegatingMethodAccessorImpl.invoke(DelegatingMethodAccessorImpl.java:43)
	at java.base/java.lang.reflect.Method.invoke(Method.java:568)
	at org.springframework.aop.support.AopUtils.invokeJoinpointUsingReflection(AopUtils.java:343)
	at org.springframework.aop.framework.ReflectiveMethodInvocation.invokeJoinpoint(ReflectiveMethodInvocation.java:196)
	at org.springframework.aop.framework.ReflectiveMethodInvocation.proceed(ReflectiveMethodInvocation.java:163)
	at org.springframework.aop.framework.CglibAopProxy$CglibMethodInvocation.proceed(CglibAopProxy.java:752)
	at org.springframework.aop.aspectj.MethodInvocationProceedingJoinPoint.proceed(MethodInvocationProceedingJoinPoint.java:89)
	at com.zry.framework.biz.operationlog.aspect.ApiOperationLogAspect.doAround(ApiOperationLogAspect.java:50)
	at java.base/jdk.internal.reflect.NativeMethodAccessorImpl.invoke0(Native Method)
	at java.base/jdk.internal.reflect.NativeMethodAccessorImpl.invoke(NativeMethodAccessorImpl.java:77)
	at java.base/jdk.internal.reflect.DelegatingMethodAccessorImpl.invoke(DelegatingMethodAccessorImpl.java:43)
	at java.base/java.lang.reflect.Method.invoke(Method.java:568)
	at org.springframework.aop.aspectj.AbstractAspectJAdvice.invokeAdviceMethodWithGivenArgs(AbstractAspectJAdvice.java:633)
	at org.springframework.aop.aspectj.AbstractAspectJAdvice.invokeAdviceMethod(AbstractAspectJAdvice.java:623)
	at org.springframework.aop.aspectj.AspectJAroundAdvice.invoke(AspectJAroundAdvice.java:71)
	at org.springframework.aop.framework.ReflectiveMethodInvocation.proceed(ReflectiveMethodInvocation.java:173)
	at org.springframework.aop.framework.CglibAopProxy$CglibMethodInvocation.proceed(CglibAopProxy.java:752)
	at org.springframework.aop.interceptor.ExposeInvocationInterceptor.invoke(ExposeInvocationInterceptor.java:97)
	at org.springframework.aop.framework.ReflectiveMethodInvocation.proceed(ReflectiveMethodInvocation.java:184)
	at org.springframework.aop.framework.CglibAopProxy$CglibMethodInvocation.proceed(CglibAopProxy.java:752)
	at org.springframework.aop.framework.CglibAopProxy$DynamicAdvisedInterceptor.intercept(CglibAopProxy.java:703)
	at com.zry.xiaohongshu.comment.biz.controller.CommentController$$SpringCGLIB$$0.findCommentPageList(<generated>)
	at java.base/jdk.internal.reflect.NativeMethodAccessorImpl.invoke0(Native Method)
	at java.base/jdk.internal.reflect.NativeMethodAccessorImpl.invoke(NativeMethodAccessorImpl.java:77)
	at java.base/jdk.internal.reflect.DelegatingMethodAccessorImpl.invoke(DelegatingMethodAccessorImpl.java:43)
	at java.base/java.lang.reflect.Method.invoke(Method.java:568)
	at org.springframework.web.method.support.InvocableHandlerMethod.doInvoke(InvocableHandlerMethod.java:207)
	at org.springframework.web.method.support.InvocableHandlerMethod.invokeForRequest(InvocableHandlerMethod.java:152)
	at org.springframework.web.servlet.mvc.method.annotation.ServletInvocableHandlerMethod.invokeAndHandle(ServletInvocableHandlerMethod.java:117)
	at org.springframework.web.servlet.mvc.method.annotation.RequestMappingHandlerAdapter.invokeHandlerMethod(RequestMappingHandlerAdapter.java:884)
	at org.springframework.web.servlet.mvc.method.annotation.RequestMappingHandlerAdapter.handleInternal(RequestMappingHandlerAdapter.java:797)
	at org.springframework.web.servlet.mvc.method.AbstractHandlerMethodAdapter.handle(AbstractHandlerMethodAdapter.java:87)
	at org.springframework.web.servlet.DispatcherServlet.doDispatch(DispatcherServlet.java:1080)
	at org.springframework.web.servlet.DispatcherServlet.doService(DispatcherServlet.java:973)
	at org.springframework.web.servlet.FrameworkServlet.processRequest(FrameworkServlet.java:1011)
	at org.springframework.web.servlet.FrameworkServlet.doPost(FrameworkServlet.java:914)
	at jakarta.servlet.http.HttpServlet.service(HttpServlet.java:547)
	at org.springframework.web.servlet.FrameworkServlet.service(FrameworkServlet.java:885)
	at jakarta.servlet.http.HttpServlet.service(HttpServlet.java:614)
	at org.apache.catalina.core.ApplicationFilterChain.internalDoFilter(ApplicationFilterChain.java:223)
	at org.apache.catalina.core.ApplicationFilterChain.doFilter(ApplicationFilterChain.java:158)
	at org.apache.tomcat.websocket.server.WsFilter.doFilter(WsFilter.java:53)
	at org.apache.catalina.core.ApplicationFilterChain.internalDoFilter(ApplicationFilterChain.java:185)
	at org.apache.catalina.core.ApplicationFilterChain.doFilter(ApplicationFilterChain.java:158)
	at com.zry.framework.biz.context.filter.HeaderUserId2ContextFilter.doFilterInternal(HeaderUserId2ContextFilter.java:33)
	at org.springframework.web.filter.OncePerRequestFilter.doFilter(OncePerRequestFilter.java:116)
	at org.apache.catalina.core.ApplicationFilterChain.internalDoFilter(ApplicationFilterChain.java:185)
	at org.apache.catalina.core.ApplicationFilterChain.doFilter(ApplicationFilterChain.java:158)
	at com.alibaba.druid.support.jakarta.WebStatFilter.doFilter(WebStatFilter.java:113)
	at org.apache.catalina.core.ApplicationFilterChain.internalDoFilter(ApplicationFilterChain.java:185)
	at org.apache.catalina.core.ApplicationFilterChain.doFilter(ApplicationFilterChain.java:158)
	at org.springframework.web.filter.RequestContextFilter.doFilterInternal(RequestContextFilter.java:100)
	at org.springframework.web.filter.OncePerRequestFilter.doFilter(OncePerRequestFilter.java:116)
	at org.apache.catalina.core.ApplicationFilterChain.internalDoFilter(ApplicationFilterChain.java:185)
	at org.apache.catalina.core.ApplicationFilterChain.doFilter(ApplicationFilterChain.java:158)
	at org.springframework.web.filter.FormContentFilter.doFilterInternal(FormContentFilter.java:93)
	at org.springframework.web.filter.OncePerRequestFilter.doFilter(OncePerRequestFilter.java:116)
	at org.apache.catalina.core.ApplicationFilterChain.internalDoFilter(ApplicationFilterChain.java:185)
	at org.apache.catalina.core.ApplicationFilterChain.doFilter(ApplicationFilterChain.java:158)
	at org.springframework.web.filter.CharacterEncodingFilter.doFilterInternal(CharacterEncodingFilter.java:201)
	at org.springframework.web.filter.OncePerRequestFilter.doFilter(OncePerRequestFilter.java:116)
	at org.apache.catalina.core.ApplicationFilterChain.internalDoFilter(ApplicationFilterChain.java:185)
	at org.apache.catalina.core.ApplicationFilterChain.doFilter(ApplicationFilterChain.java:158)
	at org.apache.catalina.core.StandardWrapperValve.invoke(StandardWrapperValve.java:177)
	at org.apache.catalina.core.StandardContextValve.invoke(StandardContextValve.java:97)
	at org.apache.catalina.authenticator.AuthenticatorBase.invoke(AuthenticatorBase.java:542)
	at org.apache.catalina.core.StandardHostValve.invoke(StandardHostValve.java:119)
	at org.apache.catalina.valves.ErrorReportValve.invoke(ErrorReportValve.java:92)
	at org.apache.catalina.core.StandardEngineValve.invoke(StandardEngineValve.java:78)
	at org.apache.catalina.connector.CoyoteAdapter.service(CoyoteAdapter.java:357)
	at org.apache.coyote.http11.Http11Processor.service(Http11Processor.java:400)
	at org.apache.coyote.AbstractProcessorLight.process(AbstractProcessorLight.java:65)
	at org.apache.coyote.AbstractProtocol$ConnectionHandler.process(AbstractProtocol.java:859)
	at org.apache.tomcat.util.net.NioEndpoint$SocketProcessor.doRun(NioEndpoint.java:1734)
	at org.apache.tomcat.util.net.SocketProcessorBase.run(SocketProcessorBase.java:52)
	at org.apache.tomcat.util.threads.ThreadPoolExecutor.runWorker(ThreadPoolExecutor.java:1191)
	at org.apache.tomcat.util.threads.ThreadPoolExecutor$Worker.run(ThreadPoolExecutor.java:659)
	at org.apache.tomcat.util.threads.TaskThread$WrappingRunnable.run(TaskThread.java:61)
	at java.base/java.lang.Thread.run(Thread.java:842)
Caused by: io.lettuce.core.RedisConnectionException: Unable to connect to 47.236.36.111/<unresolved>:6379
	at io.lettuce.core.RedisConnectionException.create(RedisConnectionException.java:78)
	at io.lettuce.core.RedisConnectionException.create(RedisConnectionException.java:56)
	at io.lettuce.core.AbstractRedisClient.getConnection(AbstractRedisClient.java:350)
	at io.lettuce.core.RedisClient.connect(RedisClient.java:216)
	at org.springframework.data.redis.connection.lettuce.StandaloneConnectionProvider.lambda$getConnection$1(StandaloneConnectionProvider.java:111)
	at java.base/java.util.Optional.orElseGet(Optional.java:364)
	at org.springframework.data.redis.connection.lettuce.StandaloneConnectionProvider.getConnection(StandaloneConnectionProvider.java:111)
	at org.springframework.data.redis.connection.lettuce.LettuceConnectionFactory$ExceptionTranslatingConnectionProvider.getConnection(LettuceConnectionFactory.java:1531)
	... 94 common frames omitted
Caused by: io.netty.channel.AbstractChannel$AnnotatedConnectException: Connection refused: no further information: /47.236.36.111:6379
Caused by: java.net.ConnectException: Connection refused: no further information
	at java.base/sun.nio.ch.Net.pollConnect(Native Method)
	at java.base/sun.nio.ch.Net.pollConnectNow(Net.java:672)
	at java.base/sun.nio.ch.SocketChannelImpl.finishConnect(SocketChannelImpl.java:946)
	at io.netty.channel.socket.nio.NioSocketChannel.doFinishConnect(NioSocketChannel.java:337)
	at io.netty.channel.nio.AbstractNioChannel$AbstractNioUnsafe.finishConnect(AbstractNioChannel.java:334)
	at io.netty.channel.nio.NioEventLoop.processSelectedKey(NioEventLoop.java:776)
	at io.netty.channel.nio.NioEventLoop.processSelectedKeysOptimized(NioEventLoop.java:724)
	at io.netty.channel.nio.NioEventLoop.processSelectedKeys(NioEventLoop.java:650)
	at io.netty.channel.nio.NioEventLoop.run(NioEventLoop.java:562)
	at io.netty.util.concurrent.SingleThreadEventExecutor$4.run(SingleThreadEventExecutor.java:997)
	at io.netty.util.internal.ThreadExecutorMap$2.run(ThreadExecutorMap.java:74)
	at io.netty.util.concurrent.FastThreadLocalRunnable.run(FastThreadLocalRunnable.java:30)
	at java.base/java.lang.Thread.run(Thread.java:842)
2025-09-19 11:49:58.866 [http-nio-8093-exec-2] INFO  c.z.f.b.context.filter.HeaderUserId2ContextFilter - ===== 删除 ThreadLocal， userId: 100
2025-09-19 11:49:59.097 [NettyClientSelector_1] INFO  RocketmqRemoting - closeChannel: close the connection to remote address[10.91.138.46:10911] result: true
2025-09-19 11:50:02.542 [NettyClientSelector_1] INFO  RocketmqRemoting - closeChannel: close the connection to remote address[10.91.138.46:10911] result: true
2025-09-19 11:50:05.395 [NettyClientSelector_1] INFO  RocketmqRemoting - closeChannel: close the connection to remote address[10.91.138.46:10911] result: true
2025-09-19 11:50:08.494 [NettyClientSelector_1] INFO  RocketmqRemoting - closeChannel: close the connection to remote address[10.91.138.46:10911] result: true
2025-09-19 11:50:08.563 [NettyClientSelector_1] INFO  RocketmqRemoting - closeChannel: close the connection to remote address[10.91.138.46:10911] result: true
2025-09-19 11:50:08.973 [NettyClientSelector_1] INFO  RocketmqRemoting - closeChannel: close the connection to remote address[10.91.138.46:10911] result: true
2025-09-19 11:50:11.820 [http-nio-8093-exec-9] INFO  c.z.f.b.context.filter.HeaderUserId2ContextFilter - ## HeaderUserId2ContextFilter, 用户 ID: 100
2025-09-19 11:50:11.822 [http-nio-8093-exec-9] INFO  c.z.f.b.operationlog.aspect.ApiOperationLogAspect - ====== 请求开始: [评论分页查询], 入参: {"noteId":1960629729467826196,"pageNo":1}, 请求类: CommentController, 请求方法: findCommentPageList =================================== 
2025-09-19 11:50:12.079 [NettyClientSelector_1] INFO  RocketmqRemoting - closeChannel: close the connection to remote address[10.91.138.46:10911] result: true
2025-09-19 11:50:14.094 [http-nio-8093-exec-9] ERROR c.z.x.comment.biz.exception.GlobalExceptionHandler - /comment/list request error, 
org.springframework.data.redis.RedisConnectionFailureException: Unable to connect to Redis
	at org.springframework.data.redis.connection.lettuce.LettuceConnectionFactory$ExceptionTranslatingConnectionProvider.translateException(LettuceConnectionFactory.java:1602)
	at org.springframework.data.redis.connection.lettuce.LettuceConnectionFactory$ExceptionTranslatingConnectionProvider.getConnection(LettuceConnectionFactory.java:1533)
	at org.springframework.data.redis.connection.lettuce.LettuceConnectionFactory$SharedConnection.getNativeConnection(LettuceConnectionFactory.java:1358)
	at org.springframework.data.redis.connection.lettuce.LettuceConnectionFactory$SharedConnection.getConnection(LettuceConnectionFactory.java:1341)
	at org.springframework.data.redis.connection.lettuce.LettuceConnectionFactory.getSharedConnection(LettuceConnectionFactory.java:1059)
	at org.springframework.data.redis.connection.lettuce.LettuceConnectionFactory.getConnection(LettuceConnectionFactory.java:398)
	at org.springframework.data.redis.core.RedisConnectionUtils.fetchConnection(RedisConnectionUtils.java:193)
	at org.springframework.data.redis.core.RedisConnectionUtils.doGetConnection(RedisConnectionUtils.java:144)
	at org.springframework.data.redis.core.RedisConnectionUtils.getConnection(RedisConnectionUtils.java:105)
	at org.springframework.data.redis.core.RedisTemplate.execute(RedisTemplate.java:393)
	at org.springframework.data.redis.core.RedisTemplate.execute(RedisTemplate.java:373)
	at org.springframework.data.redis.core.AbstractOperations.execute(AbstractOperations.java:97)
	at org.springframework.data.redis.core.DefaultHashOperations.get(DefaultHashOperations.java:51)
	at com.zry.xiaohongshu.comment.biz.service.impl.CommentServiceImpl.findCommentPageList(CommentServiceImpl.java:129)
	at com.zry.xiaohongshu.comment.biz.controller.CommentController.findCommentPageList(CommentController.java:31)
	at jdk.internal.reflect.GeneratedMethodAccessor17.invoke(Unknown Source)
	at java.base/jdk.internal.reflect.DelegatingMethodAccessorImpl.invoke(DelegatingMethodAccessorImpl.java:43)
	at java.base/java.lang.reflect.Method.invoke(Method.java:568)
	at org.springframework.aop.support.AopUtils.invokeJoinpointUsingReflection(AopUtils.java:343)
	at org.springframework.aop.framework.ReflectiveMethodInvocation.invokeJoinpoint(ReflectiveMethodInvocation.java:196)
	at org.springframework.aop.framework.ReflectiveMethodInvocation.proceed(ReflectiveMethodInvocation.java:163)
	at org.springframework.aop.framework.CglibAopProxy$CglibMethodInvocation.proceed(CglibAopProxy.java:752)
	at org.springframework.aop.aspectj.MethodInvocationProceedingJoinPoint.proceed(MethodInvocationProceedingJoinPoint.java:89)
	at com.zry.framework.biz.operationlog.aspect.ApiOperationLogAspect.doAround(ApiOperationLogAspect.java:50)
	at java.base/jdk.internal.reflect.NativeMethodAccessorImpl.invoke0(Native Method)
	at java.base/jdk.internal.reflect.NativeMethodAccessorImpl.invoke(NativeMethodAccessorImpl.java:77)
	at java.base/jdk.internal.reflect.DelegatingMethodAccessorImpl.invoke(DelegatingMethodAccessorImpl.java:43)
	at java.base/java.lang.reflect.Method.invoke(Method.java:568)
	at org.springframework.aop.aspectj.AbstractAspectJAdvice.invokeAdviceMethodWithGivenArgs(AbstractAspectJAdvice.java:633)
	at org.springframework.aop.aspectj.AbstractAspectJAdvice.invokeAdviceMethod(AbstractAspectJAdvice.java:623)
	at org.springframework.aop.aspectj.AspectJAroundAdvice.invoke(AspectJAroundAdvice.java:71)
	at org.springframework.aop.framework.ReflectiveMethodInvocation.proceed(ReflectiveMethodInvocation.java:173)
	at org.springframework.aop.framework.CglibAopProxy$CglibMethodInvocation.proceed(CglibAopProxy.java:752)
	at org.springframework.aop.interceptor.ExposeInvocationInterceptor.invoke(ExposeInvocationInterceptor.java:97)
	at org.springframework.aop.framework.ReflectiveMethodInvocation.proceed(ReflectiveMethodInvocation.java:184)
	at org.springframework.aop.framework.CglibAopProxy$CglibMethodInvocation.proceed(CglibAopProxy.java:752)
	at org.springframework.aop.framework.CglibAopProxy$DynamicAdvisedInterceptor.intercept(CglibAopProxy.java:703)
	at com.zry.xiaohongshu.comment.biz.controller.CommentController$$SpringCGLIB$$0.findCommentPageList(<generated>)
	at jdk.internal.reflect.GeneratedMethodAccessor17.invoke(Unknown Source)
	at java.base/jdk.internal.reflect.DelegatingMethodAccessorImpl.invoke(DelegatingMethodAccessorImpl.java:43)
	at java.base/java.lang.reflect.Method.invoke(Method.java:568)
	at org.springframework.web.method.support.InvocableHandlerMethod.doInvoke(InvocableHandlerMethod.java:207)
	at org.springframework.web.method.support.InvocableHandlerMethod.invokeForRequest(InvocableHandlerMethod.java:152)
	at org.springframework.web.servlet.mvc.method.annotation.ServletInvocableHandlerMethod.invokeAndHandle(ServletInvocableHandlerMethod.java:117)
	at org.springframework.web.servlet.mvc.method.annotation.RequestMappingHandlerAdapter.invokeHandlerMethod(RequestMappingHandlerAdapter.java:884)
	at org.springframework.web.servlet.mvc.method.annotation.RequestMappingHandlerAdapter.handleInternal(RequestMappingHandlerAdapter.java:797)
	at org.springframework.web.servlet.mvc.method.AbstractHandlerMethodAdapter.handle(AbstractHandlerMethodAdapter.java:87)
	at org.springframework.web.servlet.DispatcherServlet.doDispatch(DispatcherServlet.java:1080)
	at org.springframework.web.servlet.DispatcherServlet.doService(DispatcherServlet.java:973)
	at org.springframework.web.servlet.FrameworkServlet.processRequest(FrameworkServlet.java:1011)
	at org.springframework.web.servlet.FrameworkServlet.doPost(FrameworkServlet.java:914)
	at jakarta.servlet.http.HttpServlet.service(HttpServlet.java:547)
	at org.springframework.web.servlet.FrameworkServlet.service(FrameworkServlet.java:885)
	at jakarta.servlet.http.HttpServlet.service(HttpServlet.java:614)
	at org.apache.catalina.core.ApplicationFilterChain.internalDoFilter(ApplicationFilterChain.java:223)
	at org.apache.catalina.core.ApplicationFilterChain.doFilter(ApplicationFilterChain.java:158)
	at org.apache.tomcat.websocket.server.WsFilter.doFilter(WsFilter.java:53)
	at org.apache.catalina.core.ApplicationFilterChain.internalDoFilter(ApplicationFilterChain.java:185)
	at org.apache.catalina.core.ApplicationFilterChain.doFilter(ApplicationFilterChain.java:158)
	at com.zry.framework.biz.context.filter.HeaderUserId2ContextFilter.doFilterInternal(HeaderUserId2ContextFilter.java:33)
	at org.springframework.web.filter.OncePerRequestFilter.doFilter(OncePerRequestFilter.java:116)
	at org.apache.catalina.core.ApplicationFilterChain.internalDoFilter(ApplicationFilterChain.java:185)
	at org.apache.catalina.core.ApplicationFilterChain.doFilter(ApplicationFilterChain.java:158)
	at com.alibaba.druid.support.jakarta.WebStatFilter.doFilter(WebStatFilter.java:113)
	at org.apache.catalina.core.ApplicationFilterChain.internalDoFilter(ApplicationFilterChain.java:185)
	at org.apache.catalina.core.ApplicationFilterChain.doFilter(ApplicationFilterChain.java:158)
	at org.springframework.web.filter.RequestContextFilter.doFilterInternal(RequestContextFilter.java:100)
	at org.springframework.web.filter.OncePerRequestFilter.doFilter(OncePerRequestFilter.java:116)
	at org.apache.catalina.core.ApplicationFilterChain.internalDoFilter(ApplicationFilterChain.java:185)
	at org.apache.catalina.core.ApplicationFilterChain.doFilter(ApplicationFilterChain.java:158)
	at org.springframework.web.filter.FormContentFilter.doFilterInternal(FormContentFilter.java:93)
	at org.springframework.web.filter.OncePerRequestFilter.doFilter(OncePerRequestFilter.java:116)
	at org.apache.catalina.core.ApplicationFilterChain.internalDoFilter(ApplicationFilterChain.java:185)
	at org.apache.catalina.core.ApplicationFilterChain.doFilter(ApplicationFilterChain.java:158)
	at org.springframework.web.filter.CharacterEncodingFilter.doFilterInternal(CharacterEncodingFilter.java:201)
	at org.springframework.web.filter.OncePerRequestFilter.doFilter(OncePerRequestFilter.java:116)
	at org.apache.catalina.core.ApplicationFilterChain.internalDoFilter(ApplicationFilterChain.java:185)
	at org.apache.catalina.core.ApplicationFilterChain.doFilter(ApplicationFilterChain.java:158)
	at org.apache.catalina.core.StandardWrapperValve.invoke(StandardWrapperValve.java:177)
	at org.apache.catalina.core.StandardContextValve.invoke(StandardContextValve.java:97)
	at org.apache.catalina.authenticator.AuthenticatorBase.invoke(AuthenticatorBase.java:542)
	at org.apache.catalina.core.StandardHostValve.invoke(StandardHostValve.java:119)
	at org.apache.catalina.valves.ErrorReportValve.invoke(ErrorReportValve.java:92)
	at org.apache.catalina.core.StandardEngineValve.invoke(StandardEngineValve.java:78)
	at org.apache.catalina.connector.CoyoteAdapter.service(CoyoteAdapter.java:357)
	at org.apache.coyote.http11.Http11Processor.service(Http11Processor.java:400)
	at org.apache.coyote.AbstractProcessorLight.process(AbstractProcessorLight.java:65)
	at org.apache.coyote.AbstractProtocol$ConnectionHandler.process(AbstractProtocol.java:859)
	at org.apache.tomcat.util.net.NioEndpoint$SocketProcessor.doRun(NioEndpoint.java:1734)
	at org.apache.tomcat.util.net.SocketProcessorBase.run(SocketProcessorBase.java:52)
	at org.apache.tomcat.util.threads.ThreadPoolExecutor.runWorker(ThreadPoolExecutor.java:1191)
	at org.apache.tomcat.util.threads.ThreadPoolExecutor$Worker.run(ThreadPoolExecutor.java:659)
	at org.apache.tomcat.util.threads.TaskThread$WrappingRunnable.run(TaskThread.java:61)
	at java.base/java.lang.Thread.run(Thread.java:842)
Caused by: io.lettuce.core.RedisConnectionException: Unable to connect to 47.236.36.111/<unresolved>:6379
	at io.lettuce.core.RedisConnectionException.create(RedisConnectionException.java:78)
	at io.lettuce.core.RedisConnectionException.create(RedisConnectionException.java:56)
	at io.lettuce.core.AbstractRedisClient.getConnection(AbstractRedisClient.java:350)
	at io.lettuce.core.RedisClient.connect(RedisClient.java:216)
	at org.springframework.data.redis.connection.lettuce.StandaloneConnectionProvider.lambda$getConnection$1(StandaloneConnectionProvider.java:111)
	at java.base/java.util.Optional.orElseGet(Optional.java:364)
	at org.springframework.data.redis.connection.lettuce.StandaloneConnectionProvider.getConnection(StandaloneConnectionProvider.java:111)
	at org.springframework.data.redis.connection.lettuce.LettuceConnectionFactory$ExceptionTranslatingConnectionProvider.getConnection(LettuceConnectionFactory.java:1531)
	... 92 common frames omitted
Caused by: io.netty.channel.AbstractChannel$AnnotatedConnectException: Connection refused: no further information: /47.236.36.111:6379
Caused by: java.net.ConnectException: Connection refused: no further information
	at java.base/sun.nio.ch.Net.pollConnect(Native Method)
	at java.base/sun.nio.ch.Net.pollConnectNow(Net.java:672)
	at java.base/sun.nio.ch.SocketChannelImpl.finishConnect(SocketChannelImpl.java:946)
	at io.netty.channel.socket.nio.NioSocketChannel.doFinishConnect(NioSocketChannel.java:337)
	at io.netty.channel.nio.AbstractNioChannel$AbstractNioUnsafe.finishConnect(AbstractNioChannel.java:334)
	at io.netty.channel.nio.NioEventLoop.processSelectedKey(NioEventLoop.java:776)
	at io.netty.channel.nio.NioEventLoop.processSelectedKeysOptimized(NioEventLoop.java:724)
	at io.netty.channel.nio.NioEventLoop.processSelectedKeys(NioEventLoop.java:650)
	at io.netty.channel.nio.NioEventLoop.run(NioEventLoop.java:562)
	at io.netty.util.concurrent.SingleThreadEventExecutor$4.run(SingleThreadEventExecutor.java:997)
	at io.netty.util.internal.ThreadExecutorMap$2.run(ThreadExecutorMap.java:74)
	at io.netty.util.concurrent.FastThreadLocalRunnable.run(FastThreadLocalRunnable.java:30)
	at java.base/java.lang.Thread.run(Thread.java:842)
2025-09-19 11:50:14.096 [http-nio-8093-exec-9] INFO  c.z.f.b.context.filter.HeaderUserId2ContextFilter - ===== 删除 ThreadLocal， userId: 100
2025-09-19 11:50:15.264 [NettyClientSelector_1] INFO  RocketmqRemoting - closeChannel: close the connection to remote address[10.91.138.46:10911] result: true
2025-09-19 11:50:15.314 [NettyClientSelector_1] INFO  RocketmqRemoting - closeChannel: close the connection to remote address[10.91.138.46:10911] result: true
2025-09-19 11:50:15.855 [http-nio-8093-exec-10] INFO  c.z.f.b.context.filter.HeaderUserId2ContextFilter - ## HeaderUserId2ContextFilter, 用户 ID: null
2025-09-19 11:50:15.864 [http-nio-8093-exec-10] INFO  c.z.f.b.operationlog.aspect.ApiOperationLogAspect - ====== 请求开始: [发布评论], 入参: {"noteId":1960629729467826196,"content":"12","imageUrl":"","replyCommentId":null}, 请求类: CommentController, 请求方法: publishComment =================================== 
2025-09-19 11:50:15.972 [http-nio-8093-exec-10] INFO  com.alibaba.nacos.client.naming - [SUBSCRIBE-SERVICE] service:xiaohongshu-distributed-id-generator, group:DEFAULT_GROUP, clusters: 
2025-09-19 11:50:16.037 [http-nio-8093-exec-10] INFO  com.alibaba.nacos.client.naming - init new ips(0) service: DEFAULT_GROUP@@xiaohongshu-distributed-id-generator -> []
2025-09-19 11:50:16.057 [http-nio-8093-exec-10] INFO  com.alibaba.nacos.client.naming - current ips:(0) service: DEFAULT_GROUP@@xiaohongshu-distributed-id-generator -> []
2025-09-19 11:50:16.082 [http-nio-8093-exec-10] WARN  o.s.cloud.loadbalancer.core.RoundRobinLoadBalancer - No servers available for service: xiaohongshu-distributed-id-generator
2025-09-19 11:50:16.097 [http-nio-8093-exec-10] WARN  o.s.c.o.l.RetryableFeignBlockingLoadBalancerClient - Service instance was not resolved, executing the original request
2025-09-19 11:50:16.164 [NettyClientSelector_1] INFO  RocketmqRemoting - closeChannel: close the connection to remote address[10.91.138.46:10911] result: true
2025-09-19 11:50:16.613 [nacos-grpc-client-executor-47.236.36.111-30] INFO  com.alibaba.nacos.common.remote.client - [73fad9a9-0931-4098-a24b-87f3ff98eaa2] Receive server push request, request = NotifySubscriberRequest, requestId = 1847
2025-09-19 11:50:16.614 [nacos-grpc-client-executor-47.236.36.111-30] INFO  com.alibaba.nacos.common.remote.client - [73fad9a9-0931-4098-a24b-87f3ff98eaa2] Ack server push request, request = NotifySubscriberRequest, requestId = 1847
2025-09-19 11:50:16.681 [http-nio-8093-exec-1] INFO  c.z.f.b.context.filter.HeaderUserId2ContextFilter - ## HeaderUserId2ContextFilter, 用户 ID: 100
2025-09-19 11:50:16.684 [http-nio-8093-exec-1] INFO  c.z.f.b.operationlog.aspect.ApiOperationLogAspect - ====== 请求开始: [发布评论], 入参: {"noteId":1960629729467826196,"content":"12","imageUrl":"","replyCommentId":null}, 请求类: CommentController, 请求方法: publishComment =================================== 
2025-09-19 11:50:16.685 [http-nio-8093-exec-1] INFO  c.z.f.b.c.interceptor.FeignRequestInterceptor - ==> feign请求设置请求头 userId: 100
2025-09-19 11:50:16.691 [http-nio-8093-exec-1] WARN  o.s.cloud.loadbalancer.core.RoundRobinLoadBalancer - No servers available for service: xiaohongshu-distributed-id-generator
2025-09-19 11:50:16.692 [http-nio-8093-exec-1] WARN  o.s.c.o.l.RetryableFeignBlockingLoadBalancerClient - Service instance was not resolved, executing the original request
2025-09-19 11:50:18.388 [http-nio-8093-exec-10] WARN  o.s.cloud.loadbalancer.core.RoundRobinLoadBalancer - No servers available for service: xiaohongshu-distributed-id-generator
2025-09-19 11:50:18.389 [http-nio-8093-exec-10] WARN  o.s.c.o.l.RetryableFeignBlockingLoadBalancerClient - Service instance was not resolved, executing the original request
2025-09-19 11:50:18.389 [http-nio-8093-exec-1] WARN  o.s.cloud.loadbalancer.core.RoundRobinLoadBalancer - No servers available for service: xiaohongshu-distributed-id-generator
2025-09-19 11:50:18.389 [http-nio-8093-exec-1] WARN  o.s.c.o.l.RetryableFeignBlockingLoadBalancerClient - Service instance was not resolved, executing the original request
2025-09-19 11:50:18.399 [http-nio-8093-exec-1] ERROR c.z.x.comment.biz.exception.GlobalExceptionHandler - /comment/publish request error, 
feign.RetryableException: xiaohongshu-distributed-id-generator executing GET http://xiaohongshu-distributed-id-generator/id/segment/get/leaf-segment-comment-id
	at feign.FeignException.errorExecuting(FeignException.java:277)
	at feign.SynchronousMethodHandler.executeAndDecode(SynchronousMethodHandler.java:112)
	at feign.SynchronousMethodHandler.invoke(SynchronousMethodHandler.java:72)
	at feign.ReflectiveFeign$FeignInvocationHandler.invoke(ReflectiveFeign.java:98)
	at jdk.proxy2/jdk.proxy2.$Proxy107.getSegmentId(Unknown Source)
	at com.zry.xiaohongshu.comment.biz.rpc.DistributedIdGeneratorRpcService.generateCommentId(DistributedIdGeneratorRpcService.java:18)
	at com.zry.xiaohongshu.comment.biz.service.impl.CommentServiceImpl.publishComment(CommentServiceImpl.java:104)
	at com.zry.xiaohongshu.comment.biz.controller.CommentController.publishComment(CommentController.java:26)
	at java.base/jdk.internal.reflect.NativeMethodAccessorImpl.invoke0(Native Method)
	at java.base/jdk.internal.reflect.NativeMethodAccessorImpl.invoke(NativeMethodAccessorImpl.java:77)
	at java.base/jdk.internal.reflect.DelegatingMethodAccessorImpl.invoke(DelegatingMethodAccessorImpl.java:43)
	at java.base/java.lang.reflect.Method.invoke(Method.java:568)
	at org.springframework.aop.support.AopUtils.invokeJoinpointUsingReflection(AopUtils.java:343)
	at org.springframework.aop.framework.ReflectiveMethodInvocation.invokeJoinpoint(ReflectiveMethodInvocation.java:196)
	at org.springframework.aop.framework.ReflectiveMethodInvocation.proceed(ReflectiveMethodInvocation.java:163)
	at org.springframework.aop.framework.CglibAopProxy$CglibMethodInvocation.proceed(CglibAopProxy.java:752)
	at org.springframework.aop.aspectj.MethodInvocationProceedingJoinPoint.proceed(MethodInvocationProceedingJoinPoint.java:89)
	at com.zry.framework.biz.operationlog.aspect.ApiOperationLogAspect.doAround(ApiOperationLogAspect.java:50)
	at java.base/jdk.internal.reflect.NativeMethodAccessorImpl.invoke0(Native Method)
	at java.base/jdk.internal.reflect.NativeMethodAccessorImpl.invoke(NativeMethodAccessorImpl.java:77)
	at java.base/jdk.internal.reflect.DelegatingMethodAccessorImpl.invoke(DelegatingMethodAccessorImpl.java:43)
	at java.base/java.lang.reflect.Method.invoke(Method.java:568)
	at org.springframework.aop.aspectj.AbstractAspectJAdvice.invokeAdviceMethodWithGivenArgs(AbstractAspectJAdvice.java:633)
	at org.springframework.aop.aspectj.AbstractAspectJAdvice.invokeAdviceMethod(AbstractAspectJAdvice.java:623)
	at org.springframework.aop.aspectj.AspectJAroundAdvice.invoke(AspectJAroundAdvice.java:71)
	at org.springframework.aop.framework.ReflectiveMethodInvocation.proceed(ReflectiveMethodInvocation.java:173)
	at org.springframework.aop.framework.CglibAopProxy$CglibMethodInvocation.proceed(CglibAopProxy.java:752)
	at org.springframework.aop.interceptor.ExposeInvocationInterceptor.invoke(ExposeInvocationInterceptor.java:97)
	at org.springframework.aop.framework.ReflectiveMethodInvocation.proceed(ReflectiveMethodInvocation.java:184)
	at org.springframework.aop.framework.CglibAopProxy$CglibMethodInvocation.proceed(CglibAopProxy.java:752)
	at org.springframework.aop.framework.CglibAopProxy$DynamicAdvisedInterceptor.intercept(CglibAopProxy.java:703)
	at com.zry.xiaohongshu.comment.biz.controller.CommentController$$SpringCGLIB$$0.publishComment(<generated>)
	at java.base/jdk.internal.reflect.NativeMethodAccessorImpl.invoke0(Native Method)
	at java.base/jdk.internal.reflect.NativeMethodAccessorImpl.invoke(NativeMethodAccessorImpl.java:77)
	at java.base/jdk.internal.reflect.DelegatingMethodAccessorImpl.invoke(DelegatingMethodAccessorImpl.java:43)
	at java.base/java.lang.reflect.Method.invoke(Method.java:568)
	at org.springframework.web.method.support.InvocableHandlerMethod.doInvoke(InvocableHandlerMethod.java:207)
	at org.springframework.web.method.support.InvocableHandlerMethod.invokeForRequest(InvocableHandlerMethod.java:152)
	at org.springframework.web.servlet.mvc.method.annotation.ServletInvocableHandlerMethod.invokeAndHandle(ServletInvocableHandlerMethod.java:117)
	at org.springframework.web.servlet.mvc.method.annotation.RequestMappingHandlerAdapter.invokeHandlerMethod(RequestMappingHandlerAdapter.java:884)
	at org.springframework.web.servlet.mvc.method.annotation.RequestMappingHandlerAdapter.handleInternal(RequestMappingHandlerAdapter.java:797)
	at org.springframework.web.servlet.mvc.method.AbstractHandlerMethodAdapter.handle(AbstractHandlerMethodAdapter.java:87)
	at org.springframework.web.servlet.DispatcherServlet.doDispatch(DispatcherServlet.java:1080)
	at org.springframework.web.servlet.DispatcherServlet.doService(DispatcherServlet.java:973)
	at org.springframework.web.servlet.FrameworkServlet.processRequest(FrameworkServlet.java:1011)
	at org.springframework.web.servlet.FrameworkServlet.doPost(FrameworkServlet.java:914)
	at jakarta.servlet.http.HttpServlet.service(HttpServlet.java:547)
	at org.springframework.web.servlet.FrameworkServlet.service(FrameworkServlet.java:885)
	at jakarta.servlet.http.HttpServlet.service(HttpServlet.java:614)
	at org.apache.catalina.core.ApplicationFilterChain.internalDoFilter(ApplicationFilterChain.java:223)
	at org.apache.catalina.core.ApplicationFilterChain.doFilter(ApplicationFilterChain.java:158)
	at org.apache.tomcat.websocket.server.WsFilter.doFilter(WsFilter.java:53)
	at org.apache.catalina.core.ApplicationFilterChain.internalDoFilter(ApplicationFilterChain.java:185)
	at org.apache.catalina.core.ApplicationFilterChain.doFilter(ApplicationFilterChain.java:158)
	at com.zry.framework.biz.context.filter.HeaderUserId2ContextFilter.doFilterInternal(HeaderUserId2ContextFilter.java:33)
	at org.springframework.web.filter.OncePerRequestFilter.doFilter(OncePerRequestFilter.java:116)
	at org.apache.catalina.core.ApplicationFilterChain.internalDoFilter(ApplicationFilterChain.java:185)
	at org.apache.catalina.core.ApplicationFilterChain.doFilter(ApplicationFilterChain.java:158)
	at com.alibaba.druid.support.jakarta.WebStatFilter.doFilter(WebStatFilter.java:113)
	at org.apache.catalina.core.ApplicationFilterChain.internalDoFilter(ApplicationFilterChain.java:185)
	at org.apache.catalina.core.ApplicationFilterChain.doFilter(ApplicationFilterChain.java:158)
	at org.springframework.web.filter.RequestContextFilter.doFilterInternal(RequestContextFilter.java:100)
	at org.springframework.web.filter.OncePerRequestFilter.doFilter(OncePerRequestFilter.java:116)
	at org.apache.catalina.core.ApplicationFilterChain.internalDoFilter(ApplicationFilterChain.java:185)
	at org.apache.catalina.core.ApplicationFilterChain.doFilter(ApplicationFilterChain.java:158)
	at org.springframework.web.filter.FormContentFilter.doFilterInternal(FormContentFilter.java:93)
	at org.springframework.web.filter.OncePerRequestFilter.doFilter(OncePerRequestFilter.java:116)
	at org.apache.catalina.core.ApplicationFilterChain.internalDoFilter(ApplicationFilterChain.java:185)
	at org.apache.catalina.core.ApplicationFilterChain.doFilter(ApplicationFilterChain.java:158)
	at org.springframework.web.filter.CharacterEncodingFilter.doFilterInternal(CharacterEncodingFilter.java:201)
	at org.springframework.web.filter.OncePerRequestFilter.doFilter(OncePerRequestFilter.java:116)
	at org.apache.catalina.core.ApplicationFilterChain.internalDoFilter(ApplicationFilterChain.java:185)
	at org.apache.catalina.core.ApplicationFilterChain.doFilter(ApplicationFilterChain.java:158)
	at org.apache.catalina.core.StandardWrapperValve.invoke(StandardWrapperValve.java:177)
	at org.apache.catalina.core.StandardContextValve.invoke(StandardContextValve.java:97)
	at org.apache.catalina.authenticator.AuthenticatorBase.invoke(AuthenticatorBase.java:542)
	at org.apache.catalina.core.StandardHostValve.invoke(StandardHostValve.java:119)
	at org.apache.catalina.valves.ErrorReportValve.invoke(ErrorReportValve.java:92)
	at org.apache.catalina.core.StandardEngineValve.invoke(StandardEngineValve.java:78)
	at org.apache.catalina.connector.CoyoteAdapter.service(CoyoteAdapter.java:357)
	at org.apache.coyote.http11.Http11Processor.service(Http11Processor.java:400)
	at org.apache.coyote.AbstractProcessorLight.process(AbstractProcessorLight.java:65)
	at org.apache.coyote.AbstractProtocol$ConnectionHandler.process(AbstractProtocol.java:859)
	at org.apache.tomcat.util.net.NioEndpoint$SocketProcessor.doRun(NioEndpoint.java:1734)
	at org.apache.tomcat.util.net.SocketProcessorBase.run(SocketProcessorBase.java:52)
	at org.apache.tomcat.util.threads.ThreadPoolExecutor.runWorker(ThreadPoolExecutor.java:1191)
	at org.apache.tomcat.util.threads.ThreadPoolExecutor$Worker.run(ThreadPoolExecutor.java:659)
	at org.apache.tomcat.util.threads.TaskThread$WrappingRunnable.run(TaskThread.java:61)
	at java.base/java.lang.Thread.run(Thread.java:842)
Caused by: java.net.UnknownHostException: xiaohongshu-distributed-id-generator
	at java.base/sun.nio.ch.NioSocketImpl.connect(NioSocketImpl.java:572)
	at java.base/java.net.Socket.connect(Socket.java:633)
	at java.base/sun.net.NetworkClient.doConnect(NetworkClient.java:178)
	at java.base/sun.net.www.http.HttpClient.openServer(HttpClient.java:534)
	at java.base/sun.net.www.http.HttpClient.openServer(HttpClient.java:639)
	at java.base/sun.net.www.http.HttpClient.<init>(HttpClient.java:282)
	at java.base/sun.net.www.http.HttpClient.New(HttpClient.java:387)
	at java.base/sun.net.www.http.HttpClient.New(HttpClient.java:409)
	at java.base/sun.net.www.protocol.http.HttpURLConnection.getNewHttpClient(HttpURLConnection.java:1308)
	at java.base/sun.net.www.protocol.http.HttpURLConnection.plainConnect0(HttpURLConnection.java:1241)
	at java.base/sun.net.www.protocol.http.HttpURLConnection.plainConnect(HttpURLConnection.java:1127)
	at java.base/sun.net.www.protocol.http.HttpURLConnection.connect(HttpURLConnection.java:1056)
	at java.base/sun.net.www.protocol.http.HttpURLConnection.getInputStream0(HttpURLConnection.java:1686)
	at java.base/sun.net.www.protocol.http.HttpURLConnection.getInputStream(HttpURLConnection.java:1610)
	at java.base/java.net.HttpURLConnection.getResponseCode(HttpURLConnection.java:529)
	at feign.Client$Default.convertResponse(Client.java:110)
	at feign.Client$Default.execute(Client.java:106)
	at org.springframework.cloud.openfeign.loadbalancer.LoadBalancerUtils.executeWithLoadBalancerLifecycleProcessing(LoadBalancerUtils.java:56)
	at org.springframework.cloud.openfeign.loadbalancer.RetryableFeignBlockingLoadBalancerClient.lambda$execute$2(RetryableFeignBlockingLoadBalancerClient.java:188)
	at org.springframework.retry.support.RetryTemplate.doExecute(RetryTemplate.java:329)
	at org.springframework.retry.support.RetryTemplate.execute(RetryTemplate.java:225)
	at org.springframework.cloud.openfeign.loadbalancer.RetryableFeignBlockingLoadBalancerClient.execute(RetryableFeignBlockingLoadBalancerClient.java:135)
	at feign.SynchronousMethodHandler.executeAndDecode(SynchronousMethodHandler.java:102)
	... 87 common frames omitted
2025-09-19 11:50:18.399 [http-nio-8093-exec-10] ERROR c.z.x.comment.biz.exception.GlobalExceptionHandler - /comment/publish request error, 
feign.RetryableException: xiaohongshu-distributed-id-generator executing GET http://xiaohongshu-distributed-id-generator/id/segment/get/leaf-segment-comment-id
	at feign.FeignException.errorExecuting(FeignException.java:277)
	at feign.SynchronousMethodHandler.executeAndDecode(SynchronousMethodHandler.java:112)
	at feign.SynchronousMethodHandler.invoke(SynchronousMethodHandler.java:72)
	at feign.ReflectiveFeign$FeignInvocationHandler.invoke(ReflectiveFeign.java:98)
	at jdk.proxy2/jdk.proxy2.$Proxy107.getSegmentId(Unknown Source)
	at com.zry.xiaohongshu.comment.biz.rpc.DistributedIdGeneratorRpcService.generateCommentId(DistributedIdGeneratorRpcService.java:18)
	at com.zry.xiaohongshu.comment.biz.service.impl.CommentServiceImpl.publishComment(CommentServiceImpl.java:104)
	at com.zry.xiaohongshu.comment.biz.controller.CommentController.publishComment(CommentController.java:26)
	at java.base/jdk.internal.reflect.NativeMethodAccessorImpl.invoke0(Native Method)
	at java.base/jdk.internal.reflect.NativeMethodAccessorImpl.invoke(NativeMethodAccessorImpl.java:77)
	at java.base/jdk.internal.reflect.DelegatingMethodAccessorImpl.invoke(DelegatingMethodAccessorImpl.java:43)
	at java.base/java.lang.reflect.Method.invoke(Method.java:568)
	at org.springframework.aop.support.AopUtils.invokeJoinpointUsingReflection(AopUtils.java:343)
	at org.springframework.aop.framework.ReflectiveMethodInvocation.invokeJoinpoint(ReflectiveMethodInvocation.java:196)
	at org.springframework.aop.framework.ReflectiveMethodInvocation.proceed(ReflectiveMethodInvocation.java:163)
	at org.springframework.aop.framework.CglibAopProxy$CglibMethodInvocation.proceed(CglibAopProxy.java:752)
	at org.springframework.aop.aspectj.MethodInvocationProceedingJoinPoint.proceed(MethodInvocationProceedingJoinPoint.java:89)
	at com.zry.framework.biz.operationlog.aspect.ApiOperationLogAspect.doAround(ApiOperationLogAspect.java:50)
	at java.base/jdk.internal.reflect.NativeMethodAccessorImpl.invoke0(Native Method)
	at java.base/jdk.internal.reflect.NativeMethodAccessorImpl.invoke(NativeMethodAccessorImpl.java:77)
	at java.base/jdk.internal.reflect.DelegatingMethodAccessorImpl.invoke(DelegatingMethodAccessorImpl.java:43)
	at java.base/java.lang.reflect.Method.invoke(Method.java:568)
	at org.springframework.aop.aspectj.AbstractAspectJAdvice.invokeAdviceMethodWithGivenArgs(AbstractAspectJAdvice.java:633)
	at org.springframework.aop.aspectj.AbstractAspectJAdvice.invokeAdviceMethod(AbstractAspectJAdvice.java:623)
	at org.springframework.aop.aspectj.AspectJAroundAdvice.invoke(AspectJAroundAdvice.java:71)
	at org.springframework.aop.framework.ReflectiveMethodInvocation.proceed(ReflectiveMethodInvocation.java:173)
	at org.springframework.aop.framework.CglibAopProxy$CglibMethodInvocation.proceed(CglibAopProxy.java:752)
	at org.springframework.aop.interceptor.ExposeInvocationInterceptor.invoke(ExposeInvocationInterceptor.java:97)
	at org.springframework.aop.framework.ReflectiveMethodInvocation.proceed(ReflectiveMethodInvocation.java:184)
	at org.springframework.aop.framework.CglibAopProxy$CglibMethodInvocation.proceed(CglibAopProxy.java:752)
	at org.springframework.aop.framework.CglibAopProxy$DynamicAdvisedInterceptor.intercept(CglibAopProxy.java:703)
	at com.zry.xiaohongshu.comment.biz.controller.CommentController$$SpringCGLIB$$0.publishComment(<generated>)
	at java.base/jdk.internal.reflect.NativeMethodAccessorImpl.invoke0(Native Method)
	at java.base/jdk.internal.reflect.NativeMethodAccessorImpl.invoke(NativeMethodAccessorImpl.java:77)
	at java.base/jdk.internal.reflect.DelegatingMethodAccessorImpl.invoke(DelegatingMethodAccessorImpl.java:43)
	at java.base/java.lang.reflect.Method.invoke(Method.java:568)
	at org.springframework.web.method.support.InvocableHandlerMethod.doInvoke(InvocableHandlerMethod.java:207)
	at org.springframework.web.method.support.InvocableHandlerMethod.invokeForRequest(InvocableHandlerMethod.java:152)
	at org.springframework.web.servlet.mvc.method.annotation.ServletInvocableHandlerMethod.invokeAndHandle(ServletInvocableHandlerMethod.java:117)
	at org.springframework.web.servlet.mvc.method.annotation.RequestMappingHandlerAdapter.invokeHandlerMethod(RequestMappingHandlerAdapter.java:884)
	at org.springframework.web.servlet.mvc.method.annotation.RequestMappingHandlerAdapter.handleInternal(RequestMappingHandlerAdapter.java:797)
	at org.springframework.web.servlet.mvc.method.AbstractHandlerMethodAdapter.handle(AbstractHandlerMethodAdapter.java:87)
	at org.springframework.web.servlet.DispatcherServlet.doDispatch(DispatcherServlet.java:1080)
	at org.springframework.web.servlet.DispatcherServlet.doService(DispatcherServlet.java:973)
	at org.springframework.web.servlet.FrameworkServlet.processRequest(FrameworkServlet.java:1011)
	at org.springframework.web.servlet.FrameworkServlet.doPost(FrameworkServlet.java:914)
	at jakarta.servlet.http.HttpServlet.service(HttpServlet.java:547)
	at org.springframework.web.servlet.FrameworkServlet.service(FrameworkServlet.java:885)
	at jakarta.servlet.http.HttpServlet.service(HttpServlet.java:614)
	at org.apache.catalina.core.ApplicationFilterChain.internalDoFilter(ApplicationFilterChain.java:223)
	at org.apache.catalina.core.ApplicationFilterChain.doFilter(ApplicationFilterChain.java:158)
	at org.apache.tomcat.websocket.server.WsFilter.doFilter(WsFilter.java:53)
	at org.apache.catalina.core.ApplicationFilterChain.internalDoFilter(ApplicationFilterChain.java:185)
	at org.apache.catalina.core.ApplicationFilterChain.doFilter(ApplicationFilterChain.java:158)
	at com.zry.framework.biz.context.filter.HeaderUserId2ContextFilter.doFilterInternal(HeaderUserId2ContextFilter.java:28)
	at org.springframework.web.filter.OncePerRequestFilter.doFilter(OncePerRequestFilter.java:116)
	at org.apache.catalina.core.ApplicationFilterChain.internalDoFilter(ApplicationFilterChain.java:185)
	at org.apache.catalina.core.ApplicationFilterChain.doFilter(ApplicationFilterChain.java:158)
	at com.alibaba.druid.support.jakarta.WebStatFilter.doFilter(WebStatFilter.java:113)
	at org.apache.catalina.core.ApplicationFilterChain.internalDoFilter(ApplicationFilterChain.java:185)
	at org.apache.catalina.core.ApplicationFilterChain.doFilter(ApplicationFilterChain.java:158)
	at org.springframework.web.filter.RequestContextFilter.doFilterInternal(RequestContextFilter.java:100)
	at org.springframework.web.filter.OncePerRequestFilter.doFilter(OncePerRequestFilter.java:116)
	at org.apache.catalina.core.ApplicationFilterChain.internalDoFilter(ApplicationFilterChain.java:185)
	at org.apache.catalina.core.ApplicationFilterChain.doFilter(ApplicationFilterChain.java:158)
	at org.springframework.web.filter.FormContentFilter.doFilterInternal(FormContentFilter.java:93)
	at org.springframework.web.filter.OncePerRequestFilter.doFilter(OncePerRequestFilter.java:116)
	at org.apache.catalina.core.ApplicationFilterChain.internalDoFilter(ApplicationFilterChain.java:185)
	at org.apache.catalina.core.ApplicationFilterChain.doFilter(ApplicationFilterChain.java:158)
	at org.springframework.web.filter.CharacterEncodingFilter.doFilterInternal(CharacterEncodingFilter.java:201)
	at org.springframework.web.filter.OncePerRequestFilter.doFilter(OncePerRequestFilter.java:116)
	at org.apache.catalina.core.ApplicationFilterChain.internalDoFilter(ApplicationFilterChain.java:185)
	at org.apache.catalina.core.ApplicationFilterChain.doFilter(ApplicationFilterChain.java:158)
	at org.apache.catalina.core.StandardWrapperValve.invoke(StandardWrapperValve.java:177)
	at org.apache.catalina.core.StandardContextValve.invoke(StandardContextValve.java:97)
	at org.apache.catalina.authenticator.AuthenticatorBase.invoke(AuthenticatorBase.java:542)
	at org.apache.catalina.core.StandardHostValve.invoke(StandardHostValve.java:119)
	at org.apache.catalina.valves.ErrorReportValve.invoke(ErrorReportValve.java:92)
	at org.apache.catalina.core.StandardEngineValve.invoke(StandardEngineValve.java:78)
	at org.apache.catalina.connector.CoyoteAdapter.service(CoyoteAdapter.java:357)
	at org.apache.coyote.http11.Http11Processor.service(Http11Processor.java:400)
	at org.apache.coyote.AbstractProcessorLight.process(AbstractProcessorLight.java:65)
	at org.apache.coyote.AbstractProtocol$ConnectionHandler.process(AbstractProtocol.java:859)
	at org.apache.tomcat.util.net.NioEndpoint$SocketProcessor.doRun(NioEndpoint.java:1734)
	at org.apache.tomcat.util.net.SocketProcessorBase.run(SocketProcessorBase.java:52)
	at org.apache.tomcat.util.threads.ThreadPoolExecutor.runWorker(ThreadPoolExecutor.java:1191)
	at org.apache.tomcat.util.threads.ThreadPoolExecutor$Worker.run(ThreadPoolExecutor.java:659)
	at org.apache.tomcat.util.threads.TaskThread$WrappingRunnable.run(TaskThread.java:61)
	at java.base/java.lang.Thread.run(Thread.java:842)
Caused by: java.net.UnknownHostException: xiaohongshu-distributed-id-generator
	at java.base/sun.nio.ch.NioSocketImpl.connect(NioSocketImpl.java:572)
	at java.base/java.net.Socket.connect(Socket.java:633)
	at java.base/sun.net.NetworkClient.doConnect(NetworkClient.java:178)
	at java.base/sun.net.www.http.HttpClient.openServer(HttpClient.java:534)
	at java.base/sun.net.www.http.HttpClient.openServer(HttpClient.java:639)
	at java.base/sun.net.www.http.HttpClient.<init>(HttpClient.java:282)
	at java.base/sun.net.www.http.HttpClient.New(HttpClient.java:387)
	at java.base/sun.net.www.http.HttpClient.New(HttpClient.java:409)
	at java.base/sun.net.www.protocol.http.HttpURLConnection.getNewHttpClient(HttpURLConnection.java:1308)
	at java.base/sun.net.www.protocol.http.HttpURLConnection.plainConnect0(HttpURLConnection.java:1241)
	at java.base/sun.net.www.protocol.http.HttpURLConnection.plainConnect(HttpURLConnection.java:1127)
	at java.base/sun.net.www.protocol.http.HttpURLConnection.connect(HttpURLConnection.java:1056)
	at java.base/sun.net.www.protocol.http.HttpURLConnection.getInputStream0(HttpURLConnection.java:1686)
	at java.base/sun.net.www.protocol.http.HttpURLConnection.getInputStream(HttpURLConnection.java:1610)
	at java.base/java.net.HttpURLConnection.getResponseCode(HttpURLConnection.java:529)
	at feign.Client$Default.convertResponse(Client.java:110)
	at feign.Client$Default.execute(Client.java:106)
	at org.springframework.cloud.openfeign.loadbalancer.LoadBalancerUtils.executeWithLoadBalancerLifecycleProcessing(LoadBalancerUtils.java:56)
	at org.springframework.cloud.openfeign.loadbalancer.RetryableFeignBlockingLoadBalancerClient.lambda$execute$2(RetryableFeignBlockingLoadBalancerClient.java:188)
	at org.springframework.retry.support.RetryTemplate.doExecute(RetryTemplate.java:329)
	at org.springframework.retry.support.RetryTemplate.execute(RetryTemplate.java:225)
	at org.springframework.cloud.openfeign.loadbalancer.RetryableFeignBlockingLoadBalancerClient.execute(RetryableFeignBlockingLoadBalancerClient.java:135)
	at feign.SynchronousMethodHandler.executeAndDecode(SynchronousMethodHandler.java:102)
	... 87 common frames omitted
2025-09-19 11:50:18.401 [http-nio-8093-exec-1] INFO  c.z.f.b.context.filter.HeaderUserId2ContextFilter - ===== 删除 ThreadLocal， userId: 100
2025-09-19 11:50:18.419 [NettyClientSelector_1] INFO  RocketmqRemoting - closeChannel: close the connection to remote address[10.91.138.46:10911] result: true
2025-09-19 11:50:21.497 [NettyClientSelector_1] INFO  RocketmqRemoting - closeChannel: close the connection to remote address[10.91.138.46:10911] result: true
2025-09-19 11:50:23.674 [Thread-16] WARN  com.alibaba.nacos.common.notify.NotifyCenter - [NotifyCenter] Start destroying Publisher
2025-09-19 11:50:23.674 [Thread-16] WARN  com.alibaba.nacos.common.notify.NotifyCenter - [NotifyCenter] Destruction of the end
2025-09-19 11:50:23.674 [Thread-19] WARN  c.alibaba.nacos.common.http.HttpClientBeanHolder - [HttpClientBeanHolder] Start destroying common HttpClient
2025-09-19 11:50:23.675 [Thread-19] WARN  c.alibaba.nacos.common.http.HttpClientBeanHolder - [HttpClientBeanHolder] Destruction of the end
2025-09-19 11:50:25.122 [NettyClientSelector_1] INFO  RocketmqRemoting - closeChannel: close the connection to remote address[10.91.138.46:10911] result: true
2025-09-19 11:50:25.555 [NettyClientSelector_1] INFO  RocketmqRemoting - closeChannel: close the connection to remote address[10.91.138.46:10911] result: true
2025-09-19 11:50:28.126 [NettyClientSelector_1] INFO  RocketmqRemoting - closeChannel: close the connection to remote address[10.91.138.46:10911] result: true
2025-09-19 11:50:28.126 [NettyClientSelector_1] INFO  RocketmqRemoting - closeChannel: close the connection to remote address[127.0.0.1:9876] result: true
2025-09-19 11:50:28.404 [NettyClientSelector_1] INFO  RocketmqRemoting - closeChannel: close the connection to remote address[10.91.138.46:10911] result: true
2025-09-19 11:50:31.129 [NettyClientSelector_1] INFO  RocketmqRemoting - closeChannel: close the connection to remote address[10.91.138.46:10911] result: true
2025-09-19 11:50:31.130 [NettyClientSelector_1] INFO  RocketmqRemoting - closeChannel: close the connection to remote address[127.0.0.1:9876] result: true
2025-09-19 11:50:31.517 [NettyClientSelector_1] INFO  RocketmqRemoting - closeChannel: close the connection to remote address[10.91.138.46:10911] result: true
2025-09-19 11:50:34.131 [NettyClientSelector_1] INFO  RocketmqRemoting - closeChannel: close the connection to remote address[10.91.138.46:10911] result: true
2025-09-19 11:50:34.233 [NettyClientSelector_1] INFO  RocketmqRemoting - closeChannel: close the connection to remote address[127.0.0.1:9876] result: true
2025-09-19 11:50:37.135 [NettyClientSelector_1] INFO  RocketmqRemoting - closeChannel: close the connection to remote address[10.91.138.46:10911] result: true
2025-09-19 11:50:37.136 [NettyClientSelector_1] INFO  RocketmqRemoting - closeChannel: close the connection to remote address[127.0.0.1:9876] result: true
2025-09-19 11:50:37.186 [SpringApplicationShutdownHook] INFO  c.a.cloud.nacos.registry.NacosServiceRegistry - De-registering from Nacos Server now...
2025-09-19 11:50:37.186 [SpringApplicationShutdownHook] INFO  com.alibaba.nacos.client.naming - [DEREGISTER-SERVICE] xiaohongshu deregistering service xiaohongshu-comment with instance: Instance{instanceId='null', ip='10.95.156.152', port=8093, weight=1.0, healthy=true, enabled=true, ephemeral=true, clusterName='DEFAULT', serviceName='null', metadata={}}
2025-09-19 11:50:37.231 [SpringApplicationShutdownHook] INFO  c.a.cloud.nacos.registry.NacosServiceRegistry - De-registration finished.
2025-09-19 11:50:37.231 [SpringApplicationShutdownHook] INFO  com.alibaba.nacos.client.naming - com.alibaba.nacos.client.naming.cache.ServiceInfoHolder do shutdown begin
2025-09-19 11:50:37.232 [SpringApplicationShutdownHook] INFO  com.alibaba.nacos.client.naming - com.alibaba.nacos.client.naming.backups.FailoverReactor do shutdown begin
2025-09-19 11:50:37.232 [SpringApplicationShutdownHook] INFO  com.alibaba.nacos.client.naming - com.alibaba.nacos.client.naming.backups.FailoverReactor do shutdown stop
2025-09-19 11:50:37.232 [SpringApplicationShutdownHook] INFO  com.alibaba.nacos.client.naming - com.alibaba.nacos.client.naming.cache.ServiceInfoHolder do shutdown stop
2025-09-19 11:50:37.233 [SpringApplicationShutdownHook] INFO  com.alibaba.nacos.client.naming - com.alibaba.nacos.client.naming.remote.NamingClientProxyDelegate do shutdown begin
2025-09-19 11:50:37.233 [SpringApplicationShutdownHook] INFO  com.alibaba.nacos.client.naming - com.alibaba.nacos.client.naming.core.ServiceInfoUpdateService do shutdown begin
2025-09-19 11:50:37.233 [SpringApplicationShutdownHook] INFO  com.alibaba.nacos.client.naming - com.alibaba.nacos.client.naming.core.ServiceInfoUpdateService do shutdown stop
2025-09-19 11:50:37.233 [SpringApplicationShutdownHook] INFO  com.alibaba.nacos.client.naming - com.alibaba.nacos.client.naming.core.ServerListManager do shutdown begin
2025-09-19 11:50:37.233 [SpringApplicationShutdownHook] WARN  com.alibaba.nacos.client.naming - [NamingHttpClientManager] Start destroying NacosRestTemplate
2025-09-19 11:50:37.233 [SpringApplicationShutdownHook] WARN  com.alibaba.nacos.client.naming - [NamingHttpClientManager] Destruction of the end
2025-09-19 11:50:37.233 [SpringApplicationShutdownHook] INFO  com.alibaba.nacos.client.naming - com.alibaba.nacos.client.naming.core.ServerListManager do shutdown stop
2025-09-19 11:50:37.233 [SpringApplicationShutdownHook] INFO  com.alibaba.nacos.client.naming - com.alibaba.nacos.client.naming.remote.http.NamingHttpClientProxy do shutdown begin
2025-09-19 11:50:37.233 [SpringApplicationShutdownHook] WARN  com.alibaba.nacos.client.naming - [NamingHttpClientManager] Start destroying NacosRestTemplate
2025-09-19 11:50:37.233 [SpringApplicationShutdownHook] WARN  com.alibaba.nacos.client.naming - [NamingHttpClientManager] Destruction of the end
2025-09-19 11:50:37.233 [SpringApplicationShutdownHook] INFO  com.alibaba.nacos.client.naming - com.alibaba.nacos.client.naming.remote.http.NamingHttpClientProxy do shutdown stop
2025-09-19 11:50:37.233 [SpringApplicationShutdownHook] INFO  com.alibaba.nacos.common.remote.client - Shutdown rpc client, set status to shutdown
2025-09-19 11:50:37.233 [SpringApplicationShutdownHook] INFO  com.alibaba.nacos.common.remote.client - Shutdown client event executor java.util.concurrent.ScheduledThreadPoolExecutor@30c88213[Running, pool size = 2, active threads = 2, queued tasks = 0, completed tasks = 0]
2025-09-19 11:50:37.234 [SpringApplicationShutdownHook] INFO  com.alibaba.nacos.common.remote.client - Close current connection 1758253733093_112.94.129.56_8436
2025-09-19 11:50:37.241 [SpringApplicationShutdownHook] INFO  c.a.nacos.common.remote.client.grpc.GrpcClient - Shutdown grpc executor java.util.concurrent.ThreadPoolExecutor@2bd3b28b[Running, pool size = 3, active threads = 0, queued tasks = 0, completed tasks = 35]
2025-09-19 11:50:37.241 [SpringApplicationShutdownHook] INFO  com.alibaba.nacos.client.naming - Shutdown grpc redo service executor java.util.concurrent.ScheduledThreadPoolExecutor@79740b49[Running, pool size = 1, active threads = 0, queued tasks = 1, completed tasks = 34]
2025-09-19 11:50:37.241 [SpringApplicationShutdownHook] INFO  c.a.n.client.auth.ram.identify.CredentialWatcher - [null] CredentialWatcher is stopped
2025-09-19 11:50:37.241 [SpringApplicationShutdownHook] INFO  c.a.n.client.auth.ram.identify.CredentialService - [null] CredentialService is freed
2025-09-19 11:50:37.242 [SpringApplicationShutdownHook] INFO  com.alibaba.nacos.client.naming - com.alibaba.nacos.client.naming.remote.NamingClientProxyDelegate do shutdown stop
2025-09-19 11:50:38.556 [NettyClientSelector_1] INFO  RocketmqRemoting - closeChannel: close the connection to remote address[10.91.138.46:10911] result: true
2025-09-19 14:39:15.706 [main] WARN  com.alibaba.nacos.client.logging.NacosLogging - Load Logback Configuration of Nacos fail, message: Could not initialize Logback Nacos logging from classpath:nacos-logback.xml
2025-09-19 14:39:15.776 [main] WARN  com.alibaba.nacos.client.logging.NacosLogging - Load Logback Configuration of Nacos fail, message: Could not initialize Logback Nacos logging from classpath:nacos-logback.xml
2025-09-19 14:39:16.339 [main] WARN  com.alibaba.nacos.client.logging.NacosLogging - Load Logback Configuration of Nacos fail, message: Could not initialize Logback Nacos logging from classpath:nacos-logback.xml
2025-09-19 14:39:16.353 [main] WARN  com.alibaba.nacos.client.logging.NacosLogging - Load Logback Configuration of Nacos fail, message: Could not initialize Logback Nacos logging from classpath:nacos-logback.xml
2025-09-19 14:39:16.354 [main] INFO  c.z.x.comment.biz.XiaohongshuCommentApplication - The following 1 profile is active: "dev"
2025-09-19 14:39:16.373 [main] WARN  o.s.core.annotation.AnnotationTypeMapping - Support for convention-based annotation attribute overrides is deprecated and will be removed in Spring Framework 6.1. Please annotate the following attributes in @org.springframework.retry.annotation.EnableRetry with appropriate @AliasFor declarations: [proxyTargetClass]
2025-09-19 14:39:17.218 [main] INFO  o.s.d.r.config.RepositoryConfigurationDelegate - Multiple Spring Data modules found, entering strict repository configuration mode
2025-09-19 14:39:17.223 [main] INFO  o.s.d.r.config.RepositoryConfigurationDelegate - Bootstrapping Spring Data Redis repositories in DEFAULT mode.
2025-09-19 14:39:17.254 [main] INFO  o.s.d.r.config.RepositoryConfigurationDelegate - Finished Spring Data repository scanning in 15 ms. Found 0 Redis repository interfaces.
2025-09-19 14:39:17.528 [main] INFO  o.springframework.cloud.context.scope.GenericScope - BeanFactory id=f9540961-baa3-31a2-9c49-444c2719e2e1
2025-09-19 14:39:17.587 [main] INFO  o.s.c.s.PostProcessorRegistrationDelegate$BeanPostProcessorChecker - Bean 'com.zry.xiaohongshu.distributed.id.generator.api.DistributedIdGeneratorFeignApi' of type [org.springframework.cloud.openfeign.FeignClientFactoryBean] is not eligible for getting processed by all BeanPostProcessors (for example: not eligible for auto-proxying)
2025-09-19 14:39:17.590 [main] INFO  o.s.c.s.PostProcessorRegistrationDelegate$BeanPostProcessorChecker - Bean 'com.zry.xiaohongshu.kv.api.KeyValueFeignApi' of type [org.springframework.cloud.openfeign.FeignClientFactoryBean] is not eligible for getting processed by all BeanPostProcessors (for example: not eligible for auto-proxying)
2025-09-19 14:39:17.592 [main] INFO  o.s.c.s.PostProcessorRegistrationDelegate$BeanPostProcessorChecker - Bean 'com.zry.xiaohongshu.user.api.UserFeignApi' of type [org.springframework.cloud.openfeign.FeignClientFactoryBean] is not eligible for getting processed by all BeanPostProcessors (for example: not eligible for auto-proxying)
2025-09-19 14:39:17.898 [main] INFO  o.s.c.s.PostProcessorRegistrationDelegate$BeanPostProcessorChecker - Bean 'org.apache.rocketmq.spring.autoconfigure.MessageConverterConfiguration' of type [org.apache.rocketmq.spring.autoconfigure.MessageConverterConfiguration$$SpringCGLIB$$0] is not eligible for getting processed by all BeanPostProcessors (for example: not eligible for auto-proxying)
2025-09-19 14:39:17.973 [main] INFO  o.s.c.s.PostProcessorRegistrationDelegate$BeanPostProcessorChecker - Bean 'createRocketMQMessageConverter' of type [org.apache.rocketmq.spring.support.RocketMQMessageConverter] is not eligible for getting processed by all BeanPostProcessors (for example: not eligible for auto-proxying)
2025-09-19 14:39:17.975 [main] INFO  o.s.c.s.PostProcessorRegistrationDelegate$BeanPostProcessorChecker - Bean 'org.springframework.cloud.commons.config.CommonsConfigAutoConfiguration' of type [org.springframework.cloud.commons.config.CommonsConfigAutoConfiguration] is not eligible for getting processed by all BeanPostProcessors (for example: not eligible for auto-proxying)
2025-09-19 14:39:17.979 [main] INFO  o.s.c.s.PostProcessorRegistrationDelegate$BeanPostProcessorChecker - Bean 'org.springframework.cloud.client.loadbalancer.LoadBalancerDefaultMappingsProviderAutoConfiguration' of type [org.springframework.cloud.client.loadbalancer.LoadBalancerDefaultMappingsProviderAutoConfiguration] is not eligible for getting processed by all BeanPostProcessors (for example: not eligible for auto-proxying)
2025-09-19 14:39:17.980 [main] INFO  o.s.c.s.PostProcessorRegistrationDelegate$BeanPostProcessorChecker - Bean 'loadBalancerClientsDefaultsMappingsProvider' of type [org.springframework.cloud.client.loadbalancer.LoadBalancerDefaultMappingsProviderAutoConfiguration$$Lambda$727/0x000001d6485252f0] is not eligible for getting processed by all BeanPostProcessors (for example: not eligible for auto-proxying)
2025-09-19 14:39:17.982 [main] INFO  o.s.c.s.PostProcessorRegistrationDelegate$BeanPostProcessorChecker - Bean 'defaultsBindHandlerAdvisor' of type [org.springframework.cloud.commons.config.DefaultsBindHandlerAdvisor] is not eligible for getting processed by all BeanPostProcessors (for example: not eligible for auto-proxying)
2025-09-19 14:39:17.988 [main] INFO  o.s.c.s.PostProcessorRegistrationDelegate$BeanPostProcessorChecker - Bean 'rocketmq-org.apache.rocketmq.spring.autoconfigure.RocketMQProperties' of type [org.apache.rocketmq.spring.autoconfigure.RocketMQProperties] is not eligible for getting processed by all BeanPostProcessors (for example: not eligible for auto-proxying)
2025-09-19 14:39:17.989 [main] INFO  o.s.c.s.PostProcessorRegistrationDelegate$BeanPostProcessorChecker - Bean 'org.apache.rocketmq.spring.autoconfigure.ListenerContainerConfiguration' of type [org.apache.rocketmq.spring.autoconfigure.ListenerContainerConfiguration$$SpringCGLIB$$0] is not eligible for getting processed by all BeanPostProcessors (for example: not eligible for auto-proxying)
2025-09-19 14:39:18.285 [main] INFO  o.s.boot.web.embedded.tomcat.TomcatWebServer - Tomcat initialized with port(s): 8093 (http)
2025-09-19 14:39:18.286 [main] INFO  org.apache.catalina.core.AprLifecycleListener - Loaded Apache Tomcat Native library [2.0.3] using APR version [1.7.2].
2025-09-19 14:39:18.291 [main] INFO  org.apache.catalina.core.AprLifecycleListener - OpenSSL successfully initialized [OpenSSL 3.0.8 7 Feb 2023]
2025-09-19 14:39:18.304 [main] INFO  org.apache.catalina.core.StandardService - Starting service [Tomcat]
2025-09-19 14:39:18.304 [main] INFO  org.apache.catalina.core.StandardEngine - Starting Servlet engine: [Apache Tomcat/10.1.5]
2025-09-19 14:39:18.420 [main] INFO  o.a.c.core.ContainerBase.[Tomcat].[localhost].[/] - Initializing Spring embedded WebApplicationContext
2025-09-19 14:39:18.421 [main] INFO  o.s.b.w.s.c.ServletWebServerApplicationContext - Root WebApplicationContext: initialization completed in 2044 ms
2025-09-19 14:39:18.556 [main] INFO  c.a.d.s.b.a.DruidDataSourceAutoConfigure - Init DruidDataSource
2025-09-19 14:39:18.941 [main] INFO  com.alibaba.druid.pool.DruidDataSource - {dataSource-1} inited
2025-09-19 14:39:19.347 [main] INFO  o.s.cloud.openfeign.FeignClientFactoryBean - For 'xiaohongshu-kv' URL not provided. Will try picking an instance via load-balancing.
2025-09-19 14:39:19.447 [main] INFO  o.a.r.s.autoconfigure.RocketMQAutoConfiguration - a producer (xiaohongshu_group) init on namesrv 127.0.0.1:9876
2025-09-19 14:39:20.590 [main] INFO  o.a.r.s.support.DefaultRocketMQListenerContainer - running container: DefaultRocketMQListenerContainer{consumerGroup='xiaohongshu_group_CommentHeatUpdateTopic', namespace='', nameServer='127.0.0.1:9876', topic='CommentHeatUpdateTopic', consumeMode=CONCURRENTLY, selectorType=TAG, selectorExpression='*', messageModel=CLUSTERING', tlsEnable=false, instanceName=DEFAULT}
2025-09-19 14:39:20.591 [main] INFO  o.a.r.s.a.ListenerContainerConfiguration - Register the listener to container, listenerBeanName:commentHeatUpdateConsumer, containerBeanName:org.apache.rocketmq.spring.support.DefaultRocketMQListenerContainer_1
2025-09-19 14:39:20.689 [main] INFO  o.a.r.s.support.DefaultRocketMQListenerContainer - running container: DefaultRocketMQListenerContainer{consumerGroup='xiaohongshu_group_DeleteCommentTopic', namespace='', nameServer='127.0.0.1:9876', topic='DeleteCommentTopic', consumeMode=CONCURRENTLY, selectorType=TAG, selectorExpression='*', messageModel=CLUSTERING', tlsEnable=false, instanceName=DEFAULT}
2025-09-19 14:39:20.689 [main] INFO  o.a.r.s.a.ListenerContainerConfiguration - Register the listener to container, listenerBeanName:deleteCommentConsumer, containerBeanName:org.apache.rocketmq.spring.support.DefaultRocketMQListenerContainer_2
2025-09-19 14:39:20.779 [main] INFO  o.s.cloud.openfeign.FeignClientFactoryBean - For 'xiaohongshu-distributed-id-generator' URL not provided. Will try picking an instance via load-balancing.
2025-09-19 14:39:20.806 [main] INFO  o.s.cloud.openfeign.FeignClientFactoryBean - For 'xiaohongshu-user' URL not provided. Will try picking an instance via load-balancing.
2025-09-19 14:39:20.886 [main] INFO  o.a.r.s.support.DefaultRocketMQListenerContainer - running container: DefaultRocketMQListenerContainer{consumerGroup='xiaohongshu_group_DeleteCommentTopic', namespace='', nameServer='127.0.0.1:9876', topic='DeleteCommentDetailLocalCacheTopic', consumeMode=CONCURRENTLY, selectorType=TAG, selectorExpression='*', messageModel=BROADCASTING', tlsEnable=false, instanceName=DEFAULT}
2025-09-19 14:39:20.886 [main] INFO  o.a.r.s.a.ListenerContainerConfiguration - Register the listener to container, listenerBeanName:deleteCommentLocalCacheConsumer, containerBeanName:org.apache.rocketmq.spring.support.DefaultRocketMQListenerContainer_3
2025-09-19 14:39:20.969 [main] INFO  o.a.r.s.support.DefaultRocketMQListenerContainer - running container: DefaultRocketMQListenerContainer{consumerGroup='xiaohongshu_group_first_reply_comment_idCountNoteCommentTopic', namespace='', nameServer='127.0.0.1:9876', topic='CountNoteCommentTopic', consumeMode=CONCURRENTLY, selectorType=TAG, selectorExpression='*', messageModel=CLUSTERING', tlsEnable=false, instanceName=DEFAULT}
2025-09-19 14:39:20.970 [main] INFO  o.a.r.s.a.ListenerContainerConfiguration - Register the listener to container, listenerBeanName:oneLevelCommentFirstReplyCommentIdUpdateConsumer, containerBeanName:org.apache.rocketmq.spring.support.DefaultRocketMQListenerContainer_4
2025-09-19 14:39:22.505 [main] INFO  o.s.boot.web.embedded.tomcat.TomcatWebServer - Tomcat started on port(s): 8093 (http) with context path ''
2025-09-19 14:39:22.512 [main] WARN  com.alibaba.nacos.client.logging.NacosLogging - Load Logback Configuration of Nacos fail, message: Could not initialize Logback Nacos logging from classpath:nacos-logback.xml
2025-09-19 14:39:22.512 [main] INFO  com.alibaba.nacos.client.naming - initializer namespace from ans.namespace attribute : null
2025-09-19 14:39:22.513 [main] INFO  com.alibaba.nacos.client.naming - initializer namespace from ALIBABA_ALIWARE_NAMESPACE attribute :null
2025-09-19 14:39:22.514 [main] INFO  com.alibaba.nacos.client.naming - initializer namespace from namespace attribute :null
2025-09-19 14:39:22.546 [main] INFO  com.alibaba.nacos.client.utils.ParamUtil - [settings] [req-serv] nacos-server port:8848
2025-09-19 14:39:22.546 [main] INFO  com.alibaba.nacos.client.utils.ParamUtil - [settings] [http-client] connect timeout:1000
2025-09-19 14:39:22.547 [main] INFO  com.alibaba.nacos.client.utils.ParamUtil - PER_TASK_CONFIG_SIZE: 3000.0
2025-09-19 14:39:22.551 [main] INFO  c.a.n.p.auth.spi.client.ClientAuthPluginManager - [ClientAuthPluginManager] Load ClientAuthService com.alibaba.nacos.client.auth.impl.NacosClientAuthServiceImpl success.
2025-09-19 14:39:22.551 [main] INFO  c.a.n.p.auth.spi.client.ClientAuthPluginManager - [ClientAuthPluginManager] Load ClientAuthService com.alibaba.nacos.client.auth.ram.RamClientAuthServiceImpl success.
2025-09-19 14:39:22.555 [main] INFO  c.a.n.client.auth.ram.identify.CredentialWatcher - null No credential found
2025-09-19 14:39:22.568 [main] INFO  com.alibaba.nacos.common.remote.client - [RpcClientFactory] create a new rpc client of 9825076b-e749-462e-9ef4-40f94305a6df
2025-09-19 14:39:22.681 [main] INFO  com.alibaba.nacos.common.remote.client - [9825076b-e749-462e-9ef4-40f94305a6df] RpcClient init, ServerListFactory = com.alibaba.nacos.client.naming.core.ServerListManager
2025-09-19 14:39:22.682 [main] INFO  com.alibaba.nacos.common.remote.client - [9825076b-e749-462e-9ef4-40f94305a6df] Registry connection listener to current client:com.alibaba.nacos.client.naming.remote.gprc.redo.NamingGrpcRedoService
2025-09-19 14:39:22.682 [main] INFO  com.alibaba.nacos.common.remote.client - [9825076b-e749-462e-9ef4-40f94305a6df] Register server push request handler:com.alibaba.nacos.client.naming.remote.gprc.NamingPushRequestHandler
2025-09-19 14:39:22.684 [main] INFO  com.alibaba.nacos.common.remote.client - [9825076b-e749-462e-9ef4-40f94305a6df] Try to connect to server on start up, server: {serverIp = '47.236.36.111', server main port = 8848}
2025-09-19 14:39:22.714 [main] INFO  c.a.nacos.common.remote.client.grpc.GrpcClient - grpc client connection server:47.236.36.111 ip,serverPort:9848,grpcTslConfig:{"sslProvider":"OPENSSL","enableTls":false,"mutualAuthEnable":false,"trustAll":false}
2025-09-19 14:39:23.928 [main] INFO  com.alibaba.nacos.common.remote.client - [9825076b-e749-462e-9ef4-40f94305a6df] Success to connect to server [47.236.36.111:8848] on start up, connectionId = 1758263963675_120.85.130.202_6293
2025-09-19 14:39:23.929 [com.alibaba.nacos.client.remote.worker] INFO  com.alibaba.nacos.common.remote.client - [9825076b-e749-462e-9ef4-40f94305a6df] Notify connected event to listeners.
2025-09-19 14:39:23.929 [com.alibaba.nacos.client.remote.worker] INFO  com.alibaba.nacos.client.naming - Grpc connection connect
2025-09-19 14:39:23.929 [main] INFO  com.alibaba.nacos.common.remote.client - [9825076b-e749-462e-9ef4-40f94305a6df] Register server push request handler:com.alibaba.nacos.common.remote.client.RpcClient$ConnectResetRequestHandler
2025-09-19 14:39:23.929 [main] INFO  com.alibaba.nacos.common.remote.client - [9825076b-e749-462e-9ef4-40f94305a6df] Register server push request handler:com.alibaba.nacos.common.remote.client.RpcClient$$Lambda$1326/0x000001d6489d18c0
2025-09-19 14:39:23.931 [main] INFO  com.alibaba.nacos.client.naming - [REGISTER-SERVICE] xiaohongshu registering service xiaohongshu-comment with instance Instance{instanceId='null', ip='10.91.138.46', port=8093, weight=1.0, healthy=true, enabled=true, ephemeral=true, clusterName='DEFAULT', serviceName='null', metadata={IPv6=null, preserved.register.source=SPRING_CLOUD}}
2025-09-19 14:39:23.999 [main] INFO  c.a.cloud.nacos.registry.NacosServiceRegistry - nacos registry, DEFAULT_GROUP xiaohongshu-comment 10.91.138.46:8093 register finished
2025-09-19 14:39:24.266 [main] INFO  c.z.x.comment.biz.XiaohongshuCommentApplication - Started XiaohongshuCommentApplication in 9.405 seconds (process running for 10.386)
2025-09-19 14:40:43.155 [NettyClientSelector_1] INFO  RocketmqRemoting - closeChannel: close the connection to remote address[10.91.138.46:10911] result: true
2025-09-19 14:40:43.157 [NettyClientSelector_1] INFO  RocketmqRemoting - closeChannel: close the connection to remote address[10.91.138.46:10911] result: true
2025-09-19 14:40:43.700 [NettyClientSelector_1] INFO  RocketmqRemoting - closeChannel: close the connection to remote address[10.91.138.46:10911] result: true
2025-09-19 14:40:44.055 [NettyClientSelector_1] INFO  RocketmqRemoting - closeChannel: close the connection to remote address[10.91.138.46:10911] result: true
2025-09-19 14:40:44.186 [NettyClientSelector_1] INFO  RocketmqRemoting - closeChannel: close the connection to remote address[10.91.138.46:10911] result: true
2025-09-19 14:40:44.664 [NettyClientSelector_1] INFO  RocketmqRemoting - closeChannel: close the connection to remote address[127.0.0.1:9876] result: true
2025-09-19 14:40:46.157 [NettyClientSelector_1] INFO  RocketmqRemoting - closeChannel: close the connection to remote address[127.0.0.1:9876] result: true
2025-09-19 14:40:46.701 [NettyClientSelector_1] INFO  RocketmqRemoting - closeChannel: close the connection to remote address[10.91.138.46:10911] result: true
2025-09-19 14:40:47.057 [NettyClientSelector_1] INFO  RocketmqRemoting - closeChannel: close the connection to remote address[10.91.138.46:10911] result: true
2025-09-19 14:40:47.187 [NettyClientSelector_1] INFO  RocketmqRemoting - closeChannel: close the connection to remote address[10.91.138.46:10911] result: true
2025-09-19 14:40:47.665 [NettyClientSelector_1] INFO  RocketmqRemoting - closeChannel: close the connection to remote address[10.91.138.46:10911] result: true
2025-09-19 14:40:52.712 [NettyClientSelector_1] INFO  RocketmqRemoting - closeChannel: close the connection to remote address[127.0.0.1:9876] result: true
2025-09-19 14:40:57.175 [Thread-19] WARN  c.alibaba.nacos.common.http.HttpClientBeanHolder - [HttpClientBeanHolder] Start destroying common HttpClient
2025-09-19 14:40:57.175 [Thread-16] WARN  com.alibaba.nacos.common.notify.NotifyCenter - [NotifyCenter] Start destroying Publisher
2025-09-19 14:40:57.175 [Thread-16] WARN  com.alibaba.nacos.common.notify.NotifyCenter - [NotifyCenter] Destruction of the end
2025-09-19 14:40:57.176 [Thread-19] WARN  c.alibaba.nacos.common.http.HttpClientBeanHolder - [HttpClientBeanHolder] Destruction of the end
2025-09-19 14:40:57.199 [NettyClientSelector_1] INFO  RocketmqRemoting - closeChannel: close the connection to remote address[10.91.138.46:10911] result: true
2025-09-19 14:40:57.199 [NettyClientSelector_1] INFO  RocketmqRemoting - closeChannel: close the connection to remote address[127.0.0.1:9876] result: true
2025-09-19 14:40:57.207 [NettyClientSelector_1] INFO  RocketmqRemoting - closeChannel: close the connection to remote address[10.91.138.46:10911] result: true
2025-09-19 14:40:57.207 [NettyClientSelector_1] INFO  RocketmqRemoting - closeChannel: close the connection to remote address[127.0.0.1:9876] result: true
2025-09-19 14:40:57.215 [NettyClientSelector_1] INFO  RocketmqRemoting - closeChannel: close the connection to remote address[10.91.138.46:10911] result: true
2025-09-19 14:40:57.216 [NettyClientSelector_1] INFO  RocketmqRemoting - closeChannel: close the connection to remote address[127.0.0.1:9876] result: true
2025-09-19 14:40:57.223 [NettyClientSelector_1] INFO  RocketmqRemoting - closeChannel: close the connection to remote address[10.91.138.46:10911] result: true
2025-09-19 14:40:57.223 [NettyClientSelector_1] INFO  RocketmqRemoting - closeChannel: close the connection to remote address[127.0.0.1:9876] result: true
2025-09-19 14:40:57.265 [SpringApplicationShutdownHook] INFO  c.a.cloud.nacos.registry.NacosServiceRegistry - De-registering from Nacos Server now...
2025-09-19 14:40:57.266 [SpringApplicationShutdownHook] INFO  com.alibaba.nacos.client.naming - [DEREGISTER-SERVICE] xiaohongshu deregistering service xiaohongshu-comment with instance: Instance{instanceId='null', ip='10.91.138.46', port=8093, weight=1.0, healthy=true, enabled=true, ephemeral=true, clusterName='DEFAULT', serviceName='null', metadata={}}
2025-09-19 14:40:57.323 [SpringApplicationShutdownHook] INFO  c.a.cloud.nacos.registry.NacosServiceRegistry - De-registration finished.
2025-09-19 14:40:57.323 [SpringApplicationShutdownHook] INFO  com.alibaba.nacos.client.naming - com.alibaba.nacos.client.naming.cache.ServiceInfoHolder do shutdown begin
2025-09-19 14:40:57.324 [SpringApplicationShutdownHook] INFO  com.alibaba.nacos.client.naming - com.alibaba.nacos.client.naming.backups.FailoverReactor do shutdown begin
2025-09-19 14:40:57.324 [SpringApplicationShutdownHook] INFO  com.alibaba.nacos.client.naming - com.alibaba.nacos.client.naming.backups.FailoverReactor do shutdown stop
2025-09-19 14:40:57.324 [SpringApplicationShutdownHook] INFO  com.alibaba.nacos.client.naming - com.alibaba.nacos.client.naming.cache.ServiceInfoHolder do shutdown stop
2025-09-19 14:40:57.324 [SpringApplicationShutdownHook] INFO  com.alibaba.nacos.client.naming - com.alibaba.nacos.client.naming.remote.NamingClientProxyDelegate do shutdown begin
2025-09-19 14:40:57.324 [SpringApplicationShutdownHook] INFO  com.alibaba.nacos.client.naming - com.alibaba.nacos.client.naming.core.ServiceInfoUpdateService do shutdown begin
2025-09-19 14:40:57.324 [SpringApplicationShutdownHook] INFO  com.alibaba.nacos.client.naming - com.alibaba.nacos.client.naming.core.ServiceInfoUpdateService do shutdown stop
2025-09-19 14:40:57.324 [SpringApplicationShutdownHook] INFO  com.alibaba.nacos.client.naming - com.alibaba.nacos.client.naming.core.ServerListManager do shutdown begin
2025-09-19 14:40:57.324 [SpringApplicationShutdownHook] WARN  com.alibaba.nacos.client.naming - [NamingHttpClientManager] Start destroying NacosRestTemplate
2025-09-19 14:40:57.324 [SpringApplicationShutdownHook] WARN  com.alibaba.nacos.client.naming - [NamingHttpClientManager] Destruction of the end
2025-09-19 14:40:57.324 [SpringApplicationShutdownHook] INFO  com.alibaba.nacos.client.naming - com.alibaba.nacos.client.naming.core.ServerListManager do shutdown stop
2025-09-19 14:40:57.324 [SpringApplicationShutdownHook] INFO  com.alibaba.nacos.client.naming - com.alibaba.nacos.client.naming.remote.http.NamingHttpClientProxy do shutdown begin
2025-09-19 14:40:57.324 [SpringApplicationShutdownHook] WARN  com.alibaba.nacos.client.naming - [NamingHttpClientManager] Start destroying NacosRestTemplate
2025-09-19 14:40:57.324 [SpringApplicationShutdownHook] WARN  com.alibaba.nacos.client.naming - [NamingHttpClientManager] Destruction of the end
2025-09-19 14:40:57.324 [SpringApplicationShutdownHook] INFO  com.alibaba.nacos.client.naming - com.alibaba.nacos.client.naming.remote.http.NamingHttpClientProxy do shutdown stop
2025-09-19 14:40:57.324 [SpringApplicationShutdownHook] INFO  com.alibaba.nacos.common.remote.client - Shutdown rpc client, set status to shutdown
2025-09-19 14:40:57.324 [SpringApplicationShutdownHook] INFO  com.alibaba.nacos.common.remote.client - Shutdown client event executor java.util.concurrent.ScheduledThreadPoolExecutor@34370336[Running, pool size = 2, active threads = 2, queued tasks = 0, completed tasks = 0]
2025-09-19 14:40:57.324 [SpringApplicationShutdownHook] INFO  com.alibaba.nacos.common.remote.client - Close current connection 1758263963675_120.85.130.202_6293
2025-09-19 14:40:57.330 [nacos-grpc-client-executor-47.236.36.111-35] WARN  c.a.nacos.common.remote.client.grpc.GrpcClient - [1758263963675_120.85.130.202_6293]Ignore error event,isRunning:false,isAbandon=false
2025-09-19 14:40:57.333 [SpringApplicationShutdownHook] INFO  c.a.nacos.common.remote.client.grpc.GrpcClient - Shutdown grpc executor java.util.concurrent.ThreadPoolExecutor@33becad6[Running, pool size = 5, active threads = 0, queued tasks = 0, completed tasks = 36]
2025-09-19 14:40:57.333 [SpringApplicationShutdownHook] INFO  com.alibaba.nacos.client.naming - Shutdown grpc redo service executor java.util.concurrent.ScheduledThreadPoolExecutor@723c15e2[Running, pool size = 1, active threads = 0, queued tasks = 1, completed tasks = 31]
2025-09-19 14:40:57.333 [SpringApplicationShutdownHook] INFO  c.a.n.client.auth.ram.identify.CredentialWatcher - [null] CredentialWatcher is stopped
2025-09-19 14:40:57.333 [SpringApplicationShutdownHook] INFO  c.a.n.client.auth.ram.identify.CredentialService - [null] CredentialService is freed
2025-09-19 14:40:57.333 [SpringApplicationShutdownHook] INFO  com.alibaba.nacos.client.naming - com.alibaba.nacos.client.naming.remote.NamingClientProxyDelegate do shutdown stop
2025-09-19 14:40:57.374 [NettyClientSelector_1] INFO  RocketmqRemoting - closeChannel: close the connection to remote address[10.91.138.46:10911] result: true
2025-09-19 14:40:57.374 [NettyClientSelector_1] INFO  RocketmqRemoting - closeChannel: close the connection to remote address[127.0.0.1:9876] result: true
2025-09-19 14:40:57.386 [NettyClientSelector_1] INFO  RocketmqRemoting - closeChannel: close the connection to remote address[10.91.138.46:10911] result: true
2025-09-19 14:40:57.386 [SpringApplicationShutdownHook] INFO  o.a.r.s.support.DefaultRocketMQListenerContainer - container destroyed, DefaultRocketMQListenerContainer{consumerGroup='xiaohongshu_group_first_reply_comment_idCountNoteCommentTopic', namespace='', nameServer='127.0.0.1:9876', topic='CountNoteCommentTopic', consumeMode=CONCURRENTLY, selectorType=TAG, selectorExpression='*', messageModel=CLUSTERING', tlsEnable=false, instanceName=DEFAULT}
2025-09-19 14:40:57.386 [NettyClientSelector_1] INFO  RocketmqRemoting - closeChannel: close the connection to remote address[127.0.0.1:9876] result: true
2025-09-19 14:40:57.387 [SpringApplicationShutdownHook] INFO  o.a.r.s.support.DefaultRocketMQListenerContainer - container destroyed, DefaultRocketMQListenerContainer{consumerGroup='xiaohongshu_group_DeleteCommentTopic', namespace='', nameServer='127.0.0.1:9876', topic='DeleteCommentDetailLocalCacheTopic', consumeMode=CONCURRENTLY, selectorType=TAG, selectorExpression='*', messageModel=BROADCASTING', tlsEnable=false, instanceName=DEFAULT}
2025-09-19 14:40:57.387 [SpringApplicationShutdownHook] INFO  o.a.r.s.support.DefaultRocketMQListenerContainer - container destroyed, DefaultRocketMQListenerContainer{consumerGroup='xiaohongshu_group_DeleteCommentTopic', namespace='', nameServer='127.0.0.1:9876', topic='DeleteCommentTopic', consumeMode=CONCURRENTLY, selectorType=TAG, selectorExpression='*', messageModel=CLUSTERING', tlsEnable=false, instanceName=DEFAULT}
2025-09-19 14:40:57.387 [SpringApplicationShutdownHook] INFO  o.a.r.s.support.DefaultRocketMQListenerContainer - container destroyed, DefaultRocketMQListenerContainer{consumerGroup='xiaohongshu_group_CommentHeatUpdateTopic', namespace='', nameServer='127.0.0.1:9876', topic='CommentHeatUpdateTopic', consumeMode=CONCURRENTLY, selectorType=TAG, selectorExpression='*', messageModel=CLUSTERING', tlsEnable=false, instanceName=DEFAULT}
2025-09-19 14:40:57.414 [NettyClientSelector_1] INFO  RocketmqRemoting - closeChannel: close the connection to remote address[10.91.138.46:10911] result: true
2025-09-19 14:40:57.418 [SpringApplicationShutdownHook] INFO  com.alibaba.druid.pool.DruidDataSource - {dataSource-1} closing ...
2025-09-19 14:40:57.427 [SpringApplicationShutdownHook] INFO  com.alibaba.druid.pool.DruidDataSource - {dataSource-1} closed
2025-09-19 14:41:03.322 [main] WARN  com.alibaba.nacos.client.logging.NacosLogging - Load Logback Configuration of Nacos fail, message: Could not initialize Logback Nacos logging from classpath:nacos-logback.xml
2025-09-19 14:41:03.388 [main] WARN  com.alibaba.nacos.client.logging.NacosLogging - Load Logback Configuration of Nacos fail, message: Could not initialize Logback Nacos logging from classpath:nacos-logback.xml
2025-09-19 14:41:03.994 [main] WARN  com.alibaba.nacos.client.logging.NacosLogging - Load Logback Configuration of Nacos fail, message: Could not initialize Logback Nacos logging from classpath:nacos-logback.xml
2025-09-19 14:41:04.015 [main] WARN  com.alibaba.nacos.client.logging.NacosLogging - Load Logback Configuration of Nacos fail, message: Could not initialize Logback Nacos logging from classpath:nacos-logback.xml
2025-09-19 14:41:04.016 [main] INFO  c.z.x.comment.biz.XiaohongshuCommentApplication - The following 1 profile is active: "dev"
2025-09-19 14:41:04.038 [main] WARN  o.s.core.annotation.AnnotationTypeMapping - Support for convention-based annotation attribute overrides is deprecated and will be removed in Spring Framework 6.1. Please annotate the following attributes in @org.springframework.retry.annotation.EnableRetry with appropriate @AliasFor declarations: [proxyTargetClass]
2025-09-19 14:41:04.838 [main] INFO  o.s.d.r.config.RepositoryConfigurationDelegate - Multiple Spring Data modules found, entering strict repository configuration mode
2025-09-19 14:41:04.843 [main] INFO  o.s.d.r.config.RepositoryConfigurationDelegate - Bootstrapping Spring Data Redis repositories in DEFAULT mode.
2025-09-19 14:41:04.874 [main] INFO  o.s.d.r.config.RepositoryConfigurationDelegate - Finished Spring Data repository scanning in 15 ms. Found 0 Redis repository interfaces.
2025-09-19 14:41:05.154 [main] INFO  o.springframework.cloud.context.scope.GenericScope - BeanFactory id=f9540961-baa3-31a2-9c49-444c2719e2e1
2025-09-19 14:41:05.213 [main] INFO  o.s.c.s.PostProcessorRegistrationDelegate$BeanPostProcessorChecker - Bean 'com.zry.xiaohongshu.distributed.id.generator.api.DistributedIdGeneratorFeignApi' of type [org.springframework.cloud.openfeign.FeignClientFactoryBean] is not eligible for getting processed by all BeanPostProcessors (for example: not eligible for auto-proxying)
2025-09-19 14:41:05.215 [main] INFO  o.s.c.s.PostProcessorRegistrationDelegate$BeanPostProcessorChecker - Bean 'com.zry.xiaohongshu.kv.api.KeyValueFeignApi' of type [org.springframework.cloud.openfeign.FeignClientFactoryBean] is not eligible for getting processed by all BeanPostProcessors (for example: not eligible for auto-proxying)
2025-09-19 14:41:05.218 [main] INFO  o.s.c.s.PostProcessorRegistrationDelegate$BeanPostProcessorChecker - Bean 'com.zry.xiaohongshu.user.api.UserFeignApi' of type [org.springframework.cloud.openfeign.FeignClientFactoryBean] is not eligible for getting processed by all BeanPostProcessors (for example: not eligible for auto-proxying)
2025-09-19 14:41:05.515 [main] INFO  o.s.c.s.PostProcessorRegistrationDelegate$BeanPostProcessorChecker - Bean 'org.apache.rocketmq.spring.autoconfigure.MessageConverterConfiguration' of type [org.apache.rocketmq.spring.autoconfigure.MessageConverterConfiguration$$SpringCGLIB$$0] is not eligible for getting processed by all BeanPostProcessors (for example: not eligible for auto-proxying)
2025-09-19 14:41:05.582 [main] INFO  o.s.c.s.PostProcessorRegistrationDelegate$BeanPostProcessorChecker - Bean 'createRocketMQMessageConverter' of type [org.apache.rocketmq.spring.support.RocketMQMessageConverter] is not eligible for getting processed by all BeanPostProcessors (for example: not eligible for auto-proxying)
2025-09-19 14:41:05.584 [main] INFO  o.s.c.s.PostProcessorRegistrationDelegate$BeanPostProcessorChecker - Bean 'org.springframework.cloud.commons.config.CommonsConfigAutoConfiguration' of type [org.springframework.cloud.commons.config.CommonsConfigAutoConfiguration] is not eligible for getting processed by all BeanPostProcessors (for example: not eligible for auto-proxying)
2025-09-19 14:41:05.591 [main] INFO  o.s.c.s.PostProcessorRegistrationDelegate$BeanPostProcessorChecker - Bean 'org.springframework.cloud.client.loadbalancer.LoadBalancerDefaultMappingsProviderAutoConfiguration' of type [org.springframework.cloud.client.loadbalancer.LoadBalancerDefaultMappingsProviderAutoConfiguration] is not eligible for getting processed by all BeanPostProcessors (for example: not eligible for auto-proxying)
2025-09-19 14:41:05.592 [main] INFO  o.s.c.s.PostProcessorRegistrationDelegate$BeanPostProcessorChecker - Bean 'loadBalancerClientsDefaultsMappingsProvider' of type [org.springframework.cloud.client.loadbalancer.LoadBalancerDefaultMappingsProviderAutoConfiguration$$Lambda$727/0x000001b04b525568] is not eligible for getting processed by all BeanPostProcessors (for example: not eligible for auto-proxying)
2025-09-19 14:41:05.594 [main] INFO  o.s.c.s.PostProcessorRegistrationDelegate$BeanPostProcessorChecker - Bean 'defaultsBindHandlerAdvisor' of type [org.springframework.cloud.commons.config.DefaultsBindHandlerAdvisor] is not eligible for getting processed by all BeanPostProcessors (for example: not eligible for auto-proxying)
2025-09-19 14:41:05.601 [main] INFO  o.s.c.s.PostProcessorRegistrationDelegate$BeanPostProcessorChecker - Bean 'rocketmq-org.apache.rocketmq.spring.autoconfigure.RocketMQProperties' of type [org.apache.rocketmq.spring.autoconfigure.RocketMQProperties] is not eligible for getting processed by all BeanPostProcessors (for example: not eligible for auto-proxying)
2025-09-19 14:41:05.603 [main] INFO  o.s.c.s.PostProcessorRegistrationDelegate$BeanPostProcessorChecker - Bean 'org.apache.rocketmq.spring.autoconfigure.ListenerContainerConfiguration' of type [org.apache.rocketmq.spring.autoconfigure.ListenerContainerConfiguration$$SpringCGLIB$$0] is not eligible for getting processed by all BeanPostProcessors (for example: not eligible for auto-proxying)
2025-09-19 14:41:05.901 [main] INFO  o.s.boot.web.embedded.tomcat.TomcatWebServer - Tomcat initialized with port(s): 8093 (http)
2025-09-19 14:41:05.902 [main] INFO  org.apache.catalina.core.AprLifecycleListener - Loaded Apache Tomcat Native library [2.0.3] using APR version [1.7.2].
2025-09-19 14:41:05.908 [main] INFO  org.apache.catalina.core.AprLifecycleListener - OpenSSL successfully initialized [OpenSSL 3.0.8 7 Feb 2023]
2025-09-19 14:41:05.922 [main] INFO  org.apache.catalina.core.StandardService - Starting service [Tomcat]
2025-09-19 14:41:05.923 [main] INFO  org.apache.catalina.core.StandardEngine - Starting Servlet engine: [Apache Tomcat/10.1.5]
2025-09-19 14:41:06.044 [main] INFO  o.a.c.core.ContainerBase.[Tomcat].[localhost].[/] - Initializing Spring embedded WebApplicationContext
2025-09-19 14:41:06.045 [main] INFO  o.s.b.w.s.c.ServletWebServerApplicationContext - Root WebApplicationContext: initialization completed in 2000 ms
2025-09-19 14:41:06.171 [main] INFO  c.a.d.s.b.a.DruidDataSourceAutoConfigure - Init DruidDataSource
2025-09-19 14:41:06.558 [main] INFO  com.alibaba.druid.pool.DruidDataSource - {dataSource-1} inited
2025-09-19 14:41:06.984 [main] INFO  o.s.cloud.openfeign.FeignClientFactoryBean - For 'xiaohongshu-kv' URL not provided. Will try picking an instance via load-balancing.
2025-09-19 14:41:07.100 [main] INFO  o.a.r.s.autoconfigure.RocketMQAutoConfiguration - a producer (xiaohongshu_group) init on namesrv 127.0.0.1:9876
2025-09-19 14:41:07.787 [main] INFO  o.a.r.s.support.DefaultRocketMQListenerContainer - running container: DefaultRocketMQListenerContainer{consumerGroup='xiaohongshu_group_CommentHeatUpdateTopic', namespace='', nameServer='127.0.0.1:9876', topic='CommentHeatUpdateTopic', consumeMode=CONCURRENTLY, selectorType=TAG, selectorExpression='*', messageModel=CLUSTERING', tlsEnable=false, instanceName=DEFAULT}
2025-09-19 14:41:07.787 [main] INFO  o.a.r.s.a.ListenerContainerConfiguration - Register the listener to container, listenerBeanName:commentHeatUpdateConsumer, containerBeanName:org.apache.rocketmq.spring.support.DefaultRocketMQListenerContainer_1
2025-09-19 14:41:07.864 [main] INFO  o.a.r.s.support.DefaultRocketMQListenerContainer - running container: DefaultRocketMQListenerContainer{consumerGroup='xiaohongshu_group_DeleteCommentTopic', namespace='', nameServer='127.0.0.1:9876', topic='DeleteCommentTopic', consumeMode=CONCURRENTLY, selectorType=TAG, selectorExpression='*', messageModel=CLUSTERING', tlsEnable=false, instanceName=DEFAULT}
2025-09-19 14:41:07.864 [main] INFO  o.a.r.s.a.ListenerContainerConfiguration - Register the listener to container, listenerBeanName:deleteCommentConsumer, containerBeanName:org.apache.rocketmq.spring.support.DefaultRocketMQListenerContainer_2
2025-09-19 14:41:07.954 [main] INFO  o.s.cloud.openfeign.FeignClientFactoryBean - For 'xiaohongshu-distributed-id-generator' URL not provided. Will try picking an instance via load-balancing.
2025-09-19 14:41:07.979 [main] INFO  o.s.cloud.openfeign.FeignClientFactoryBean - For 'xiaohongshu-user' URL not provided. Will try picking an instance via load-balancing.
2025-09-19 14:41:08.049 [main] INFO  o.a.r.s.support.DefaultRocketMQListenerContainer - running container: DefaultRocketMQListenerContainer{consumerGroup='xiaohongshu_group_DeleteCommentTopic', namespace='', nameServer='127.0.0.1:9876', topic='DeleteCommentDetailLocalCacheTopic', consumeMode=CONCURRENTLY, selectorType=TAG, selectorExpression='*', messageModel=BROADCASTING', tlsEnable=false, instanceName=DEFAULT}
2025-09-19 14:41:08.049 [main] INFO  o.a.r.s.a.ListenerContainerConfiguration - Register the listener to container, listenerBeanName:deleteCommentLocalCacheConsumer, containerBeanName:org.apache.rocketmq.spring.support.DefaultRocketMQListenerContainer_3
2025-09-19 14:41:08.123 [main] INFO  o.a.r.s.support.DefaultRocketMQListenerContainer - running container: DefaultRocketMQListenerContainer{consumerGroup='xiaohongshu_group_first_reply_comment_idCountNoteCommentTopic', namespace='', nameServer='127.0.0.1:9876', topic='CountNoteCommentTopic', consumeMode=CONCURRENTLY, selectorType=TAG, selectorExpression='*', messageModel=CLUSTERING', tlsEnable=false, instanceName=DEFAULT}
2025-09-19 14:41:08.123 [main] INFO  o.a.r.s.a.ListenerContainerConfiguration - Register the listener to container, listenerBeanName:oneLevelCommentFirstReplyCommentIdUpdateConsumer, containerBeanName:org.apache.rocketmq.spring.support.DefaultRocketMQListenerContainer_4
2025-09-19 14:41:09.716 [main] INFO  o.s.boot.web.embedded.tomcat.TomcatWebServer - Tomcat started on port(s): 8093 (http) with context path ''
2025-09-19 14:41:09.725 [main] WARN  com.alibaba.nacos.client.logging.NacosLogging - Load Logback Configuration of Nacos fail, message: Could not initialize Logback Nacos logging from classpath:nacos-logback.xml
2025-09-19 14:41:09.725 [main] INFO  com.alibaba.nacos.client.naming - initializer namespace from ans.namespace attribute : null
2025-09-19 14:41:09.725 [main] INFO  com.alibaba.nacos.client.naming - initializer namespace from ALIBABA_ALIWARE_NAMESPACE attribute :null
2025-09-19 14:41:09.726 [main] INFO  com.alibaba.nacos.client.naming - initializer namespace from namespace attribute :null
2025-09-19 14:41:09.755 [main] INFO  com.alibaba.nacos.client.utils.ParamUtil - [settings] [req-serv] nacos-server port:8848
2025-09-19 14:41:09.755 [main] INFO  com.alibaba.nacos.client.utils.ParamUtil - [settings] [http-client] connect timeout:1000
2025-09-19 14:41:09.756 [main] INFO  com.alibaba.nacos.client.utils.ParamUtil - PER_TASK_CONFIG_SIZE: 3000.0
2025-09-19 14:41:09.761 [main] INFO  c.a.n.p.auth.spi.client.ClientAuthPluginManager - [ClientAuthPluginManager] Load ClientAuthService com.alibaba.nacos.client.auth.impl.NacosClientAuthServiceImpl success.
2025-09-19 14:41:09.761 [main] INFO  c.a.n.p.auth.spi.client.ClientAuthPluginManager - [ClientAuthPluginManager] Load ClientAuthService com.alibaba.nacos.client.auth.ram.RamClientAuthServiceImpl success.
2025-09-19 14:41:09.766 [main] INFO  c.a.n.client.auth.ram.identify.CredentialWatcher - null No credential found
2025-09-19 14:41:09.779 [main] INFO  com.alibaba.nacos.common.remote.client - [RpcClientFactory] create a new rpc client of 602060b3-3bf0-4473-99cf-a7426358bff2
2025-09-19 14:41:09.806 [main] INFO  com.alibaba.nacos.common.remote.client - [602060b3-3bf0-4473-99cf-a7426358bff2] RpcClient init, ServerListFactory = com.alibaba.nacos.client.naming.core.ServerListManager
2025-09-19 14:41:09.806 [main] INFO  com.alibaba.nacos.common.remote.client - [602060b3-3bf0-4473-99cf-a7426358bff2] Registry connection listener to current client:com.alibaba.nacos.client.naming.remote.gprc.redo.NamingGrpcRedoService
2025-09-19 14:41:09.806 [main] INFO  com.alibaba.nacos.common.remote.client - [602060b3-3bf0-4473-99cf-a7426358bff2] Register server push request handler:com.alibaba.nacos.client.naming.remote.gprc.NamingPushRequestHandler
2025-09-19 14:41:09.808 [main] INFO  com.alibaba.nacos.common.remote.client - [602060b3-3bf0-4473-99cf-a7426358bff2] Try to connect to server on start up, server: {serverIp = '47.236.36.111', server main port = 8848}
2025-09-19 14:41:09.836 [main] INFO  c.a.nacos.common.remote.client.grpc.GrpcClient - grpc client connection server:47.236.36.111 ip,serverPort:9848,grpcTslConfig:{"sslProvider":"OPENSSL","enableTls":false,"mutualAuthEnable":false,"trustAll":false}
2025-09-19 14:41:11.159 [main] INFO  com.alibaba.nacos.common.remote.client - [602060b3-3bf0-4473-99cf-a7426358bff2] Success to connect to server [47.236.36.111:8848] on start up, connectionId = 1758264070939_120.85.130.202_6662
2025-09-19 14:41:11.161 [com.alibaba.nacos.client.remote.worker] INFO  com.alibaba.nacos.common.remote.client - [602060b3-3bf0-4473-99cf-a7426358bff2] Notify connected event to listeners.
2025-09-19 14:41:11.161 [com.alibaba.nacos.client.remote.worker] INFO  com.alibaba.nacos.client.naming - Grpc connection connect
2025-09-19 14:41:11.161 [main] INFO  com.alibaba.nacos.common.remote.client - [602060b3-3bf0-4473-99cf-a7426358bff2] Register server push request handler:com.alibaba.nacos.common.remote.client.RpcClient$ConnectResetRequestHandler
2025-09-19 14:41:11.161 [main] INFO  com.alibaba.nacos.common.remote.client - [602060b3-3bf0-4473-99cf-a7426358bff2] Register server push request handler:com.alibaba.nacos.common.remote.client.RpcClient$$Lambda$1326/0x000001b04b9d2110
2025-09-19 14:41:11.163 [main] INFO  com.alibaba.nacos.client.naming - [REGISTER-SERVICE] xiaohongshu registering service xiaohongshu-comment with instance Instance{instanceId='null', ip='10.91.138.46', port=8093, weight=1.0, healthy=true, enabled=true, ephemeral=true, clusterName='DEFAULT', serviceName='null', metadata={IPv6=null, preserved.register.source=SPRING_CLOUD}}
2025-09-19 14:41:11.216 [main] INFO  c.a.cloud.nacos.registry.NacosServiceRegistry - nacos registry, DEFAULT_GROUP xiaohongshu-comment 10.91.138.46:8093 register finished
2025-09-19 14:41:11.461 [main] INFO  c.z.x.comment.biz.XiaohongshuCommentApplication - Started XiaohongshuCommentApplication in 8.995 seconds (process running for 9.983)
2025-09-19 14:45:41.944 [http-nio-8093-exec-1] INFO  o.a.c.core.ContainerBase.[Tomcat].[localhost].[/] - Initializing Spring DispatcherServlet 'dispatcherServlet'
2025-09-19 14:45:41.945 [http-nio-8093-exec-1] INFO  org.springframework.web.servlet.DispatcherServlet - Initializing Servlet 'dispatcherServlet'
2025-09-19 14:45:41.949 [http-nio-8093-exec-1] INFO  org.springframework.web.servlet.DispatcherServlet - Completed initialization in 3 ms
2025-09-19 14:45:41.969 [http-nio-8093-exec-1] INFO  c.z.f.b.context.filter.HeaderUserId2ContextFilter - ## HeaderUserId2ContextFilter, 用户 ID: 100
2025-09-19 14:45:42.208 [http-nio-8093-exec-1] INFO  c.z.f.b.operationlog.aspect.ApiOperationLogAspect - ====== 请求开始: [评论分页查询], 入参: {"noteId":1960629729467826196,"pageNo":1}, 请求类: CommentController, 请求方法: findCommentPageList =================================== 
2025-09-19 14:45:45.031 [http-nio-8093-exec-1] ERROR c.z.x.comment.biz.exception.GlobalExceptionHandler - /comment/list request error, 
org.springframework.data.redis.RedisConnectionFailureException: Unable to connect to Redis
	at org.springframework.data.redis.connection.lettuce.LettuceConnectionFactory$ExceptionTranslatingConnectionProvider.translateException(LettuceConnectionFactory.java:1602)
	at org.springframework.data.redis.connection.lettuce.LettuceConnectionFactory$ExceptionTranslatingConnectionProvider.getConnection(LettuceConnectionFactory.java:1533)
	at org.springframework.data.redis.connection.lettuce.LettuceConnectionFactory$SharedConnection.getNativeConnection(LettuceConnectionFactory.java:1358)
	at org.springframework.data.redis.connection.lettuce.LettuceConnectionFactory$SharedConnection.getConnection(LettuceConnectionFactory.java:1341)
	at org.springframework.data.redis.connection.lettuce.LettuceConnectionFactory.getSharedConnection(LettuceConnectionFactory.java:1059)
	at org.springframework.data.redis.connection.lettuce.LettuceConnectionFactory.getConnection(LettuceConnectionFactory.java:398)
	at org.springframework.data.redis.core.RedisConnectionUtils.fetchConnection(RedisConnectionUtils.java:193)
	at org.springframework.data.redis.core.RedisConnectionUtils.doGetConnection(RedisConnectionUtils.java:144)
	at org.springframework.data.redis.core.RedisConnectionUtils.getConnection(RedisConnectionUtils.java:105)
	at org.springframework.data.redis.core.RedisTemplate.execute(RedisTemplate.java:393)
	at org.springframework.data.redis.core.RedisTemplate.execute(RedisTemplate.java:373)
	at org.springframework.data.redis.core.AbstractOperations.execute(AbstractOperations.java:97)
	at org.springframework.data.redis.core.DefaultHashOperations.get(DefaultHashOperations.java:51)
	at com.zry.xiaohongshu.comment.biz.service.impl.CommentServiceImpl.findCommentPageList(CommentServiceImpl.java:129)
	at com.zry.xiaohongshu.comment.biz.controller.CommentController.findCommentPageList(CommentController.java:31)
	at java.base/jdk.internal.reflect.NativeMethodAccessorImpl.invoke0(Native Method)
	at java.base/jdk.internal.reflect.NativeMethodAccessorImpl.invoke(NativeMethodAccessorImpl.java:77)
	at java.base/jdk.internal.reflect.DelegatingMethodAccessorImpl.invoke(DelegatingMethodAccessorImpl.java:43)
	at java.base/java.lang.reflect.Method.invoke(Method.java:568)
	at org.springframework.aop.support.AopUtils.invokeJoinpointUsingReflection(AopUtils.java:343)
	at org.springframework.aop.framework.ReflectiveMethodInvocation.invokeJoinpoint(ReflectiveMethodInvocation.java:196)
	at org.springframework.aop.framework.ReflectiveMethodInvocation.proceed(ReflectiveMethodInvocation.java:163)
	at org.springframework.aop.framework.CglibAopProxy$CglibMethodInvocation.proceed(CglibAopProxy.java:752)
	at org.springframework.aop.aspectj.MethodInvocationProceedingJoinPoint.proceed(MethodInvocationProceedingJoinPoint.java:89)
	at com.zry.framework.biz.operationlog.aspect.ApiOperationLogAspect.doAround(ApiOperationLogAspect.java:50)
	at java.base/jdk.internal.reflect.NativeMethodAccessorImpl.invoke0(Native Method)
	at java.base/jdk.internal.reflect.NativeMethodAccessorImpl.invoke(NativeMethodAccessorImpl.java:77)
	at java.base/jdk.internal.reflect.DelegatingMethodAccessorImpl.invoke(DelegatingMethodAccessorImpl.java:43)
	at java.base/java.lang.reflect.Method.invoke(Method.java:568)
	at org.springframework.aop.aspectj.AbstractAspectJAdvice.invokeAdviceMethodWithGivenArgs(AbstractAspectJAdvice.java:633)
	at org.springframework.aop.aspectj.AbstractAspectJAdvice.invokeAdviceMethod(AbstractAspectJAdvice.java:623)
	at org.springframework.aop.aspectj.AspectJAroundAdvice.invoke(AspectJAroundAdvice.java:71)
	at org.springframework.aop.framework.ReflectiveMethodInvocation.proceed(ReflectiveMethodInvocation.java:173)
	at org.springframework.aop.framework.CglibAopProxy$CglibMethodInvocation.proceed(CglibAopProxy.java:752)
	at org.springframework.aop.interceptor.ExposeInvocationInterceptor.invoke(ExposeInvocationInterceptor.java:97)
	at org.springframework.aop.framework.ReflectiveMethodInvocation.proceed(ReflectiveMethodInvocation.java:184)
	at org.springframework.aop.framework.CglibAopProxy$CglibMethodInvocation.proceed(CglibAopProxy.java:752)
	at org.springframework.aop.framework.CglibAopProxy$DynamicAdvisedInterceptor.intercept(CglibAopProxy.java:703)
	at com.zry.xiaohongshu.comment.biz.controller.CommentController$$SpringCGLIB$$0.findCommentPageList(<generated>)
	at java.base/jdk.internal.reflect.NativeMethodAccessorImpl.invoke0(Native Method)
	at java.base/jdk.internal.reflect.NativeMethodAccessorImpl.invoke(NativeMethodAccessorImpl.java:77)
	at java.base/jdk.internal.reflect.DelegatingMethodAccessorImpl.invoke(DelegatingMethodAccessorImpl.java:43)
	at java.base/java.lang.reflect.Method.invoke(Method.java:568)
	at org.springframework.web.method.support.InvocableHandlerMethod.doInvoke(InvocableHandlerMethod.java:207)
	at org.springframework.web.method.support.InvocableHandlerMethod.invokeForRequest(InvocableHandlerMethod.java:152)
	at org.springframework.web.servlet.mvc.method.annotation.ServletInvocableHandlerMethod.invokeAndHandle(ServletInvocableHandlerMethod.java:117)
	at org.springframework.web.servlet.mvc.method.annotation.RequestMappingHandlerAdapter.invokeHandlerMethod(RequestMappingHandlerAdapter.java:884)
	at org.springframework.web.servlet.mvc.method.annotation.RequestMappingHandlerAdapter.handleInternal(RequestMappingHandlerAdapter.java:797)
	at org.springframework.web.servlet.mvc.method.AbstractHandlerMethodAdapter.handle(AbstractHandlerMethodAdapter.java:87)
	at org.springframework.web.servlet.DispatcherServlet.doDispatch(DispatcherServlet.java:1080)
	at org.springframework.web.servlet.DispatcherServlet.doService(DispatcherServlet.java:973)
	at org.springframework.web.servlet.FrameworkServlet.processRequest(FrameworkServlet.java:1011)
	at org.springframework.web.servlet.FrameworkServlet.doPost(FrameworkServlet.java:914)
	at jakarta.servlet.http.HttpServlet.service(HttpServlet.java:547)
	at org.springframework.web.servlet.FrameworkServlet.service(FrameworkServlet.java:885)
	at jakarta.servlet.http.HttpServlet.service(HttpServlet.java:614)
	at org.apache.catalina.core.ApplicationFilterChain.internalDoFilter(ApplicationFilterChain.java:223)
	at org.apache.catalina.core.ApplicationFilterChain.doFilter(ApplicationFilterChain.java:158)
	at org.apache.tomcat.websocket.server.WsFilter.doFilter(WsFilter.java:53)
	at org.apache.catalina.core.ApplicationFilterChain.internalDoFilter(ApplicationFilterChain.java:185)
	at org.apache.catalina.core.ApplicationFilterChain.doFilter(ApplicationFilterChain.java:158)
	at com.zry.framework.biz.context.filter.HeaderUserId2ContextFilter.doFilterInternal(HeaderUserId2ContextFilter.java:33)
	at org.springframework.web.filter.OncePerRequestFilter.doFilter(OncePerRequestFilter.java:116)
	at org.apache.catalina.core.ApplicationFilterChain.internalDoFilter(ApplicationFilterChain.java:185)
	at org.apache.catalina.core.ApplicationFilterChain.doFilter(ApplicationFilterChain.java:158)
	at com.alibaba.druid.support.jakarta.WebStatFilter.doFilter(WebStatFilter.java:113)
	at org.apache.catalina.core.ApplicationFilterChain.internalDoFilter(ApplicationFilterChain.java:185)
	at org.apache.catalina.core.ApplicationFilterChain.doFilter(ApplicationFilterChain.java:158)
	at org.springframework.web.filter.RequestContextFilter.doFilterInternal(RequestContextFilter.java:100)
	at org.springframework.web.filter.OncePerRequestFilter.doFilter(OncePerRequestFilter.java:116)
	at org.apache.catalina.core.ApplicationFilterChain.internalDoFilter(ApplicationFilterChain.java:185)
	at org.apache.catalina.core.ApplicationFilterChain.doFilter(ApplicationFilterChain.java:158)
	at org.springframework.web.filter.FormContentFilter.doFilterInternal(FormContentFilter.java:93)
	at org.springframework.web.filter.OncePerRequestFilter.doFilter(OncePerRequestFilter.java:116)
	at org.apache.catalina.core.ApplicationFilterChain.internalDoFilter(ApplicationFilterChain.java:185)
	at org.apache.catalina.core.ApplicationFilterChain.doFilter(ApplicationFilterChain.java:158)
	at org.springframework.web.filter.CharacterEncodingFilter.doFilterInternal(CharacterEncodingFilter.java:201)
	at org.springframework.web.filter.OncePerRequestFilter.doFilter(OncePerRequestFilter.java:116)
	at org.apache.catalina.core.ApplicationFilterChain.internalDoFilter(ApplicationFilterChain.java:185)
	at org.apache.catalina.core.ApplicationFilterChain.doFilter(ApplicationFilterChain.java:158)
	at org.apache.catalina.core.StandardWrapperValve.invoke(StandardWrapperValve.java:177)
	at org.apache.catalina.core.StandardContextValve.invoke(StandardContextValve.java:97)
	at org.apache.catalina.authenticator.AuthenticatorBase.invoke(AuthenticatorBase.java:542)
	at org.apache.catalina.core.StandardHostValve.invoke(StandardHostValve.java:119)
	at org.apache.catalina.valves.ErrorReportValve.invoke(ErrorReportValve.java:92)
	at org.apache.catalina.core.StandardEngineValve.invoke(StandardEngineValve.java:78)
	at org.apache.catalina.connector.CoyoteAdapter.service(CoyoteAdapter.java:357)
	at org.apache.coyote.http11.Http11Processor.service(Http11Processor.java:400)
	at org.apache.coyote.AbstractProcessorLight.process(AbstractProcessorLight.java:65)
	at org.apache.coyote.AbstractProtocol$ConnectionHandler.process(AbstractProtocol.java:859)
	at org.apache.tomcat.util.net.NioEndpoint$SocketProcessor.doRun(NioEndpoint.java:1734)
	at org.apache.tomcat.util.net.SocketProcessorBase.run(SocketProcessorBase.java:52)
	at org.apache.tomcat.util.threads.ThreadPoolExecutor.runWorker(ThreadPoolExecutor.java:1191)
	at org.apache.tomcat.util.threads.ThreadPoolExecutor$Worker.run(ThreadPoolExecutor.java:659)
	at org.apache.tomcat.util.threads.TaskThread$WrappingRunnable.run(TaskThread.java:61)
	at java.base/java.lang.Thread.run(Thread.java:842)
Caused by: io.lettuce.core.RedisConnectionException: Unable to connect to 47.236.36.111/<unresolved>:6379
	at io.lettuce.core.RedisConnectionException.create(RedisConnectionException.java:78)
	at io.lettuce.core.RedisConnectionException.create(RedisConnectionException.java:56)
	at io.lettuce.core.AbstractRedisClient.getConnection(AbstractRedisClient.java:350)
	at io.lettuce.core.RedisClient.connect(RedisClient.java:216)
	at org.springframework.data.redis.connection.lettuce.StandaloneConnectionProvider.lambda$getConnection$1(StandaloneConnectionProvider.java:111)
	at java.base/java.util.Optional.orElseGet(Optional.java:364)
	at org.springframework.data.redis.connection.lettuce.StandaloneConnectionProvider.getConnection(StandaloneConnectionProvider.java:111)
	at org.springframework.data.redis.connection.lettuce.LettuceConnectionFactory$ExceptionTranslatingConnectionProvider.getConnection(LettuceConnectionFactory.java:1531)
	... 94 common frames omitted
Caused by: io.netty.channel.AbstractChannel$AnnotatedConnectException: Connection refused: no further information: /47.236.36.111:6379
Caused by: java.net.ConnectException: Connection refused: no further information
	at java.base/sun.nio.ch.Net.pollConnect(Native Method)
	at java.base/sun.nio.ch.Net.pollConnectNow(Net.java:672)
	at java.base/sun.nio.ch.SocketChannelImpl.finishConnect(SocketChannelImpl.java:946)
	at io.netty.channel.socket.nio.NioSocketChannel.doFinishConnect(NioSocketChannel.java:337)
	at io.netty.channel.nio.AbstractNioChannel$AbstractNioUnsafe.finishConnect(AbstractNioChannel.java:334)
	at io.netty.channel.nio.NioEventLoop.processSelectedKey(NioEventLoop.java:776)
	at io.netty.channel.nio.NioEventLoop.processSelectedKeysOptimized(NioEventLoop.java:724)
	at io.netty.channel.nio.NioEventLoop.processSelectedKeys(NioEventLoop.java:650)
	at io.netty.channel.nio.NioEventLoop.run(NioEventLoop.java:562)
	at io.netty.util.concurrent.SingleThreadEventExecutor$4.run(SingleThreadEventExecutor.java:997)
	at io.netty.util.internal.ThreadExecutorMap$2.run(ThreadExecutorMap.java:74)
	at io.netty.util.concurrent.FastThreadLocalRunnable.run(FastThreadLocalRunnable.java:30)
	at java.base/java.lang.Thread.run(Thread.java:842)
2025-09-19 14:45:45.071 [http-nio-8093-exec-1] INFO  c.z.f.b.context.filter.HeaderUserId2ContextFilter - ===== 删除 ThreadLocal， userId: 100
2025-09-19 14:46:30.511 [http-nio-8093-exec-2] INFO  c.z.f.b.context.filter.HeaderUserId2ContextFilter - ## HeaderUserId2ContextFilter, 用户 ID: 100
2025-09-19 14:46:30.513 [http-nio-8093-exec-2] INFO  c.z.f.b.operationlog.aspect.ApiOperationLogAspect - ====== 请求开始: [评论分页查询], 入参: {"noteId":1960629729467826196,"pageNo":1}, 请求类: CommentController, 请求方法: findCommentPageList =================================== 
2025-09-19 14:46:32.801 [http-nio-8093-exec-2] ERROR c.z.x.comment.biz.exception.GlobalExceptionHandler - /comment/list request error, 
org.springframework.data.redis.RedisConnectionFailureException: Unable to connect to Redis
	at org.springframework.data.redis.connection.lettuce.LettuceConnectionFactory$ExceptionTranslatingConnectionProvider.translateException(LettuceConnectionFactory.java:1602)
	at org.springframework.data.redis.connection.lettuce.LettuceConnectionFactory$ExceptionTranslatingConnectionProvider.getConnection(LettuceConnectionFactory.java:1533)
	at org.springframework.data.redis.connection.lettuce.LettuceConnectionFactory$SharedConnection.getNativeConnection(LettuceConnectionFactory.java:1358)
	at org.springframework.data.redis.connection.lettuce.LettuceConnectionFactory$SharedConnection.getConnection(LettuceConnectionFactory.java:1341)
	at org.springframework.data.redis.connection.lettuce.LettuceConnectionFactory.getSharedConnection(LettuceConnectionFactory.java:1059)
	at org.springframework.data.redis.connection.lettuce.LettuceConnectionFactory.getConnection(LettuceConnectionFactory.java:398)
	at org.springframework.data.redis.core.RedisConnectionUtils.fetchConnection(RedisConnectionUtils.java:193)
	at org.springframework.data.redis.core.RedisConnectionUtils.doGetConnection(RedisConnectionUtils.java:144)
	at org.springframework.data.redis.core.RedisConnectionUtils.getConnection(RedisConnectionUtils.java:105)
	at org.springframework.data.redis.core.RedisTemplate.execute(RedisTemplate.java:393)
	at org.springframework.data.redis.core.RedisTemplate.execute(RedisTemplate.java:373)
	at org.springframework.data.redis.core.AbstractOperations.execute(AbstractOperations.java:97)
	at org.springframework.data.redis.core.DefaultHashOperations.get(DefaultHashOperations.java:51)
	at com.zry.xiaohongshu.comment.biz.service.impl.CommentServiceImpl.findCommentPageList(CommentServiceImpl.java:129)
	at com.zry.xiaohongshu.comment.biz.controller.CommentController.findCommentPageList(CommentController.java:31)
	at java.base/jdk.internal.reflect.NativeMethodAccessorImpl.invoke0(Native Method)
	at java.base/jdk.internal.reflect.NativeMethodAccessorImpl.invoke(NativeMethodAccessorImpl.java:77)
	at java.base/jdk.internal.reflect.DelegatingMethodAccessorImpl.invoke(DelegatingMethodAccessorImpl.java:43)
	at java.base/java.lang.reflect.Method.invoke(Method.java:568)
	at org.springframework.aop.support.AopUtils.invokeJoinpointUsingReflection(AopUtils.java:343)
	at org.springframework.aop.framework.ReflectiveMethodInvocation.invokeJoinpoint(ReflectiveMethodInvocation.java:196)
	at org.springframework.aop.framework.ReflectiveMethodInvocation.proceed(ReflectiveMethodInvocation.java:163)
	at org.springframework.aop.framework.CglibAopProxy$CglibMethodInvocation.proceed(CglibAopProxy.java:752)
	at org.springframework.aop.aspectj.MethodInvocationProceedingJoinPoint.proceed(MethodInvocationProceedingJoinPoint.java:89)
	at com.zry.framework.biz.operationlog.aspect.ApiOperationLogAspect.doAround(ApiOperationLogAspect.java:50)
	at java.base/jdk.internal.reflect.NativeMethodAccessorImpl.invoke0(Native Method)
	at java.base/jdk.internal.reflect.NativeMethodAccessorImpl.invoke(NativeMethodAccessorImpl.java:77)
	at java.base/jdk.internal.reflect.DelegatingMethodAccessorImpl.invoke(DelegatingMethodAccessorImpl.java:43)
	at java.base/java.lang.reflect.Method.invoke(Method.java:568)
	at org.springframework.aop.aspectj.AbstractAspectJAdvice.invokeAdviceMethodWithGivenArgs(AbstractAspectJAdvice.java:633)
	at org.springframework.aop.aspectj.AbstractAspectJAdvice.invokeAdviceMethod(AbstractAspectJAdvice.java:623)
	at org.springframework.aop.aspectj.AspectJAroundAdvice.invoke(AspectJAroundAdvice.java:71)
	at org.springframework.aop.framework.ReflectiveMethodInvocation.proceed(ReflectiveMethodInvocation.java:173)
	at org.springframework.aop.framework.CglibAopProxy$CglibMethodInvocation.proceed(CglibAopProxy.java:752)
	at org.springframework.aop.interceptor.ExposeInvocationInterceptor.invoke(ExposeInvocationInterceptor.java:97)
	at org.springframework.aop.framework.ReflectiveMethodInvocation.proceed(ReflectiveMethodInvocation.java:184)
	at org.springframework.aop.framework.CglibAopProxy$CglibMethodInvocation.proceed(CglibAopProxy.java:752)
	at org.springframework.aop.framework.CglibAopProxy$DynamicAdvisedInterceptor.intercept(CglibAopProxy.java:703)
	at com.zry.xiaohongshu.comment.biz.controller.CommentController$$SpringCGLIB$$0.findCommentPageList(<generated>)
	at java.base/jdk.internal.reflect.NativeMethodAccessorImpl.invoke0(Native Method)
	at java.base/jdk.internal.reflect.NativeMethodAccessorImpl.invoke(NativeMethodAccessorImpl.java:77)
	at java.base/jdk.internal.reflect.DelegatingMethodAccessorImpl.invoke(DelegatingMethodAccessorImpl.java:43)
	at java.base/java.lang.reflect.Method.invoke(Method.java:568)
	at org.springframework.web.method.support.InvocableHandlerMethod.doInvoke(InvocableHandlerMethod.java:207)
	at org.springframework.web.method.support.InvocableHandlerMethod.invokeForRequest(InvocableHandlerMethod.java:152)
	at org.springframework.web.servlet.mvc.method.annotation.ServletInvocableHandlerMethod.invokeAndHandle(ServletInvocableHandlerMethod.java:117)
	at org.springframework.web.servlet.mvc.method.annotation.RequestMappingHandlerAdapter.invokeHandlerMethod(RequestMappingHandlerAdapter.java:884)
	at org.springframework.web.servlet.mvc.method.annotation.RequestMappingHandlerAdapter.handleInternal(RequestMappingHandlerAdapter.java:797)
	at org.springframework.web.servlet.mvc.method.AbstractHandlerMethodAdapter.handle(AbstractHandlerMethodAdapter.java:87)
	at org.springframework.web.servlet.DispatcherServlet.doDispatch(DispatcherServlet.java:1080)
	at org.springframework.web.servlet.DispatcherServlet.doService(DispatcherServlet.java:973)
	at org.springframework.web.servlet.FrameworkServlet.processRequest(FrameworkServlet.java:1011)
	at org.springframework.web.servlet.FrameworkServlet.doPost(FrameworkServlet.java:914)
	at jakarta.servlet.http.HttpServlet.service(HttpServlet.java:547)
	at org.springframework.web.servlet.FrameworkServlet.service(FrameworkServlet.java:885)
	at jakarta.servlet.http.HttpServlet.service(HttpServlet.java:614)
	at org.apache.catalina.core.ApplicationFilterChain.internalDoFilter(ApplicationFilterChain.java:223)
	at org.apache.catalina.core.ApplicationFilterChain.doFilter(ApplicationFilterChain.java:158)
	at org.apache.tomcat.websocket.server.WsFilter.doFilter(WsFilter.java:53)
	at org.apache.catalina.core.ApplicationFilterChain.internalDoFilter(ApplicationFilterChain.java:185)
	at org.apache.catalina.core.ApplicationFilterChain.doFilter(ApplicationFilterChain.java:158)
	at com.zry.framework.biz.context.filter.HeaderUserId2ContextFilter.doFilterInternal(HeaderUserId2ContextFilter.java:33)
	at org.springframework.web.filter.OncePerRequestFilter.doFilter(OncePerRequestFilter.java:116)
	at org.apache.catalina.core.ApplicationFilterChain.internalDoFilter(ApplicationFilterChain.java:185)
	at org.apache.catalina.core.ApplicationFilterChain.doFilter(ApplicationFilterChain.java:158)
	at com.alibaba.druid.support.jakarta.WebStatFilter.doFilter(WebStatFilter.java:113)
	at org.apache.catalina.core.ApplicationFilterChain.internalDoFilter(ApplicationFilterChain.java:185)
	at org.apache.catalina.core.ApplicationFilterChain.doFilter(ApplicationFilterChain.java:158)
	at org.springframework.web.filter.RequestContextFilter.doFilterInternal(RequestContextFilter.java:100)
	at org.springframework.web.filter.OncePerRequestFilter.doFilter(OncePerRequestFilter.java:116)
	at org.apache.catalina.core.ApplicationFilterChain.internalDoFilter(ApplicationFilterChain.java:185)
	at org.apache.catalina.core.ApplicationFilterChain.doFilter(ApplicationFilterChain.java:158)
	at org.springframework.web.filter.FormContentFilter.doFilterInternal(FormContentFilter.java:93)
	at org.springframework.web.filter.OncePerRequestFilter.doFilter(OncePerRequestFilter.java:116)
	at org.apache.catalina.core.ApplicationFilterChain.internalDoFilter(ApplicationFilterChain.java:185)
	at org.apache.catalina.core.ApplicationFilterChain.doFilter(ApplicationFilterChain.java:158)
	at org.springframework.web.filter.CharacterEncodingFilter.doFilterInternal(CharacterEncodingFilter.java:201)
	at org.springframework.web.filter.OncePerRequestFilter.doFilter(OncePerRequestFilter.java:116)
	at org.apache.catalina.core.ApplicationFilterChain.internalDoFilter(ApplicationFilterChain.java:185)
	at org.apache.catalina.core.ApplicationFilterChain.doFilter(ApplicationFilterChain.java:158)
	at org.apache.catalina.core.StandardWrapperValve.invoke(StandardWrapperValve.java:177)
	at org.apache.catalina.core.StandardContextValve.invoke(StandardContextValve.java:97)
	at org.apache.catalina.authenticator.AuthenticatorBase.invoke(AuthenticatorBase.java:542)
	at org.apache.catalina.core.StandardHostValve.invoke(StandardHostValve.java:119)
	at org.apache.catalina.valves.ErrorReportValve.invoke(ErrorReportValve.java:92)
	at org.apache.catalina.core.StandardEngineValve.invoke(StandardEngineValve.java:78)
	at org.apache.catalina.connector.CoyoteAdapter.service(CoyoteAdapter.java:357)
	at org.apache.coyote.http11.Http11Processor.service(Http11Processor.java:400)
	at org.apache.coyote.AbstractProcessorLight.process(AbstractProcessorLight.java:65)
	at org.apache.coyote.AbstractProtocol$ConnectionHandler.process(AbstractProtocol.java:859)
	at org.apache.tomcat.util.net.NioEndpoint$SocketProcessor.doRun(NioEndpoint.java:1734)
	at org.apache.tomcat.util.net.SocketProcessorBase.run(SocketProcessorBase.java:52)
	at org.apache.tomcat.util.threads.ThreadPoolExecutor.runWorker(ThreadPoolExecutor.java:1191)
	at org.apache.tomcat.util.threads.ThreadPoolExecutor$Worker.run(ThreadPoolExecutor.java:659)
	at org.apache.tomcat.util.threads.TaskThread$WrappingRunnable.run(TaskThread.java:61)
	at java.base/java.lang.Thread.run(Thread.java:842)
Caused by: io.lettuce.core.RedisConnectionException: Unable to connect to 47.236.36.111/<unresolved>:6379
	at io.lettuce.core.RedisConnectionException.create(RedisConnectionException.java:78)
	at io.lettuce.core.RedisConnectionException.create(RedisConnectionException.java:56)
	at io.lettuce.core.AbstractRedisClient.getConnection(AbstractRedisClient.java:350)
	at io.lettuce.core.RedisClient.connect(RedisClient.java:216)
	at org.springframework.data.redis.connection.lettuce.StandaloneConnectionProvider.lambda$getConnection$1(StandaloneConnectionProvider.java:111)
	at java.base/java.util.Optional.orElseGet(Optional.java:364)
	at org.springframework.data.redis.connection.lettuce.StandaloneConnectionProvider.getConnection(StandaloneConnectionProvider.java:111)
	at org.springframework.data.redis.connection.lettuce.LettuceConnectionFactory$ExceptionTranslatingConnectionProvider.getConnection(LettuceConnectionFactory.java:1531)
	... 94 common frames omitted
Caused by: io.netty.channel.AbstractChannel$AnnotatedConnectException: Connection refused: no further information: /47.236.36.111:6379
Caused by: java.net.ConnectException: Connection refused: no further information
	at java.base/sun.nio.ch.Net.pollConnect(Native Method)
	at java.base/sun.nio.ch.Net.pollConnectNow(Net.java:672)
	at java.base/sun.nio.ch.SocketChannelImpl.finishConnect(SocketChannelImpl.java:946)
	at io.netty.channel.socket.nio.NioSocketChannel.doFinishConnect(NioSocketChannel.java:337)
	at io.netty.channel.nio.AbstractNioChannel$AbstractNioUnsafe.finishConnect(AbstractNioChannel.java:334)
	at io.netty.channel.nio.NioEventLoop.processSelectedKey(NioEventLoop.java:776)
	at io.netty.channel.nio.NioEventLoop.processSelectedKeysOptimized(NioEventLoop.java:724)
	at io.netty.channel.nio.NioEventLoop.processSelectedKeys(NioEventLoop.java:650)
	at io.netty.channel.nio.NioEventLoop.run(NioEventLoop.java:562)
	at io.netty.util.concurrent.SingleThreadEventExecutor$4.run(SingleThreadEventExecutor.java:997)
	at io.netty.util.internal.ThreadExecutorMap$2.run(ThreadExecutorMap.java:74)
	at io.netty.util.concurrent.FastThreadLocalRunnable.run(FastThreadLocalRunnable.java:30)
	at java.base/java.lang.Thread.run(Thread.java:842)
2025-09-19 14:46:32.805 [http-nio-8093-exec-2] INFO  c.z.f.b.context.filter.HeaderUserId2ContextFilter - ===== 删除 ThreadLocal， userId: 100
2025-09-19 14:46:33.392 [http-nio-8093-exec-3] INFO  c.z.f.b.context.filter.HeaderUserId2ContextFilter - ## HeaderUserId2ContextFilter, 用户 ID: 100
2025-09-19 14:46:33.394 [http-nio-8093-exec-3] INFO  c.z.f.b.operationlog.aspect.ApiOperationLogAspect - ====== 请求开始: [评论分页查询], 入参: {"noteId":1862481582414102549,"pageNo":1}, 请求类: CommentController, 请求方法: findCommentPageList =================================== 
2025-09-19 14:46:34.879 [http-nio-8093-exec-4] INFO  c.z.f.b.context.filter.HeaderUserId2ContextFilter - ## HeaderUserId2ContextFilter, 用户 ID: 100
2025-09-19 14:46:34.882 [http-nio-8093-exec-4] INFO  c.z.f.b.operationlog.aspect.ApiOperationLogAspect - ====== 请求开始: [评论分页查询], 入参: {"noteId":1960629719539908695,"pageNo":1}, 请求类: CommentController, 请求方法: findCommentPageList =================================== 
2025-09-19 14:46:35.628 [http-nio-8093-exec-3] ERROR c.z.x.comment.biz.exception.GlobalExceptionHandler - /comment/list request error, 
org.springframework.data.redis.RedisConnectionFailureException: Unable to connect to Redis
	at org.springframework.data.redis.connection.lettuce.LettuceConnectionFactory$ExceptionTranslatingConnectionProvider.translateException(LettuceConnectionFactory.java:1602)
	at org.springframework.data.redis.connection.lettuce.LettuceConnectionFactory$ExceptionTranslatingConnectionProvider.getConnection(LettuceConnectionFactory.java:1533)
	at org.springframework.data.redis.connection.lettuce.LettuceConnectionFactory$SharedConnection.getNativeConnection(LettuceConnectionFactory.java:1358)
	at org.springframework.data.redis.connection.lettuce.LettuceConnectionFactory$SharedConnection.getConnection(LettuceConnectionFactory.java:1341)
	at org.springframework.data.redis.connection.lettuce.LettuceConnectionFactory.getSharedConnection(LettuceConnectionFactory.java:1059)
	at org.springframework.data.redis.connection.lettuce.LettuceConnectionFactory.getConnection(LettuceConnectionFactory.java:398)
	at org.springframework.data.redis.core.RedisConnectionUtils.fetchConnection(RedisConnectionUtils.java:193)
	at org.springframework.data.redis.core.RedisConnectionUtils.doGetConnection(RedisConnectionUtils.java:144)
	at org.springframework.data.redis.core.RedisConnectionUtils.getConnection(RedisConnectionUtils.java:105)
	at org.springframework.data.redis.core.RedisTemplate.execute(RedisTemplate.java:393)
	at org.springframework.data.redis.core.RedisTemplate.execute(RedisTemplate.java:373)
	at org.springframework.data.redis.core.AbstractOperations.execute(AbstractOperations.java:97)
	at org.springframework.data.redis.core.DefaultHashOperations.get(DefaultHashOperations.java:51)
	at com.zry.xiaohongshu.comment.biz.service.impl.CommentServiceImpl.findCommentPageList(CommentServiceImpl.java:129)
	at com.zry.xiaohongshu.comment.biz.controller.CommentController.findCommentPageList(CommentController.java:31)
	at java.base/jdk.internal.reflect.NativeMethodAccessorImpl.invoke0(Native Method)
	at java.base/jdk.internal.reflect.NativeMethodAccessorImpl.invoke(NativeMethodAccessorImpl.java:77)
	at java.base/jdk.internal.reflect.DelegatingMethodAccessorImpl.invoke(DelegatingMethodAccessorImpl.java:43)
	at java.base/java.lang.reflect.Method.invoke(Method.java:568)
	at org.springframework.aop.support.AopUtils.invokeJoinpointUsingReflection(AopUtils.java:343)
	at org.springframework.aop.framework.ReflectiveMethodInvocation.invokeJoinpoint(ReflectiveMethodInvocation.java:196)
	at org.springframework.aop.framework.ReflectiveMethodInvocation.proceed(ReflectiveMethodInvocation.java:163)
	at org.springframework.aop.framework.CglibAopProxy$CglibMethodInvocation.proceed(CglibAopProxy.java:752)
	at org.springframework.aop.aspectj.MethodInvocationProceedingJoinPoint.proceed(MethodInvocationProceedingJoinPoint.java:89)
	at com.zry.framework.biz.operationlog.aspect.ApiOperationLogAspect.doAround(ApiOperationLogAspect.java:50)
	at java.base/jdk.internal.reflect.NativeMethodAccessorImpl.invoke0(Native Method)
	at java.base/jdk.internal.reflect.NativeMethodAccessorImpl.invoke(NativeMethodAccessorImpl.java:77)
	at java.base/jdk.internal.reflect.DelegatingMethodAccessorImpl.invoke(DelegatingMethodAccessorImpl.java:43)
	at java.base/java.lang.reflect.Method.invoke(Method.java:568)
	at org.springframework.aop.aspectj.AbstractAspectJAdvice.invokeAdviceMethodWithGivenArgs(AbstractAspectJAdvice.java:633)
	at org.springframework.aop.aspectj.AbstractAspectJAdvice.invokeAdviceMethod(AbstractAspectJAdvice.java:623)
	at org.springframework.aop.aspectj.AspectJAroundAdvice.invoke(AspectJAroundAdvice.java:71)
	at org.springframework.aop.framework.ReflectiveMethodInvocation.proceed(ReflectiveMethodInvocation.java:173)
	at org.springframework.aop.framework.CglibAopProxy$CglibMethodInvocation.proceed(CglibAopProxy.java:752)
	at org.springframework.aop.interceptor.ExposeInvocationInterceptor.invoke(ExposeInvocationInterceptor.java:97)
	at org.springframework.aop.framework.ReflectiveMethodInvocation.proceed(ReflectiveMethodInvocation.java:184)
	at org.springframework.aop.framework.CglibAopProxy$CglibMethodInvocation.proceed(CglibAopProxy.java:752)
	at org.springframework.aop.framework.CglibAopProxy$DynamicAdvisedInterceptor.intercept(CglibAopProxy.java:703)
	at com.zry.xiaohongshu.comment.biz.controller.CommentController$$SpringCGLIB$$0.findCommentPageList(<generated>)
	at java.base/jdk.internal.reflect.NativeMethodAccessorImpl.invoke0(Native Method)
	at java.base/jdk.internal.reflect.NativeMethodAccessorImpl.invoke(NativeMethodAccessorImpl.java:77)
	at java.base/jdk.internal.reflect.DelegatingMethodAccessorImpl.invoke(DelegatingMethodAccessorImpl.java:43)
	at java.base/java.lang.reflect.Method.invoke(Method.java:568)
	at org.springframework.web.method.support.InvocableHandlerMethod.doInvoke(InvocableHandlerMethod.java:207)
	at org.springframework.web.method.support.InvocableHandlerMethod.invokeForRequest(InvocableHandlerMethod.java:152)
	at org.springframework.web.servlet.mvc.method.annotation.ServletInvocableHandlerMethod.invokeAndHandle(ServletInvocableHandlerMethod.java:117)
	at org.springframework.web.servlet.mvc.method.annotation.RequestMappingHandlerAdapter.invokeHandlerMethod(RequestMappingHandlerAdapter.java:884)
	at org.springframework.web.servlet.mvc.method.annotation.RequestMappingHandlerAdapter.handleInternal(RequestMappingHandlerAdapter.java:797)
	at org.springframework.web.servlet.mvc.method.AbstractHandlerMethodAdapter.handle(AbstractHandlerMethodAdapter.java:87)
	at org.springframework.web.servlet.DispatcherServlet.doDispatch(DispatcherServlet.java:1080)
	at org.springframework.web.servlet.DispatcherServlet.doService(DispatcherServlet.java:973)
	at org.springframework.web.servlet.FrameworkServlet.processRequest(FrameworkServlet.java:1011)
	at org.springframework.web.servlet.FrameworkServlet.doPost(FrameworkServlet.java:914)
	at jakarta.servlet.http.HttpServlet.service(HttpServlet.java:547)
	at org.springframework.web.servlet.FrameworkServlet.service(FrameworkServlet.java:885)
	at jakarta.servlet.http.HttpServlet.service(HttpServlet.java:614)
	at org.apache.catalina.core.ApplicationFilterChain.internalDoFilter(ApplicationFilterChain.java:223)
	at org.apache.catalina.core.ApplicationFilterChain.doFilter(ApplicationFilterChain.java:158)
	at org.apache.tomcat.websocket.server.WsFilter.doFilter(WsFilter.java:53)
	at org.apache.catalina.core.ApplicationFilterChain.internalDoFilter(ApplicationFilterChain.java:185)
	at org.apache.catalina.core.ApplicationFilterChain.doFilter(ApplicationFilterChain.java:158)
	at com.zry.framework.biz.context.filter.HeaderUserId2ContextFilter.doFilterInternal(HeaderUserId2ContextFilter.java:33)
	at org.springframework.web.filter.OncePerRequestFilter.doFilter(OncePerRequestFilter.java:116)
	at org.apache.catalina.core.ApplicationFilterChain.internalDoFilter(ApplicationFilterChain.java:185)
	at org.apache.catalina.core.ApplicationFilterChain.doFilter(ApplicationFilterChain.java:158)
	at com.alibaba.druid.support.jakarta.WebStatFilter.doFilter(WebStatFilter.java:113)
	at org.apache.catalina.core.ApplicationFilterChain.internalDoFilter(ApplicationFilterChain.java:185)
	at org.apache.catalina.core.ApplicationFilterChain.doFilter(ApplicationFilterChain.java:158)
	at org.springframework.web.filter.RequestContextFilter.doFilterInternal(RequestContextFilter.java:100)
	at org.springframework.web.filter.OncePerRequestFilter.doFilter(OncePerRequestFilter.java:116)
	at org.apache.catalina.core.ApplicationFilterChain.internalDoFilter(ApplicationFilterChain.java:185)
	at org.apache.catalina.core.ApplicationFilterChain.doFilter(ApplicationFilterChain.java:158)
	at org.springframework.web.filter.FormContentFilter.doFilterInternal(FormContentFilter.java:93)
	at org.springframework.web.filter.OncePerRequestFilter.doFilter(OncePerRequestFilter.java:116)
	at org.apache.catalina.core.ApplicationFilterChain.internalDoFilter(ApplicationFilterChain.java:185)
	at org.apache.catalina.core.ApplicationFilterChain.doFilter(ApplicationFilterChain.java:158)
	at org.springframework.web.filter.CharacterEncodingFilter.doFilterInternal(CharacterEncodingFilter.java:201)
	at org.springframework.web.filter.OncePerRequestFilter.doFilter(OncePerRequestFilter.java:116)
	at org.apache.catalina.core.ApplicationFilterChain.internalDoFilter(ApplicationFilterChain.java:185)
	at org.apache.catalina.core.ApplicationFilterChain.doFilter(ApplicationFilterChain.java:158)
	at org.apache.catalina.core.StandardWrapperValve.invoke(StandardWrapperValve.java:177)
	at org.apache.catalina.core.StandardContextValve.invoke(StandardContextValve.java:97)
	at org.apache.catalina.authenticator.AuthenticatorBase.invoke(AuthenticatorBase.java:542)
	at org.apache.catalina.core.StandardHostValve.invoke(StandardHostValve.java:119)
	at org.apache.catalina.valves.ErrorReportValve.invoke(ErrorReportValve.java:92)
	at org.apache.catalina.core.StandardEngineValve.invoke(StandardEngineValve.java:78)
	at org.apache.catalina.connector.CoyoteAdapter.service(CoyoteAdapter.java:357)
	at org.apache.coyote.http11.Http11Processor.service(Http11Processor.java:400)
	at org.apache.coyote.AbstractProcessorLight.process(AbstractProcessorLight.java:65)
	at org.apache.coyote.AbstractProtocol$ConnectionHandler.process(AbstractProtocol.java:859)
	at org.apache.tomcat.util.net.NioEndpoint$SocketProcessor.doRun(NioEndpoint.java:1734)
	at org.apache.tomcat.util.net.SocketProcessorBase.run(SocketProcessorBase.java:52)
	at org.apache.tomcat.util.threads.ThreadPoolExecutor.runWorker(ThreadPoolExecutor.java:1191)
	at org.apache.tomcat.util.threads.ThreadPoolExecutor$Worker.run(ThreadPoolExecutor.java:659)
	at org.apache.tomcat.util.threads.TaskThread$WrappingRunnable.run(TaskThread.java:61)
	at java.base/java.lang.Thread.run(Thread.java:842)
Caused by: io.lettuce.core.RedisConnectionException: Unable to connect to 47.236.36.111/<unresolved>:6379
	at io.lettuce.core.RedisConnectionException.create(RedisConnectionException.java:78)
	at io.lettuce.core.RedisConnectionException.create(RedisConnectionException.java:56)
	at io.lettuce.core.AbstractRedisClient.getConnection(AbstractRedisClient.java:350)
	at io.lettuce.core.RedisClient.connect(RedisClient.java:216)
	at org.springframework.data.redis.connection.lettuce.StandaloneConnectionProvider.lambda$getConnection$1(StandaloneConnectionProvider.java:111)
	at java.base/java.util.Optional.orElseGet(Optional.java:364)
	at org.springframework.data.redis.connection.lettuce.StandaloneConnectionProvider.getConnection(StandaloneConnectionProvider.java:111)
	at org.springframework.data.redis.connection.lettuce.LettuceConnectionFactory$ExceptionTranslatingConnectionProvider.getConnection(LettuceConnectionFactory.java:1531)
	... 94 common frames omitted
Caused by: io.netty.channel.AbstractChannel$AnnotatedConnectException: Connection refused: no further information: /47.236.36.111:6379
Caused by: java.net.ConnectException: Connection refused: no further information
	at java.base/sun.nio.ch.Net.pollConnect(Native Method)
	at java.base/sun.nio.ch.Net.pollConnectNow(Net.java:672)
	at java.base/sun.nio.ch.SocketChannelImpl.finishConnect(SocketChannelImpl.java:946)
	at io.netty.channel.socket.nio.NioSocketChannel.doFinishConnect(NioSocketChannel.java:337)
	at io.netty.channel.nio.AbstractNioChannel$AbstractNioUnsafe.finishConnect(AbstractNioChannel.java:334)
	at io.netty.channel.nio.NioEventLoop.processSelectedKey(NioEventLoop.java:776)
	at io.netty.channel.nio.NioEventLoop.processSelectedKeysOptimized(NioEventLoop.java:724)
	at io.netty.channel.nio.NioEventLoop.processSelectedKeys(NioEventLoop.java:650)
	at io.netty.channel.nio.NioEventLoop.run(NioEventLoop.java:562)
	at io.netty.util.concurrent.SingleThreadEventExecutor$4.run(SingleThreadEventExecutor.java:997)
	at io.netty.util.internal.ThreadExecutorMap$2.run(ThreadExecutorMap.java:74)
	at io.netty.util.concurrent.FastThreadLocalRunnable.run(FastThreadLocalRunnable.java:30)
	at java.base/java.lang.Thread.run(Thread.java:842)
2025-09-19 14:46:35.632 [http-nio-8093-exec-3] INFO  c.z.f.b.context.filter.HeaderUserId2ContextFilter - ===== 删除 ThreadLocal， userId: 100
2025-09-19 14:46:37.927 [http-nio-8093-exec-4] ERROR c.z.x.comment.biz.exception.GlobalExceptionHandler - /comment/list request error, 
org.springframework.data.redis.RedisConnectionFailureException: Unable to connect to Redis
	at org.springframework.data.redis.connection.lettuce.LettuceConnectionFactory$ExceptionTranslatingConnectionProvider.translateException(LettuceConnectionFactory.java:1602)
	at org.springframework.data.redis.connection.lettuce.LettuceConnectionFactory$ExceptionTranslatingConnectionProvider.getConnection(LettuceConnectionFactory.java:1533)
	at org.springframework.data.redis.connection.lettuce.LettuceConnectionFactory$SharedConnection.getNativeConnection(LettuceConnectionFactory.java:1358)
	at org.springframework.data.redis.connection.lettuce.LettuceConnectionFactory$SharedConnection.getConnection(LettuceConnectionFactory.java:1341)
	at org.springframework.data.redis.connection.lettuce.LettuceConnectionFactory.getSharedConnection(LettuceConnectionFactory.java:1059)
	at org.springframework.data.redis.connection.lettuce.LettuceConnectionFactory.getConnection(LettuceConnectionFactory.java:398)
	at org.springframework.data.redis.core.RedisConnectionUtils.fetchConnection(RedisConnectionUtils.java:193)
	at org.springframework.data.redis.core.RedisConnectionUtils.doGetConnection(RedisConnectionUtils.java:144)
	at org.springframework.data.redis.core.RedisConnectionUtils.getConnection(RedisConnectionUtils.java:105)
	at org.springframework.data.redis.core.RedisTemplate.execute(RedisTemplate.java:393)
	at org.springframework.data.redis.core.RedisTemplate.execute(RedisTemplate.java:373)
	at org.springframework.data.redis.core.AbstractOperations.execute(AbstractOperations.java:97)
	at org.springframework.data.redis.core.DefaultHashOperations.get(DefaultHashOperations.java:51)
	at com.zry.xiaohongshu.comment.biz.service.impl.CommentServiceImpl.findCommentPageList(CommentServiceImpl.java:129)
	at com.zry.xiaohongshu.comment.biz.controller.CommentController.findCommentPageList(CommentController.java:31)
	at java.base/jdk.internal.reflect.NativeMethodAccessorImpl.invoke0(Native Method)
	at java.base/jdk.internal.reflect.NativeMethodAccessorImpl.invoke(NativeMethodAccessorImpl.java:77)
	at java.base/jdk.internal.reflect.DelegatingMethodAccessorImpl.invoke(DelegatingMethodAccessorImpl.java:43)
	at java.base/java.lang.reflect.Method.invoke(Method.java:568)
	at org.springframework.aop.support.AopUtils.invokeJoinpointUsingReflection(AopUtils.java:343)
	at org.springframework.aop.framework.ReflectiveMethodInvocation.invokeJoinpoint(ReflectiveMethodInvocation.java:196)
	at org.springframework.aop.framework.ReflectiveMethodInvocation.proceed(ReflectiveMethodInvocation.java:163)
	at org.springframework.aop.framework.CglibAopProxy$CglibMethodInvocation.proceed(CglibAopProxy.java:752)
	at org.springframework.aop.aspectj.MethodInvocationProceedingJoinPoint.proceed(MethodInvocationProceedingJoinPoint.java:89)
	at com.zry.framework.biz.operationlog.aspect.ApiOperationLogAspect.doAround(ApiOperationLogAspect.java:50)
	at java.base/jdk.internal.reflect.NativeMethodAccessorImpl.invoke0(Native Method)
	at java.base/jdk.internal.reflect.NativeMethodAccessorImpl.invoke(NativeMethodAccessorImpl.java:77)
	at java.base/jdk.internal.reflect.DelegatingMethodAccessorImpl.invoke(DelegatingMethodAccessorImpl.java:43)
	at java.base/java.lang.reflect.Method.invoke(Method.java:568)
	at org.springframework.aop.aspectj.AbstractAspectJAdvice.invokeAdviceMethodWithGivenArgs(AbstractAspectJAdvice.java:633)
	at org.springframework.aop.aspectj.AbstractAspectJAdvice.invokeAdviceMethod(AbstractAspectJAdvice.java:623)
	at org.springframework.aop.aspectj.AspectJAroundAdvice.invoke(AspectJAroundAdvice.java:71)
	at org.springframework.aop.framework.ReflectiveMethodInvocation.proceed(ReflectiveMethodInvocation.java:173)
	at org.springframework.aop.framework.CglibAopProxy$CglibMethodInvocation.proceed(CglibAopProxy.java:752)
	at org.springframework.aop.interceptor.ExposeInvocationInterceptor.invoke(ExposeInvocationInterceptor.java:97)
	at org.springframework.aop.framework.ReflectiveMethodInvocation.proceed(ReflectiveMethodInvocation.java:184)
	at org.springframework.aop.framework.CglibAopProxy$CglibMethodInvocation.proceed(CglibAopProxy.java:752)
	at org.springframework.aop.framework.CglibAopProxy$DynamicAdvisedInterceptor.intercept(CglibAopProxy.java:703)
	at com.zry.xiaohongshu.comment.biz.controller.CommentController$$SpringCGLIB$$0.findCommentPageList(<generated>)
	at java.base/jdk.internal.reflect.NativeMethodAccessorImpl.invoke0(Native Method)
	at java.base/jdk.internal.reflect.NativeMethodAccessorImpl.invoke(NativeMethodAccessorImpl.java:77)
	at java.base/jdk.internal.reflect.DelegatingMethodAccessorImpl.invoke(DelegatingMethodAccessorImpl.java:43)
	at java.base/java.lang.reflect.Method.invoke(Method.java:568)
	at org.springframework.web.method.support.InvocableHandlerMethod.doInvoke(InvocableHandlerMethod.java:207)
	at org.springframework.web.method.support.InvocableHandlerMethod.invokeForRequest(InvocableHandlerMethod.java:152)
	at org.springframework.web.servlet.mvc.method.annotation.ServletInvocableHandlerMethod.invokeAndHandle(ServletInvocableHandlerMethod.java:117)
	at org.springframework.web.servlet.mvc.method.annotation.RequestMappingHandlerAdapter.invokeHandlerMethod(RequestMappingHandlerAdapter.java:884)
	at org.springframework.web.servlet.mvc.method.annotation.RequestMappingHandlerAdapter.handleInternal(RequestMappingHandlerAdapter.java:797)
	at org.springframework.web.servlet.mvc.method.AbstractHandlerMethodAdapter.handle(AbstractHandlerMethodAdapter.java:87)
	at org.springframework.web.servlet.DispatcherServlet.doDispatch(DispatcherServlet.java:1080)
	at org.springframework.web.servlet.DispatcherServlet.doService(DispatcherServlet.java:973)
	at org.springframework.web.servlet.FrameworkServlet.processRequest(FrameworkServlet.java:1011)
	at org.springframework.web.servlet.FrameworkServlet.doPost(FrameworkServlet.java:914)
	at jakarta.servlet.http.HttpServlet.service(HttpServlet.java:547)
	at org.springframework.web.servlet.FrameworkServlet.service(FrameworkServlet.java:885)
	at jakarta.servlet.http.HttpServlet.service(HttpServlet.java:614)
	at org.apache.catalina.core.ApplicationFilterChain.internalDoFilter(ApplicationFilterChain.java:223)
	at org.apache.catalina.core.ApplicationFilterChain.doFilter(ApplicationFilterChain.java:158)
	at org.apache.tomcat.websocket.server.WsFilter.doFilter(WsFilter.java:53)
	at org.apache.catalina.core.ApplicationFilterChain.internalDoFilter(ApplicationFilterChain.java:185)
	at org.apache.catalina.core.ApplicationFilterChain.doFilter(ApplicationFilterChain.java:158)
	at com.zry.framework.biz.context.filter.HeaderUserId2ContextFilter.doFilterInternal(HeaderUserId2ContextFilter.java:33)
	at org.springframework.web.filter.OncePerRequestFilter.doFilter(OncePerRequestFilter.java:116)
	at org.apache.catalina.core.ApplicationFilterChain.internalDoFilter(ApplicationFilterChain.java:185)
	at org.apache.catalina.core.ApplicationFilterChain.doFilter(ApplicationFilterChain.java:158)
	at com.alibaba.druid.support.jakarta.WebStatFilter.doFilter(WebStatFilter.java:113)
	at org.apache.catalina.core.ApplicationFilterChain.internalDoFilter(ApplicationFilterChain.java:185)
	at org.apache.catalina.core.ApplicationFilterChain.doFilter(ApplicationFilterChain.java:158)
	at org.springframework.web.filter.RequestContextFilter.doFilterInternal(RequestContextFilter.java:100)
	at org.springframework.web.filter.OncePerRequestFilter.doFilter(OncePerRequestFilter.java:116)
	at org.apache.catalina.core.ApplicationFilterChain.internalDoFilter(ApplicationFilterChain.java:185)
	at org.apache.catalina.core.ApplicationFilterChain.doFilter(ApplicationFilterChain.java:158)
	at org.springframework.web.filter.FormContentFilter.doFilterInternal(FormContentFilter.java:93)
	at org.springframework.web.filter.OncePerRequestFilter.doFilter(OncePerRequestFilter.java:116)
	at org.apache.catalina.core.ApplicationFilterChain.internalDoFilter(ApplicationFilterChain.java:185)
	at org.apache.catalina.core.ApplicationFilterChain.doFilter(ApplicationFilterChain.java:158)
	at org.springframework.web.filter.CharacterEncodingFilter.doFilterInternal(CharacterEncodingFilter.java:201)
	at org.springframework.web.filter.OncePerRequestFilter.doFilter(OncePerRequestFilter.java:116)
	at org.apache.catalina.core.ApplicationFilterChain.internalDoFilter(ApplicationFilterChain.java:185)
	at org.apache.catalina.core.ApplicationFilterChain.doFilter(ApplicationFilterChain.java:158)
	at org.apache.catalina.core.StandardWrapperValve.invoke(StandardWrapperValve.java:177)
	at org.apache.catalina.core.StandardContextValve.invoke(StandardContextValve.java:97)
	at org.apache.catalina.authenticator.AuthenticatorBase.invoke(AuthenticatorBase.java:542)
	at org.apache.catalina.core.StandardHostValve.invoke(StandardHostValve.java:119)
	at org.apache.catalina.valves.ErrorReportValve.invoke(ErrorReportValve.java:92)
	at org.apache.catalina.core.StandardEngineValve.invoke(StandardEngineValve.java:78)
	at org.apache.catalina.connector.CoyoteAdapter.service(CoyoteAdapter.java:357)
	at org.apache.coyote.http11.Http11Processor.service(Http11Processor.java:400)
	at org.apache.coyote.AbstractProcessorLight.process(AbstractProcessorLight.java:65)
	at org.apache.coyote.AbstractProtocol$ConnectionHandler.process(AbstractProtocol.java:859)
	at org.apache.tomcat.util.net.NioEndpoint$SocketProcessor.doRun(NioEndpoint.java:1734)
	at org.apache.tomcat.util.net.SocketProcessorBase.run(SocketProcessorBase.java:52)
	at org.apache.tomcat.util.threads.ThreadPoolExecutor.runWorker(ThreadPoolExecutor.java:1191)
	at org.apache.tomcat.util.threads.ThreadPoolExecutor$Worker.run(ThreadPoolExecutor.java:659)
	at org.apache.tomcat.util.threads.TaskThread$WrappingRunnable.run(TaskThread.java:61)
	at java.base/java.lang.Thread.run(Thread.java:842)
Caused by: io.lettuce.core.RedisConnectionException: Unable to connect to 47.236.36.111/<unresolved>:6379
	at io.lettuce.core.RedisConnectionException.create(RedisConnectionException.java:78)
	at io.lettuce.core.RedisConnectionException.create(RedisConnectionException.java:56)
	at io.lettuce.core.AbstractRedisClient.getConnection(AbstractRedisClient.java:350)
	at io.lettuce.core.RedisClient.connect(RedisClient.java:216)
	at org.springframework.data.redis.connection.lettuce.StandaloneConnectionProvider.lambda$getConnection$1(StandaloneConnectionProvider.java:111)
	at java.base/java.util.Optional.orElseGet(Optional.java:364)
	at org.springframework.data.redis.connection.lettuce.StandaloneConnectionProvider.getConnection(StandaloneConnectionProvider.java:111)
	at org.springframework.data.redis.connection.lettuce.LettuceConnectionFactory$ExceptionTranslatingConnectionProvider.getConnection(LettuceConnectionFactory.java:1531)
	... 94 common frames omitted
Caused by: io.netty.channel.AbstractChannel$AnnotatedConnectException: Connection refused: no further information: /47.236.36.111:6379
Caused by: java.net.ConnectException: Connection refused: no further information
	at java.base/sun.nio.ch.Net.pollConnect(Native Method)
	at java.base/sun.nio.ch.Net.pollConnectNow(Net.java:672)
	at java.base/sun.nio.ch.SocketChannelImpl.finishConnect(SocketChannelImpl.java:946)
	at io.netty.channel.socket.nio.NioSocketChannel.doFinishConnect(NioSocketChannel.java:337)
	at io.netty.channel.nio.AbstractNioChannel$AbstractNioUnsafe.finishConnect(AbstractNioChannel.java:334)
	at io.netty.channel.nio.NioEventLoop.processSelectedKey(NioEventLoop.java:776)
	at io.netty.channel.nio.NioEventLoop.processSelectedKeysOptimized(NioEventLoop.java:724)
	at io.netty.channel.nio.NioEventLoop.processSelectedKeys(NioEventLoop.java:650)
	at io.netty.channel.nio.NioEventLoop.run(NioEventLoop.java:562)
	at io.netty.util.concurrent.SingleThreadEventExecutor$4.run(SingleThreadEventExecutor.java:997)
	at io.netty.util.internal.ThreadExecutorMap$2.run(ThreadExecutorMap.java:74)
	at io.netty.util.concurrent.FastThreadLocalRunnable.run(FastThreadLocalRunnable.java:30)
	at java.base/java.lang.Thread.run(Thread.java:842)
2025-09-19 14:46:37.930 [http-nio-8093-exec-4] INFO  c.z.f.b.context.filter.HeaderUserId2ContextFilter - ===== 删除 ThreadLocal， userId: 100
2025-09-19 14:52:30.340 [NettyClientSelector_1] INFO  RocketmqRemoting - closeChannel: close the connection to remote address[10.91.138.46:10911] result: true
2025-09-19 14:52:30.347 [NettyClientSelector_1] INFO  RocketmqRemoting - closeChannel: close the connection to remote address[10.91.138.46:10911] result: true
2025-09-19 14:52:31.149 [NettyClientSelector_1] INFO  RocketmqRemoting - closeChannel: close the connection to remote address[10.91.138.46:10911] result: true
2025-09-19 14:52:31.524 [NettyClientSelector_1] INFO  RocketmqRemoting - closeChannel: close the connection to remote address[10.91.138.46:10911] result: true
2025-09-19 14:52:31.695 [NettyClientSelector_1] INFO  RocketmqRemoting - closeChannel: close the connection to remote address[10.91.138.46:10911] result: true
2025-09-19 14:52:31.880 [NettyClientSelector_1] INFO  RocketmqRemoting - closeChannel: close the connection to remote address[127.0.0.1:9876] result: true
2025-09-19 14:52:33.349 [NettyClientSelector_1] INFO  RocketmqRemoting - closeChannel: close the connection to remote address[127.0.0.1:9876] result: true
2025-09-19 14:52:34.152 [NettyClientSelector_1] INFO  RocketmqRemoting - closeChannel: close the connection to remote address[10.91.138.46:10911] result: true
2025-09-19 14:52:34.526 [NettyClientSelector_1] INFO  RocketmqRemoting - closeChannel: close the connection to remote address[10.91.138.46:10911] result: true
2025-09-19 14:52:34.698 [NettyClientSelector_1] INFO  RocketmqRemoting - closeChannel: close the connection to remote address[10.91.138.46:10911] result: true
2025-09-19 14:52:34.883 [NettyClientSelector_1] INFO  RocketmqRemoting - closeChannel: close the connection to remote address[10.91.138.46:10911] result: true
2025-09-19 14:53:21.801 [NettyClientSelector_1] INFO  RocketmqRemoting - closeChannel: close the connection to remote address[10.91.138.46:10911] result: true
2025-09-19 14:53:22.145 [NettyClientSelector_1] INFO  RocketmqRemoting - closeChannel: close the connection to remote address[10.91.138.46:10911] result: true
2025-09-19 14:53:22.253 [NettyClientSelector_1] INFO  RocketmqRemoting - closeChannel: close the connection to remote address[10.91.138.46:10911] result: true
2025-09-19 14:53:22.330 [NettyClientSelector_1] INFO  RocketmqRemoting - closeChannel: close the connection to remote address[10.91.138.46:10911] result: true
2025-09-19 14:53:24.803 [NettyClientSelector_1] INFO  RocketmqRemoting - closeChannel: close the connection to remote address[10.91.138.46:10911] result: true
2025-09-19 14:53:25.147 [NettyClientSelector_1] INFO  RocketmqRemoting - closeChannel: close the connection to remote address[10.91.138.46:10911] result: true
2025-09-19 14:53:25.255 [NettyClientSelector_1] INFO  RocketmqRemoting - closeChannel: close the connection to remote address[10.91.138.46:10911] result: true
2025-09-19 14:53:25.333 [NettyClientSelector_1] INFO  RocketmqRemoting - closeChannel: close the connection to remote address[127.0.0.1:9876] result: true
2025-09-19 14:53:30.312 [NettyClientSelector_1] INFO  RocketmqRemoting - closeChannel: close the connection to remote address[10.91.138.46:10911] result: true
2025-09-19 14:56:30.309 [NettyClientSelector_1] INFO  RocketmqRemoting - closeChannel: close the connection to remote address[10.91.138.46:10911] result: true
2025-09-19 14:56:31.879 [NettyClientSelector_1] INFO  RocketmqRemoting - closeChannel: close the connection to remote address[127.0.0.1:9876] result: true
2025-09-19 14:56:34.893 [NettyClientSelector_1] INFO  RocketmqRemoting - closeChannel: close the connection to remote address[10.91.138.46:10911] result: true
2025-09-19 14:58:01.878 [NettyClientSelector_1] INFO  RocketmqRemoting - closeChannel: close the connection to remote address[127.0.0.1:9876] result: true
2025-09-19 14:58:01.957 [NettyClientSelector_1] INFO  RocketmqRemoting - closeChannel: close the connection to remote address[10.91.138.46:10911] result: true
2025-09-19 14:58:02.343 [NettyClientSelector_1] INFO  RocketmqRemoting - closeChannel: close the connection to remote address[10.91.138.46:10911] result: true
2025-09-19 14:58:02.902 [NettyClientSelector_1] INFO  RocketmqRemoting - closeChannel: close the connection to remote address[10.91.138.46:10911] result: true
2025-09-19 14:58:02.902 [NettyClientSelector_1] INFO  RocketmqRemoting - closeChannel: close the connection to remote address[10.91.138.46:10911] result: true
2025-09-19 14:58:04.892 [NettyClientSelector_1] INFO  RocketmqRemoting - closeChannel: close the connection to remote address[10.91.138.46:10911] result: true
2025-09-19 14:58:04.968 [NettyClientSelector_1] INFO  RocketmqRemoting - closeChannel: close the connection to remote address[10.91.138.46:10911] result: true
2025-09-19 14:58:05.356 [NettyClientSelector_1] INFO  RocketmqRemoting - closeChannel: close the connection to remote address[127.0.0.1:9876] result: true
2025-09-19 14:58:05.911 [NettyClientSelector_1] INFO  RocketmqRemoting - closeChannel: close the connection to remote address[10.91.138.46:10911] result: true
2025-09-19 14:58:05.911 [NettyClientSelector_1] INFO  RocketmqRemoting - closeChannel: close the connection to remote address[10.91.138.46:10911] result: true
2025-09-19 14:58:10.300 [NettyClientSelector_1] INFO  RocketmqRemoting - closeChannel: close the connection to remote address[10.91.138.46:10911] result: true
2025-09-19 14:58:10.348 [NettyClientSelector_1] INFO  RocketmqRemoting - closeChannel: close the connection to remote address[127.0.0.1:9876] result: true
2025-09-19 14:58:10.784 [NettyClientSelector_1] INFO  RocketmqRemoting - closeChannel: close the connection to remote address[127.0.0.1:9876] result: true
2025-09-19 14:58:10.876 [NettyClientSelector_1] INFO  RocketmqRemoting - closeChannel: close the connection to remote address[127.0.0.1:9876] result: true
2025-09-19 14:58:11.062 [NettyClientSelector_1] INFO  RocketmqRemoting - closeChannel: close the connection to remote address[127.0.0.1:9876] result: true
2025-09-19 14:58:11.124 [NettyClientSelector_1] INFO  RocketmqRemoting - closeChannel: close the connection to remote address[127.0.0.1:9876] result: true
2025-09-19 14:58:11.233 [NettyClientSelector_1] INFO  RocketmqRemoting - closeChannel: close the connection to remote address[127.0.0.1:9876] result: true
2025-09-19 14:58:11.312 [NettyClientSelector_1] INFO  RocketmqRemoting - closeChannel: close the connection to remote address[127.0.0.1:9876] result: true
2025-09-19 14:58:13.360 [NettyClientSelector_1] INFO  RocketmqRemoting - closeChannel: close the connection to remote address[10.91.138.46:10911] result: true
2025-09-19 14:58:13.792 [NettyClientSelector_1] INFO  RocketmqRemoting - closeChannel: close the connection to remote address[10.91.138.46:10911] result: true
2025-09-19 14:58:13.885 [NettyClientSelector_1] INFO  RocketmqRemoting - closeChannel: close the connection to remote address[10.91.138.46:10911] result: true
2025-09-19 14:58:14.072 [NettyClientSelector_1] INFO  RocketmqRemoting - closeChannel: close the connection to remote address[10.91.138.46:10911] result: true
2025-09-19 14:58:14.134 [NettyClientSelector_1] INFO  RocketmqRemoting - closeChannel: close the connection to remote address[10.91.138.46:10911] result: true
2025-09-19 14:58:14.244 [NettyClientSelector_1] INFO  RocketmqRemoting - closeChannel: close the connection to remote address[10.91.138.46:10911] result: true
2025-09-19 14:58:14.321 [NettyClientSelector_1] INFO  RocketmqRemoting - closeChannel: close the connection to remote address[10.91.138.46:10911] result: true
2025-09-19 14:58:27.911 [NettyClientSelector_1] INFO  RocketmqRemoting - closeChannel: close the connection to remote address[127.0.0.1:9876] result: true
2025-09-19 14:58:27.989 [NettyClientSelector_1] INFO  RocketmqRemoting - closeChannel: close the connection to remote address[10.91.138.46:10911] result: true
2025-09-19 14:58:28.372 [NettyClientSelector_1] INFO  RocketmqRemoting - closeChannel: close the connection to remote address[10.91.138.46:10911] result: true
2025-09-19 14:58:28.924 [NettyClientSelector_1] INFO  RocketmqRemoting - closeChannel: close the connection to remote address[10.91.138.46:10911] result: true
2025-09-19 14:58:28.925 [NettyClientSelector_1] INFO  RocketmqRemoting - closeChannel: close the connection to remote address[10.91.138.46:10911] result: true
2025-09-19 14:58:30.300 [NettyClientSelector_1] INFO  RocketmqRemoting - closeChannel: close the connection to remote address[10.91.138.46:10911] result: true
2025-09-19 14:58:30.917 [NettyClientSelector_1] INFO  RocketmqRemoting - closeChannel: close the connection to remote address[10.91.138.46:10911] result: true
2025-09-19 14:58:30.993 [NettyClientSelector_1] INFO  RocketmqRemoting - closeChannel: close the connection to remote address[10.91.138.46:10911] result: true
2025-09-19 14:58:31.377 [NettyClientSelector_1] INFO  RocketmqRemoting - closeChannel: close the connection to remote address[127.0.0.1:9876] result: true
2025-09-19 14:58:31.937 [NettyClientSelector_1] INFO  RocketmqRemoting - closeChannel: close the connection to remote address[10.91.138.46:10911] result: true
2025-09-19 14:58:31.937 [NettyClientSelector_1] INFO  RocketmqRemoting - closeChannel: close the connection to remote address[10.91.138.46:10911] result: true
2025-09-19 14:58:40.341 [NettyClientSelector_1] INFO  RocketmqRemoting - closeChannel: close the connection to remote address[127.0.0.1:9876] result: true
2025-09-19 14:58:40.775 [NettyClientSelector_1] INFO  RocketmqRemoting - closeChannel: close the connection to remote address[127.0.0.1:9876] result: true
2025-09-19 14:58:40.868 [NettyClientSelector_1] INFO  RocketmqRemoting - closeChannel: close the connection to remote address[127.0.0.1:9876] result: true
2025-09-19 14:58:41.057 [NettyClientSelector_1] INFO  RocketmqRemoting - closeChannel: close the connection to remote address[127.0.0.1:9876] result: true
2025-09-19 14:58:41.134 [NettyClientSelector_1] INFO  RocketmqRemoting - closeChannel: close the connection to remote address[127.0.0.1:9876] result: true
2025-09-19 14:58:41.226 [NettyClientSelector_1] INFO  RocketmqRemoting - closeChannel: close the connection to remote address[127.0.0.1:9876] result: true
2025-09-19 14:58:41.317 [NettyClientSelector_1] INFO  RocketmqRemoting - closeChannel: close the connection to remote address[127.0.0.1:9876] result: true
2025-09-19 14:58:43.347 [NettyClientSelector_1] INFO  RocketmqRemoting - closeChannel: close the connection to remote address[10.91.138.46:10911] result: true
2025-09-19 14:58:43.782 [NettyClientSelector_1] INFO  RocketmqRemoting - closeChannel: close the connection to remote address[10.91.138.46:10911] result: true
2025-09-19 14:58:43.875 [NettyClientSelector_1] INFO  RocketmqRemoting - closeChannel: close the connection to remote address[10.91.138.46:10911] result: true
2025-09-19 14:58:44.064 [NettyClientSelector_1] INFO  RocketmqRemoting - closeChannel: close the connection to remote address[10.91.138.46:10911] result: true
2025-09-19 14:58:44.142 [NettyClientSelector_1] INFO  RocketmqRemoting - closeChannel: close the connection to remote address[10.91.138.46:10911] result: true
2025-09-19 14:58:44.234 [NettyClientSelector_1] INFO  RocketmqRemoting - closeChannel: close the connection to remote address[10.91.138.46:10911] result: true
2025-09-19 14:58:44.326 [NettyClientSelector_1] INFO  RocketmqRemoting - closeChannel: close the connection to remote address[10.91.138.46:10911] result: true
2025-09-19 14:58:50.312 [NettyClientSelector_1] INFO  RocketmqRemoting - closeChannel: close the connection to remote address[10.91.138.46:10911] result: true
2025-09-19 14:58:53.939 [NettyClientSelector_1] INFO  RocketmqRemoting - closeChannel: close the connection to remote address[127.0.0.1:9876] result: true
2025-09-19 14:58:54.016 [NettyClientSelector_1] INFO  RocketmqRemoting - closeChannel: close the connection to remote address[10.91.138.46:10911] result: true
2025-09-19 14:58:54.393 [NettyClientSelector_1] INFO  RocketmqRemoting - closeChannel: close the connection to remote address[10.91.138.46:10911] result: true
2025-09-19 14:58:54.953 [NettyClientSelector_1] INFO  RocketmqRemoting - closeChannel: close the connection to remote address[10.91.138.46:10911] result: true
2025-09-19 14:58:54.953 [NettyClientSelector_1] INFO  RocketmqRemoting - closeChannel: close the connection to remote address[10.91.138.46:10911] result: true
2025-09-19 14:58:56.954 [NettyClientSelector_1] INFO  RocketmqRemoting - closeChannel: close the connection to remote address[10.91.138.46:10911] result: true
2025-09-19 14:58:57.032 [NettyClientSelector_1] INFO  RocketmqRemoting - closeChannel: close the connection to remote address[10.91.138.46:10911] result: true
2025-09-19 14:58:57.403 [NettyClientSelector_1] INFO  RocketmqRemoting - closeChannel: close the connection to remote address[127.0.0.1:9876] result: true
2025-09-19 14:58:57.962 [NettyClientSelector_1] INFO  RocketmqRemoting - closeChannel: close the connection to remote address[10.91.138.46:10911] result: true
2025-09-19 14:58:57.962 [NettyClientSelector_1] INFO  RocketmqRemoting - closeChannel: close the connection to remote address[10.91.138.46:10911] result: true
2025-09-19 14:59:10.302 [NettyClientSelector_1] INFO  RocketmqRemoting - closeChannel: close the connection to remote address[10.91.138.46:10911] result: true
2025-09-19 14:59:10.348 [NettyClientSelector_1] INFO  RocketmqRemoting - closeChannel: close the connection to remote address[127.0.0.1:9876] result: true
2025-09-19 14:59:10.784 [NettyClientSelector_1] INFO  RocketmqRemoting - closeChannel: close the connection to remote address[127.0.0.1:9876] result: true
2025-09-19 14:59:10.878 [NettyClientSelector_1] INFO  RocketmqRemoting - closeChannel: close the connection to remote address[127.0.0.1:9876] result: true
2025-09-19 14:59:11.067 [NettyClientSelector_1] INFO  RocketmqRemoting - closeChannel: close the connection to remote address[127.0.0.1:9876] result: true
2025-09-19 14:59:11.130 [NettyClientSelector_1] INFO  RocketmqRemoting - closeChannel: close the connection to remote address[127.0.0.1:9876] result: true
2025-09-19 14:59:11.237 [NettyClientSelector_1] INFO  RocketmqRemoting - closeChannel: close the connection to remote address[127.0.0.1:9876] result: true
2025-09-19 14:59:11.316 [NettyClientSelector_1] INFO  RocketmqRemoting - closeChannel: close the connection to remote address[127.0.0.1:9876] result: true
2025-09-19 14:59:13.356 [NettyClientSelector_1] INFO  RocketmqRemoting - closeChannel: close the connection to remote address[10.91.138.46:10911] result: true
2025-09-19 14:59:13.794 [NettyClientSelector_1] INFO  RocketmqRemoting - closeChannel: close the connection to remote address[10.91.138.46:10911] result: true
2025-09-19 14:59:13.884 [NettyClientSelector_1] INFO  RocketmqRemoting - closeChannel: close the connection to remote address[10.91.138.46:10911] result: true
2025-09-19 14:59:14.069 [NettyClientSelector_1] INFO  RocketmqRemoting - closeChannel: close the connection to remote address[10.91.138.46:10911] result: true
2025-09-19 14:59:14.132 [NettyClientSelector_1] INFO  RocketmqRemoting - closeChannel: close the connection to remote address[10.91.138.46:10911] result: true
2025-09-19 14:59:14.242 [NettyClientSelector_1] INFO  RocketmqRemoting - closeChannel: close the connection to remote address[10.91.138.46:10911] result: true
2025-09-19 14:59:14.321 [NettyClientSelector_1] INFO  RocketmqRemoting - closeChannel: close the connection to remote address[10.91.138.46:10911] result: true
2025-09-19 14:59:19.959 [NettyClientSelector_1] INFO  RocketmqRemoting - closeChannel: close the connection to remote address[127.0.0.1:9876] result: true
2025-09-19 14:59:20.038 [NettyClientSelector_1] INFO  RocketmqRemoting - closeChannel: close the connection to remote address[10.91.138.46:10911] result: true
2025-09-19 14:59:20.412 [NettyClientSelector_1] INFO  RocketmqRemoting - closeChannel: close the connection to remote address[10.91.138.46:10911] result: true
2025-09-19 14:59:20.972 [NettyClientSelector_1] INFO  RocketmqRemoting - closeChannel: close the connection to remote address[10.91.138.46:10911] result: true
2025-09-19 14:59:20.972 [NettyClientSelector_1] INFO  RocketmqRemoting - closeChannel: close the connection to remote address[10.91.138.46:10911] result: true
2025-09-19 14:59:22.965 [NettyClientSelector_1] INFO  RocketmqRemoting - closeChannel: close the connection to remote address[10.91.138.46:10911] result: true
2025-09-19 14:59:23.042 [NettyClientSelector_1] INFO  RocketmqRemoting - closeChannel: close the connection to remote address[10.91.138.46:10911] result: true
2025-09-19 14:59:23.416 [NettyClientSelector_1] INFO  RocketmqRemoting - closeChannel: close the connection to remote address[127.0.0.1:9876] result: true
2025-09-19 14:59:23.972 [NettyClientSelector_1] INFO  RocketmqRemoting - closeChannel: close the connection to remote address[10.91.138.46:10911] result: true
2025-09-19 14:59:23.972 [NettyClientSelector_1] INFO  RocketmqRemoting - closeChannel: close the connection to remote address[10.91.138.46:10911] result: true
2025-09-19 14:59:30.305 [NettyClientSelector_1] INFO  RocketmqRemoting - closeChannel: close the connection to remote address[10.91.138.46:10911] result: true
2025-09-19 14:59:40.337 [NettyClientSelector_1] INFO  RocketmqRemoting - closeChannel: close the connection to remote address[127.0.0.1:9876] result: true
2025-09-19 14:59:40.767 [NettyClientSelector_1] INFO  RocketmqRemoting - closeChannel: close the connection to remote address[127.0.0.1:9876] result: true
2025-09-19 14:59:40.860 [NettyClientSelector_1] INFO  RocketmqRemoting - closeChannel: close the connection to remote address[127.0.0.1:9876] result: true
2025-09-19 14:59:41.052 [NettyClientSelector_1] INFO  RocketmqRemoting - closeChannel: close the connection to remote address[127.0.0.1:9876] result: true
2025-09-19 14:59:41.117 [NettyClientSelector_1] INFO  RocketmqRemoting - closeChannel: close the connection to remote address[127.0.0.1:9876] result: true
2025-09-19 14:59:41.219 [NettyClientSelector_1] INFO  RocketmqRemoting - closeChannel: close the connection to remote address[127.0.0.1:9876] result: true
2025-09-19 14:59:41.298 [NettyClientSelector_1] INFO  RocketmqRemoting - closeChannel: close the connection to remote address[127.0.0.1:9876] result: true
2025-09-19 14:59:43.338 [NettyClientSelector_1] INFO  RocketmqRemoting - closeChannel: close the connection to remote address[10.91.138.46:10911] result: true
2025-09-19 14:59:43.768 [NettyClientSelector_1] INFO  RocketmqRemoting - closeChannel: close the connection to remote address[10.91.138.46:10911] result: true
2025-09-19 14:59:43.769 [NettyClientSelector_1] INFO  RocketmqRemoting - closeChannel: close the connection to remote address[10.91.138.46:10911] result: true
2025-09-19 14:59:43.862 [NettyClientSelector_1] INFO  RocketmqRemoting - closeChannel: close the connection to remote address[10.91.138.46:10911] result: true
2025-09-19 14:59:44.054 [NettyClientSelector_1] INFO  RocketmqRemoting - closeChannel: close the connection to remote address[10.91.138.46:10911] result: true
2025-09-19 14:59:44.119 [NettyClientSelector_1] INFO  RocketmqRemoting - closeChannel: close the connection to remote address[10.91.138.46:10911] result: true
2025-09-19 14:59:44.120 [NettyClientSelector_1] INFO  RocketmqRemoting - closeChannel: close the connection to remote address[10.91.138.46:10911] result: true
2025-09-19 14:59:44.221 [NettyClientSelector_1] INFO  RocketmqRemoting - closeChannel: close the connection to remote address[10.91.138.46:10911] result: true
2025-09-19 14:59:44.222 [NettyClientSelector_1] INFO  RocketmqRemoting - closeChannel: close the connection to remote address[10.91.138.46:10911] result: true
2025-09-19 14:59:44.301 [NettyClientSelector_1] INFO  RocketmqRemoting - closeChannel: close the connection to remote address[10.91.138.46:10911] result: true
2025-09-19 14:59:44.301 [NettyClientSelector_1] INFO  RocketmqRemoting - closeChannel: close the connection to remote address[10.91.138.46:10911] result: true
2025-09-19 14:59:45.970 [NettyClientSelector_1] INFO  RocketmqRemoting - closeChannel: close the connection to remote address[127.0.0.1:9876] result: true
2025-09-19 14:59:46.770 [NettyClientSelector_1] INFO  RocketmqRemoting - closeChannel: close the connection to remote address[10.91.138.46:10911] result: true
2025-09-19 14:59:47.121 [NettyClientSelector_1] INFO  RocketmqRemoting - closeChannel: close the connection to remote address[10.91.138.46:10911] result: true
2025-09-19 14:59:47.222 [NettyClientSelector_1] INFO  RocketmqRemoting - closeChannel: close the connection to remote address[10.91.138.46:10911] result: true
2025-09-19 14:59:47.302 [NettyClientSelector_1] INFO  RocketmqRemoting - closeChannel: close the connection to remote address[127.0.0.1:9876] result: true
2025-09-19 14:59:48.971 [NettyClientSelector_1] INFO  RocketmqRemoting - closeChannel: close the connection to remote address[10.91.138.46:10911] result: true
2025-09-19 14:59:50.299 [NettyClientSelector_1] INFO  RocketmqRemoting - closeChannel: close the connection to remote address[10.91.138.46:10911] result: true
2025-09-19 15:00:09.771 [NettyClientSelector_1] INFO  RocketmqRemoting - closeChannel: close the connection to remote address[10.91.138.46:10911] result: true
2025-09-19 15:00:10.125 [NettyClientSelector_1] INFO  RocketmqRemoting - closeChannel: close the connection to remote address[10.91.138.46:10911] result: true
2025-09-19 15:00:10.223 [NettyClientSelector_1] INFO  RocketmqRemoting - closeChannel: close the connection to remote address[10.91.138.46:10911] result: true
2025-09-19 15:00:10.289 [NettyClientSelector_1] INFO  RocketmqRemoting - closeChannel: close the connection to remote address[10.91.138.46:10911] result: true
2025-09-19 15:00:10.289 [NettyClientSelector_1] INFO  RocketmqRemoting - closeChannel: close the connection to remote address[10.91.138.46:10911] result: true
2025-09-19 15:00:10.337 [NettyClientSelector_1] INFO  RocketmqRemoting - closeChannel: close the connection to remote address[127.0.0.1:9876] result: true
2025-09-19 15:00:10.767 [NettyClientSelector_1] INFO  RocketmqRemoting - closeChannel: close the connection to remote address[127.0.0.1:9876] result: true
2025-09-19 15:00:10.861 [NettyClientSelector_1] INFO  RocketmqRemoting - closeChannel: close the connection to remote address[127.0.0.1:9876] result: true
2025-09-19 15:00:11.053 [NettyClientSelector_1] INFO  RocketmqRemoting - closeChannel: close the connection to remote address[127.0.0.1:9876] result: true
2025-09-19 15:00:11.116 [NettyClientSelector_1] INFO  RocketmqRemoting - closeChannel: close the connection to remote address[127.0.0.1:9876] result: true
2025-09-19 15:00:11.219 [NettyClientSelector_1] INFO  RocketmqRemoting - closeChannel: close the connection to remote address[127.0.0.1:9876] result: true
2025-09-19 15:00:11.299 [NettyClientSelector_1] INFO  RocketmqRemoting - closeChannel: close the connection to remote address[127.0.0.1:9876] result: true
2025-09-19 15:00:12.773 [NettyClientSelector_1] INFO  RocketmqRemoting - closeChannel: close the connection to remote address[10.91.138.46:10911] result: true
2025-09-19 15:00:12.773 [NettyClientSelector_1] INFO  RocketmqRemoting - closeChannel: close the connection to remote address[10.91.138.46:10911] result: true
2025-09-19 15:00:13.125 [NettyClientSelector_1] INFO  RocketmqRemoting - closeChannel: close the connection to remote address[10.91.138.46:10911] result: true
2025-09-19 15:00:13.125 [NettyClientSelector_1] INFO  RocketmqRemoting - closeChannel: close the connection to remote address[10.91.138.46:10911] result: true
2025-09-19 15:00:13.224 [NettyClientSelector_1] INFO  RocketmqRemoting - closeChannel: close the connection to remote address[10.91.138.46:10911] result: true
2025-09-19 15:00:13.224 [NettyClientSelector_1] INFO  RocketmqRemoting - closeChannel: close the connection to remote address[10.91.138.46:10911] result: true
2025-09-19 15:00:13.337 [NettyClientSelector_1] INFO  RocketmqRemoting - closeChannel: close the connection to remote address[10.91.138.46:10911] result: true
2025-09-19 15:00:13.862 [NettyClientSelector_1] INFO  RocketmqRemoting - closeChannel: close the connection to remote address[127.0.0.1:9876] result: true
2025-09-19 15:00:14.053 [NettyClientSelector_1] INFO  RocketmqRemoting - closeChannel: close the connection to remote address[10.91.138.46:10911] result: true
2025-09-19 15:00:14.301 [NettyClientSelector_1] INFO  RocketmqRemoting - closeChannel: close the connection to remote address[127.0.0.1:9876] result: true
2025-09-19 15:00:16.862 [NettyClientSelector_1] INFO  RocketmqRemoting - closeChannel: close the connection to remote address[10.91.138.46:10911] result: true
2025-09-19 15:00:16.862 [NettyClientSelector_1] INFO  RocketmqRemoting - closeChannel: close the connection to remote address[10.91.138.46:10911] result: true
2025-09-19 15:00:17.300 [NettyClientSelector_1] INFO  RocketmqRemoting - closeChannel: close the connection to remote address[10.91.138.46:10911] result: true
2025-09-19 15:00:30.289 [NettyClientSelector_1] INFO  RocketmqRemoting - closeChannel: close the connection to remote address[10.91.138.46:10911] result: true
2025-09-19 15:00:35.775 [NettyClientSelector_1] INFO  RocketmqRemoting - closeChannel: close the connection to remote address[10.91.138.46:10911] result: true
2025-09-19 15:00:36.129 [NettyClientSelector_1] INFO  RocketmqRemoting - closeChannel: close the connection to remote address[10.91.138.46:10911] result: true
2025-09-19 15:00:36.227 [NettyClientSelector_1] INFO  RocketmqRemoting - closeChannel: close the connection to remote address[10.91.138.46:10911] result: true
2025-09-19 15:00:37.305 [NettyClientSelector_1] INFO  RocketmqRemoting - closeChannel: close the connection to remote address[10.91.138.46:10911] result: true
2025-09-19 15:00:38.775 [NettyClientSelector_1] INFO  RocketmqRemoting - closeChannel: close the connection to remote address[10.91.138.46:10911] result: true
2025-09-19 15:00:39.129 [NettyClientSelector_1] INFO  RocketmqRemoting - closeChannel: close the connection to remote address[10.91.138.46:10911] result: true
2025-09-19 15:00:39.228 [NettyClientSelector_1] INFO  RocketmqRemoting - closeChannel: close the connection to remote address[10.91.138.46:10911] result: true
2025-09-19 15:00:39.864 [NettyClientSelector_1] INFO  RocketmqRemoting - closeChannel: close the connection to remote address[127.0.0.1:9876] result: true
2025-09-19 15:00:40.304 [NettyClientSelector_1] INFO  RocketmqRemoting - closeChannel: close the connection to remote address[127.0.0.1:9876] result: true
2025-09-19 15:00:40.338 [NettyClientSelector_1] INFO  RocketmqRemoting - closeChannel: close the connection to remote address[127.0.0.1:9876] result: true
2025-09-19 15:00:40.767 [NettyClientSelector_1] INFO  RocketmqRemoting - closeChannel: close the connection to remote address[127.0.0.1:9876] result: true
2025-09-19 15:00:41.170 [NettyClientSelector_1] INFO  RocketmqRemoting - closeChannel: close the connection to remote address[127.0.0.1:9876] result: true
2025-09-19 15:00:41.171 [NettyClientSelector_1] INFO  RocketmqRemoting - closeChannel: close the connection to remote address[127.0.0.1:9876] result: true
2025-09-19 15:00:41.219 [NettyClientSelector_1] INFO  RocketmqRemoting - closeChannel: close the connection to remote address[127.0.0.1:9876] result: true
2025-09-19 15:00:42.865 [NettyClientSelector_1] INFO  RocketmqRemoting - closeChannel: close the connection to remote address[10.91.138.46:10911] result: true
2025-09-19 15:00:42.866 [NettyClientSelector_1] INFO  RocketmqRemoting - closeChannel: close the connection to remote address[127.0.0.1:9876] result: true
2025-09-19 15:00:43.304 [NettyClientSelector_1] INFO  RocketmqRemoting - closeChannel: close the connection to remote address[127.0.0.1:9876] result: true
2025-09-19 15:00:43.338 [NettyClientSelector_1] INFO  RocketmqRemoting - closeChannel: close the connection to remote address[10.91.138.46:10911] result: true
2025-09-19 15:00:43.768 [NettyClientSelector_1] INFO  RocketmqRemoting - closeChannel: close the connection to remote address[10.91.138.46:10911] result: true
2025-09-19 15:00:44.139 [NettyClientSelector_1] INFO  RocketmqRemoting - closeChannel: close the connection to remote address[10.91.138.46:10911] result: true
2025-09-19 15:00:44.172 [NettyClientSelector_1] INFO  RocketmqRemoting - closeChannel: close the connection to remote address[10.91.138.46:10911] result: true
2025-09-19 15:00:44.220 [NettyClientSelector_1] INFO  RocketmqRemoting - closeChannel: close the connection to remote address[10.91.138.46:10911] result: true
2025-09-19 15:00:45.878 [NettyClientSelector_1] INFO  RocketmqRemoting - closeChannel: close the connection to remote address[10.91.138.46:10911] result: true
2025-09-19 15:00:46.308 [NettyClientSelector_1] INFO  RocketmqRemoting - closeChannel: close the connection to remote address[10.91.138.46:10911] result: true
2025-09-19 15:00:50.296 [NettyClientSelector_1] INFO  RocketmqRemoting - closeChannel: close the connection to remote address[10.91.138.46:10911] result: true
2025-09-19 15:01:01.784 [NettyClientSelector_1] INFO  RocketmqRemoting - closeChannel: close the connection to remote address[10.91.138.46:10911] result: true
2025-09-19 15:01:02.139 [NettyClientSelector_1] INFO  RocketmqRemoting - closeChannel: close the connection to remote address[10.91.138.46:10911] result: true
2025-09-19 15:01:02.249 [NettyClientSelector_1] INFO  RocketmqRemoting - closeChannel: close the connection to remote address[10.91.138.46:10911] result: true
2025-09-19 15:01:03.304 [NettyClientSelector_1] INFO  RocketmqRemoting - closeChannel: close the connection to remote address[10.91.138.46:10911] result: true
2025-09-19 15:01:04.798 [NettyClientSelector_1] INFO  RocketmqRemoting - closeChannel: close the connection to remote address[10.91.138.46:10911] result: true
2025-09-19 15:01:05.142 [NettyClientSelector_1] INFO  RocketmqRemoting - closeChannel: close the connection to remote address[10.91.138.46:10911] result: true
2025-09-19 15:01:05.251 [NettyClientSelector_1] INFO  RocketmqRemoting - closeChannel: close the connection to remote address[10.91.138.46:10911] result: true
2025-09-19 15:01:05.886 [NettyClientSelector_1] INFO  RocketmqRemoting - closeChannel: close the connection to remote address[127.0.0.1:9876] result: true
2025-09-19 15:01:06.306 [NettyClientSelector_1] INFO  RocketmqRemoting - closeChannel: close the connection to remote address[127.0.0.1:9876] result: true
2025-09-19 15:01:08.901 [NettyClientSelector_1] INFO  RocketmqRemoting - closeChannel: close the connection to remote address[10.91.138.46:10911] result: true
2025-09-19 15:01:10.306 [NettyClientSelector_1] INFO  RocketmqRemoting - closeChannel: close the connection to remote address[10.91.138.46:10911] result: true
2025-09-19 15:01:10.352 [NettyClientSelector_1] INFO  RocketmqRemoting - closeChannel: close the connection to remote address[127.0.0.1:9876] result: true
2025-09-19 15:01:10.788 [NettyClientSelector_1] INFO  RocketmqRemoting - closeChannel: close the connection to remote address[127.0.0.1:9876] result: true
2025-09-19 15:01:10.880 [NettyClientSelector_1] INFO  RocketmqRemoting - closeChannel: close the connection to remote address[127.0.0.1:9876] result: true
2025-09-19 15:01:11.066 [NettyClientSelector_1] INFO  RocketmqRemoting - closeChannel: close the connection to remote address[127.0.0.1:9876] result: true
2025-09-19 15:01:11.129 [NettyClientSelector_1] INFO  RocketmqRemoting - closeChannel: close the connection to remote address[127.0.0.1:9876] result: true
2025-09-19 15:01:11.237 [NettyClientSelector_1] INFO  RocketmqRemoting - closeChannel: close the connection to remote address[127.0.0.1:9876] result: true
2025-09-19 15:01:11.314 [NettyClientSelector_1] INFO  RocketmqRemoting - closeChannel: close the connection to remote address[127.0.0.1:9876] result: true
2025-09-19 15:01:13.365 [NettyClientSelector_1] INFO  RocketmqRemoting - closeChannel: close the connection to remote address[10.91.138.46:10911] result: true
2025-09-19 15:01:13.801 [NettyClientSelector_1] INFO  RocketmqRemoting - closeChannel: close the connection to remote address[10.91.138.46:10911] result: true
2025-09-19 15:01:13.892 [NettyClientSelector_1] INFO  RocketmqRemoting - closeChannel: close the connection to remote address[10.91.138.46:10911] result: true
2025-09-19 15:01:14.079 [NettyClientSelector_1] INFO  RocketmqRemoting - closeChannel: close the connection to remote address[10.91.138.46:10911] result: true
2025-09-19 15:01:14.141 [NettyClientSelector_1] INFO  RocketmqRemoting - closeChannel: close the connection to remote address[10.91.138.46:10911] result: true
2025-09-19 15:01:14.250 [NettyClientSelector_1] INFO  RocketmqRemoting - closeChannel: close the connection to remote address[10.91.138.46:10911] result: true
2025-09-19 15:01:14.328 [NettyClientSelector_1] INFO  RocketmqRemoting - closeChannel: close the connection to remote address[10.91.138.46:10911] result: true
2025-09-19 15:01:27.818 [NettyClientSelector_1] INFO  RocketmqRemoting - closeChannel: close the connection to remote address[10.91.138.46:10911] result: true
2025-09-19 15:01:28.161 [NettyClientSelector_1] INFO  RocketmqRemoting - closeChannel: close the connection to remote address[10.91.138.46:10911] result: true
2025-09-19 15:01:28.269 [NettyClientSelector_1] INFO  RocketmqRemoting - closeChannel: close the connection to remote address[10.91.138.46:10911] result: true
2025-09-19 15:01:29.321 [NettyClientSelector_1] INFO  RocketmqRemoting - closeChannel: close the connection to remote address[10.91.138.46:10911] result: true
2025-09-19 15:01:29.322 [NettyClientSelector_1] INFO  RocketmqRemoting - closeChannel: close the connection to remote address[10.91.138.46:10911] result: true
2025-09-19 15:01:30.820 [NettyClientSelector_1] INFO  RocketmqRemoting - closeChannel: close the connection to remote address[10.91.138.46:10911] result: true
2025-09-19 15:01:31.167 [NettyClientSelector_1] INFO  RocketmqRemoting - closeChannel: close the connection to remote address[10.91.138.46:10911] result: true
2025-09-19 15:01:31.276 [NettyClientSelector_1] INFO  RocketmqRemoting - closeChannel: close the connection to remote address[10.91.138.46:10911] result: true
2025-09-19 15:01:31.916 [NettyClientSelector_1] INFO  RocketmqRemoting - closeChannel: close the connection to remote address[127.0.0.1:9876] result: true
2025-09-19 15:01:32.337 [NettyClientSelector_1] INFO  RocketmqRemoting - closeChannel: close the connection to remote address[127.0.0.1:9876] result: true
2025-09-19 15:01:34.922 [NettyClientSelector_1] INFO  RocketmqRemoting - closeChannel: close the connection to remote address[10.91.138.46:10911] result: true
2025-09-19 15:01:40.346 [NettyClientSelector_1] INFO  RocketmqRemoting - closeChannel: close the connection to remote address[127.0.0.1:9876] result: true
2025-09-19 15:01:40.783 [NettyClientSelector_1] INFO  RocketmqRemoting - closeChannel: close the connection to remote address[127.0.0.1:9876] result: true
2025-09-19 15:01:40.877 [NettyClientSelector_1] INFO  RocketmqRemoting - closeChannel: close the connection to remote address[127.0.0.1:9876] result: true
2025-09-19 15:01:41.064 [NettyClientSelector_1] INFO  RocketmqRemoting - closeChannel: close the connection to remote address[127.0.0.1:9876] result: true
2025-09-19 15:01:41.126 [NettyClientSelector_1] INFO  RocketmqRemoting - closeChannel: close the connection to remote address[127.0.0.1:9876] result: true
2025-09-19 15:01:41.235 [NettyClientSelector_1] INFO  RocketmqRemoting - closeChannel: close the connection to remote address[127.0.0.1:9876] result: true
2025-09-19 15:01:41.314 [NettyClientSelector_1] INFO  RocketmqRemoting - closeChannel: close the connection to remote address[127.0.0.1:9876] result: true
2025-09-19 15:01:43.356 [NettyClientSelector_1] INFO  RocketmqRemoting - closeChannel: close the connection to remote address[10.91.138.46:10911] result: true
2025-09-19 15:01:43.794 [NettyClientSelector_1] INFO  RocketmqRemoting - closeChannel: close the connection to remote address[10.91.138.46:10911] result: true
2025-09-19 15:01:43.887 [NettyClientSelector_1] INFO  RocketmqRemoting - closeChannel: close the connection to remote address[10.91.138.46:10911] result: true
2025-09-19 15:01:44.073 [NettyClientSelector_1] INFO  RocketmqRemoting - closeChannel: close the connection to remote address[10.91.138.46:10911] result: true
2025-09-19 15:01:44.136 [NettyClientSelector_1] INFO  RocketmqRemoting - closeChannel: close the connection to remote address[10.91.138.46:10911] result: true
2025-09-19 15:01:44.245 [NettyClientSelector_1] INFO  RocketmqRemoting - closeChannel: close the connection to remote address[10.91.138.46:10911] result: true
2025-09-19 15:01:44.321 [NettyClientSelector_1] INFO  RocketmqRemoting - closeChannel: close the connection to remote address[10.91.138.46:10911] result: true
2025-09-19 15:01:50.306 [NettyClientSelector_1] INFO  RocketmqRemoting - closeChannel: close the connection to remote address[10.91.138.46:10911] result: true
2025-09-19 15:01:53.841 [NettyClientSelector_1] INFO  RocketmqRemoting - closeChannel: close the connection to remote address[10.91.138.46:10911] result: true
2025-09-19 15:01:54.181 [NettyClientSelector_1] INFO  RocketmqRemoting - closeChannel: close the connection to remote address[10.91.138.46:10911] result: true
2025-09-19 15:01:54.289 [NettyClientSelector_1] INFO  RocketmqRemoting - closeChannel: close the connection to remote address[10.91.138.46:10911] result: true
2025-09-19 15:01:55.354 [NettyClientSelector_1] INFO  RocketmqRemoting - closeChannel: close the connection to remote address[10.91.138.46:10911] result: true
2025-09-19 15:01:56.846 [NettyClientSelector_1] INFO  RocketmqRemoting - closeChannel: close the connection to remote address[10.91.138.46:10911] result: true
2025-09-19 15:01:57.188 [NettyClientSelector_1] INFO  RocketmqRemoting - closeChannel: close the connection to remote address[10.91.138.46:10911] result: true
2025-09-19 15:01:57.294 [NettyClientSelector_1] INFO  RocketmqRemoting - closeChannel: close the connection to remote address[10.91.138.46:10911] result: true
2025-09-19 15:01:57.933 [NettyClientSelector_1] INFO  RocketmqRemoting - closeChannel: close the connection to remote address[127.0.0.1:9876] result: true
2025-09-19 15:01:58.369 [NettyClientSelector_1] INFO  RocketmqRemoting - closeChannel: close the connection to remote address[127.0.0.1:9876] result: true
2025-09-19 15:02:00.937 [NettyClientSelector_1] INFO  RocketmqRemoting - closeChannel: close the connection to remote address[10.91.138.46:10911] result: true
2025-09-19 15:02:10.311 [NettyClientSelector_1] INFO  RocketmqRemoting - closeChannel: close the connection to remote address[10.91.138.46:10911] result: true
2025-09-19 15:02:10.341 [NettyClientSelector_1] INFO  RocketmqRemoting - closeChannel: close the connection to remote address[127.0.0.1:9876] result: true
2025-09-19 15:02:10.780 [NettyClientSelector_1] INFO  RocketmqRemoting - closeChannel: close the connection to remote address[127.0.0.1:9876] result: true
2025-09-19 15:02:10.873 [NettyClientSelector_1] INFO  RocketmqRemoting - closeChannel: close the connection to remote address[127.0.0.1:9876] result: true
2025-09-19 15:02:11.058 [NettyClientSelector_1] INFO  RocketmqRemoting - closeChannel: close the connection to remote address[127.0.0.1:9876] result: true
2025-09-19 15:02:11.120 [NettyClientSelector_1] INFO  RocketmqRemoting - closeChannel: close the connection to remote address[127.0.0.1:9876] result: true
2025-09-19 15:02:11.228 [NettyClientSelector_1] INFO  RocketmqRemoting - closeChannel: close the connection to remote address[127.0.0.1:9876] result: true
2025-09-19 15:02:11.306 [NettyClientSelector_1] INFO  RocketmqRemoting - closeChannel: close the connection to remote address[127.0.0.1:9876] result: true
2025-09-19 15:02:13.349 [NettyClientSelector_1] INFO  RocketmqRemoting - closeChannel: close the connection to remote address[10.91.138.46:10911] result: true
2025-09-19 15:02:13.786 [NettyClientSelector_1] INFO  RocketmqRemoting - closeChannel: close the connection to remote address[10.91.138.46:10911] result: true
2025-09-19 15:02:13.880 [NettyClientSelector_1] INFO  RocketmqRemoting - closeChannel: close the connection to remote address[10.91.138.46:10911] result: true
2025-09-19 15:02:14.068 [NettyClientSelector_1] INFO  RocketmqRemoting - closeChannel: close the connection to remote address[10.91.138.46:10911] result: true
2025-09-19 15:02:14.131 [NettyClientSelector_1] INFO  RocketmqRemoting - closeChannel: close the connection to remote address[10.91.138.46:10911] result: true
2025-09-19 15:02:14.238 [NettyClientSelector_1] INFO  RocketmqRemoting - closeChannel: close the connection to remote address[10.91.138.46:10911] result: true
2025-09-19 15:02:14.316 [NettyClientSelector_1] INFO  RocketmqRemoting - closeChannel: close the connection to remote address[10.91.138.46:10911] result: true
2025-09-19 15:02:19.869 [NettyClientSelector_1] INFO  RocketmqRemoting - closeChannel: close the connection to remote address[10.91.138.46:10911] result: true
2025-09-19 15:02:20.211 [NettyClientSelector_1] INFO  RocketmqRemoting - closeChannel: close the connection to remote address[10.91.138.46:10911] result: true
2025-09-19 15:02:20.303 [NettyClientSelector_1] INFO  RocketmqRemoting - closeChannel: close the connection to remote address[10.91.138.46:10911] result: true
2025-09-19 15:02:21.377 [NettyClientSelector_1] INFO  RocketmqRemoting - closeChannel: close the connection to remote address[10.91.138.46:10911] result: true
2025-09-19 15:02:22.873 [NettyClientSelector_1] INFO  RocketmqRemoting - closeChannel: close the connection to remote address[10.91.138.46:10911] result: true
2025-09-19 15:02:23.213 [NettyClientSelector_1] INFO  RocketmqRemoting - closeChannel: close the connection to remote address[10.91.138.46:10911] result: true
2025-09-19 15:02:23.307 [NettyClientSelector_1] INFO  RocketmqRemoting - closeChannel: close the connection to remote address[10.91.138.46:10911] result: true
2025-09-19 15:02:23.943 [NettyClientSelector_1] INFO  RocketmqRemoting - closeChannel: close the connection to remote address[127.0.0.1:9876] result: true
2025-09-19 15:02:24.377 [NettyClientSelector_1] INFO  RocketmqRemoting - closeChannel: close the connection to remote address[127.0.0.1:9876] result: true
2025-09-19 15:02:26.955 [NettyClientSelector_1] INFO  RocketmqRemoting - closeChannel: close the connection to remote address[10.91.138.46:10911] result: true
2025-09-19 15:02:30.304 [NettyClientSelector_1] INFO  RocketmqRemoting - closeChannel: close the connection to remote address[10.91.138.46:10911] result: true
2025-09-19 15:02:34.484 [NettyClientSelector_1] INFO  RocketmqRemoting - closeChannel: close the connection to remote address[10.91.138.46:10911] result: true
2025-09-19 15:02:34.484 [NettyClientSelector_1] INFO  RocketmqRemoting - closeChannel: close the connection to remote address[10.91.138.46:10911] result: true
2025-09-19 15:02:34.484 [NettyClientSelector_1] INFO  RocketmqRemoting - closeChannel: close the connection to remote address[10.91.138.46:10911] result: true
2025-09-19 15:02:34.484 [NettyClientSelector_1] INFO  RocketmqRemoting - closeChannel: close the connection to remote address[10.91.138.46:10911] result: true
2025-09-19 15:02:34.484 [NettyClientSelector_1] INFO  RocketmqRemoting - closeChannel: close the connection to remote address[10.91.138.46:10911] result: true
2025-09-19 15:02:37.343 [NettyClientSelector_1] INFO  RocketmqRemoting - closeChannel: close the connection to remote address[127.0.0.1:9876] result: true
2025-09-19 15:02:37.532 [NettyClientSelector_1] INFO  RocketmqRemoting - closeChannel: close the connection to remote address[10.91.138.46:10911] result: true
2025-09-19 15:02:37.532 [NettyClientSelector_1] INFO  RocketmqRemoting - closeChannel: close the connection to remote address[10.91.138.46:10911] result: true
2025-09-19 15:02:37.533 [NettyClientSelector_1] INFO  RocketmqRemoting - closeChannel: close the connection to remote address[10.91.138.46:10911] result: true
2025-09-19 15:02:37.533 [NettyClientSelector_1] INFO  RocketmqRemoting - closeChannel: close the connection to remote address[10.91.138.46:10911] result: true
2025-09-19 15:02:37.548 [NettyClientSelector_1] INFO  RocketmqRemoting - closeChannel: close the connection to remote address[10.91.138.46:10911] result: true
2025-09-19 15:02:37.862 [NettyClientSelector_1] INFO  RocketmqRemoting - closeChannel: close the connection to remote address[127.0.0.1:9876] result: true
2025-09-19 15:02:38.067 [NettyClientSelector_1] INFO  RocketmqRemoting - closeChannel: close the connection to remote address[127.0.0.1:9876] result: true
2025-09-19 15:02:40.345 [NettyClientSelector_1] INFO  RocketmqRemoting - closeChannel: close the connection to remote address[10.91.138.46:10911] result: true
2025-09-19 15:02:40.346 [NettyClientSelector_1] INFO  RocketmqRemoting - closeChannel: close the connection to remote address[127.0.0.1:9876] result: true
2025-09-19 15:02:40.390 [NettyClientSelector_1] INFO  RocketmqRemoting - closeChannel: close the connection to remote address[10.91.138.46:10911] result: true
2025-09-19 15:02:40.575 [NettyClientSelector_1] INFO  RocketmqRemoting - closeChannel: close the connection to remote address[10.91.138.46:10911] result: true
2025-09-19 15:02:41.101 [NettyClientSelector_1] INFO  RocketmqRemoting - closeChannel: close the connection to remote address[10.91.138.46:10911] result: true
2025-09-19 15:02:41.624 [NettyClientSelector_1] INFO  RocketmqRemoting - closeChannel: close the connection to remote address[10.91.138.46:10911] result: true
2025-09-19 15:02:42.384 [NettyClientSelector_1] INFO  RocketmqRemoting - closeChannel: close the connection to remote address[10.91.138.46:10911] result: true
2025-09-19 15:02:43.624 [NettyClientSelector_1] INFO  RocketmqRemoting - closeChannel: close the connection to remote address[10.91.138.46:10911] result: true
2025-09-19 15:02:43.655 [NettyClientSelector_1] INFO  RocketmqRemoting - closeChannel: close the connection to remote address[10.91.138.46:10911] result: true
2025-09-19 15:02:43.655 [NettyClientSelector_1] INFO  RocketmqRemoting - closeChannel: close the connection to remote address[10.91.138.46:10911] result: true
2025-09-19 15:02:43.670 [NettyClientSelector_1] INFO  RocketmqRemoting - closeChannel: close the connection to remote address[10.91.138.46:10911] result: true
2025-09-19 15:02:45.342 [NettyClientSelector_1] INFO  RocketmqRemoting - closeChannel: close the connection to remote address[10.91.138.46:10911] result: true
2025-09-19 15:02:45.343 [NettyClientSelector_1] INFO  RocketmqRemoting - closeChannel: close the connection to remote address[127.0.0.1:9876] result: true
2025-09-19 15:02:45.701 [NettyClientSelector_1] INFO  RocketmqRemoting - closeChannel: close the connection to remote address[10.91.138.46:10911] result: true
2025-09-19 15:02:45.701 [NettyClientSelector_1] INFO  RocketmqRemoting - closeChannel: close the connection to remote address[10.91.138.46:10911] result: true
2025-09-19 15:02:46.675 [NettyClientSelector_1] INFO  RocketmqRemoting - closeChannel: close the connection to remote address[10.91.138.46:10911] result: true
2025-09-19 15:02:46.970 [NettyClientSelector_1] INFO  RocketmqRemoting - closeChannel: close the connection to remote address[127.0.0.1:9876] result: true
2025-09-19 15:02:47.738 [NettyClientSelector_1] INFO  RocketmqRemoting - closeChannel: close the connection to remote address[10.91.138.46:10911] result: true
2025-09-19 15:02:47.739 [NettyClientSelector_1] INFO  RocketmqRemoting - closeChannel: close the connection to remote address[127.0.0.1:9876] result: true
2025-09-19 15:02:47.739 [NettyClientSelector_1] INFO  RocketmqRemoting - closeChannel: close the connection to remote address[127.0.0.1:9876] result: true
2025-09-19 15:02:47.752 [NettyClientSelector_1] INFO  RocketmqRemoting - closeChannel: close the connection to remote address[10.91.138.46:10911] result: true
2025-09-19 15:02:47.753 [NettyClientSelector_1] INFO  RocketmqRemoting - closeChannel: close the connection to remote address[127.0.0.1:9876] result: true
2025-09-19 15:02:48.387 [NettyClientSelector_1] INFO  RocketmqRemoting - closeChannel: close the connection to remote address[10.91.138.46:10911] result: true
2025-09-19 15:02:49.007 [NettyClientSelector_1] INFO  RocketmqRemoting - closeChannel: close the connection to remote address[10.91.138.46:10911] result: true
2025-09-19 15:02:49.787 [NettyClientSelector_1] INFO  RocketmqRemoting - closeChannel: close the connection to remote address[10.91.138.46:10911] result: true
2025-09-19 15:02:49.803 [NettyClientSelector_1] INFO  RocketmqRemoting - closeChannel: close the connection to remote address[10.91.138.46:10911] result: true
2025-09-19 15:02:51.343 [NettyClientSelector_1] INFO  RocketmqRemoting - closeChannel: close the connection to remote address[10.91.138.46:10911] result: true
2025-09-19 15:02:51.821 [NettyClientSelector_1] INFO  RocketmqRemoting - closeChannel: close the connection to remote address[10.91.138.46:10911] result: true
2025-09-19 15:02:51.852 [NettyClientSelector_1] INFO  RocketmqRemoting - closeChannel: close the connection to remote address[10.91.138.46:10911] result: true
2025-09-19 15:02:52.070 [NettyClientSelector_1] INFO  RocketmqRemoting - closeChannel: close the connection to remote address[10.91.138.46:10911] result: true
2025-09-19 15:02:53.876 [NettyClientSelector_1] INFO  RocketmqRemoting - closeChannel: close the connection to remote address[10.91.138.46:10911] result: true
2025-09-19 15:02:54.403 [NettyClientSelector_1] INFO  RocketmqRemoting - closeChannel: close the connection to remote address[10.91.138.46:10911] result: true
2025-09-19 15:02:55.128 [NettyClientSelector_1] INFO  RocketmqRemoting - closeChannel: close the connection to remote address[10.91.138.46:10911] result: true
2025-09-19 15:02:55.953 [NettyClientSelector_1] INFO  RocketmqRemoting - closeChannel: close the connection to remote address[10.91.138.46:10911] result: true
2025-09-19 15:02:57.449 [NettyClientSelector_1] INFO  RocketmqRemoting - closeChannel: close the connection to remote address[10.91.138.46:10911] result: true
2025-09-19 15:02:58.182 [NettyClientSelector_1] INFO  RocketmqRemoting - closeChannel: close the connection to remote address[10.91.138.46:10911] result: true
2025-09-19 15:03:00.019 [NettyClientSelector_1] INFO  RocketmqRemoting - closeChannel: close the connection to remote address[10.91.138.46:10911] result: true
2025-09-19 15:03:00.050 [NettyClientSelector_1] INFO  RocketmqRemoting - closeChannel: close the connection to remote address[10.91.138.46:10911] result: true
2025-09-19 15:03:00.345 [NettyClientSelector_1] INFO  RocketmqRemoting - closeChannel: close the connection to remote address[10.91.138.46:10911] result: true
2025-09-19 15:03:01.251 [NettyClientSelector_1] INFO  RocketmqRemoting - closeChannel: close the connection to remote address[10.91.138.46:10911] result: true
2025-09-19 15:03:02.059 [NettyClientSelector_1] INFO  RocketmqRemoting - closeChannel: close the connection to remote address[10.91.138.46:10911] result: true
2025-09-19 15:03:02.059 [NettyClientSelector_1] INFO  RocketmqRemoting - closeChannel: close the connection to remote address[10.91.138.46:10911] result: true
2025-09-19 15:03:02.090 [NettyClientSelector_1] INFO  RocketmqRemoting - closeChannel: close the connection to remote address[10.91.138.46:10911] result: true
2025-09-19 15:03:03.412 [NettyClientSelector_1] INFO  RocketmqRemoting - closeChannel: close the connection to remote address[10.91.138.46:10911] result: true
2025-09-19 15:03:04.135 [NettyClientSelector_1] INFO  RocketmqRemoting - closeChannel: close the connection to remote address[10.91.138.46:10911] result: true
2025-09-19 15:03:04.304 [NettyClientSelector_1] INFO  RocketmqRemoting - closeChannel: close the connection to remote address[10.91.138.46:10911] result: true
2025-09-19 15:03:06.172 [NettyClientSelector_1] INFO  RocketmqRemoting - closeChannel: close the connection to remote address[10.91.138.46:10911] result: true
2025-09-19 15:03:06.462 [NettyClientSelector_1] INFO  RocketmqRemoting - closeChannel: close the connection to remote address[10.91.138.46:10911] result: true
2025-09-19 15:03:06.464 [NettyClientSelector_1] INFO  RocketmqRemoting - closeChannel: close the connection to remote address[127.0.0.1:9876] result: true
2025-09-19 15:03:07.334 [NettyClientSelector_1] INFO  RocketmqRemoting - closeChannel: close the connection to remote address[10.91.138.46:10911] result: true
2025-09-19 15:03:07.342 [NettyClientSelector_1] INFO  RocketmqRemoting - closeChannel: close the connection to remote address[127.0.0.1:9876] result: true
2025-09-19 15:03:07.869 [NettyClientSelector_1] INFO  RocketmqRemoting - closeChannel: close the connection to remote address[127.0.0.1:9876] result: true
2025-09-19 15:03:08.068 [NettyClientSelector_1] INFO  RocketmqRemoting - closeChannel: close the connection to remote address[127.0.0.1:9876] result: true
2025-09-19 15:03:08.157 [NettyClientSelector_1] INFO  RocketmqRemoting - closeChannel: close the connection to remote address[10.91.138.46:10911] result: true
2025-09-19 15:03:08.172 [NettyClientSelector_1] INFO  RocketmqRemoting - closeChannel: close the connection to remote address[10.91.138.46:10911] result: true
2025-09-19 15:03:08.203 [NettyClientSelector_1] INFO  RocketmqRemoting - closeChannel: close the connection to remote address[10.91.138.46:10911] result: true
2025-09-19 15:03:09.024 [NettyClientSelector_1] INFO  RocketmqRemoting - closeChannel: close the connection to remote address[127.0.0.1:9876] result: true
2025-09-19 15:03:09.499 [NettyClientSelector_1] INFO  RocketmqRemoting - closeChannel: close the connection to remote address[10.91.138.46:10911] result: true
2025-09-19 15:03:09.500 [NettyClientSelector_1] INFO  RocketmqRemoting - closeChannel: close the connection to remote address[127.0.0.1:9876] result: true
2025-09-19 15:03:10.212 [NettyClientSelector_1] INFO  RocketmqRemoting - closeChannel: close the connection to remote address[10.91.138.46:10911] result: true
2025-09-19 15:03:10.242 [NettyClientSelector_1] INFO  RocketmqRemoting - closeChannel: close the connection to remote address[10.91.138.46:10911] result: true
2025-09-19 15:03:10.383 [NettyClientSelector_1] INFO  RocketmqRemoting - closeChannel: close the connection to remote address[10.91.138.46:10911] result: true
2025-09-19 15:03:10.383 [NettyClientSelector_1] INFO  RocketmqRemoting - closeChannel: close the connection to remote address[10.91.138.46:10911] result: true
2025-09-19 15:03:11.089 [NettyClientSelector_1] INFO  RocketmqRemoting - closeChannel: close the connection to remote address[10.91.138.46:10911] result: true
2025-09-19 15:03:11.530 [NettyClientSelector_1] INFO  RocketmqRemoting - closeChannel: close the connection to remote address[10.91.138.46:10911] result: true
2025-09-19 15:03:12.221 [NettyClientSelector_1] INFO  RocketmqRemoting - closeChannel: close the connection to remote address[10.91.138.46:10911] result: true
2025-09-19 15:03:12.237 [NettyClientSelector_1] INFO  RocketmqRemoting - closeChannel: close the connection to remote address[10.91.138.46:10911] result: true
2025-09-19 15:03:12.284 [NettyClientSelector_1] INFO  RocketmqRemoting - closeChannel: close the connection to remote address[10.91.138.46:10911] result: true
2025-09-19 15:03:13.436 [NettyClientSelector_1] INFO  RocketmqRemoting - closeChannel: close the connection to remote address[10.91.138.46:10911] result: true
2025-09-19 15:03:14.263 [NettyClientSelector_1] INFO  RocketmqRemoting - closeChannel: close the connection to remote address[10.91.138.46:10911] result: true
2025-09-19 15:03:14.292 [NettyClientSelector_1] INFO  RocketmqRemoting - closeChannel: close the connection to remote address[10.91.138.46:10911] result: true
2025-09-19 15:03:14.338 [NettyClientSelector_1] INFO  RocketmqRemoting - closeChannel: close the connection to remote address[10.91.138.46:10911] result: true
2025-09-19 15:03:14.572 [NettyClientSelector_1] INFO  RocketmqRemoting - closeChannel: close the connection to remote address[10.91.138.46:10911] result: true
2025-09-19 15:03:16.309 [NettyClientSelector_1] INFO  RocketmqRemoting - closeChannel: close the connection to remote address[10.91.138.46:10911] result: true
2025-09-19 15:03:16.341 [NettyClientSelector_1] INFO  RocketmqRemoting - closeChannel: close the connection to remote address[10.91.138.46:10911] result: true
2025-09-19 15:03:16.386 [NettyClientSelector_1] INFO  RocketmqRemoting - closeChannel: close the connection to remote address[10.91.138.46:10911] result: true
2025-09-19 15:03:16.496 [NettyClientSelector_1] INFO  RocketmqRemoting - closeChannel: close the connection to remote address[10.91.138.46:10911] result: true
2025-09-19 15:03:17.630 [NettyClientSelector_1] INFO  RocketmqRemoting - closeChannel: close the connection to remote address[10.91.138.46:10911] result: true
2025-09-19 15:03:18.360 [NettyClientSelector_1] INFO  RocketmqRemoting - closeChannel: close the connection to remote address[10.91.138.46:10911] result: true
2025-09-19 15:03:18.391 [NettyClientSelector_1] INFO  RocketmqRemoting - closeChannel: close the connection to remote address[10.91.138.46:10911] result: true
2025-09-19 15:03:18.437 [NettyClientSelector_1] INFO  RocketmqRemoting - closeChannel: close the connection to remote address[10.91.138.46:10911] result: true
2025-09-19 15:03:19.556 [NettyClientSelector_1] INFO  RocketmqRemoting - closeChannel: close the connection to remote address[10.91.138.46:10911] result: true
2025-09-19 15:03:20.350 [NettyClientSelector_1] INFO  RocketmqRemoting - closeChannel: close the connection to remote address[10.91.138.46:10911] result: true
2025-09-19 15:03:20.412 [NettyClientSelector_1] INFO  RocketmqRemoting - closeChannel: close the connection to remote address[10.91.138.46:10911] result: true
2025-09-19 15:03:20.444 [NettyClientSelector_1] INFO  RocketmqRemoting - closeChannel: close the connection to remote address[10.91.138.46:10911] result: true
2025-09-19 15:03:20.475 [NettyClientSelector_1] INFO  RocketmqRemoting - closeChannel: close the connection to remote address[10.91.138.46:10911] result: true
2025-09-19 15:03:22.468 [NettyClientSelector_1] INFO  RocketmqRemoting - closeChannel: close the connection to remote address[10.91.138.46:10911] result: true
2025-09-19 15:03:22.626 [NettyClientSelector_1] INFO  RocketmqRemoting - closeChannel: close the connection to remote address[10.91.138.46:10911] result: true
2025-09-19 15:03:23.415 [NettyClientSelector_1] INFO  RocketmqRemoting - closeChannel: close the connection to remote address[10.91.138.46:10911] result: true
2025-09-19 15:03:24.562 [NettyClientSelector_1] INFO  RocketmqRemoting - closeChannel: close the connection to remote address[10.91.138.46:10911] result: true
2025-09-19 15:03:24.582 [NettyClientSelector_1] INFO  RocketmqRemoting - closeChannel: close the connection to remote address[10.91.138.46:10911] result: true
2025-09-19 15:03:25.683 [NettyClientSelector_1] INFO  RocketmqRemoting - closeChannel: close the connection to remote address[10.91.138.46:10911] result: true
2025-09-19 15:03:26.475 [NettyClientSelector_1] INFO  RocketmqRemoting - closeChannel: close the connection to remote address[10.91.138.46:10911] result: true
2025-09-19 15:03:26.476 [NettyClientSelector_1] INFO  RocketmqRemoting - closeChannel: close the connection to remote address[127.0.0.1:9876] result: true
2025-09-19 15:03:26.552 [NettyClientSelector_1] INFO  RocketmqRemoting - closeChannel: close the connection to remote address[10.91.138.46:10911] result: true
2025-09-19 15:03:26.614 [NettyClientSelector_1] INFO  RocketmqRemoting - closeChannel: close the connection to remote address[10.91.138.46:10911] result: true
2025-09-19 15:03:28.662 [NettyClientSelector_1] INFO  RocketmqRemoting - closeChannel: close the connection to remote address[10.91.138.46:10911] result: true
2025-09-19 15:03:28.677 [NettyClientSelector_1] INFO  RocketmqRemoting - closeChannel: close the connection to remote address[10.91.138.46:10911] result: true
2025-09-19 15:03:28.739 [NettyClientSelector_1] INFO  RocketmqRemoting - closeChannel: close the connection to remote address[10.91.138.46:10911] result: true
2025-09-19 15:03:29.531 [NettyClientSelector_1] INFO  RocketmqRemoting - closeChannel: close the connection to remote address[10.91.138.46:10911] result: true
2025-09-19 15:03:30.387 [NettyClientSelector_1] INFO  RocketmqRemoting - closeChannel: close the connection to remote address[127.0.0.1:9876] result: true
2025-09-19 15:03:30.647 [NettyClientSelector_1] INFO  RocketmqRemoting - closeChannel: close the connection to remote address[10.91.138.46:10911] result: true
2025-09-19 15:03:30.708 [NettyClientSelector_1] INFO  RocketmqRemoting - closeChannel: close the connection to remote address[10.91.138.46:10911] result: true
2025-09-19 15:03:30.724 [NettyClientSelector_1] INFO  RocketmqRemoting - closeChannel: close the connection to remote address[10.91.138.46:10911] result: true
2025-09-19 15:03:31.799 [NettyClientSelector_1] INFO  RocketmqRemoting - closeChannel: close the connection to remote address[10.91.138.46:10911] result: true
2025-09-19 15:03:32.598 [NettyClientSelector_1] INFO  RocketmqRemoting - closeChannel: close the connection to remote address[10.91.138.46:10911] result: true
2025-09-19 15:03:32.691 [NettyClientSelector_1] INFO  RocketmqRemoting - closeChannel: close the connection to remote address[10.91.138.46:10911] result: true
2025-09-19 15:03:32.770 [NettyClientSelector_1] INFO  RocketmqRemoting - closeChannel: close the connection to remote address[10.91.138.46:10911] result: true
2025-09-19 15:03:34.743 [NettyClientSelector_1] INFO  RocketmqRemoting - closeChannel: close the connection to remote address[10.91.138.46:10911] result: true
2025-09-19 15:03:34.852 [NettyClientSelector_1] INFO  RocketmqRemoting - closeChannel: close the connection to remote address[10.91.138.46:10911] result: true
2025-09-19 15:03:35.352 [NettyClientSelector_1] INFO  RocketmqRemoting - closeChannel: close the connection to remote address[10.91.138.46:10911] result: true
2025-09-19 15:03:36.801 [NettyClientSelector_1] INFO  RocketmqRemoting - closeChannel: close the connection to remote address[10.91.138.46:10911] result: true
2025-09-19 15:03:36.876 [NettyClientSelector_1] INFO  RocketmqRemoting - closeChannel: close the connection to remote address[10.91.138.46:10911] result: true
2025-09-19 15:03:37.344 [NettyClientSelector_1] INFO  RocketmqRemoting - closeChannel: close the connection to remote address[127.0.0.1:9876] result: true
2025-09-19 15:03:37.874 [NettyClientSelector_1] INFO  RocketmqRemoting - closeChannel: close the connection to remote address[127.0.0.1:9876] result: true
2025-09-19 15:03:37.921 [NettyClientSelector_1] INFO  RocketmqRemoting - closeChannel: close the connection to remote address[10.91.138.46:10911] result: true
2025-09-19 15:03:38.076 [NettyClientSelector_1] INFO  RocketmqRemoting - closeChannel: close the connection to remote address[127.0.0.1:9876] result: true
2025-09-19 15:03:38.415 [NettyClientSelector_1] INFO  RocketmqRemoting - closeChannel: close the connection to remote address[10.91.138.46:10911] result: true
2025-09-19 15:03:38.417 [NettyClientSelector_1] INFO  RocketmqRemoting - closeChannel: close the connection to remote address[127.0.0.1:9876] result: true
2025-09-19 15:03:38.848 [NettyClientSelector_1] INFO  RocketmqRemoting - closeChannel: close the connection to remote address[10.91.138.46:10911] result: true
2025-09-19 15:03:38.910 [NettyClientSelector_1] INFO  RocketmqRemoting - closeChannel: close the connection to remote address[10.91.138.46:10911] result: true
2025-09-19 15:03:40.373 [NettyClientSelector_1] INFO  RocketmqRemoting - closeChannel: close the connection to remote address[10.91.138.46:10911] result: true
2025-09-19 15:03:40.900 [NettyClientSelector_1] INFO  RocketmqRemoting - closeChannel: close the connection to remote address[10.91.138.46:10911] result: true
2025-09-19 15:03:40.900 [NettyClientSelector_1] INFO  RocketmqRemoting - closeChannel: close the connection to remote address[10.91.138.46:10911] result: true
2025-09-19 15:03:40.963 [NettyClientSelector_1] INFO  RocketmqRemoting - closeChannel: close the connection to remote address[10.91.138.46:10911] result: true
2025-09-19 15:03:40.964 [NettyClientSelector_1] INFO  RocketmqRemoting - closeChannel: close the connection to remote address[10.91.138.46:10911] result: true
2025-09-19 15:03:41.103 [NettyClientSelector_1] INFO  RocketmqRemoting - closeChannel: close the connection to remote address[10.91.138.46:10911] result: true
2025-09-19 15:03:41.351 [NettyClientSelector_1] INFO  RocketmqRemoting - closeChannel: close the connection to remote address[10.91.138.46:10911] result: true
2025-09-19 15:03:42.947 [NettyClientSelector_1] INFO  RocketmqRemoting - closeChannel: close the connection to remote address[10.91.138.46:10911] result: true
2025-09-19 15:03:43.010 [NettyClientSelector_1] INFO  RocketmqRemoting - closeChannel: close the connection to remote address[10.91.138.46:10911] result: true
2025-09-19 15:03:43.010 [NettyClientSelector_1] INFO  RocketmqRemoting - closeChannel: close the connection to remote address[10.91.138.46:10911] result: true
2025-09-19 15:03:43.954 [NettyClientSelector_1] INFO  RocketmqRemoting - closeChannel: close the connection to remote address[10.91.138.46:10911] result: true
2025-09-19 15:03:44.397 [NettyClientSelector_1] INFO  RocketmqRemoting - closeChannel: close the connection to remote address[10.91.138.46:10911] result: true
2025-09-19 15:03:44.986 [NettyClientSelector_1] INFO  RocketmqRemoting - closeChannel: close the connection to remote address[10.91.138.46:10911] result: true
2025-09-19 15:03:45.048 [NettyClientSelector_1] INFO  RocketmqRemoting - closeChannel: close the connection to remote address[10.91.138.46:10911] result: true
2025-09-19 15:03:46.993 [NettyClientSelector_1] INFO  RocketmqRemoting - closeChannel: close the connection to remote address[10.91.138.46:10911] result: true
2025-09-19 15:03:47.040 [NettyClientSelector_1] INFO  RocketmqRemoting - closeChannel: close the connection to remote address[10.91.138.46:10911] result: true
2025-09-19 15:03:47.086 [NettyClientSelector_1] INFO  RocketmqRemoting - closeChannel: close the connection to remote address[10.91.138.46:10911] result: true
2025-09-19 15:03:47.444 [NettyClientSelector_1] INFO  RocketmqRemoting - closeChannel: close the connection to remote address[10.91.138.46:10911] result: true
2025-09-19 15:03:47.445 [NettyClientSelector_1] INFO  RocketmqRemoting - closeChannel: close the connection to remote address[127.0.0.1:9876] result: true
2025-09-19 15:03:49.090 [NettyClientSelector_1] INFO  RocketmqRemoting - closeChannel: close the connection to remote address[10.91.138.46:10911] result: true
2025-09-19 15:03:49.137 [NettyClientSelector_1] INFO  RocketmqRemoting - closeChannel: close the connection to remote address[10.91.138.46:10911] result: true
2025-09-19 15:03:49.137 [NettyClientSelector_1] INFO  RocketmqRemoting - closeChannel: close the connection to remote address[10.91.138.46:10911] result: true
2025-09-19 15:03:50.054 [NettyClientSelector_1] INFO  RocketmqRemoting - closeChannel: close the connection to remote address[10.91.138.46:10911] result: true
2025-09-19 15:03:50.334 [NettyClientSelector_1] INFO  RocketmqRemoting - closeChannel: close the connection to remote address[10.91.138.46:10911] result: true
2025-09-19 15:03:51.141 [NettyClientSelector_1] INFO  RocketmqRemoting - closeChannel: close the connection to remote address[10.91.138.46:10911] result: true
2025-09-19 15:03:51.143 [NettyClientSelector_1] INFO  RocketmqRemoting - closeChannel: close the connection to remote address[127.0.0.1:9876] result: true
2025-09-19 15:03:51.196 [NettyClientSelector_1] INFO  RocketmqRemoting - closeChannel: close the connection to remote address[127.0.0.1:9876] result: true
2025-09-19 15:03:51.196 [NettyClientSelector_1] INFO  RocketmqRemoting - closeChannel: close the connection to remote address[127.0.0.1:9876] result: true
2025-09-19 15:03:51.810 [NettyClientSelector_1] INFO  RocketmqRemoting - closeChannel: close the connection to remote address[127.0.0.1:9876] result: true
2025-09-19 15:03:53.088 [NettyClientSelector_1] INFO  RocketmqRemoting - closeChannel: close the connection to remote address[10.91.138.46:10911] result: true
2025-09-19 15:03:53.196 [NettyClientSelector_1] INFO  RocketmqRemoting - closeChannel: close the connection to remote address[10.91.138.46:10911] result: true
2025-09-19 15:03:53.212 [NettyClientSelector_1] INFO  RocketmqRemoting - closeChannel: close the connection to remote address[10.91.138.46:10911] result: true
2025-09-19 15:03:53.212 [NettyClientSelector_1] INFO  RocketmqRemoting - closeChannel: close the connection to remote address[10.91.138.46:10911] result: true
2025-09-19 15:03:53.368 [NettyClientSelector_1] INFO  RocketmqRemoting - closeChannel: close the connection to remote address[10.91.138.46:10911] result: true
2025-09-19 15:03:55.246 [NettyClientSelector_1] INFO  RocketmqRemoting - closeChannel: close the connection to remote address[10.91.138.46:10911] result: true
2025-09-19 15:03:55.268 [NettyClientSelector_1] INFO  RocketmqRemoting - closeChannel: close the connection to remote address[10.91.138.46:10911] result: true
2025-09-19 15:03:55.268 [NettyClientSelector_1] INFO  RocketmqRemoting - closeChannel: close the connection to remote address[10.91.138.46:10911] result: true
2025-09-19 15:03:56.127 [NettyClientSelector_1] INFO  RocketmqRemoting - closeChannel: close the connection to remote address[10.91.138.46:10911] result: true
2025-09-19 15:03:56.423 [NettyClientSelector_1] INFO  RocketmqRemoting - closeChannel: close the connection to remote address[10.91.138.46:10911] result: true
2025-09-19 15:03:57.309 [NettyClientSelector_1] INFO  RocketmqRemoting - closeChannel: close the connection to remote address[10.91.138.46:10911] result: true
2025-09-19 15:03:57.310 [NettyClientSelector_1] INFO  RocketmqRemoting - closeChannel: close the connection to remote address[10.91.138.46:10911] result: true
2025-09-19 15:03:59.156 [NettyClientSelector_1] INFO  RocketmqRemoting - closeChannel: close the connection to remote address[10.91.138.46:10911] result: true
2025-09-19 15:03:59.467 [NettyClientSelector_1] INFO  RocketmqRemoting - closeChannel: close the connection to remote address[10.91.138.46:10911] result: true
2025-09-19 15:04:01.380 [NettyClientSelector_1] INFO  RocketmqRemoting - closeChannel: close the connection to remote address[10.91.138.46:10911] result: true
2025-09-19 15:04:02.220 [NettyClientSelector_1] INFO  RocketmqRemoting - closeChannel: close the connection to remote address[10.91.138.46:10911] result: true
2025-09-19 15:04:02.531 [NettyClientSelector_1] INFO  RocketmqRemoting - closeChannel: close the connection to remote address[10.91.138.46:10911] result: true
2025-09-19 15:04:03.448 [NettyClientSelector_1] INFO  RocketmqRemoting - closeChannel: close the connection to remote address[10.91.138.46:10911] result: true
2025-09-19 15:04:05.282 [NettyClientSelector_1] INFO  RocketmqRemoting - closeChannel: close the connection to remote address[10.91.138.46:10911] result: true
2025-09-19 15:04:05.344 [NettyClientSelector_1] INFO  RocketmqRemoting - closeChannel: close the connection to remote address[10.91.138.46:10911] result: true
2025-09-19 15:04:05.481 [NettyClientSelector_1] INFO  RocketmqRemoting - closeChannel: close the connection to remote address[10.91.138.46:10911] result: true
2025-09-19 15:04:07.351 [NettyClientSelector_1] INFO  RocketmqRemoting - closeChannel: close the connection to remote address[127.0.0.1:9876] result: true
2025-09-19 15:04:07.519 [NettyClientSelector_1] INFO  RocketmqRemoting - closeChannel: close the connection to remote address[10.91.138.46:10911] result: true
2025-09-19 15:04:07.875 [NettyClientSelector_1] INFO  RocketmqRemoting - closeChannel: close the connection to remote address[127.0.0.1:9876] result: true
2025-09-19 15:04:08.062 [NettyClientSelector_1] INFO  RocketmqRemoting - closeChannel: close the connection to remote address[127.0.0.1:9876] result: true
2025-09-19 15:04:08.339 [NettyClientSelector_1] INFO  RocketmqRemoting - closeChannel: close the connection to remote address[10.91.138.46:10911] result: true
2025-09-19 15:04:08.402 [NettyClientSelector_1] INFO  RocketmqRemoting - closeChannel: close the connection to remote address[10.91.138.46:10911] result: true
2025-09-19 15:04:08.403 [NettyClientSelector_1] INFO  RocketmqRemoting - closeChannel: close the connection to remote address[127.0.0.1:9876] result: true
2025-09-19 15:04:08.418 [NettyClientSelector_1] INFO  RocketmqRemoting - closeChannel: close the connection to remote address[127.0.0.1:9876] result: true
2025-09-19 15:04:09.559 [NettyClientSelector_1] INFO  RocketmqRemoting - closeChannel: close the connection to remote address[10.91.138.46:10911] result: true
2025-09-19 15:04:09.574 [NettyClientSelector_1] INFO  RocketmqRemoting - closeChannel: close the connection to remote address[10.91.138.46:10911] result: true
2025-09-19 15:04:09.574 [NettyClientSelector_1] INFO  RocketmqRemoting - closeChannel: close the connection to remote address[10.91.138.46:10911] result: true
2025-09-19 15:04:10.379 [NettyClientSelector_1] INFO  RocketmqRemoting - closeChannel: close the connection to remote address[10.91.138.46:10911] result: true
2025-09-19 15:04:10.886 [NettyClientSelector_1] INFO  RocketmqRemoting - closeChannel: close the connection to remote address[10.91.138.46:10911] result: true
2025-09-19 15:04:11.085 [NettyClientSelector_1] INFO  RocketmqRemoting - closeChannel: close the connection to remote address[10.91.138.46:10911] result: true
2025-09-19 15:04:11.332 [NettyClientSelector_1] INFO  RocketmqRemoting - closeChannel: close the connection to remote address[10.91.138.46:10911] result: true
2025-09-19 15:04:11.610 [NettyClientSelector_1] INFO  RocketmqRemoting - closeChannel: close the connection to remote address[10.91.138.46:10911] result: true
2025-09-19 15:04:13.098 [NettyClientSelector_1] INFO  RocketmqRemoting - closeChannel: close the connection to remote address[127.0.0.1:9876] result: true
2025-09-19 15:04:13.656 [NettyClientSelector_1] INFO  RocketmqRemoting - closeChannel: close the connection to remote address[10.91.138.46:10911] result: true
2025-09-19 15:04:13.935 [NettyClientSelector_1] INFO  RocketmqRemoting - closeChannel: close the connection to remote address[10.91.138.46:10911] result: true
2025-09-19 15:04:14.388 [NettyClientSelector_1] INFO  RocketmqRemoting - closeChannel: close the connection to remote address[10.91.138.46:10911] result: true
2025-09-19 15:04:15.710 [NettyClientSelector_1] INFO  RocketmqRemoting - closeChannel: close the connection to remote address[10.91.138.46:10911] result: true
2025-09-19 15:04:15.710 [NettyClientSelector_1] INFO  RocketmqRemoting - closeChannel: close the connection to remote address[10.91.138.46:10911] result: true
2025-09-19 15:04:17.004 [NettyClientSelector_1] INFO  RocketmqRemoting - closeChannel: close the connection to remote address[10.91.138.46:10911] result: true
2025-09-19 15:04:17.455 [NettyClientSelector_1] INFO  RocketmqRemoting - closeChannel: close the connection to remote address[10.91.138.46:10911] result: true
2025-09-19 15:04:17.752 [NettyClientSelector_1] INFO  RocketmqRemoting - closeChannel: close the connection to remote address[10.91.138.46:10911] result: true
2025-09-19 15:04:17.767 [NettyClientSelector_1] INFO  RocketmqRemoting - closeChannel: close the connection to remote address[10.91.138.46:10911] result: true
2025-09-19 15:04:17.782 [NettyClientSelector_1] INFO  RocketmqRemoting - closeChannel: close the connection to remote address[10.91.138.46:10911] result: true
2025-09-19 15:04:19.802 [NettyClientSelector_1] INFO  RocketmqRemoting - closeChannel: close the connection to remote address[10.91.138.46:10911] result: true
2025-09-19 15:04:19.817 [NettyClientSelector_1] INFO  RocketmqRemoting - closeChannel: close the connection to remote address[10.91.138.46:10911] result: true
2025-09-19 15:04:19.832 [NettyClientSelector_1] INFO  RocketmqRemoting - closeChannel: close the connection to remote address[10.91.138.46:10911] result: true
2025-09-19 15:04:20.065 [NettyClientSelector_1] INFO  RocketmqRemoting - closeChannel: close the connection to remote address[10.91.138.46:10911] result: true
2025-09-19 15:04:20.347 [NettyClientSelector_1] INFO  RocketmqRemoting - closeChannel: close the connection to remote address[10.91.138.46:10911] result: true
2025-09-19 15:04:21.858 [NettyClientSelector_1] INFO  RocketmqRemoting - closeChannel: close the connection to remote address[10.91.138.46:10911] result: true
2025-09-19 15:04:21.872 [NettyClientSelector_1] INFO  RocketmqRemoting - closeChannel: close the connection to remote address[10.91.138.46:10911] result: true
2025-09-19 15:04:23.133 [NettyClientSelector_1] INFO  RocketmqRemoting - closeChannel: close the connection to remote address[10.91.138.46:10911] result: true
2025-09-19 15:04:23.412 [NettyClientSelector_1] INFO  RocketmqRemoting - closeChannel: close the connection to remote address[10.91.138.46:10911] result: true
2025-09-19 15:04:23.926 [NettyClientSelector_1] INFO  RocketmqRemoting - closeChannel: close the connection to remote address[10.91.138.46:10911] result: true
2025-09-19 15:04:25.948 [NettyClientSelector_1] INFO  RocketmqRemoting - closeChannel: close the connection to remote address[10.91.138.46:10911] result: true
2025-09-19 15:04:25.964 [NettyClientSelector_1] INFO  RocketmqRemoting - closeChannel: close the connection to remote address[10.91.138.46:10911] result: true
2025-09-19 15:04:25.980 [NettyClientSelector_1] INFO  RocketmqRemoting - closeChannel: close the connection to remote address[10.91.138.46:10911] result: true
2025-09-19 15:04:26.196 [NettyClientSelector_1] INFO  RocketmqRemoting - closeChannel: close the connection to remote address[10.91.138.46:10911] result: true
2025-09-19 15:04:26.477 [NettyClientSelector_1] INFO  RocketmqRemoting - closeChannel: close the connection to remote address[10.91.138.46:10911] result: true
2025-09-19 15:04:27.983 [NettyClientSelector_1] INFO  RocketmqRemoting - closeChannel: close the connection to remote address[10.91.138.46:10911] result: true
2025-09-19 15:04:28.015 [NettyClientSelector_1] INFO  RocketmqRemoting - closeChannel: close the connection to remote address[10.91.138.46:10911] result: true
2025-09-19 15:04:29.244 [NettyClientSelector_1] INFO  RocketmqRemoting - closeChannel: close the connection to remote address[10.91.138.46:10911] result: true
2025-09-19 15:04:29.540 [NettyClientSelector_1] INFO  RocketmqRemoting - closeChannel: close the connection to remote address[10.91.138.46:10911] result: true
2025-09-19 15:04:29.555 [NettyClientSelector_1] INFO  RocketmqRemoting - closeChannel: close the connection to remote address[127.0.0.1:9876] result: true
2025-09-19 15:04:30.068 [NettyClientSelector_1] INFO  RocketmqRemoting - closeChannel: close the connection to remote address[10.91.138.46:10911] result: true
2025-09-19 15:04:32.110 [NettyClientSelector_1] INFO  RocketmqRemoting - closeChannel: close the connection to remote address[10.91.138.46:10911] result: true
2025-09-19 15:04:32.312 [NettyClientSelector_1] INFO  RocketmqRemoting - closeChannel: close the connection to remote address[10.91.138.46:10911] result: true
2025-09-19 15:04:32.624 [NettyClientSelector_1] INFO  RocketmqRemoting - closeChannel: close the connection to remote address[10.91.138.46:10911] result: true
2025-09-19 15:04:33.947 [NettyClientSelector_1] INFO  RocketmqRemoting - closeChannel: close the connection to remote address[127.0.0.1:9876] result: true
2025-09-19 15:04:34.178 [NettyClientSelector_1] INFO  RocketmqRemoting - closeChannel: close the connection to remote address[10.91.138.46:10911] result: true
2025-09-19 15:04:35.348 [NettyClientSelector_1] INFO  RocketmqRemoting - closeChannel: close the connection to remote address[10.91.138.46:10911] result: true
2025-09-19 15:04:35.379 [NettyClientSelector_1] INFO  RocketmqRemoting - closeChannel: close the connection to remote address[10.91.138.46:10911] result: true
2025-09-19 15:04:36.206 [NettyClientSelector_1] INFO  RocketmqRemoting - closeChannel: close the connection to remote address[10.91.138.46:10911] result: true
2025-09-19 15:04:36.219 [NettyClientSelector_1] INFO  RocketmqRemoting - closeChannel: close the connection to remote address[10.91.138.46:10911] result: true
2025-09-19 15:04:37.342 [NettyClientSelector_1] INFO  RocketmqRemoting - closeChannel: close the connection to remote address[127.0.0.1:9876] result: true
2025-09-19 15:04:37.872 [NettyClientSelector_1] INFO  RocketmqRemoting - closeChannel: close the connection to remote address[127.0.0.1:9876] result: true
2025-09-19 15:04:38.057 [NettyClientSelector_1] INFO  RocketmqRemoting - closeChannel: close the connection to remote address[127.0.0.1:9876] result: true
2025-09-19 15:04:38.259 [NettyClientSelector_1] INFO  RocketmqRemoting - closeChannel: close the connection to remote address[10.91.138.46:10911] result: true
2025-09-19 15:04:38.414 [NettyClientSelector_1] INFO  RocketmqRemoting - closeChannel: close the connection to remote address[10.91.138.46:10911] result: true
2025-09-19 15:04:38.430 [NettyClientSelector_1] INFO  RocketmqRemoting - closeChannel: close the connection to remote address[127.0.0.1:9876] result: true
2025-09-19 15:04:38.446 [NettyClientSelector_1] INFO  RocketmqRemoting - closeChannel: close the connection to remote address[10.91.138.46:10911] result: true
2025-09-19 15:04:40.320 [NettyClientSelector_1] INFO  RocketmqRemoting - closeChannel: close the connection to remote address[10.91.138.46:10911] result: true
2025-09-19 15:04:40.381 [NettyClientSelector_1] INFO  RocketmqRemoting - closeChannel: close the connection to remote address[10.91.138.46:10911] result: true
2025-09-19 15:04:40.911 [NettyClientSelector_1] INFO  RocketmqRemoting - closeChannel: close the connection to remote address[10.91.138.46:10911] result: true
2025-09-19 15:04:41.098 [NettyClientSelector_1] INFO  RocketmqRemoting - closeChannel: close the connection to remote address[10.91.138.46:10911] result: true
2025-09-19 15:04:41.346 [NettyClientSelector_1] INFO  RocketmqRemoting - closeChannel: close the connection to remote address[10.91.138.46:10911] result: true
2025-09-19 15:04:43.972 [NettyClientSelector_1] INFO  RocketmqRemoting - closeChannel: close the connection to remote address[10.91.138.46:10911] result: true
2025-09-19 15:04:44.409 [NettyClientSelector_1] INFO  RocketmqRemoting - closeChannel: close the connection to remote address[10.91.138.46:10911] result: true
2025-09-19 15:04:44.425 [NettyClientSelector_1] INFO  RocketmqRemoting - closeChannel: close the connection to remote address[10.91.138.46:10911] result: true
2025-09-19 15:04:44.425 [NettyClientSelector_1] INFO  RocketmqRemoting - closeChannel: close the connection to remote address[10.91.138.46:10911] result: true
2025-09-19 15:04:46.478 [NettyClientSelector_1] INFO  RocketmqRemoting - closeChannel: close the connection to remote address[10.91.138.46:10911] result: true
2025-09-19 15:04:46.508 [NettyClientSelector_1] INFO  RocketmqRemoting - closeChannel: close the connection to remote address[10.91.138.46:10911] result: true
2025-09-19 15:04:47.040 [NettyClientSelector_1] INFO  RocketmqRemoting - closeChannel: close the connection to remote address[10.91.138.46:10911] result: true
2025-09-19 15:04:47.458 [NettyClientSelector_1] INFO  RocketmqRemoting - closeChannel: close the connection to remote address[10.91.138.46:10911] result: true
2025-09-19 15:04:48.529 [NettyClientSelector_1] INFO  RocketmqRemoting - closeChannel: close the connection to remote address[10.91.138.46:10911] result: true
2025-09-19 15:04:50.089 [NettyClientSelector_1] INFO  RocketmqRemoting - closeChannel: close the connection to remote address[10.91.138.46:10911] result: true
2025-09-19 15:04:50.335 [NettyClientSelector_1] INFO  RocketmqRemoting - closeChannel: close the connection to remote address[10.91.138.46:10911] result: true
2025-09-19 15:04:50.337 [NettyClientSelector_1] INFO  RocketmqRemoting - closeChannel: close the connection to remote address[127.0.0.1:9876] result: true
2025-09-19 15:04:50.571 [NettyClientSelector_1] INFO  RocketmqRemoting - closeChannel: close the connection to remote address[10.91.138.46:10911] result: true
2025-09-19 15:04:50.571 [NettyClientSelector_1] INFO  RocketmqRemoting - closeChannel: close the connection to remote address[10.91.138.46:10911] result: true
2025-09-19 15:04:52.611 [NettyClientSelector_1] INFO  RocketmqRemoting - closeChannel: close the connection to remote address[10.91.138.46:10911] result: true
2025-09-19 15:04:52.643 [NettyClientSelector_1] INFO  RocketmqRemoting - closeChannel: close the connection to remote address[10.91.138.46:10911] result: true
2025-09-19 15:04:53.139 [NettyClientSelector_1] INFO  RocketmqRemoting - closeChannel: close the connection to remote address[10.91.138.46:10911] result: true
2025-09-19 15:04:53.418 [NettyClientSelector_1] INFO  RocketmqRemoting - closeChannel: close the connection to remote address[10.91.138.46:10911] result: true
2025-09-19 15:04:54.661 [NettyClientSelector_1] INFO  RocketmqRemoting - closeChannel: close the connection to remote address[10.91.138.46:10911] result: true
2025-09-19 15:04:54.661 [NettyClientSelector_1] INFO  RocketmqRemoting - closeChannel: close the connection to remote address[10.91.138.46:10911] result: true
2025-09-19 15:04:54.664 [NettyClientSelector_1] INFO  RocketmqRemoting - closeChannel: close the connection to remote address[127.0.0.1:9876] result: true
2025-09-19 15:04:54.664 [NettyClientSelector_1] INFO  RocketmqRemoting - closeChannel: close the connection to remote address[127.0.0.1:9876] result: true
2025-09-19 15:04:54.692 [NettyClientSelector_1] INFO  RocketmqRemoting - closeChannel: close the connection to remote address[10.91.138.46:10911] result: true
2025-09-19 15:04:54.694 [NettyClientSelector_1] INFO  RocketmqRemoting - closeChannel: close the connection to remote address[127.0.0.1:9876] result: true
2025-09-19 15:04:55.394 [NettyClientSelector_1] INFO  RocketmqRemoting - closeChannel: close the connection to remote address[127.0.0.1:9876] result: true
2025-09-19 15:04:56.200 [NettyClientSelector_1] INFO  RocketmqRemoting - closeChannel: close the connection to remote address[10.91.138.46:10911] result: true
2025-09-19 15:04:56.481 [NettyClientSelector_1] INFO  RocketmqRemoting - closeChannel: close the connection to remote address[10.91.138.46:10911] result: true
2025-09-19 15:04:56.715 [NettyClientSelector_1] INFO  RocketmqRemoting - closeChannel: close the connection to remote address[10.91.138.46:10911] result: true
2025-09-19 15:04:56.715 [NettyClientSelector_1] INFO  RocketmqRemoting - closeChannel: close the connection to remote address[10.91.138.46:10911] result: true
2025-09-19 15:04:58.769 [NettyClientSelector_1] INFO  RocketmqRemoting - closeChannel: close the connection to remote address[10.91.138.46:10911] result: true
2025-09-19 15:04:58.799 [NettyClientSelector_1] INFO  RocketmqRemoting - closeChannel: close the connection to remote address[10.91.138.46:10911] result: true
2025-09-19 15:04:59.265 [NettyClientSelector_1] INFO  RocketmqRemoting - closeChannel: close the connection to remote address[10.91.138.46:10911] result: true
2025-09-19 15:04:59.559 [NettyClientSelector_1] INFO  RocketmqRemoting - closeChannel: close the connection to remote address[10.91.138.46:10911] result: true
2025-09-19 15:05:00.816 [NettyClientSelector_1] INFO  RocketmqRemoting - closeChannel: close the connection to remote address[10.91.138.46:10911] result: true
2025-09-19 15:05:02.339 [NettyClientSelector_1] INFO  RocketmqRemoting - closeChannel: close the connection to remote address[10.91.138.46:10911] result: true
2025-09-19 15:05:02.619 [NettyClientSelector_1] INFO  RocketmqRemoting - closeChannel: close the connection to remote address[10.91.138.46:10911] result: true
2025-09-19 15:05:02.857 [NettyClientSelector_1] INFO  RocketmqRemoting - closeChannel: close the connection to remote address[10.91.138.46:10911] result: true
2025-09-19 15:05:02.857 [NettyClientSelector_1] INFO  RocketmqRemoting - closeChannel: close the connection to remote address[10.91.138.46:10911] result: true
2025-09-19 15:05:02.888 [NettyClientSelector_1] INFO  RocketmqRemoting - closeChannel: close the connection to remote address[10.91.138.46:10911] result: true
2025-09-19 15:05:05.338 [NettyClientSelector_1] INFO  RocketmqRemoting - closeChannel: close the connection to remote address[10.91.138.46:10911] result: true
2025-09-19 15:05:05.401 [NettyClientSelector_1] INFO  RocketmqRemoting - closeChannel: close the connection to remote address[10.91.138.46:10911] result: true
2025-09-19 15:05:06.988 [NettyClientSelector_1] INFO  RocketmqRemoting - closeChannel: close the connection to remote address[10.91.138.46:10911] result: true
2025-09-19 15:05:07.348 [NettyClientSelector_1] INFO  RocketmqRemoting - closeChannel: close the connection to remote address[127.0.0.1:9876] result: true
2025-09-19 15:05:07.870 [NettyClientSelector_1] INFO  RocketmqRemoting - closeChannel: close the connection to remote address[127.0.0.1:9876] result: true
2025-09-19 15:05:08.058 [NettyClientSelector_1] INFO  RocketmqRemoting - closeChannel: close the connection to remote address[127.0.0.1:9876] result: true
2025-09-19 15:05:08.382 [NettyClientSelector_1] INFO  RocketmqRemoting - closeChannel: close the connection to remote address[10.91.138.46:10911] result: true
2025-09-19 15:05:08.385 [NettyClientSelector_1] INFO  RocketmqRemoting - closeChannel: close the connection to remote address[127.0.0.1:9876] result: true
2025-09-19 15:05:08.444 [NettyClientSelector_1] INFO  RocketmqRemoting - closeChannel: close the connection to remote address[10.91.138.46:10911] result: true
2025-09-19 15:05:09.005 [NettyClientSelector_1] INFO  RocketmqRemoting - closeChannel: close the connection to remote address[10.91.138.46:10911] result: true
2025-09-19 15:05:09.051 [NettyClientSelector_1] INFO  RocketmqRemoting - closeChannel: close the connection to remote address[10.91.138.46:10911] result: true
2025-09-19 15:05:10.389 [NettyClientSelector_1] INFO  RocketmqRemoting - closeChannel: close the connection to remote address[10.91.138.46:10911] result: true
2025-09-19 15:05:10.897 [NettyClientSelector_1] INFO  RocketmqRemoting - closeChannel: close the connection to remote address[10.91.138.46:10911] result: true
2025-09-19 15:05:11.053 [NettyClientSelector_1] INFO  RocketmqRemoting - closeChannel: close the connection to remote address[10.91.138.46:10911] result: true
2025-09-19 15:05:11.101 [NettyClientSelector_1] INFO  RocketmqRemoting - closeChannel: close the connection to remote address[10.91.138.46:10911] result: true
2025-09-19 15:05:11.349 [NettyClientSelector_1] INFO  RocketmqRemoting - closeChannel: close the connection to remote address[10.91.138.46:10911] result: true
2025-09-19 15:05:11.365 [NettyClientSelector_1] INFO  RocketmqRemoting - closeChannel: close the connection to remote address[127.0.0.1:9876] result: true
2025-09-19 15:05:13.089 [NettyClientSelector_1] INFO  RocketmqRemoting - closeChannel: close the connection to remote address[10.91.138.46:10911] result: true
2025-09-19 15:05:13.152 [NettyClientSelector_1] INFO  RocketmqRemoting - closeChannel: close the connection to remote address[10.91.138.46:10911] result: true
2025-09-19 15:05:13.957 [NettyClientSelector_1] INFO  RocketmqRemoting - closeChannel: close the connection to remote address[10.91.138.46:10911] result: true
2025-09-19 15:05:14.408 [NettyClientSelector_1] INFO  RocketmqRemoting - closeChannel: close the connection to remote address[10.91.138.46:10911] result: true
2025-09-19 15:05:16.223 [NettyClientSelector_1] INFO  RocketmqRemoting - closeChannel: close the connection to remote address[127.0.0.1:9876] result: true
2025-09-19 15:05:17.014 [NettyClientSelector_1] INFO  RocketmqRemoting - closeChannel: close the connection to remote address[10.91.138.46:10911] result: true
2025-09-19 15:05:17.184 [NettyClientSelector_1] INFO  RocketmqRemoting - closeChannel: close the connection to remote address[10.91.138.46:10911] result: true
2025-09-19 15:05:17.199 [NettyClientSelector_1] INFO  RocketmqRemoting - closeChannel: close the connection to remote address[10.91.138.46:10911] result: true
2025-09-19 15:05:17.245 [NettyClientSelector_1] INFO  RocketmqRemoting - closeChannel: close the connection to remote address[10.91.138.46:10911] result: true
2025-09-19 15:05:17.460 [NettyClientSelector_1] INFO  RocketmqRemoting - closeChannel: close the connection to remote address[10.91.138.46:10911] result: true
2025-09-19 15:05:19.223 [NettyClientSelector_1] INFO  RocketmqRemoting - closeChannel: close the connection to remote address[10.91.138.46:10911] result: true
2025-09-19 15:05:19.284 [NettyClientSelector_1] INFO  RocketmqRemoting - closeChannel: close the connection to remote address[10.91.138.46:10911] result: true
2025-09-19 15:05:20.076 [NettyClientSelector_1] INFO  RocketmqRemoting - closeChannel: close the connection to remote address[10.91.138.46:10911] result: true
2025-09-19 15:05:20.340 [NettyClientSelector_1] INFO  RocketmqRemoting - closeChannel: close the connection to remote address[10.91.138.46:10911] result: true
2025-09-19 15:05:23.124 [NettyClientSelector_1] INFO  RocketmqRemoting - closeChannel: close the connection to remote address[10.91.138.46:10911] result: true
2025-09-19 15:05:23.341 [NettyClientSelector_1] INFO  RocketmqRemoting - closeChannel: close the connection to remote address[10.91.138.46:10911] result: true
2025-09-19 15:05:23.388 [NettyClientSelector_1] INFO  RocketmqRemoting - closeChannel: close the connection to remote address[10.91.138.46:10911] result: true
2025-09-19 15:05:25.415 [NettyClientSelector_1] INFO  RocketmqRemoting - closeChannel: close the connection to remote address[10.91.138.46:10911] result: true
2025-09-19 15:05:26.195 [NettyClientSelector_1] INFO  RocketmqRemoting - closeChannel: close the connection to remote address[10.91.138.46:10911] result: true
2025-09-19 15:05:26.459 [NettyClientSelector_1] INFO  RocketmqRemoting - closeChannel: close the connection to remote address[10.91.138.46:10911] result: true
2025-09-19 15:05:27.486 [NettyClientSelector_1] INFO  RocketmqRemoting - closeChannel: close the connection to remote address[10.91.138.46:10911] result: true
2025-09-19 15:05:27.486 [NettyClientSelector_1] INFO  RocketmqRemoting - closeChannel: close the connection to remote address[10.91.138.46:10911] result: true
2025-09-19 15:05:29.258 [NettyClientSelector_1] INFO  RocketmqRemoting - closeChannel: close the connection to remote address[10.91.138.46:10911] result: true
2025-09-19 15:05:29.457 [NettyClientSelector_1] INFO  RocketmqRemoting - closeChannel: close the connection to remote address[10.91.138.46:10911] result: true
2025-09-19 15:05:29.520 [NettyClientSelector_1] INFO  RocketmqRemoting - closeChannel: close the connection to remote address[10.91.138.46:10911] result: true
2025-09-19 15:05:29.535 [NettyClientSelector_1] INFO  RocketmqRemoting - closeChannel: close the connection to remote address[10.91.138.46:10911] result: true
2025-09-19 15:05:31.512 [NettyClientSelector_1] INFO  RocketmqRemoting - closeChannel: close the connection to remote address[10.91.138.46:10911] result: true
2025-09-19 15:05:31.590 [NettyClientSelector_1] INFO  RocketmqRemoting - closeChannel: close the connection to remote address[10.91.138.46:10911] result: true
2025-09-19 15:05:32.319 [NettyClientSelector_1] INFO  RocketmqRemoting - closeChannel: close the connection to remote address[10.91.138.46:10911] result: true
2025-09-19 15:05:32.567 [NettyClientSelector_1] INFO  RocketmqRemoting - closeChannel: close the connection to remote address[10.91.138.46:10911] result: true
2025-09-19 15:05:32.582 [NettyClientSelector_1] INFO  RocketmqRemoting - closeChannel: close the connection to remote address[127.0.0.1:9876] result: true
2025-09-19 15:05:33.639 [NettyClientSelector_1] INFO  RocketmqRemoting - closeChannel: close the connection to remote address[10.91.138.46:10911] result: true
2025-09-19 15:05:33.639 [NettyClientSelector_1] INFO  RocketmqRemoting - closeChannel: close the connection to remote address[10.91.138.46:10911] result: true
2025-09-19 15:05:35.348 [NettyClientSelector_1] INFO  RocketmqRemoting - closeChannel: close the connection to remote address[10.91.138.46:10911] result: true
2025-09-19 15:05:35.378 [NettyClientSelector_1] INFO  RocketmqRemoting - closeChannel: close the connection to remote address[10.91.138.46:10911] result: true
2025-09-19 15:05:35.614 [NettyClientSelector_1] INFO  RocketmqRemoting - closeChannel: close the connection to remote address[10.91.138.46:10911] result: true
2025-09-19 15:05:35.677 [NettyClientSelector_1] INFO  RocketmqRemoting - closeChannel: close the connection to remote address[10.91.138.46:10911] result: true
2025-09-19 15:05:37.019 [NettyClientSelector_1] INFO  RocketmqRemoting - closeChannel: close the connection to remote address[127.0.0.1:9876] result: true
2025-09-19 15:05:37.345 [NettyClientSelector_1] INFO  RocketmqRemoting - closeChannel: close the connection to remote address[127.0.0.1:9876] result: true
2025-09-19 15:05:37.875 [NettyClientSelector_1] INFO  RocketmqRemoting - closeChannel: close the connection to remote address[127.0.0.1:9876] result: true
2025-09-19 15:05:38.075 [NettyClientSelector_1] INFO  RocketmqRemoting - closeChannel: close the connection to remote address[127.0.0.1:9876] result: true
2025-09-19 15:05:38.404 [NettyClientSelector_1] INFO  RocketmqRemoting - closeChannel: close the connection to remote address[10.91.138.46:10911] result: true
2025-09-19 15:05:38.407 [NettyClientSelector_1] INFO  RocketmqRemoting - closeChannel: close the connection to remote address[127.0.0.1:9876] result: true
2025-09-19 15:05:38.421 [NettyClientSelector_1] INFO  RocketmqRemoting - closeChannel: close the connection to remote address[10.91.138.46:10911] result: true
2025-09-19 15:05:39.785 [NettyClientSelector_1] INFO  RocketmqRemoting - closeChannel: close the connection to remote address[10.91.138.46:10911] result: true
2025-09-19 15:05:39.802 [NettyClientSelector_1] INFO  RocketmqRemoting - closeChannel: close the connection to remote address[10.91.138.46:10911] result: true
2025-09-19 15:05:40.377 [NettyClientSelector_1] INFO  RocketmqRemoting - closeChannel: close the connection to remote address[10.91.138.46:10911] result: true
2025-09-19 15:05:40.904 [NettyClientSelector_1] INFO  RocketmqRemoting - closeChannel: close the connection to remote address[10.91.138.46:10911] result: true
2025-09-19 15:05:41.090 [NettyClientSelector_1] INFO  RocketmqRemoting - closeChannel: close the connection to remote address[10.91.138.46:10911] result: true
2025-09-19 15:05:41.340 [NettyClientSelector_1] INFO  RocketmqRemoting - closeChannel: close the connection to remote address[10.91.138.46:10911] result: true
2025-09-19 15:05:41.824 [NettyClientSelector_1] INFO  RocketmqRemoting - closeChannel: close the connection to remote address[10.91.138.46:10911] result: true
2025-09-19 15:05:41.855 [NettyClientSelector_1] INFO  RocketmqRemoting - closeChannel: close the connection to remote address[10.91.138.46:10911] result: true
2025-09-19 15:05:43.896 [NettyClientSelector_1] INFO  RocketmqRemoting - closeChannel: close the connection to remote address[10.91.138.46:10911] result: true
2025-09-19 15:05:43.987 [NettyClientSelector_1] INFO  RocketmqRemoting - closeChannel: close the connection to remote address[10.91.138.46:10911] result: true
2025-09-19 15:05:44.391 [NettyClientSelector_1] INFO  RocketmqRemoting - closeChannel: close the connection to remote address[10.91.138.46:10911] result: true
2025-09-19 15:05:45.868 [NettyClientSelector_1] INFO  RocketmqRemoting - closeChannel: close the connection to remote address[10.91.138.46:10911] result: true
2025-09-19 15:05:45.945 [NettyClientSelector_1] INFO  RocketmqRemoting - closeChannel: close the connection to remote address[10.91.138.46:10911] result: true
2025-09-19 15:05:47.052 [NettyClientSelector_1] INFO  RocketmqRemoting - closeChannel: close the connection to remote address[10.91.138.46:10911] result: true
2025-09-19 15:05:47.452 [NettyClientSelector_1] INFO  RocketmqRemoting - closeChannel: close the connection to remote address[10.91.138.46:10911] result: true
2025-09-19 15:05:47.995 [NettyClientSelector_1] INFO  RocketmqRemoting - closeChannel: close the connection to remote address[10.91.138.46:10911] result: true
2025-09-19 15:05:47.995 [NettyClientSelector_1] INFO  RocketmqRemoting - closeChannel: close the connection to remote address[10.91.138.46:10911] result: true
2025-09-19 15:05:49.972 [NettyClientSelector_1] INFO  RocketmqRemoting - closeChannel: close the connection to remote address[10.91.138.46:10911] result: true
2025-09-19 15:05:50.050 [NettyClientSelector_1] INFO  RocketmqRemoting - closeChannel: close the connection to remote address[10.91.138.46:10911] result: true
2025-09-19 15:05:50.112 [NettyClientSelector_1] INFO  RocketmqRemoting - closeChannel: close the connection to remote address[10.91.138.46:10911] result: true
2025-09-19 15:05:50.345 [NettyClientSelector_1] INFO  RocketmqRemoting - closeChannel: close the connection to remote address[10.91.138.46:10911] result: true
2025-09-19 15:05:52.020 [NettyClientSelector_1] INFO  RocketmqRemoting - closeChannel: close the connection to remote address[10.91.138.46:10911] result: true
2025-09-19 15:05:52.099 [NettyClientSelector_1] INFO  RocketmqRemoting - closeChannel: close the connection to remote address[10.91.138.46:10911] result: true
2025-09-19 15:05:53.161 [NettyClientSelector_1] INFO  RocketmqRemoting - closeChannel: close the connection to remote address[10.91.138.46:10911] result: true
2025-09-19 15:05:53.394 [NettyClientSelector_1] INFO  RocketmqRemoting - closeChannel: close the connection to remote address[10.91.138.46:10911] result: true
2025-09-19 15:05:53.409 [NettyClientSelector_1] INFO  RocketmqRemoting - closeChannel: close the connection to remote address[127.0.0.1:9876] result: true
2025-09-19 15:05:54.137 [NettyClientSelector_1] INFO  RocketmqRemoting - closeChannel: close the connection to remote address[10.91.138.46:10911] result: true
2025-09-19 15:05:54.137 [NettyClientSelector_1] INFO  RocketmqRemoting - closeChannel: close the connection to remote address[10.91.138.46:10911] result: true
2025-09-19 15:05:56.100 [NettyClientSelector_1] INFO  RocketmqRemoting - closeChannel: close the connection to remote address[10.91.138.46:10911] result: true
2025-09-19 15:05:56.191 [NettyClientSelector_1] INFO  RocketmqRemoting - closeChannel: close the connection to remote address[10.91.138.46:10911] result: true
2025-09-19 15:05:56.222 [NettyClientSelector_1] INFO  RocketmqRemoting - closeChannel: close the connection to remote address[10.91.138.46:10911] result: true
2025-09-19 15:05:56.456 [NettyClientSelector_1] INFO  RocketmqRemoting - closeChannel: close the connection to remote address[10.91.138.46:10911] result: true
2025-09-19 15:05:58.170 [NettyClientSelector_1] INFO  RocketmqRemoting - closeChannel: close the connection to remote address[10.91.138.46:10911] result: true
2025-09-19 15:05:58.171 [NettyClientSelector_1] INFO  RocketmqRemoting - closeChannel: close the connection to remote address[127.0.0.1:9876] result: true
2025-09-19 15:05:58.248 [NettyClientSelector_1] INFO  RocketmqRemoting - closeChannel: close the connection to remote address[10.91.138.46:10911] result: true
2025-09-19 15:05:58.248 [NettyClientSelector_1] INFO  RocketmqRemoting - closeChannel: close the connection to remote address[10.91.138.46:10911] result: true
2025-09-19 15:05:58.249 [NettyClientSelector_1] INFO  RocketmqRemoting - closeChannel: close the connection to remote address[127.0.0.1:9876] result: true
2025-09-19 15:05:58.262 [NettyClientSelector_1] INFO  RocketmqRemoting - closeChannel: close the connection to remote address[127.0.0.1:9876] result: true
2025-09-19 15:05:58.446 [NettyClientSelector_1] INFO  RocketmqRemoting - closeChannel: close the connection to remote address[127.0.0.1:9876] result: true
2025-09-19 15:05:59.287 [NettyClientSelector_1] INFO  RocketmqRemoting - closeChannel: close the connection to remote address[10.91.138.46:10911] result: true
2025-09-19 15:05:59.519 [NettyClientSelector_1] INFO  RocketmqRemoting - closeChannel: close the connection to remote address[10.91.138.46:10911] result: true
2025-09-19 15:06:00.209 [NettyClientSelector_1] INFO  RocketmqRemoting - closeChannel: close the connection to remote address[10.91.138.46:10911] result: true
2025-09-19 15:06:00.285 [NettyClientSelector_1] INFO  RocketmqRemoting - closeChannel: close the connection to remote address[10.91.138.46:10911] result: true
2025-09-19 15:06:02.257 [NettyClientSelector_1] INFO  RocketmqRemoting - closeChannel: close the connection to remote address[10.91.138.46:10911] result: true
2025-09-19 15:06:02.336 [NettyClientSelector_1] INFO  RocketmqRemoting - closeChannel: close the connection to remote address[10.91.138.46:10911] result: true
2025-09-19 15:06:02.352 [NettyClientSelector_1] INFO  RocketmqRemoting - closeChannel: close the connection to remote address[10.91.138.46:10911] result: true
2025-09-19 15:06:02.584 [NettyClientSelector_1] INFO  RocketmqRemoting - closeChannel: close the connection to remote address[10.91.138.46:10911] result: true
2025-09-19 15:06:04.299 [NettyClientSelector_1] INFO  RocketmqRemoting - closeChannel: close the connection to remote address[10.91.138.46:10911] result: true
2025-09-19 15:06:04.377 [NettyClientSelector_1] INFO  RocketmqRemoting - closeChannel: close the connection to remote address[10.91.138.46:10911] result: true
2025-09-19 15:06:04.377 [NettyClientSelector_1] INFO  RocketmqRemoting - closeChannel: close the connection to remote address[10.91.138.46:10911] result: true
2025-09-19 15:06:05.341 [NettyClientSelector_1] INFO  RocketmqRemoting - closeChannel: close the connection to remote address[10.91.138.46:10911] result: true
2025-09-19 15:06:05.419 [NettyClientSelector_1] INFO  RocketmqRemoting - closeChannel: close the connection to remote address[10.91.138.46:10911] result: true
2025-09-19 15:06:07.350 [NettyClientSelector_1] INFO  RocketmqRemoting - closeChannel: close the connection to remote address[127.0.0.1:9876] result: true
2025-09-19 15:06:07.877 [NettyClientSelector_1] INFO  RocketmqRemoting - closeChannel: close the connection to remote address[127.0.0.1:9876] result: true
2025-09-19 15:06:08.080 [NettyClientSelector_1] INFO  RocketmqRemoting - closeChannel: close the connection to remote address[127.0.0.1:9876] result: true
2025-09-19 15:06:08.406 [NettyClientSelector_1] INFO  RocketmqRemoting - closeChannel: close the connection to remote address[10.91.138.46:10911] result: true
2025-09-19 15:06:08.408 [NettyClientSelector_1] INFO  RocketmqRemoting - closeChannel: close the connection to remote address[127.0.0.1:9876] result: true
2025-09-19 15:06:08.485 [NettyClientSelector_1] INFO  RocketmqRemoting - closeChannel: close the connection to remote address[10.91.138.46:10911] result: true
2025-09-19 15:06:08.500 [NettyClientSelector_1] INFO  RocketmqRemoting - closeChannel: close the connection to remote address[10.91.138.46:10911] result: true
2025-09-19 15:06:10.384 [NettyClientSelector_1] INFO  RocketmqRemoting - closeChannel: close the connection to remote address[10.91.138.46:10911] result: true
2025-09-19 15:06:10.447 [NettyClientSelector_1] INFO  RocketmqRemoting - closeChannel: close the connection to remote address[10.91.138.46:10911] result: true
2025-09-19 15:06:10.555 [NettyClientSelector_1] INFO  RocketmqRemoting - closeChannel: close the connection to remote address[10.91.138.46:10911] result: true
2025-09-19 15:06:10.899 [NettyClientSelector_1] INFO  RocketmqRemoting - closeChannel: close the connection to remote address[10.91.138.46:10911] result: true
2025-09-19 15:06:11.101 [NettyClientSelector_1] INFO  RocketmqRemoting - closeChannel: close the connection to remote address[10.91.138.46:10911] result: true
2025-09-19 15:06:11.334 [NettyClientSelector_1] INFO  RocketmqRemoting - closeChannel: close the connection to remote address[10.91.138.46:10911] result: true
2025-09-19 15:06:12.501 [NettyClientSelector_1] INFO  RocketmqRemoting - closeChannel: close the connection to remote address[10.91.138.46:10911] result: true
2025-09-19 15:06:12.609 [NettyClientSelector_1] INFO  RocketmqRemoting - closeChannel: close the connection to remote address[10.91.138.46:10911] result: true
2025-09-19 15:06:13.949 [NettyClientSelector_1] INFO  RocketmqRemoting - closeChannel: close the connection to remote address[10.91.138.46:10911] result: true
2025-09-19 15:06:14.402 [NettyClientSelector_1] INFO  RocketmqRemoting - closeChannel: close the connection to remote address[10.91.138.46:10911] result: true
2025-09-19 15:06:14.417 [NettyClientSelector_1] INFO  RocketmqRemoting - closeChannel: close the connection to remote address[127.0.0.1:9876] result: true
2025-09-19 15:06:14.542 [NettyClientSelector_1] INFO  RocketmqRemoting - closeChannel: close the connection to remote address[10.91.138.46:10911] result: true
2025-09-19 15:06:14.669 [NettyClientSelector_1] INFO  RocketmqRemoting - closeChannel: close the connection to remote address[10.91.138.46:10911] result: true
2025-09-19 15:06:16.595 [NettyClientSelector_1] INFO  RocketmqRemoting - closeChannel: close the connection to remote address[10.91.138.46:10911] result: true
2025-09-19 15:06:16.704 [NettyClientSelector_1] INFO  RocketmqRemoting - closeChannel: close the connection to remote address[10.91.138.46:10911] result: true
2025-09-19 15:06:16.721 [NettyClientSelector_1] INFO  RocketmqRemoting - closeChannel: close the connection to remote address[10.91.138.46:10911] result: true
2025-09-19 15:06:17.016 [NettyClientSelector_1] INFO  RocketmqRemoting - closeChannel: close the connection to remote address[10.91.138.46:10911] result: true
2025-09-19 15:06:17.470 [NettyClientSelector_1] INFO  RocketmqRemoting - closeChannel: close the connection to remote address[10.91.138.46:10911] result: true
2025-09-19 15:06:18.649 [NettyClientSelector_1] INFO  RocketmqRemoting - closeChannel: close the connection to remote address[10.91.138.46:10911] result: true
2025-09-19 15:06:18.758 [NettyClientSelector_1] INFO  RocketmqRemoting - closeChannel: close the connection to remote address[10.91.138.46:10911] result: true
2025-09-19 15:06:19.303 [NettyClientSelector_1] INFO  RocketmqRemoting - closeChannel: close the connection to remote address[127.0.0.1:9876] result: true
2025-09-19 15:06:20.078 [NettyClientSelector_1] INFO  RocketmqRemoting - closeChannel: close the connection to remote address[10.91.138.46:10911] result: true
2025-09-19 15:06:20.314 [NettyClientSelector_1] INFO  RocketmqRemoting - closeChannel: close the connection to remote address[10.91.138.46:10911] result: true
2025-09-19 15:06:20.719 [NettyClientSelector_1] INFO  RocketmqRemoting - closeChannel: close the connection to remote address[10.91.138.46:10911] result: true
2025-09-19 15:06:20.795 [NettyClientSelector_1] INFO  RocketmqRemoting - closeChannel: close the connection to remote address[10.91.138.46:10911] result: true
2025-09-19 15:06:22.752 [NettyClientSelector_1] INFO  RocketmqRemoting - closeChannel: close the connection to remote address[10.91.138.46:10911] result: true
2025-09-19 15:06:22.814 [NettyClientSelector_1] INFO  RocketmqRemoting - closeChannel: close the connection to remote address[10.91.138.46:10911] result: true
2025-09-19 15:06:23.125 [NettyClientSelector_1] INFO  RocketmqRemoting - closeChannel: close the connection to remote address[10.91.138.46:10911] result: true
2025-09-19 15:06:23.373 [NettyClientSelector_1] INFO  RocketmqRemoting - closeChannel: close the connection to remote address[10.91.138.46:10911] result: true
2025-09-19 15:06:24.797 [NettyClientSelector_1] INFO  RocketmqRemoting - closeChannel: close the connection to remote address[10.91.138.46:10911] result: true
2025-09-19 15:06:24.876 [NettyClientSelector_1] INFO  RocketmqRemoting - closeChannel: close the connection to remote address[10.91.138.46:10911] result: true
2025-09-19 15:06:26.165 [NettyClientSelector_1] INFO  RocketmqRemoting - closeChannel: close the connection to remote address[10.91.138.46:10911] result: true
2025-09-19 15:06:26.411 [NettyClientSelector_1] INFO  RocketmqRemoting - closeChannel: close the connection to remote address[10.91.138.46:10911] result: true
2025-09-19 15:06:28.870 [NettyClientSelector_1] INFO  RocketmqRemoting - closeChannel: close the connection to remote address[10.91.138.46:10911] result: true
2025-09-19 15:06:28.947 [NettyClientSelector_1] INFO  RocketmqRemoting - closeChannel: close the connection to remote address[10.91.138.46:10911] result: true
2025-09-19 15:06:29.208 [NettyClientSelector_1] INFO  RocketmqRemoting - closeChannel: close the connection to remote address[10.91.138.46:10911] result: true
2025-09-19 15:06:29.454 [NettyClientSelector_1] INFO  RocketmqRemoting - closeChannel: close the connection to remote address[10.91.138.46:10911] result: true
2025-09-19 15:06:30.897 [NettyClientSelector_1] INFO  RocketmqRemoting - closeChannel: close the connection to remote address[10.91.138.46:10911] result: true
2025-09-19 15:06:30.975 [NettyClientSelector_1] INFO  RocketmqRemoting - closeChannel: close the connection to remote address[10.91.138.46:10911] result: true
2025-09-19 15:06:30.990 [NettyClientSelector_1] INFO  RocketmqRemoting - closeChannel: close the connection to remote address[10.91.138.46:10911] result: true
2025-09-19 15:06:32.258 [NettyClientSelector_1] INFO  RocketmqRemoting - closeChannel: close the connection to remote address[10.91.138.46:10911] result: true
2025-09-19 15:06:32.508 [NettyClientSelector_1] INFO  RocketmqRemoting - closeChannel: close the connection to remote address[10.91.138.46:10911] result: true
2025-09-19 15:06:32.943 [NettyClientSelector_1] INFO  RocketmqRemoting - closeChannel: close the connection to remote address[10.91.138.46:10911] result: true
2025-09-19 15:06:33.975 [NettyClientSelector_1] INFO  RocketmqRemoting - closeChannel: close the connection to remote address[127.0.0.1:9876] result: true
2025-09-19 15:06:34.044 [NettyClientSelector_1] INFO  RocketmqRemoting - closeChannel: close the connection to remote address[127.0.0.1:9876] result: true
2025-09-19 15:06:34.058 [NettyClientSelector_1] INFO  RocketmqRemoting - closeChannel: close the connection to remote address[127.0.0.1:9876] result: true
2025-09-19 15:06:36.983 [NettyClientSelector_1] INFO  RocketmqRemoting - closeChannel: close the connection to remote address[10.91.138.46:10911] result: true
2025-09-19 15:06:37.045 [NettyClientSelector_1] INFO  RocketmqRemoting - closeChannel: close the connection to remote address[10.91.138.46:10911] result: true
2025-09-19 15:06:37.060 [NettyClientSelector_1] INFO  RocketmqRemoting - closeChannel: close the connection to remote address[10.91.138.46:10911] result: true
2025-09-19 15:06:37.431 [NettyClientSelector_1] INFO  RocketmqRemoting - closeChannel: close the connection to remote address[10.91.138.46:10911] result: true
2025-09-19 15:06:39.987 [NettyClientSelector_1] INFO  RocketmqRemoting - closeChannel: close the connection to remote address[127.0.0.1:9876] result: true
2025-09-19 15:06:39.993 [NettyClientSelector_1] INFO  RocketmqRemoting - closeChannel: close the connection to remote address[10.91.138.46:10911] result: true
2025-09-19 15:06:40.048 [NettyClientSelector_1] INFO  RocketmqRemoting - closeChannel: close the connection to remote address[127.0.0.1:9876] result: true
2025-09-19 15:06:40.064 [NettyClientSelector_1] INFO  RocketmqRemoting - closeChannel: close the connection to remote address[127.0.0.1:9876] result: true
2025-09-19 15:06:41.337 [NettyClientSelector_1] INFO  RocketmqRemoting - closeChannel: close the connection to remote address[10.91.138.46:10911] result: true
2025-09-19 15:06:41.851 [NettyClientSelector_1] INFO  RocketmqRemoting - closeChannel: close the connection to remote address[10.91.138.46:10911] result: true
2025-09-19 15:06:42.069 [NettyClientSelector_1] INFO  RocketmqRemoting - closeChannel: close the connection to remote address[10.91.138.46:10911] result: true
2025-09-19 15:06:42.288 [NettyClientSelector_1] INFO  RocketmqRemoting - closeChannel: close the connection to remote address[10.91.138.46:10911] result: true
2025-09-19 15:06:43.020 [NettyClientSelector_1] INFO  RocketmqRemoting - closeChannel: close the connection to remote address[10.91.138.46:10911] result: true
2025-09-19 15:06:43.051 [NettyClientSelector_1] INFO  RocketmqRemoting - closeChannel: close the connection to remote address[10.91.138.46:10911] result: true
2025-09-19 15:06:43.067 [NettyClientSelector_1] INFO  RocketmqRemoting - closeChannel: close the connection to remote address[10.91.138.46:10911] result: true
2025-09-19 15:06:43.082 [NettyClientSelector_1] INFO  RocketmqRemoting - closeChannel: close the connection to remote address[10.91.138.46:10911] result: true
2025-09-19 15:06:46.037 [NettyClientSelector_1] INFO  RocketmqRemoting - closeChannel: close the connection to remote address[10.91.138.46:10911] result: true
2025-09-19 15:06:46.068 [NettyClientSelector_1] INFO  RocketmqRemoting - closeChannel: close the connection to remote address[10.91.138.46:10911] result: true
2025-09-19 15:06:46.084 [NettyClientSelector_1] INFO  RocketmqRemoting - closeChannel: close the connection to remote address[10.91.138.46:10911] result: true
2025-09-19 15:06:49.055 [NettyClientSelector_1] INFO  RocketmqRemoting - closeChannel: close the connection to remote address[10.91.138.46:10911] result: true
2025-09-19 15:06:49.087 [NettyClientSelector_1] INFO  RocketmqRemoting - closeChannel: close the connection to remote address[10.91.138.46:10911] result: true
2025-09-19 15:06:49.101 [NettyClientSelector_1] INFO  RocketmqRemoting - closeChannel: close the connection to remote address[10.91.138.46:10911] result: true
2025-09-19 15:06:50.310 [NettyClientSelector_1] INFO  RocketmqRemoting - closeChannel: close the connection to remote address[10.91.138.46:10911] result: true
2025-09-19 15:06:52.103 [NettyClientSelector_1] INFO  RocketmqRemoting - closeChannel: close the connection to remote address[10.91.138.46:10911] result: true
2025-09-19 15:06:52.119 [NettyClientSelector_1] INFO  RocketmqRemoting - closeChannel: close the connection to remote address[10.91.138.46:10911] result: true
2025-09-19 15:06:53.906 [NettyClientSelector_1] INFO  RocketmqRemoting - closeChannel: close the connection to remote address[10.91.138.46:10911] result: true
2025-09-19 15:06:53.984 [NettyClientSelector_1] INFO  RocketmqRemoting - closeChannel: close the connection to remote address[10.91.138.46:10911] result: true
2025-09-19 15:06:54.000 [NettyClientSelector_1] INFO  RocketmqRemoting - closeChannel: close the connection to remote address[10.91.138.46:10911] result: true
2025-09-19 15:08:10.728 [http-nio-8093-exec-7] INFO  c.z.f.b.context.filter.HeaderUserId2ContextFilter - ## HeaderUserId2ContextFilter, 用户 ID: 100
2025-09-19 15:08:10.875 [http-nio-8093-exec-7] INFO  c.z.f.b.operationlog.aspect.ApiOperationLogAspect - ====== 请求开始: [评论分页查询], 入参: {"noteId":1968935112632438881,"pageNo":1}, 请求类: CommentController, 请求方法: findCommentPageList =================================== 
2025-09-19 15:08:13.242 [http-nio-8093-exec-7] ERROR c.z.x.comment.biz.exception.GlobalExceptionHandler - /comment/list request error, 
org.springframework.data.redis.RedisConnectionFailureException: Unable to connect to Redis
	at org.springframework.data.redis.connection.lettuce.LettuceConnectionFactory$ExceptionTranslatingConnectionProvider.translateException(LettuceConnectionFactory.java:1602)
	at org.springframework.data.redis.connection.lettuce.LettuceConnectionFactory$ExceptionTranslatingConnectionProvider.getConnection(LettuceConnectionFactory.java:1533)
	at org.springframework.data.redis.connection.lettuce.LettuceConnectionFactory$SharedConnection.getNativeConnection(LettuceConnectionFactory.java:1358)
	at org.springframework.data.redis.connection.lettuce.LettuceConnectionFactory$SharedConnection.getConnection(LettuceConnectionFactory.java:1341)
	at org.springframework.data.redis.connection.lettuce.LettuceConnectionFactory.getSharedConnection(LettuceConnectionFactory.java:1059)
	at org.springframework.data.redis.connection.lettuce.LettuceConnectionFactory.getConnection(LettuceConnectionFactory.java:398)
	at org.springframework.data.redis.core.RedisConnectionUtils.fetchConnection(RedisConnectionUtils.java:193)
	at org.springframework.data.redis.core.RedisConnectionUtils.doGetConnection(RedisConnectionUtils.java:144)
	at org.springframework.data.redis.core.RedisConnectionUtils.getConnection(RedisConnectionUtils.java:105)
	at org.springframework.data.redis.core.RedisTemplate.execute(RedisTemplate.java:393)
	at org.springframework.data.redis.core.RedisTemplate.execute(RedisTemplate.java:373)
	at org.springframework.data.redis.core.AbstractOperations.execute(AbstractOperations.java:97)
	at org.springframework.data.redis.core.DefaultHashOperations.get(DefaultHashOperations.java:51)
	at com.zry.xiaohongshu.comment.biz.service.impl.CommentServiceImpl.findCommentPageList(CommentServiceImpl.java:129)
	at com.zry.xiaohongshu.comment.biz.controller.CommentController.findCommentPageList(CommentController.java:31)
	at java.base/jdk.internal.reflect.NativeMethodAccessorImpl.invoke0(Native Method)
	at java.base/jdk.internal.reflect.NativeMethodAccessorImpl.invoke(NativeMethodAccessorImpl.java:77)
	at java.base/jdk.internal.reflect.DelegatingMethodAccessorImpl.invoke(DelegatingMethodAccessorImpl.java:43)
	at java.base/java.lang.reflect.Method.invoke(Method.java:568)
	at org.springframework.aop.support.AopUtils.invokeJoinpointUsingReflection(AopUtils.java:343)
	at org.springframework.aop.framework.ReflectiveMethodInvocation.invokeJoinpoint(ReflectiveMethodInvocation.java:196)
	at org.springframework.aop.framework.ReflectiveMethodInvocation.proceed(ReflectiveMethodInvocation.java:163)
	at org.springframework.aop.framework.CglibAopProxy$CglibMethodInvocation.proceed(CglibAopProxy.java:752)
	at org.springframework.aop.aspectj.MethodInvocationProceedingJoinPoint.proceed(MethodInvocationProceedingJoinPoint.java:89)
	at com.zry.framework.biz.operationlog.aspect.ApiOperationLogAspect.doAround(ApiOperationLogAspect.java:50)
	at java.base/jdk.internal.reflect.NativeMethodAccessorImpl.invoke0(Native Method)
	at java.base/jdk.internal.reflect.NativeMethodAccessorImpl.invoke(NativeMethodAccessorImpl.java:77)
	at java.base/jdk.internal.reflect.DelegatingMethodAccessorImpl.invoke(DelegatingMethodAccessorImpl.java:43)
	at java.base/java.lang.reflect.Method.invoke(Method.java:568)
	at org.springframework.aop.aspectj.AbstractAspectJAdvice.invokeAdviceMethodWithGivenArgs(AbstractAspectJAdvice.java:633)
	at org.springframework.aop.aspectj.AbstractAspectJAdvice.invokeAdviceMethod(AbstractAspectJAdvice.java:623)
	at org.springframework.aop.aspectj.AspectJAroundAdvice.invoke(AspectJAroundAdvice.java:71)
	at org.springframework.aop.framework.ReflectiveMethodInvocation.proceed(ReflectiveMethodInvocation.java:173)
	at org.springframework.aop.framework.CglibAopProxy$CglibMethodInvocation.proceed(CglibAopProxy.java:752)
	at org.springframework.aop.interceptor.ExposeInvocationInterceptor.invoke(ExposeInvocationInterceptor.java:97)
	at org.springframework.aop.framework.ReflectiveMethodInvocation.proceed(ReflectiveMethodInvocation.java:184)
	at org.springframework.aop.framework.CglibAopProxy$CglibMethodInvocation.proceed(CglibAopProxy.java:752)
	at org.springframework.aop.framework.CglibAopProxy$DynamicAdvisedInterceptor.intercept(CglibAopProxy.java:703)
	at com.zry.xiaohongshu.comment.biz.controller.CommentController$$SpringCGLIB$$0.findCommentPageList(<generated>)
	at java.base/jdk.internal.reflect.NativeMethodAccessorImpl.invoke0(Native Method)
	at java.base/jdk.internal.reflect.NativeMethodAccessorImpl.invoke(NativeMethodAccessorImpl.java:77)
	at java.base/jdk.internal.reflect.DelegatingMethodAccessorImpl.invoke(DelegatingMethodAccessorImpl.java:43)
	at java.base/java.lang.reflect.Method.invoke(Method.java:568)
	at org.springframework.web.method.support.InvocableHandlerMethod.doInvoke(InvocableHandlerMethod.java:207)
	at org.springframework.web.method.support.InvocableHandlerMethod.invokeForRequest(InvocableHandlerMethod.java:152)
	at org.springframework.web.servlet.mvc.method.annotation.ServletInvocableHandlerMethod.invokeAndHandle(ServletInvocableHandlerMethod.java:117)
	at org.springframework.web.servlet.mvc.method.annotation.RequestMappingHandlerAdapter.invokeHandlerMethod(RequestMappingHandlerAdapter.java:884)
	at org.springframework.web.servlet.mvc.method.annotation.RequestMappingHandlerAdapter.handleInternal(RequestMappingHandlerAdapter.java:797)
	at org.springframework.web.servlet.mvc.method.AbstractHandlerMethodAdapter.handle(AbstractHandlerMethodAdapter.java:87)
	at org.springframework.web.servlet.DispatcherServlet.doDispatch(DispatcherServlet.java:1080)
	at org.springframework.web.servlet.DispatcherServlet.doService(DispatcherServlet.java:973)
	at org.springframework.web.servlet.FrameworkServlet.processRequest(FrameworkServlet.java:1011)
	at org.springframework.web.servlet.FrameworkServlet.doPost(FrameworkServlet.java:914)
	at jakarta.servlet.http.HttpServlet.service(HttpServlet.java:547)
	at org.springframework.web.servlet.FrameworkServlet.service(FrameworkServlet.java:885)
	at jakarta.servlet.http.HttpServlet.service(HttpServlet.java:614)
	at org.apache.catalina.core.ApplicationFilterChain.internalDoFilter(ApplicationFilterChain.java:223)
	at org.apache.catalina.core.ApplicationFilterChain.doFilter(ApplicationFilterChain.java:158)
	at org.apache.tomcat.websocket.server.WsFilter.doFilter(WsFilter.java:53)
	at org.apache.catalina.core.ApplicationFilterChain.internalDoFilter(ApplicationFilterChain.java:185)
	at org.apache.catalina.core.ApplicationFilterChain.doFilter(ApplicationFilterChain.java:158)
	at com.zry.framework.biz.context.filter.HeaderUserId2ContextFilter.doFilterInternal(HeaderUserId2ContextFilter.java:33)
	at org.springframework.web.filter.OncePerRequestFilter.doFilter(OncePerRequestFilter.java:116)
	at org.apache.catalina.core.ApplicationFilterChain.internalDoFilter(ApplicationFilterChain.java:185)
	at org.apache.catalina.core.ApplicationFilterChain.doFilter(ApplicationFilterChain.java:158)
	at com.alibaba.druid.support.jakarta.WebStatFilter.doFilter(WebStatFilter.java:113)
	at org.apache.catalina.core.ApplicationFilterChain.internalDoFilter(ApplicationFilterChain.java:185)
	at org.apache.catalina.core.ApplicationFilterChain.doFilter(ApplicationFilterChain.java:158)
	at org.springframework.web.filter.RequestContextFilter.doFilterInternal(RequestContextFilter.java:100)
	at org.springframework.web.filter.OncePerRequestFilter.doFilter(OncePerRequestFilter.java:116)
	at org.apache.catalina.core.ApplicationFilterChain.internalDoFilter(ApplicationFilterChain.java:185)
	at org.apache.catalina.core.ApplicationFilterChain.doFilter(ApplicationFilterChain.java:158)
	at org.springframework.web.filter.FormContentFilter.doFilterInternal(FormContentFilter.java:93)
	at org.springframework.web.filter.OncePerRequestFilter.doFilter(OncePerRequestFilter.java:116)
	at org.apache.catalina.core.ApplicationFilterChain.internalDoFilter(ApplicationFilterChain.java:185)
	at org.apache.catalina.core.ApplicationFilterChain.doFilter(ApplicationFilterChain.java:158)
	at org.springframework.web.filter.CharacterEncodingFilter.doFilterInternal(CharacterEncodingFilter.java:201)
	at org.springframework.web.filter.OncePerRequestFilter.doFilter(OncePerRequestFilter.java:116)
	at org.apache.catalina.core.ApplicationFilterChain.internalDoFilter(ApplicationFilterChain.java:185)
	at org.apache.catalina.core.ApplicationFilterChain.doFilter(ApplicationFilterChain.java:158)
	at org.apache.catalina.core.StandardWrapperValve.invoke(StandardWrapperValve.java:177)
	at org.apache.catalina.core.StandardContextValve.invoke(StandardContextValve.java:97)
	at org.apache.catalina.authenticator.AuthenticatorBase.invoke(AuthenticatorBase.java:542)
	at org.apache.catalina.core.StandardHostValve.invoke(StandardHostValve.java:119)
	at org.apache.catalina.valves.ErrorReportValve.invoke(ErrorReportValve.java:92)
	at org.apache.catalina.core.StandardEngineValve.invoke(StandardEngineValve.java:78)
	at org.apache.catalina.connector.CoyoteAdapter.service(CoyoteAdapter.java:357)
	at org.apache.coyote.http11.Http11Processor.service(Http11Processor.java:400)
	at org.apache.coyote.AbstractProcessorLight.process(AbstractProcessorLight.java:65)
	at org.apache.coyote.AbstractProtocol$ConnectionHandler.process(AbstractProtocol.java:859)
	at org.apache.tomcat.util.net.NioEndpoint$SocketProcessor.doRun(NioEndpoint.java:1734)
	at org.apache.tomcat.util.net.SocketProcessorBase.run(SocketProcessorBase.java:52)
	at org.apache.tomcat.util.threads.ThreadPoolExecutor.runWorker(ThreadPoolExecutor.java:1191)
	at org.apache.tomcat.util.threads.ThreadPoolExecutor$Worker.run(ThreadPoolExecutor.java:659)
	at org.apache.tomcat.util.threads.TaskThread$WrappingRunnable.run(TaskThread.java:61)
	at java.base/java.lang.Thread.run(Thread.java:842)
Caused by: io.lettuce.core.RedisConnectionException: Unable to connect to 47.236.36.111/<unresolved>:6379
	at io.lettuce.core.RedisConnectionException.create(RedisConnectionException.java:78)
	at io.lettuce.core.RedisConnectionException.create(RedisConnectionException.java:56)
	at io.lettuce.core.AbstractRedisClient.getConnection(AbstractRedisClient.java:350)
	at io.lettuce.core.RedisClient.connect(RedisClient.java:216)
	at org.springframework.data.redis.connection.lettuce.StandaloneConnectionProvider.lambda$getConnection$1(StandaloneConnectionProvider.java:111)
	at java.base/java.util.Optional.orElseGet(Optional.java:364)
	at org.springframework.data.redis.connection.lettuce.StandaloneConnectionProvider.getConnection(StandaloneConnectionProvider.java:111)
	at org.springframework.data.redis.connection.lettuce.LettuceConnectionFactory$ExceptionTranslatingConnectionProvider.getConnection(LettuceConnectionFactory.java:1531)
	... 94 common frames omitted
Caused by: io.netty.channel.AbstractChannel$AnnotatedConnectException: Connection refused: no further information: /47.236.36.111:6379
Caused by: java.net.ConnectException: Connection refused: no further information
	at java.base/sun.nio.ch.Net.pollConnect(Native Method)
	at java.base/sun.nio.ch.Net.pollConnectNow(Net.java:672)
	at java.base/sun.nio.ch.SocketChannelImpl.finishConnect(SocketChannelImpl.java:946)
	at io.netty.channel.socket.nio.NioSocketChannel.doFinishConnect(NioSocketChannel.java:337)
	at io.netty.channel.nio.AbstractNioChannel$AbstractNioUnsafe.finishConnect(AbstractNioChannel.java:334)
	at io.netty.channel.nio.NioEventLoop.processSelectedKey(NioEventLoop.java:776)
	at io.netty.channel.nio.NioEventLoop.processSelectedKeysOptimized(NioEventLoop.java:724)
	at io.netty.channel.nio.NioEventLoop.processSelectedKeys(NioEventLoop.java:650)
	at io.netty.channel.nio.NioEventLoop.run(NioEventLoop.java:562)
	at io.netty.util.concurrent.SingleThreadEventExecutor$4.run(SingleThreadEventExecutor.java:997)
	at io.netty.util.internal.ThreadExecutorMap$2.run(ThreadExecutorMap.java:74)
	at io.netty.util.concurrent.FastThreadLocalRunnable.run(FastThreadLocalRunnable.java:30)
	at java.base/java.lang.Thread.run(Thread.java:842)
2025-09-19 15:08:13.282 [http-nio-8093-exec-7] INFO  c.z.f.b.context.filter.HeaderUserId2ContextFilter - ===== 删除 ThreadLocal， userId: 100
2025-09-19 15:08:18.817 [http-nio-8093-exec-8] INFO  c.z.f.b.context.filter.HeaderUserId2ContextFilter - ## HeaderUserId2ContextFilter, 用户 ID: 100
2025-09-19 15:08:18.819 [http-nio-8093-exec-8] INFO  c.z.f.b.operationlog.aspect.ApiOperationLogAspect - ====== 请求开始: [评论分页查询], 入参: {"noteId":1968935112632438881,"pageNo":1}, 请求类: CommentController, 请求方法: findCommentPageList =================================== 
2025-09-19 15:08:21.046 [http-nio-8093-exec-8] ERROR c.z.x.comment.biz.exception.GlobalExceptionHandler - /comment/list request error, 
org.springframework.data.redis.RedisConnectionFailureException: Unable to connect to Redis
	at org.springframework.data.redis.connection.lettuce.LettuceConnectionFactory$ExceptionTranslatingConnectionProvider.translateException(LettuceConnectionFactory.java:1602)
	at org.springframework.data.redis.connection.lettuce.LettuceConnectionFactory$ExceptionTranslatingConnectionProvider.getConnection(LettuceConnectionFactory.java:1533)
	at org.springframework.data.redis.connection.lettuce.LettuceConnectionFactory$SharedConnection.getNativeConnection(LettuceConnectionFactory.java:1358)
	at org.springframework.data.redis.connection.lettuce.LettuceConnectionFactory$SharedConnection.getConnection(LettuceConnectionFactory.java:1341)
	at org.springframework.data.redis.connection.lettuce.LettuceConnectionFactory.getSharedConnection(LettuceConnectionFactory.java:1059)
	at org.springframework.data.redis.connection.lettuce.LettuceConnectionFactory.getConnection(LettuceConnectionFactory.java:398)
	at org.springframework.data.redis.core.RedisConnectionUtils.fetchConnection(RedisConnectionUtils.java:193)
	at org.springframework.data.redis.core.RedisConnectionUtils.doGetConnection(RedisConnectionUtils.java:144)
	at org.springframework.data.redis.core.RedisConnectionUtils.getConnection(RedisConnectionUtils.java:105)
	at org.springframework.data.redis.core.RedisTemplate.execute(RedisTemplate.java:393)
	at org.springframework.data.redis.core.RedisTemplate.execute(RedisTemplate.java:373)
	at org.springframework.data.redis.core.AbstractOperations.execute(AbstractOperations.java:97)
	at org.springframework.data.redis.core.DefaultHashOperations.get(DefaultHashOperations.java:51)
	at com.zry.xiaohongshu.comment.biz.service.impl.CommentServiceImpl.findCommentPageList(CommentServiceImpl.java:129)
	at com.zry.xiaohongshu.comment.biz.controller.CommentController.findCommentPageList(CommentController.java:31)
	at java.base/jdk.internal.reflect.NativeMethodAccessorImpl.invoke0(Native Method)
	at java.base/jdk.internal.reflect.NativeMethodAccessorImpl.invoke(NativeMethodAccessorImpl.java:77)
	at java.base/jdk.internal.reflect.DelegatingMethodAccessorImpl.invoke(DelegatingMethodAccessorImpl.java:43)
	at java.base/java.lang.reflect.Method.invoke(Method.java:568)
	at org.springframework.aop.support.AopUtils.invokeJoinpointUsingReflection(AopUtils.java:343)
	at org.springframework.aop.framework.ReflectiveMethodInvocation.invokeJoinpoint(ReflectiveMethodInvocation.java:196)
	at org.springframework.aop.framework.ReflectiveMethodInvocation.proceed(ReflectiveMethodInvocation.java:163)
	at org.springframework.aop.framework.CglibAopProxy$CglibMethodInvocation.proceed(CglibAopProxy.java:752)
	at org.springframework.aop.aspectj.MethodInvocationProceedingJoinPoint.proceed(MethodInvocationProceedingJoinPoint.java:89)
	at com.zry.framework.biz.operationlog.aspect.ApiOperationLogAspect.doAround(ApiOperationLogAspect.java:50)
	at java.base/jdk.internal.reflect.NativeMethodAccessorImpl.invoke0(Native Method)
	at java.base/jdk.internal.reflect.NativeMethodAccessorImpl.invoke(NativeMethodAccessorImpl.java:77)
	at java.base/jdk.internal.reflect.DelegatingMethodAccessorImpl.invoke(DelegatingMethodAccessorImpl.java:43)
	at java.base/java.lang.reflect.Method.invoke(Method.java:568)
	at org.springframework.aop.aspectj.AbstractAspectJAdvice.invokeAdviceMethodWithGivenArgs(AbstractAspectJAdvice.java:633)
	at org.springframework.aop.aspectj.AbstractAspectJAdvice.invokeAdviceMethod(AbstractAspectJAdvice.java:623)
	at org.springframework.aop.aspectj.AspectJAroundAdvice.invoke(AspectJAroundAdvice.java:71)
	at org.springframework.aop.framework.ReflectiveMethodInvocation.proceed(ReflectiveMethodInvocation.java:173)
	at org.springframework.aop.framework.CglibAopProxy$CglibMethodInvocation.proceed(CglibAopProxy.java:752)
	at org.springframework.aop.interceptor.ExposeInvocationInterceptor.invoke(ExposeInvocationInterceptor.java:97)
	at org.springframework.aop.framework.ReflectiveMethodInvocation.proceed(ReflectiveMethodInvocation.java:184)
	at org.springframework.aop.framework.CglibAopProxy$CglibMethodInvocation.proceed(CglibAopProxy.java:752)
	at org.springframework.aop.framework.CglibAopProxy$DynamicAdvisedInterceptor.intercept(CglibAopProxy.java:703)
	at com.zry.xiaohongshu.comment.biz.controller.CommentController$$SpringCGLIB$$0.findCommentPageList(<generated>)
	at java.base/jdk.internal.reflect.NativeMethodAccessorImpl.invoke0(Native Method)
	at java.base/jdk.internal.reflect.NativeMethodAccessorImpl.invoke(NativeMethodAccessorImpl.java:77)
	at java.base/jdk.internal.reflect.DelegatingMethodAccessorImpl.invoke(DelegatingMethodAccessorImpl.java:43)
	at java.base/java.lang.reflect.Method.invoke(Method.java:568)
	at org.springframework.web.method.support.InvocableHandlerMethod.doInvoke(InvocableHandlerMethod.java:207)
	at org.springframework.web.method.support.InvocableHandlerMethod.invokeForRequest(InvocableHandlerMethod.java:152)
	at org.springframework.web.servlet.mvc.method.annotation.ServletInvocableHandlerMethod.invokeAndHandle(ServletInvocableHandlerMethod.java:117)
	at org.springframework.web.servlet.mvc.method.annotation.RequestMappingHandlerAdapter.invokeHandlerMethod(RequestMappingHandlerAdapter.java:884)
	at org.springframework.web.servlet.mvc.method.annotation.RequestMappingHandlerAdapter.handleInternal(RequestMappingHandlerAdapter.java:797)
	at org.springframework.web.servlet.mvc.method.AbstractHandlerMethodAdapter.handle(AbstractHandlerMethodAdapter.java:87)
	at org.springframework.web.servlet.DispatcherServlet.doDispatch(DispatcherServlet.java:1080)
	at org.springframework.web.servlet.DispatcherServlet.doService(DispatcherServlet.java:973)
	at org.springframework.web.servlet.FrameworkServlet.processRequest(FrameworkServlet.java:1011)
	at org.springframework.web.servlet.FrameworkServlet.doPost(FrameworkServlet.java:914)
	at jakarta.servlet.http.HttpServlet.service(HttpServlet.java:547)
	at org.springframework.web.servlet.FrameworkServlet.service(FrameworkServlet.java:885)
	at jakarta.servlet.http.HttpServlet.service(HttpServlet.java:614)
	at org.apache.catalina.core.ApplicationFilterChain.internalDoFilter(ApplicationFilterChain.java:223)
	at org.apache.catalina.core.ApplicationFilterChain.doFilter(ApplicationFilterChain.java:158)
	at org.apache.tomcat.websocket.server.WsFilter.doFilter(WsFilter.java:53)
	at org.apache.catalina.core.ApplicationFilterChain.internalDoFilter(ApplicationFilterChain.java:185)
	at org.apache.catalina.core.ApplicationFilterChain.doFilter(ApplicationFilterChain.java:158)
	at com.zry.framework.biz.context.filter.HeaderUserId2ContextFilter.doFilterInternal(HeaderUserId2ContextFilter.java:33)
	at org.springframework.web.filter.OncePerRequestFilter.doFilter(OncePerRequestFilter.java:116)
	at org.apache.catalina.core.ApplicationFilterChain.internalDoFilter(ApplicationFilterChain.java:185)
	at org.apache.catalina.core.ApplicationFilterChain.doFilter(ApplicationFilterChain.java:158)
	at com.alibaba.druid.support.jakarta.WebStatFilter.doFilter(WebStatFilter.java:113)
	at org.apache.catalina.core.ApplicationFilterChain.internalDoFilter(ApplicationFilterChain.java:185)
	at org.apache.catalina.core.ApplicationFilterChain.doFilter(ApplicationFilterChain.java:158)
	at org.springframework.web.filter.RequestContextFilter.doFilterInternal(RequestContextFilter.java:100)
	at org.springframework.web.filter.OncePerRequestFilter.doFilter(OncePerRequestFilter.java:116)
	at org.apache.catalina.core.ApplicationFilterChain.internalDoFilter(ApplicationFilterChain.java:185)
	at org.apache.catalina.core.ApplicationFilterChain.doFilter(ApplicationFilterChain.java:158)
	at org.springframework.web.filter.FormContentFilter.doFilterInternal(FormContentFilter.java:93)
	at org.springframework.web.filter.OncePerRequestFilter.doFilter(OncePerRequestFilter.java:116)
	at org.apache.catalina.core.ApplicationFilterChain.internalDoFilter(ApplicationFilterChain.java:185)
	at org.apache.catalina.core.ApplicationFilterChain.doFilter(ApplicationFilterChain.java:158)
	at org.springframework.web.filter.CharacterEncodingFilter.doFilterInternal(CharacterEncodingFilter.java:201)
	at org.springframework.web.filter.OncePerRequestFilter.doFilter(OncePerRequestFilter.java:116)
	at org.apache.catalina.core.ApplicationFilterChain.internalDoFilter(ApplicationFilterChain.java:185)
	at org.apache.catalina.core.ApplicationFilterChain.doFilter(ApplicationFilterChain.java:158)
	at org.apache.catalina.core.StandardWrapperValve.invoke(StandardWrapperValve.java:177)
	at org.apache.catalina.core.StandardContextValve.invoke(StandardContextValve.java:97)
	at org.apache.catalina.authenticator.AuthenticatorBase.invoke(AuthenticatorBase.java:542)
	at org.apache.catalina.core.StandardHostValve.invoke(StandardHostValve.java:119)
	at org.apache.catalina.valves.ErrorReportValve.invoke(ErrorReportValve.java:92)
	at org.apache.catalina.core.StandardEngineValve.invoke(StandardEngineValve.java:78)
	at org.apache.catalina.connector.CoyoteAdapter.service(CoyoteAdapter.java:357)
	at org.apache.coyote.http11.Http11Processor.service(Http11Processor.java:400)
	at org.apache.coyote.AbstractProcessorLight.process(AbstractProcessorLight.java:65)
	at org.apache.coyote.AbstractProtocol$ConnectionHandler.process(AbstractProtocol.java:859)
	at org.apache.tomcat.util.net.NioEndpoint$SocketProcessor.doRun(NioEndpoint.java:1734)
	at org.apache.tomcat.util.net.SocketProcessorBase.run(SocketProcessorBase.java:52)
	at org.apache.tomcat.util.threads.ThreadPoolExecutor.runWorker(ThreadPoolExecutor.java:1191)
	at org.apache.tomcat.util.threads.ThreadPoolExecutor$Worker.run(ThreadPoolExecutor.java:659)
	at org.apache.tomcat.util.threads.TaskThread$WrappingRunnable.run(TaskThread.java:61)
	at java.base/java.lang.Thread.run(Thread.java:842)
Caused by: io.lettuce.core.RedisConnectionException: Unable to connect to 47.236.36.111/<unresolved>:6379
	at io.lettuce.core.RedisConnectionException.create(RedisConnectionException.java:78)
	at io.lettuce.core.RedisConnectionException.create(RedisConnectionException.java:56)
	at io.lettuce.core.AbstractRedisClient.getConnection(AbstractRedisClient.java:350)
	at io.lettuce.core.RedisClient.connect(RedisClient.java:216)
	at org.springframework.data.redis.connection.lettuce.StandaloneConnectionProvider.lambda$getConnection$1(StandaloneConnectionProvider.java:111)
	at java.base/java.util.Optional.orElseGet(Optional.java:364)
	at org.springframework.data.redis.connection.lettuce.StandaloneConnectionProvider.getConnection(StandaloneConnectionProvider.java:111)
	at org.springframework.data.redis.connection.lettuce.LettuceConnectionFactory$ExceptionTranslatingConnectionProvider.getConnection(LettuceConnectionFactory.java:1531)
	... 94 common frames omitted
Caused by: io.netty.channel.AbstractChannel$AnnotatedConnectException: Connection refused: no further information: /47.236.36.111:6379
Caused by: java.net.ConnectException: Connection refused: no further information
	at java.base/sun.nio.ch.Net.pollConnect(Native Method)
	at java.base/sun.nio.ch.Net.pollConnectNow(Net.java:672)
	at java.base/sun.nio.ch.SocketChannelImpl.finishConnect(SocketChannelImpl.java:946)
	at io.netty.channel.socket.nio.NioSocketChannel.doFinishConnect(NioSocketChannel.java:337)
	at io.netty.channel.nio.AbstractNioChannel$AbstractNioUnsafe.finishConnect(AbstractNioChannel.java:334)
	at io.netty.channel.nio.NioEventLoop.processSelectedKey(NioEventLoop.java:776)
	at io.netty.channel.nio.NioEventLoop.processSelectedKeysOptimized(NioEventLoop.java:724)
	at io.netty.channel.nio.NioEventLoop.processSelectedKeys(NioEventLoop.java:650)
	at io.netty.channel.nio.NioEventLoop.run(NioEventLoop.java:562)
	at io.netty.util.concurrent.SingleThreadEventExecutor$4.run(SingleThreadEventExecutor.java:997)
	at io.netty.util.internal.ThreadExecutorMap$2.run(ThreadExecutorMap.java:74)
	at io.netty.util.concurrent.FastThreadLocalRunnable.run(FastThreadLocalRunnable.java:30)
	at java.base/java.lang.Thread.run(Thread.java:842)
2025-09-19 15:08:21.051 [http-nio-8093-exec-8] INFO  c.z.f.b.context.filter.HeaderUserId2ContextFilter - ===== 删除 ThreadLocal， userId: 100
2025-09-19 15:08:33.403 [http-nio-8093-exec-9] INFO  c.z.f.b.context.filter.HeaderUserId2ContextFilter - ## HeaderUserId2ContextFilter, 用户 ID: 100
2025-09-19 15:08:33.564 [http-nio-8093-exec-9] INFO  c.z.f.b.operationlog.aspect.ApiOperationLogAspect - ====== 请求开始: [发布评论], 入参: {"noteId":1968935112632438881,"content":"哈哈哈哈哈","imageUrl":"https://my-xiaohongshu-oss.oss-cn-guangzhou.aliyuncs.com/9f4fb512c40742ab8cd42114c30aaa2a.jpg","replyCommentId":null}, 请求类: CommentController, 请求方法: publishComment =================================== 
2025-09-19 15:08:33.775 [http-nio-8093-exec-9] INFO  c.z.f.b.c.interceptor.FeignRequestInterceptor - ==> feign请求设置请求头 userId: 100
2025-09-19 15:08:34.901 [http-nio-8093-exec-9] INFO  com.alibaba.nacos.client.naming - [SUBSCRIBE-SERVICE] service:xiaohongshu-distributed-id-generator, group:DEFAULT_GROUP, clusters: 
2025-09-19 15:08:35.017 [http-nio-8093-exec-9] INFO  com.alibaba.nacos.client.naming - init new ips(1) service: DEFAULT_GROUP@@xiaohongshu-distributed-id-generator -> [{"ip":"10.91.138.46","port":8087,"weight":1.0,"healthy":true,"enabled":true,"ephemeral":true,"clusterName":"DEFAULT","serviceName":"DEFAULT_GROUP@@xiaohongshu-distributed-id-generator","metadata":{"preserved.register.source":"SPRING_CLOUD"},"ipDeleteTimeout":30000,"instanceHeartBeatInterval":5000,"instanceHeartBeatTimeOut":15000}]
2025-09-19 15:08:35.060 [http-nio-8093-exec-9] INFO  com.alibaba.nacos.client.naming - current ips:(1) service: DEFAULT_GROUP@@xiaohongshu-distributed-id-generator -> [{"ip":"10.91.138.46","port":8087,"weight":1.0,"healthy":true,"enabled":true,"ephemeral":true,"clusterName":"DEFAULT","serviceName":"DEFAULT_GROUP@@xiaohongshu-distributed-id-generator","metadata":{"preserved.register.source":"SPRING_CLOUD"},"ipDeleteTimeout":30000,"instanceHeartBeatInterval":5000,"instanceHeartBeatTimeOut":15000}]
2025-09-19 15:08:35.596 [nacos-grpc-client-executor-47.236.36.111-347] INFO  com.alibaba.nacos.common.remote.client - [602060b3-3bf0-4473-99cf-a7426358bff2] Receive server push request, request = NotifySubscriberRequest, requestId = 1865
2025-09-19 15:08:35.597 [nacos-grpc-client-executor-47.236.36.111-347] INFO  com.alibaba.nacos.common.remote.client - [602060b3-3bf0-4473-99cf-a7426358bff2] Ack server push request, request = NotifySubscriberRequest, requestId = 1865
2025-09-19 15:08:35.695 [http-nio-8093-exec-9] INFO  c.z.x.comment.biz.retry.SendMqRetryHelper - ==> 开始异步发送 MQ, Topic: PublishCommentTopic, Body: {"noteId":1968935112632438881,"content":"哈哈哈哈哈","imageUrl":"https://my-xiaohongshu-oss.oss-cn-guangzhou.aliyuncs.com/9f4fb512c40742ab8cd42114c30aaa2a.jpg","commentId":8001,"replyCommentId":null,"createTime":"2025-09-19 15:08:35","creatorId":100}
2025-09-19 15:08:35.741 [http-nio-8093-exec-9] INFO  c.z.f.b.operationlog.aspect.ApiOperationLogAspect - ====== 请求结束: [发布评论], 耗时: 2186ms, 出参: {"success":true,"message":null,"errorCode":null,"data":null} =================================== 
2025-09-19 15:08:35.754 [http-nio-8093-exec-9] INFO  c.z.f.b.context.filter.HeaderUserId2ContextFilter - ===== 删除 ThreadLocal， userId: 100
2025-09-19 15:08:35.807 [NettyClientPublicExecutor_1] INFO  c.z.x.comment.biz.retry.SendMqRetryHelper - ==> 【评论发布】MQ 发送成功，SendResult: SendResult [sendStatus=SEND_OK, msgId=7F0000011BF063947C6B5FF2504B0000, offsetMsgId=0A5B8A2E00002A9F0000000000F2625A, messageQueue=MessageQueue [topic=PublishCommentTopic, brokerName=broker-a, queueId=3], queueOffset=9]
2025-09-19 15:08:35.831 [ConsumeMessageThread_xiaohongshu_group_PublishCommentTopic_1] INFO  c.z.x.comment.biz.consumer.Comment2DBConsumer - ==> 本批次消息大小: 1
2025-09-19 15:08:35.843 [ConsumeMessageThread_xiaohongshu_group_PublishCommentTopic_1] INFO  c.z.x.comment.biz.consumer.Comment2DBConsumer - ==> Consumer - Received message: {"noteId":1968935112632438881,"content":"哈哈哈哈哈","imageUrl":"https://my-xiaohongshu-oss.oss-cn-guangzhou.aliyuncs.com/9f4fb512c40742ab8cd42114c30aaa2a.jpg","commentId":8001,"replyCommentId":null,"createTime":"2025-09-19 15:08:35","creatorId":100}
2025-09-19 15:08:35.885 [ConsumeMessageThread_xiaohongshu_group_PublishCommentTopic_1] INFO  c.z.x.comment.biz.consumer.Comment2DBConsumer - ## 清洗后的 CommentBOS: [{"id":8001,"noteId":1968935112632438881,"userId":100,"contentUuid":"1a901510-ba29-4b80-bddb-2393e1e28e7d","content":"哈哈哈哈哈","isContentEmpty":false,"imageUrl":"https://my-xiaohongshu-oss.oss-cn-guangzhou.aliyuncs.com/9f4fb512c40742ab8cd42114c30aaa2a.jpg","level":1,"replyTotal":0,"likeTotal":0,"parentId":1968935112632438881,"replyCommentId":0,"replyUserId":0,"isTop":false,"createTime":"2025-09-19 15:08:35","updateTime":"2025-09-19 15:08:35"}]
2025-09-19 15:08:36.179 [ConsumeMessageThread_xiaohongshu_group_PublishCommentTopic_1] DEBUG c.z.x.c.b.d.mapper.CommentDOMapper.batchInsert - ==>  Preparing: insert IGNORE into t_comment (id, note_id, user_id, content_uuid, is_content_empty, image_url, `level`, reply_total, like_total, parent_id, reply_comment_id, reply_user_id, is_top, create_time, update_time ) values (?, ?, ?, ?, ? , ?, ?, ?, ?, ? , ?, ?, ?, ?, ?)
2025-09-19 15:08:36.955 [ConsumeMessageThread_xiaohongshu_group_PublishCommentTopic_1] DEBUG c.z.x.c.b.d.mapper.CommentDOMapper.batchInsert - ==> Parameters: 8001(Long), 1968935112632438881(Long), 100(Long), 1a901510-ba29-4b80-bddb-2393e1e28e7d(String), false(Boolean), https://my-xiaohongshu-oss.oss-cn-guangzhou.aliyuncs.com/9f4fb512c40742ab8cd42114c30aaa2a.jpg(String), 1(Integer), 0(Long), 0(Long), 1968935112632438881(Long), 0(Long), 0(Long), false(Boolean), 2025-09-19T15:08:35(LocalDateTime), 2025-09-19T15:08:35(LocalDateTime)
2025-09-19 15:08:36.981 [ConsumeMessageThread_xiaohongshu_group_PublishCommentTopic_1] DEBUG c.z.x.c.b.d.mapper.CommentDOMapper.batchInsert - <==    Updates: 1
2025-09-19 15:08:37.031 [ConsumeMessageThread_xiaohongshu_group_PublishCommentTopic_1] INFO  com.alibaba.nacos.client.naming - [SUBSCRIBE-SERVICE] service:xiaohongshu-kv, group:DEFAULT_GROUP, clusters: 
2025-09-19 15:08:37.083 [ConsumeMessageThread_xiaohongshu_group_PublishCommentTopic_1] INFO  com.alibaba.nacos.client.naming - init new ips(1) service: DEFAULT_GROUP@@xiaohongshu-kv -> [{"ip":"10.91.138.46","port":8084,"weight":1.0,"healthy":true,"enabled":true,"ephemeral":true,"clusterName":"DEFAULT","serviceName":"DEFAULT_GROUP@@xiaohongshu-kv","metadata":{"preserved.register.source":"SPRING_CLOUD"},"ipDeleteTimeout":30000,"instanceHeartBeatInterval":5000,"instanceHeartBeatTimeOut":15000}]
2025-09-19 15:08:37.083 [ConsumeMessageThread_xiaohongshu_group_PublishCommentTopic_1] INFO  com.alibaba.nacos.client.naming - current ips:(1) service: DEFAULT_GROUP@@xiaohongshu-kv -> [{"ip":"10.91.138.46","port":8084,"weight":1.0,"healthy":true,"enabled":true,"ephemeral":true,"clusterName":"DEFAULT","serviceName":"DEFAULT_GROUP@@xiaohongshu-kv","metadata":{"preserved.register.source":"SPRING_CLOUD"},"ipDeleteTimeout":30000,"instanceHeartBeatInterval":5000,"instanceHeartBeatTimeOut":15000}]
2025-09-19 15:08:37.625 [nacos-grpc-client-executor-47.236.36.111-349] INFO  com.alibaba.nacos.common.remote.client - [602060b3-3bf0-4473-99cf-a7426358bff2] Receive server push request, request = NotifySubscriberRequest, requestId = 1866
2025-09-19 15:08:37.626 [nacos-grpc-client-executor-47.236.36.111-349] INFO  com.alibaba.nacos.common.remote.client - [602060b3-3bf0-4473-99cf-a7426358bff2] Ack server push request, request = NotifySubscriberRequest, requestId = 1866
2025-09-19 15:08:39.537 [ConsumeMessageThread_xiaohongshu_group_PublishCommentTopic_1] ERROR c.z.x.comment.biz.consumer.Comment2DBConsumer - 
org.springframework.data.redis.RedisConnectionFailureException: Unable to connect to Redis
	at org.springframework.data.redis.connection.lettuce.LettuceConnectionFactory$ExceptionTranslatingConnectionProvider.translateException(LettuceConnectionFactory.java:1602)
	at org.springframework.data.redis.connection.lettuce.LettuceConnectionFactory$ExceptionTranslatingConnectionProvider.getConnection(LettuceConnectionFactory.java:1533)
	at org.springframework.data.redis.connection.lettuce.LettuceConnectionFactory$SharedConnection.getNativeConnection(LettuceConnectionFactory.java:1358)
	at org.springframework.data.redis.connection.lettuce.LettuceConnectionFactory$SharedConnection.getConnection(LettuceConnectionFactory.java:1341)
	at org.springframework.data.redis.connection.lettuce.LettuceConnectionFactory.getSharedConnection(LettuceConnectionFactory.java:1059)
	at org.springframework.data.redis.connection.lettuce.LettuceConnectionFactory.getConnection(LettuceConnectionFactory.java:398)
	at org.springframework.data.redis.core.RedisConnectionUtils.fetchConnection(RedisConnectionUtils.java:193)
	at org.springframework.data.redis.core.RedisConnectionUtils.doGetConnection(RedisConnectionUtils.java:144)
	at org.springframework.data.redis.core.RedisConnectionUtils.getConnection(RedisConnectionUtils.java:105)
	at org.springframework.data.redis.core.RedisTemplate.execute(RedisTemplate.java:393)
	at org.springframework.data.redis.core.RedisTemplate.execute(RedisTemplate.java:373)
	at org.springframework.data.redis.core.RedisTemplate.execute(RedisTemplate.java:360)
	at org.springframework.data.redis.core.script.DefaultScriptExecutor.execute(DefaultScriptExecutor.java:58)
	at org.springframework.data.redis.core.script.DefaultScriptExecutor.execute(DefaultScriptExecutor.java:52)
	at org.springframework.data.redis.core.RedisTemplate.execute(RedisTemplate.java:503)
	at com.zry.xiaohongshu.comment.biz.consumer.Comment2DBConsumer.lambda$syncOneLevelComment2RedisZSet$9(Comment2DBConsumer.java:286)
	at java.base/java.util.HashMap.forEach(HashMap.java:1421)
	at com.zry.xiaohongshu.comment.biz.consumer.Comment2DBConsumer.syncOneLevelComment2RedisZSet(Comment2DBConsumer.java:268)
	at com.zry.xiaohongshu.comment.biz.consumer.Comment2DBConsumer.lambda$mqPushConsumer$6(Comment2DBConsumer.java:212)
	at org.apache.rocketmq.client.impl.consumer.ConsumeMessageConcurrentlyService$ConsumeRequest.run(ConsumeMessageConcurrentlyService.java:402)
	at java.base/java.util.concurrent.Executors$RunnableAdapter.call(Executors.java:539)
	at java.base/java.util.concurrent.FutureTask.run(FutureTask.java:264)
	at java.base/java.util.concurrent.ThreadPoolExecutor.runWorker(ThreadPoolExecutor.java:1136)
	at java.base/java.util.concurrent.ThreadPoolExecutor$Worker.run(ThreadPoolExecutor.java:635)
	at java.base/java.lang.Thread.run(Thread.java:842)
Caused by: io.lettuce.core.RedisConnectionException: Unable to connect to 47.236.36.111/<unresolved>:6379
	at io.lettuce.core.RedisConnectionException.create(RedisConnectionException.java:78)
	at io.lettuce.core.RedisConnectionException.create(RedisConnectionException.java:56)
	at io.lettuce.core.AbstractRedisClient.getConnection(AbstractRedisClient.java:350)
	at io.lettuce.core.RedisClient.connect(RedisClient.java:216)
	at org.springframework.data.redis.connection.lettuce.StandaloneConnectionProvider.lambda$getConnection$1(StandaloneConnectionProvider.java:111)
	at java.base/java.util.Optional.orElseGet(Optional.java:364)
	at org.springframework.data.redis.connection.lettuce.StandaloneConnectionProvider.getConnection(StandaloneConnectionProvider.java:111)
	at org.springframework.data.redis.connection.lettuce.LettuceConnectionFactory$ExceptionTranslatingConnectionProvider.getConnection(LettuceConnectionFactory.java:1531)
	... 23 common frames omitted
Caused by: io.netty.channel.AbstractChannel$AnnotatedConnectException: Connection refused: no further information: /47.236.36.111:6379
Caused by: java.net.ConnectException: Connection refused: no further information
	at java.base/sun.nio.ch.Net.pollConnect(Native Method)
	at java.base/sun.nio.ch.Net.pollConnectNow(Net.java:672)
	at java.base/sun.nio.ch.SocketChannelImpl.finishConnect(SocketChannelImpl.java:946)
	at io.netty.channel.socket.nio.NioSocketChannel.doFinishConnect(NioSocketChannel.java:337)
	at io.netty.channel.nio.AbstractNioChannel$AbstractNioUnsafe.finishConnect(AbstractNioChannel.java:334)
	at io.netty.channel.nio.NioEventLoop.processSelectedKey(NioEventLoop.java:776)
	at io.netty.channel.nio.NioEventLoop.processSelectedKeysOptimized(NioEventLoop.java:724)
	at io.netty.channel.nio.NioEventLoop.processSelectedKeys(NioEventLoop.java:650)
	at io.netty.channel.nio.NioEventLoop.run(NioEventLoop.java:562)
	at io.netty.util.concurrent.SingleThreadEventExecutor$4.run(SingleThreadEventExecutor.java:997)
	at io.netty.util.internal.ThreadExecutorMap$2.run(ThreadExecutorMap.java:74)
	at io.netty.util.concurrent.FastThreadLocalRunnable.run(FastThreadLocalRunnable.java:30)
	at java.base/java.lang.Thread.run(Thread.java:842)
2025-09-19 15:08:39.566 [http-nio-8093-exec-10] INFO  c.z.f.b.context.filter.HeaderUserId2ContextFilter - ## HeaderUserId2ContextFilter, 用户 ID: 100
2025-09-19 15:08:39.567 [http-nio-8093-exec-10] INFO  c.z.f.b.operationlog.aspect.ApiOperationLogAspect - ====== 请求开始: [评论分页查询], 入参: {"noteId":1968935112632438881,"pageNo":1}, 请求类: CommentController, 请求方法: findCommentPageList =================================== 
2025-09-19 15:08:41.671 [http-nio-8093-exec-1] INFO  c.z.f.b.context.filter.HeaderUserId2ContextFilter - ## HeaderUserId2ContextFilter, 用户 ID: 100
2025-09-19 15:08:41.673 [http-nio-8093-exec-1] INFO  c.z.f.b.operationlog.aspect.ApiOperationLogAspect - ====== 请求开始: [评论分页查询], 入参: {"noteId":1968935112632438881,"pageNo":1}, 请求类: CommentController, 请求方法: findCommentPageList =================================== 
2025-09-19 15:08:44.373 [http-nio-8093-exec-2] INFO  c.z.f.b.context.filter.HeaderUserId2ContextFilter - ## HeaderUserId2ContextFilter, 用户 ID: 100
2025-09-19 15:08:44.374 [http-nio-8093-exec-2] INFO  c.z.f.b.operationlog.aspect.ApiOperationLogAspect - ====== 请求开始: [评论分页查询], 入参: {"noteId":1968935112632438881,"pageNo":1}, 请求类: CommentController, 请求方法: findCommentPageList =================================== 
2025-09-19 15:08:44.588 [http-nio-8093-exec-10] ERROR c.z.x.comment.biz.exception.GlobalExceptionHandler - /comment/list request error, 
org.springframework.data.redis.RedisConnectionFailureException: Unable to connect to Redis
	at org.springframework.data.redis.connection.lettuce.LettuceConnectionFactory$ExceptionTranslatingConnectionProvider.translateException(LettuceConnectionFactory.java:1602)
	at org.springframework.data.redis.connection.lettuce.LettuceConnectionFactory$ExceptionTranslatingConnectionProvider.getConnection(LettuceConnectionFactory.java:1533)
	at org.springframework.data.redis.connection.lettuce.LettuceConnectionFactory$SharedConnection.getNativeConnection(LettuceConnectionFactory.java:1358)
	at org.springframework.data.redis.connection.lettuce.LettuceConnectionFactory$SharedConnection.getConnection(LettuceConnectionFactory.java:1341)
	at org.springframework.data.redis.connection.lettuce.LettuceConnectionFactory.getSharedConnection(LettuceConnectionFactory.java:1059)
	at org.springframework.data.redis.connection.lettuce.LettuceConnectionFactory.getConnection(LettuceConnectionFactory.java:398)
	at org.springframework.data.redis.core.RedisConnectionUtils.fetchConnection(RedisConnectionUtils.java:193)
	at org.springframework.data.redis.core.RedisConnectionUtils.doGetConnection(RedisConnectionUtils.java:144)
	at org.springframework.data.redis.core.RedisConnectionUtils.getConnection(RedisConnectionUtils.java:105)
	at org.springframework.data.redis.core.RedisTemplate.execute(RedisTemplate.java:393)
	at org.springframework.data.redis.core.RedisTemplate.execute(RedisTemplate.java:373)
	at org.springframework.data.redis.core.AbstractOperations.execute(AbstractOperations.java:97)
	at org.springframework.data.redis.core.DefaultHashOperations.get(DefaultHashOperations.java:51)
	at com.zry.xiaohongshu.comment.biz.service.impl.CommentServiceImpl.findCommentPageList(CommentServiceImpl.java:129)
	at com.zry.xiaohongshu.comment.biz.controller.CommentController.findCommentPageList(CommentController.java:31)
	at java.base/jdk.internal.reflect.NativeMethodAccessorImpl.invoke0(Native Method)
	at java.base/jdk.internal.reflect.NativeMethodAccessorImpl.invoke(NativeMethodAccessorImpl.java:77)
	at java.base/jdk.internal.reflect.DelegatingMethodAccessorImpl.invoke(DelegatingMethodAccessorImpl.java:43)
	at java.base/java.lang.reflect.Method.invoke(Method.java:568)
	at org.springframework.aop.support.AopUtils.invokeJoinpointUsingReflection(AopUtils.java:343)
	at org.springframework.aop.framework.ReflectiveMethodInvocation.invokeJoinpoint(ReflectiveMethodInvocation.java:196)
	at org.springframework.aop.framework.ReflectiveMethodInvocation.proceed(ReflectiveMethodInvocation.java:163)
	at org.springframework.aop.framework.CglibAopProxy$CglibMethodInvocation.proceed(CglibAopProxy.java:752)
	at org.springframework.aop.aspectj.MethodInvocationProceedingJoinPoint.proceed(MethodInvocationProceedingJoinPoint.java:89)
	at com.zry.framework.biz.operationlog.aspect.ApiOperationLogAspect.doAround(ApiOperationLogAspect.java:50)
	at java.base/jdk.internal.reflect.NativeMethodAccessorImpl.invoke0(Native Method)
	at java.base/jdk.internal.reflect.NativeMethodAccessorImpl.invoke(NativeMethodAccessorImpl.java:77)
	at java.base/jdk.internal.reflect.DelegatingMethodAccessorImpl.invoke(DelegatingMethodAccessorImpl.java:43)
	at java.base/java.lang.reflect.Method.invoke(Method.java:568)
	at org.springframework.aop.aspectj.AbstractAspectJAdvice.invokeAdviceMethodWithGivenArgs(AbstractAspectJAdvice.java:633)
	at org.springframework.aop.aspectj.AbstractAspectJAdvice.invokeAdviceMethod(AbstractAspectJAdvice.java:623)
	at org.springframework.aop.aspectj.AspectJAroundAdvice.invoke(AspectJAroundAdvice.java:71)
	at org.springframework.aop.framework.ReflectiveMethodInvocation.proceed(ReflectiveMethodInvocation.java:173)
	at org.springframework.aop.framework.CglibAopProxy$CglibMethodInvocation.proceed(CglibAopProxy.java:752)
	at org.springframework.aop.interceptor.ExposeInvocationInterceptor.invoke(ExposeInvocationInterceptor.java:97)
	at org.springframework.aop.framework.ReflectiveMethodInvocation.proceed(ReflectiveMethodInvocation.java:184)
	at org.springframework.aop.framework.CglibAopProxy$CglibMethodInvocation.proceed(CglibAopProxy.java:752)
	at org.springframework.aop.framework.CglibAopProxy$DynamicAdvisedInterceptor.intercept(CglibAopProxy.java:703)
	at com.zry.xiaohongshu.comment.biz.controller.CommentController$$SpringCGLIB$$0.findCommentPageList(<generated>)
	at java.base/jdk.internal.reflect.NativeMethodAccessorImpl.invoke0(Native Method)
	at java.base/jdk.internal.reflect.NativeMethodAccessorImpl.invoke(NativeMethodAccessorImpl.java:77)
	at java.base/jdk.internal.reflect.DelegatingMethodAccessorImpl.invoke(DelegatingMethodAccessorImpl.java:43)
	at java.base/java.lang.reflect.Method.invoke(Method.java:568)
	at org.springframework.web.method.support.InvocableHandlerMethod.doInvoke(InvocableHandlerMethod.java:207)
	at org.springframework.web.method.support.InvocableHandlerMethod.invokeForRequest(InvocableHandlerMethod.java:152)
	at org.springframework.web.servlet.mvc.method.annotation.ServletInvocableHandlerMethod.invokeAndHandle(ServletInvocableHandlerMethod.java:117)
	at org.springframework.web.servlet.mvc.method.annotation.RequestMappingHandlerAdapter.invokeHandlerMethod(RequestMappingHandlerAdapter.java:884)
	at org.springframework.web.servlet.mvc.method.annotation.RequestMappingHandlerAdapter.handleInternal(RequestMappingHandlerAdapter.java:797)
	at org.springframework.web.servlet.mvc.method.AbstractHandlerMethodAdapter.handle(AbstractHandlerMethodAdapter.java:87)
	at org.springframework.web.servlet.DispatcherServlet.doDispatch(DispatcherServlet.java:1080)
	at org.springframework.web.servlet.DispatcherServlet.doService(DispatcherServlet.java:973)
	at org.springframework.web.servlet.FrameworkServlet.processRequest(FrameworkServlet.java:1011)
	at org.springframework.web.servlet.FrameworkServlet.doPost(FrameworkServlet.java:914)
	at jakarta.servlet.http.HttpServlet.service(HttpServlet.java:547)
	at org.springframework.web.servlet.FrameworkServlet.service(FrameworkServlet.java:885)
	at jakarta.servlet.http.HttpServlet.service(HttpServlet.java:614)
	at org.apache.catalina.core.ApplicationFilterChain.internalDoFilter(ApplicationFilterChain.java:223)
	at org.apache.catalina.core.ApplicationFilterChain.doFilter(ApplicationFilterChain.java:158)
	at org.apache.tomcat.websocket.server.WsFilter.doFilter(WsFilter.java:53)
	at org.apache.catalina.core.ApplicationFilterChain.internalDoFilter(ApplicationFilterChain.java:185)
	at org.apache.catalina.core.ApplicationFilterChain.doFilter(ApplicationFilterChain.java:158)
	at com.zry.framework.biz.context.filter.HeaderUserId2ContextFilter.doFilterInternal(HeaderUserId2ContextFilter.java:33)
	at org.springframework.web.filter.OncePerRequestFilter.doFilter(OncePerRequestFilter.java:116)
	at org.apache.catalina.core.ApplicationFilterChain.internalDoFilter(ApplicationFilterChain.java:185)
	at org.apache.catalina.core.ApplicationFilterChain.doFilter(ApplicationFilterChain.java:158)
	at com.alibaba.druid.support.jakarta.WebStatFilter.doFilter(WebStatFilter.java:113)
	at org.apache.catalina.core.ApplicationFilterChain.internalDoFilter(ApplicationFilterChain.java:185)
	at org.apache.catalina.core.ApplicationFilterChain.doFilter(ApplicationFilterChain.java:158)
	at org.springframework.web.filter.RequestContextFilter.doFilterInternal(RequestContextFilter.java:100)
	at org.springframework.web.filter.OncePerRequestFilter.doFilter(OncePerRequestFilter.java:116)
	at org.apache.catalina.core.ApplicationFilterChain.internalDoFilter(ApplicationFilterChain.java:185)
	at org.apache.catalina.core.ApplicationFilterChain.doFilter(ApplicationFilterChain.java:158)
	at org.springframework.web.filter.FormContentFilter.doFilterInternal(FormContentFilter.java:93)
	at org.springframework.web.filter.OncePerRequestFilter.doFilter(OncePerRequestFilter.java:116)
	at org.apache.catalina.core.ApplicationFilterChain.internalDoFilter(ApplicationFilterChain.java:185)
	at org.apache.catalina.core.ApplicationFilterChain.doFilter(ApplicationFilterChain.java:158)
	at org.springframework.web.filter.CharacterEncodingFilter.doFilterInternal(CharacterEncodingFilter.java:201)
	at org.springframework.web.filter.OncePerRequestFilter.doFilter(OncePerRequestFilter.java:116)
	at org.apache.catalina.core.ApplicationFilterChain.internalDoFilter(ApplicationFilterChain.java:185)
	at org.apache.catalina.core.ApplicationFilterChain.doFilter(ApplicationFilterChain.java:158)
	at org.apache.catalina.core.StandardWrapperValve.invoke(StandardWrapperValve.java:177)
	at org.apache.catalina.core.StandardContextValve.invoke(StandardContextValve.java:97)
	at org.apache.catalina.authenticator.AuthenticatorBase.invoke(AuthenticatorBase.java:542)
	at org.apache.catalina.core.StandardHostValve.invoke(StandardHostValve.java:119)
	at org.apache.catalina.valves.ErrorReportValve.invoke(ErrorReportValve.java:92)
	at org.apache.catalina.core.StandardEngineValve.invoke(StandardEngineValve.java:78)
	at org.apache.catalina.connector.CoyoteAdapter.service(CoyoteAdapter.java:357)
	at org.apache.coyote.http11.Http11Processor.service(Http11Processor.java:400)
	at org.apache.coyote.AbstractProcessorLight.process(AbstractProcessorLight.java:65)
	at org.apache.coyote.AbstractProtocol$ConnectionHandler.process(AbstractProtocol.java:859)
	at org.apache.tomcat.util.net.NioEndpoint$SocketProcessor.doRun(NioEndpoint.java:1734)
	at org.apache.tomcat.util.net.SocketProcessorBase.run(SocketProcessorBase.java:52)
	at org.apache.tomcat.util.threads.ThreadPoolExecutor.runWorker(ThreadPoolExecutor.java:1191)
	at org.apache.tomcat.util.threads.ThreadPoolExecutor$Worker.run(ThreadPoolExecutor.java:659)
	at org.apache.tomcat.util.threads.TaskThread$WrappingRunnable.run(TaskThread.java:61)
	at java.base/java.lang.Thread.run(Thread.java:842)
Caused by: io.lettuce.core.RedisConnectionException: Unable to connect to 47.236.36.111/<unresolved>:6379
	at io.lettuce.core.RedisConnectionException.create(RedisConnectionException.java:78)
	at io.lettuce.core.RedisConnectionException.create(RedisConnectionException.java:56)
	at io.lettuce.core.AbstractRedisClient.getConnection(AbstractRedisClient.java:350)
	at io.lettuce.core.RedisClient.connect(RedisClient.java:216)
	at org.springframework.data.redis.connection.lettuce.StandaloneConnectionProvider.lambda$getConnection$1(StandaloneConnectionProvider.java:111)
	at java.base/java.util.Optional.orElseGet(Optional.java:364)
	at org.springframework.data.redis.connection.lettuce.StandaloneConnectionProvider.getConnection(StandaloneConnectionProvider.java:111)
	at org.springframework.data.redis.connection.lettuce.LettuceConnectionFactory$ExceptionTranslatingConnectionProvider.getConnection(LettuceConnectionFactory.java:1531)
	... 94 common frames omitted
Caused by: io.netty.channel.ConnectTimeoutException: connection timed out: /47.236.36.111:6379
	at io.netty.channel.nio.AbstractNioChannel$AbstractNioUnsafe$1.run(AbstractNioChannel.java:261)
	at io.netty.util.concurrent.PromiseTask.runTask(PromiseTask.java:98)
	at io.netty.util.concurrent.ScheduledFutureTask.run(ScheduledFutureTask.java:153)
	at io.netty.util.concurrent.AbstractEventExecutor.runTask(AbstractEventExecutor.java:174)
	at io.netty.util.concurrent.AbstractEventExecutor.safeExecute(AbstractEventExecutor.java:167)
	at io.netty.util.concurrent.SingleThreadEventExecutor.runAllTasks(SingleThreadEventExecutor.java:470)
	at io.netty.channel.nio.NioEventLoop.run(NioEventLoop.java:569)
	at io.netty.util.concurrent.SingleThreadEventExecutor$4.run(SingleThreadEventExecutor.java:997)
	at io.netty.util.internal.ThreadExecutorMap$2.run(ThreadExecutorMap.java:74)
	at io.netty.util.concurrent.FastThreadLocalRunnable.run(FastThreadLocalRunnable.java:30)
	... 1 common frames omitted
2025-09-19 15:08:44.595 [http-nio-8093-exec-10] INFO  c.z.f.b.context.filter.HeaderUserId2ContextFilter - ===== 删除 ThreadLocal， userId: 100
2025-09-19 15:08:46.869 [http-nio-8093-exec-2] ERROR c.z.x.comment.biz.exception.GlobalExceptionHandler - /comment/list request error, 
org.springframework.data.redis.RedisConnectionFailureException: Unable to connect to Redis
	at org.springframework.data.redis.connection.lettuce.LettuceConnectionFactory$ExceptionTranslatingConnectionProvider.translateException(LettuceConnectionFactory.java:1602)
	at org.springframework.data.redis.connection.lettuce.LettuceConnectionFactory$ExceptionTranslatingConnectionProvider.getConnection(LettuceConnectionFactory.java:1533)
	at org.springframework.data.redis.connection.lettuce.LettuceConnectionFactory$SharedConnection.getNativeConnection(LettuceConnectionFactory.java:1358)
	at org.springframework.data.redis.connection.lettuce.LettuceConnectionFactory$SharedConnection.getConnection(LettuceConnectionFactory.java:1341)
	at org.springframework.data.redis.connection.lettuce.LettuceConnectionFactory.getSharedConnection(LettuceConnectionFactory.java:1059)
	at org.springframework.data.redis.connection.lettuce.LettuceConnectionFactory.getConnection(LettuceConnectionFactory.java:398)
	at org.springframework.data.redis.core.RedisConnectionUtils.fetchConnection(RedisConnectionUtils.java:193)
	at org.springframework.data.redis.core.RedisConnectionUtils.doGetConnection(RedisConnectionUtils.java:144)
	at org.springframework.data.redis.core.RedisConnectionUtils.getConnection(RedisConnectionUtils.java:105)
	at org.springframework.data.redis.core.RedisTemplate.execute(RedisTemplate.java:393)
	at org.springframework.data.redis.core.RedisTemplate.execute(RedisTemplate.java:373)
	at org.springframework.data.redis.core.AbstractOperations.execute(AbstractOperations.java:97)
	at org.springframework.data.redis.core.DefaultHashOperations.get(DefaultHashOperations.java:51)
	at com.zry.xiaohongshu.comment.biz.service.impl.CommentServiceImpl.findCommentPageList(CommentServiceImpl.java:129)
	at com.zry.xiaohongshu.comment.biz.controller.CommentController.findCommentPageList(CommentController.java:31)
	at jdk.internal.reflect.GeneratedMethodAccessor20.invoke(Unknown Source)
	at java.base/jdk.internal.reflect.DelegatingMethodAccessorImpl.invoke(DelegatingMethodAccessorImpl.java:43)
	at java.base/java.lang.reflect.Method.invoke(Method.java:568)
	at org.springframework.aop.support.AopUtils.invokeJoinpointUsingReflection(AopUtils.java:343)
	at org.springframework.aop.framework.ReflectiveMethodInvocation.invokeJoinpoint(ReflectiveMethodInvocation.java:196)
	at org.springframework.aop.framework.ReflectiveMethodInvocation.proceed(ReflectiveMethodInvocation.java:163)
	at org.springframework.aop.framework.CglibAopProxy$CglibMethodInvocation.proceed(CglibAopProxy.java:752)
	at org.springframework.aop.aspectj.MethodInvocationProceedingJoinPoint.proceed(MethodInvocationProceedingJoinPoint.java:89)
	at com.zry.framework.biz.operationlog.aspect.ApiOperationLogAspect.doAround(ApiOperationLogAspect.java:50)
	at java.base/jdk.internal.reflect.NativeMethodAccessorImpl.invoke0(Native Method)
	at java.base/jdk.internal.reflect.NativeMethodAccessorImpl.invoke(NativeMethodAccessorImpl.java:77)
	at java.base/jdk.internal.reflect.DelegatingMethodAccessorImpl.invoke(DelegatingMethodAccessorImpl.java:43)
	at java.base/java.lang.reflect.Method.invoke(Method.java:568)
	at org.springframework.aop.aspectj.AbstractAspectJAdvice.invokeAdviceMethodWithGivenArgs(AbstractAspectJAdvice.java:633)
	at org.springframework.aop.aspectj.AbstractAspectJAdvice.invokeAdviceMethod(AbstractAspectJAdvice.java:623)
	at org.springframework.aop.aspectj.AspectJAroundAdvice.invoke(AspectJAroundAdvice.java:71)
	at org.springframework.aop.framework.ReflectiveMethodInvocation.proceed(ReflectiveMethodInvocation.java:173)
	at org.springframework.aop.framework.CglibAopProxy$CglibMethodInvocation.proceed(CglibAopProxy.java:752)
	at org.springframework.aop.interceptor.ExposeInvocationInterceptor.invoke(ExposeInvocationInterceptor.java:97)
	at org.springframework.aop.framework.ReflectiveMethodInvocation.proceed(ReflectiveMethodInvocation.java:184)
	at org.springframework.aop.framework.CglibAopProxy$CglibMethodInvocation.proceed(CglibAopProxy.java:752)
	at org.springframework.aop.framework.CglibAopProxy$DynamicAdvisedInterceptor.intercept(CglibAopProxy.java:703)
	at com.zry.xiaohongshu.comment.biz.controller.CommentController$$SpringCGLIB$$0.findCommentPageList(<generated>)
	at jdk.internal.reflect.GeneratedMethodAccessor20.invoke(Unknown Source)
	at java.base/jdk.internal.reflect.DelegatingMethodAccessorImpl.invoke(DelegatingMethodAccessorImpl.java:43)
	at java.base/java.lang.reflect.Method.invoke(Method.java:568)
	at org.springframework.web.method.support.InvocableHandlerMethod.doInvoke(InvocableHandlerMethod.java:207)
	at org.springframework.web.method.support.InvocableHandlerMethod.invokeForRequest(InvocableHandlerMethod.java:152)
	at org.springframework.web.servlet.mvc.method.annotation.ServletInvocableHandlerMethod.invokeAndHandle(ServletInvocableHandlerMethod.java:117)
	at org.springframework.web.servlet.mvc.method.annotation.RequestMappingHandlerAdapter.invokeHandlerMethod(RequestMappingHandlerAdapter.java:884)
	at org.springframework.web.servlet.mvc.method.annotation.RequestMappingHandlerAdapter.handleInternal(RequestMappingHandlerAdapter.java:797)
	at org.springframework.web.servlet.mvc.method.AbstractHandlerMethodAdapter.handle(AbstractHandlerMethodAdapter.java:87)
	at org.springframework.web.servlet.DispatcherServlet.doDispatch(DispatcherServlet.java:1080)
	at org.springframework.web.servlet.DispatcherServlet.doService(DispatcherServlet.java:973)
	at org.springframework.web.servlet.FrameworkServlet.processRequest(FrameworkServlet.java:1011)
	at org.springframework.web.servlet.FrameworkServlet.doPost(FrameworkServlet.java:914)
	at jakarta.servlet.http.HttpServlet.service(HttpServlet.java:547)
	at org.springframework.web.servlet.FrameworkServlet.service(FrameworkServlet.java:885)
	at jakarta.servlet.http.HttpServlet.service(HttpServlet.java:614)
	at org.apache.catalina.core.ApplicationFilterChain.internalDoFilter(ApplicationFilterChain.java:223)
	at org.apache.catalina.core.ApplicationFilterChain.doFilter(ApplicationFilterChain.java:158)
	at org.apache.tomcat.websocket.server.WsFilter.doFilter(WsFilter.java:53)
	at org.apache.catalina.core.ApplicationFilterChain.internalDoFilter(ApplicationFilterChain.java:185)
	at org.apache.catalina.core.ApplicationFilterChain.doFilter(ApplicationFilterChain.java:158)
	at com.zry.framework.biz.context.filter.HeaderUserId2ContextFilter.doFilterInternal(HeaderUserId2ContextFilter.java:33)
	at org.springframework.web.filter.OncePerRequestFilter.doFilter(OncePerRequestFilter.java:116)
	at org.apache.catalina.core.ApplicationFilterChain.internalDoFilter(ApplicationFilterChain.java:185)
	at org.apache.catalina.core.ApplicationFilterChain.doFilter(ApplicationFilterChain.java:158)
	at com.alibaba.druid.support.jakarta.WebStatFilter.doFilter(WebStatFilter.java:113)
	at org.apache.catalina.core.ApplicationFilterChain.internalDoFilter(ApplicationFilterChain.java:185)
	at org.apache.catalina.core.ApplicationFilterChain.doFilter(ApplicationFilterChain.java:158)
	at org.springframework.web.filter.RequestContextFilter.doFilterInternal(RequestContextFilter.java:100)
	at org.springframework.web.filter.OncePerRequestFilter.doFilter(OncePerRequestFilter.java:116)
	at org.apache.catalina.core.ApplicationFilterChain.internalDoFilter(ApplicationFilterChain.java:185)
	at org.apache.catalina.core.ApplicationFilterChain.doFilter(ApplicationFilterChain.java:158)
	at org.springframework.web.filter.FormContentFilter.doFilterInternal(FormContentFilter.java:93)
	at org.springframework.web.filter.OncePerRequestFilter.doFilter(OncePerRequestFilter.java:116)
	at org.apache.catalina.core.ApplicationFilterChain.internalDoFilter(ApplicationFilterChain.java:185)
	at org.apache.catalina.core.ApplicationFilterChain.doFilter(ApplicationFilterChain.java:158)
	at org.springframework.web.filter.CharacterEncodingFilter.doFilterInternal(CharacterEncodingFilter.java:201)
	at org.springframework.web.filter.OncePerRequestFilter.doFilter(OncePerRequestFilter.java:116)
	at org.apache.catalina.core.ApplicationFilterChain.internalDoFilter(ApplicationFilterChain.java:185)
	at org.apache.catalina.core.ApplicationFilterChain.doFilter(ApplicationFilterChain.java:158)
	at org.apache.catalina.core.StandardWrapperValve.invoke(StandardWrapperValve.java:177)
	at org.apache.catalina.core.StandardContextValve.invoke(StandardContextValve.java:97)
	at org.apache.catalina.authenticator.AuthenticatorBase.invoke(AuthenticatorBase.java:542)
	at org.apache.catalina.core.StandardHostValve.invoke(StandardHostValve.java:119)
	at org.apache.catalina.valves.ErrorReportValve.invoke(ErrorReportValve.java:92)
	at org.apache.catalina.core.StandardEngineValve.invoke(StandardEngineValve.java:78)
	at org.apache.catalina.connector.CoyoteAdapter.service(CoyoteAdapter.java:357)
	at org.apache.coyote.http11.Http11Processor.service(Http11Processor.java:400)
	at org.apache.coyote.AbstractProcessorLight.process(AbstractProcessorLight.java:65)
	at org.apache.coyote.AbstractProtocol$ConnectionHandler.process(AbstractProtocol.java:859)
	at org.apache.tomcat.util.net.NioEndpoint$SocketProcessor.doRun(NioEndpoint.java:1734)
	at org.apache.tomcat.util.net.SocketProcessorBase.run(SocketProcessorBase.java:52)
	at org.apache.tomcat.util.threads.ThreadPoolExecutor.runWorker(ThreadPoolExecutor.java:1191)
	at org.apache.tomcat.util.threads.ThreadPoolExecutor$Worker.run(ThreadPoolExecutor.java:659)
	at org.apache.tomcat.util.threads.TaskThread$WrappingRunnable.run(TaskThread.java:61)
	at java.base/java.lang.Thread.run(Thread.java:842)
Caused by: io.lettuce.core.RedisConnectionException: Unable to connect to 47.236.36.111/<unresolved>:6379
	at io.lettuce.core.RedisConnectionException.create(RedisConnectionException.java:78)
	at io.lettuce.core.RedisConnectionException.create(RedisConnectionException.java:56)
	at io.lettuce.core.AbstractRedisClient.getConnection(AbstractRedisClient.java:350)
	at io.lettuce.core.RedisClient.connect(RedisClient.java:216)
	at org.springframework.data.redis.connection.lettuce.StandaloneConnectionProvider.lambda$getConnection$1(StandaloneConnectionProvider.java:111)
	at java.base/java.util.Optional.orElseGet(Optional.java:364)
	at org.springframework.data.redis.connection.lettuce.StandaloneConnectionProvider.getConnection(StandaloneConnectionProvider.java:111)
	at org.springframework.data.redis.connection.lettuce.LettuceConnectionFactory$ExceptionTranslatingConnectionProvider.getConnection(LettuceConnectionFactory.java:1531)
	... 92 common frames omitted
Caused by: io.netty.channel.AbstractChannel$AnnotatedConnectException: Connection refused: no further information: /47.236.36.111:6379
Caused by: java.net.ConnectException: Connection refused: no further information
	at java.base/sun.nio.ch.Net.pollConnect(Native Method)
	at java.base/sun.nio.ch.Net.pollConnectNow(Net.java:672)
	at java.base/sun.nio.ch.SocketChannelImpl.finishConnect(SocketChannelImpl.java:946)
	at io.netty.channel.socket.nio.NioSocketChannel.doFinishConnect(NioSocketChannel.java:337)
	at io.netty.channel.nio.AbstractNioChannel$AbstractNioUnsafe.finishConnect(AbstractNioChannel.java:334)
	at io.netty.channel.nio.NioEventLoop.processSelectedKey(NioEventLoop.java:776)
	at io.netty.channel.nio.NioEventLoop.processSelectedKeysOptimized(NioEventLoop.java:724)
	at io.netty.channel.nio.NioEventLoop.processSelectedKeys(NioEventLoop.java:650)
	at io.netty.channel.nio.NioEventLoop.run(NioEventLoop.java:562)
	at io.netty.util.concurrent.SingleThreadEventExecutor$4.run(SingleThreadEventExecutor.java:997)
	at io.netty.util.internal.ThreadExecutorMap$2.run(ThreadExecutorMap.java:74)
	at io.netty.util.concurrent.FastThreadLocalRunnable.run(FastThreadLocalRunnable.java:30)
	at java.base/java.lang.Thread.run(Thread.java:842)
2025-09-19 15:08:46.871 [http-nio-8093-exec-2] INFO  c.z.f.b.context.filter.HeaderUserId2ContextFilter - ===== 删除 ThreadLocal， userId: 100
2025-09-19 15:08:47.389 [http-nio-8093-exec-3] INFO  c.z.f.b.context.filter.HeaderUserId2ContextFilter - ## HeaderUserId2ContextFilter, 用户 ID: 100
2025-09-19 15:08:47.390 [http-nio-8093-exec-3] INFO  c.z.f.b.operationlog.aspect.ApiOperationLogAspect - ====== 请求开始: [评论分页查询], 入参: {"noteId":1968935112632438881,"pageNo":1}, 请求类: CommentController, 请求方法: findCommentPageList =================================== 
2025-09-19 15:08:49.145 [http-nio-8093-exec-1] ERROR c.z.x.comment.biz.exception.GlobalExceptionHandler - /comment/list request error, 
org.springframework.data.redis.RedisConnectionFailureException: Unable to connect to Redis
	at org.springframework.data.redis.connection.lettuce.LettuceConnectionFactory$ExceptionTranslatingConnectionProvider.translateException(LettuceConnectionFactory.java:1602)
	at org.springframework.data.redis.connection.lettuce.LettuceConnectionFactory$ExceptionTranslatingConnectionProvider.getConnection(LettuceConnectionFactory.java:1533)
	at org.springframework.data.redis.connection.lettuce.LettuceConnectionFactory$SharedConnection.getNativeConnection(LettuceConnectionFactory.java:1358)
	at org.springframework.data.redis.connection.lettuce.LettuceConnectionFactory$SharedConnection.getConnection(LettuceConnectionFactory.java:1341)
	at org.springframework.data.redis.connection.lettuce.LettuceConnectionFactory.getSharedConnection(LettuceConnectionFactory.java:1059)
	at org.springframework.data.redis.connection.lettuce.LettuceConnectionFactory.getConnection(LettuceConnectionFactory.java:398)
	at org.springframework.data.redis.core.RedisConnectionUtils.fetchConnection(RedisConnectionUtils.java:193)
	at org.springframework.data.redis.core.RedisConnectionUtils.doGetConnection(RedisConnectionUtils.java:144)
	at org.springframework.data.redis.core.RedisConnectionUtils.getConnection(RedisConnectionUtils.java:105)
	at org.springframework.data.redis.core.RedisTemplate.execute(RedisTemplate.java:393)
	at org.springframework.data.redis.core.RedisTemplate.execute(RedisTemplate.java:373)
	at org.springframework.data.redis.core.AbstractOperations.execute(AbstractOperations.java:97)
	at org.springframework.data.redis.core.DefaultHashOperations.get(DefaultHashOperations.java:51)
	at com.zry.xiaohongshu.comment.biz.service.impl.CommentServiceImpl.findCommentPageList(CommentServiceImpl.java:129)
	at com.zry.xiaohongshu.comment.biz.controller.CommentController.findCommentPageList(CommentController.java:31)
	at java.base/jdk.internal.reflect.NativeMethodAccessorImpl.invoke0(Native Method)
	at java.base/jdk.internal.reflect.NativeMethodAccessorImpl.invoke(NativeMethodAccessorImpl.java:77)
	at java.base/jdk.internal.reflect.DelegatingMethodAccessorImpl.invoke(DelegatingMethodAccessorImpl.java:43)
	at java.base/java.lang.reflect.Method.invoke(Method.java:568)
	at org.springframework.aop.support.AopUtils.invokeJoinpointUsingReflection(AopUtils.java:343)
	at org.springframework.aop.framework.ReflectiveMethodInvocation.invokeJoinpoint(ReflectiveMethodInvocation.java:196)
	at org.springframework.aop.framework.ReflectiveMethodInvocation.proceed(ReflectiveMethodInvocation.java:163)
	at org.springframework.aop.framework.CglibAopProxy$CglibMethodInvocation.proceed(CglibAopProxy.java:752)
	at org.springframework.aop.aspectj.MethodInvocationProceedingJoinPoint.proceed(MethodInvocationProceedingJoinPoint.java:89)
	at com.zry.framework.biz.operationlog.aspect.ApiOperationLogAspect.doAround(ApiOperationLogAspect.java:50)
	at java.base/jdk.internal.reflect.NativeMethodAccessorImpl.invoke0(Native Method)
	at java.base/jdk.internal.reflect.NativeMethodAccessorImpl.invoke(NativeMethodAccessorImpl.java:77)
	at java.base/jdk.internal.reflect.DelegatingMethodAccessorImpl.invoke(DelegatingMethodAccessorImpl.java:43)
	at java.base/java.lang.reflect.Method.invoke(Method.java:568)
	at org.springframework.aop.aspectj.AbstractAspectJAdvice.invokeAdviceMethodWithGivenArgs(AbstractAspectJAdvice.java:633)
	at org.springframework.aop.aspectj.AbstractAspectJAdvice.invokeAdviceMethod(AbstractAspectJAdvice.java:623)
	at org.springframework.aop.aspectj.AspectJAroundAdvice.invoke(AspectJAroundAdvice.java:71)
	at org.springframework.aop.framework.ReflectiveMethodInvocation.proceed(ReflectiveMethodInvocation.java:173)
	at org.springframework.aop.framework.CglibAopProxy$CglibMethodInvocation.proceed(CglibAopProxy.java:752)
	at org.springframework.aop.interceptor.ExposeInvocationInterceptor.invoke(ExposeInvocationInterceptor.java:97)
	at org.springframework.aop.framework.ReflectiveMethodInvocation.proceed(ReflectiveMethodInvocation.java:184)
	at org.springframework.aop.framework.CglibAopProxy$CglibMethodInvocation.proceed(CglibAopProxy.java:752)
	at org.springframework.aop.framework.CglibAopProxy$DynamicAdvisedInterceptor.intercept(CglibAopProxy.java:703)
	at com.zry.xiaohongshu.comment.biz.controller.CommentController$$SpringCGLIB$$0.findCommentPageList(<generated>)
	at java.base/jdk.internal.reflect.NativeMethodAccessorImpl.invoke0(Native Method)
	at java.base/jdk.internal.reflect.NativeMethodAccessorImpl.invoke(NativeMethodAccessorImpl.java:77)
	at java.base/jdk.internal.reflect.DelegatingMethodAccessorImpl.invoke(DelegatingMethodAccessorImpl.java:43)
	at java.base/java.lang.reflect.Method.invoke(Method.java:568)
	at org.springframework.web.method.support.InvocableHandlerMethod.doInvoke(InvocableHandlerMethod.java:207)
	at org.springframework.web.method.support.InvocableHandlerMethod.invokeForRequest(InvocableHandlerMethod.java:152)
	at org.springframework.web.servlet.mvc.method.annotation.ServletInvocableHandlerMethod.invokeAndHandle(ServletInvocableHandlerMethod.java:117)
	at org.springframework.web.servlet.mvc.method.annotation.RequestMappingHandlerAdapter.invokeHandlerMethod(RequestMappingHandlerAdapter.java:884)
	at org.springframework.web.servlet.mvc.method.annotation.RequestMappingHandlerAdapter.handleInternal(RequestMappingHandlerAdapter.java:797)
	at org.springframework.web.servlet.mvc.method.AbstractHandlerMethodAdapter.handle(AbstractHandlerMethodAdapter.java:87)
	at org.springframework.web.servlet.DispatcherServlet.doDispatch(DispatcherServlet.java:1080)
	at org.springframework.web.servlet.DispatcherServlet.doService(DispatcherServlet.java:973)
	at org.springframework.web.servlet.FrameworkServlet.processRequest(FrameworkServlet.java:1011)
	at org.springframework.web.servlet.FrameworkServlet.doPost(FrameworkServlet.java:914)
	at jakarta.servlet.http.HttpServlet.service(HttpServlet.java:547)
	at org.springframework.web.servlet.FrameworkServlet.service(FrameworkServlet.java:885)
	at jakarta.servlet.http.HttpServlet.service(HttpServlet.java:614)
	at org.apache.catalina.core.ApplicationFilterChain.internalDoFilter(ApplicationFilterChain.java:223)
	at org.apache.catalina.core.ApplicationFilterChain.doFilter(ApplicationFilterChain.java:158)
	at org.apache.tomcat.websocket.server.WsFilter.doFilter(WsFilter.java:53)
	at org.apache.catalina.core.ApplicationFilterChain.internalDoFilter(ApplicationFilterChain.java:185)
	at org.apache.catalina.core.ApplicationFilterChain.doFilter(ApplicationFilterChain.java:158)
	at com.zry.framework.biz.context.filter.HeaderUserId2ContextFilter.doFilterInternal(HeaderUserId2ContextFilter.java:33)
	at org.springframework.web.filter.OncePerRequestFilter.doFilter(OncePerRequestFilter.java:116)
	at org.apache.catalina.core.ApplicationFilterChain.internalDoFilter(ApplicationFilterChain.java:185)
	at org.apache.catalina.core.ApplicationFilterChain.doFilter(ApplicationFilterChain.java:158)
	at com.alibaba.druid.support.jakarta.WebStatFilter.doFilter(WebStatFilter.java:113)
	at org.apache.catalina.core.ApplicationFilterChain.internalDoFilter(ApplicationFilterChain.java:185)
	at org.apache.catalina.core.ApplicationFilterChain.doFilter(ApplicationFilterChain.java:158)
	at org.springframework.web.filter.RequestContextFilter.doFilterInternal(RequestContextFilter.java:100)
	at org.springframework.web.filter.OncePerRequestFilter.doFilter(OncePerRequestFilter.java:116)
	at org.apache.catalina.core.ApplicationFilterChain.internalDoFilter(ApplicationFilterChain.java:185)
	at org.apache.catalina.core.ApplicationFilterChain.doFilter(ApplicationFilterChain.java:158)
	at org.springframework.web.filter.FormContentFilter.doFilterInternal(FormContentFilter.java:93)
	at org.springframework.web.filter.OncePerRequestFilter.doFilter(OncePerRequestFilter.java:116)
	at org.apache.catalina.core.ApplicationFilterChain.internalDoFilter(ApplicationFilterChain.java:185)
	at org.apache.catalina.core.ApplicationFilterChain.doFilter(ApplicationFilterChain.java:158)
	at org.springframework.web.filter.CharacterEncodingFilter.doFilterInternal(CharacterEncodingFilter.java:201)
	at org.springframework.web.filter.OncePerRequestFilter.doFilter(OncePerRequestFilter.java:116)
	at org.apache.catalina.core.ApplicationFilterChain.internalDoFilter(ApplicationFilterChain.java:185)
	at org.apache.catalina.core.ApplicationFilterChain.doFilter(ApplicationFilterChain.java:158)
	at org.apache.catalina.core.StandardWrapperValve.invoke(StandardWrapperValve.java:177)
	at org.apache.catalina.core.StandardContextValve.invoke(StandardContextValve.java:97)
	at org.apache.catalina.authenticator.AuthenticatorBase.invoke(AuthenticatorBase.java:542)
	at org.apache.catalina.core.StandardHostValve.invoke(StandardHostValve.java:119)
	at org.apache.catalina.valves.ErrorReportValve.invoke(ErrorReportValve.java:92)
	at org.apache.catalina.core.StandardEngineValve.invoke(StandardEngineValve.java:78)
	at org.apache.catalina.connector.CoyoteAdapter.service(CoyoteAdapter.java:357)
	at org.apache.coyote.http11.Http11Processor.service(Http11Processor.java:400)
	at org.apache.coyote.AbstractProcessorLight.process(AbstractProcessorLight.java:65)
	at org.apache.coyote.AbstractProtocol$ConnectionHandler.process(AbstractProtocol.java:859)
	at org.apache.tomcat.util.net.NioEndpoint$SocketProcessor.doRun(NioEndpoint.java:1734)
	at org.apache.tomcat.util.net.SocketProcessorBase.run(SocketProcessorBase.java:52)
	at org.apache.tomcat.util.threads.ThreadPoolExecutor.runWorker(ThreadPoolExecutor.java:1191)
	at org.apache.tomcat.util.threads.ThreadPoolExecutor$Worker.run(ThreadPoolExecutor.java:659)
	at org.apache.tomcat.util.threads.TaskThread$WrappingRunnable.run(TaskThread.java:61)
	at java.base/java.lang.Thread.run(Thread.java:842)
Caused by: io.lettuce.core.RedisConnectionException: Unable to connect to 47.236.36.111/<unresolved>:6379
	at io.lettuce.core.RedisConnectionException.create(RedisConnectionException.java:78)
	at io.lettuce.core.RedisConnectionException.create(RedisConnectionException.java:56)
	at io.lettuce.core.AbstractRedisClient.getConnection(AbstractRedisClient.java:350)
	at io.lettuce.core.RedisClient.connect(RedisClient.java:216)
	at org.springframework.data.redis.connection.lettuce.StandaloneConnectionProvider.lambda$getConnection$1(StandaloneConnectionProvider.java:111)
	at java.base/java.util.Optional.orElseGet(Optional.java:364)
	at org.springframework.data.redis.connection.lettuce.StandaloneConnectionProvider.getConnection(StandaloneConnectionProvider.java:111)
	at org.springframework.data.redis.connection.lettuce.LettuceConnectionFactory$ExceptionTranslatingConnectionProvider.getConnection(LettuceConnectionFactory.java:1531)
	... 94 common frames omitted
Caused by: io.netty.channel.AbstractChannel$AnnotatedConnectException: Connection refused: no further information: /47.236.36.111:6379
Caused by: java.net.ConnectException: Connection refused: no further information
	at java.base/sun.nio.ch.Net.pollConnect(Native Method)
	at java.base/sun.nio.ch.Net.pollConnectNow(Net.java:672)
	at java.base/sun.nio.ch.SocketChannelImpl.finishConnect(SocketChannelImpl.java:946)
	at io.netty.channel.socket.nio.NioSocketChannel.doFinishConnect(NioSocketChannel.java:337)
	at io.netty.channel.nio.AbstractNioChannel$AbstractNioUnsafe.finishConnect(AbstractNioChannel.java:334)
	at io.netty.channel.nio.NioEventLoop.processSelectedKey(NioEventLoop.java:776)
	at io.netty.channel.nio.NioEventLoop.processSelectedKeysOptimized(NioEventLoop.java:724)
	at io.netty.channel.nio.NioEventLoop.processSelectedKeys(NioEventLoop.java:650)
	at io.netty.channel.nio.NioEventLoop.run(NioEventLoop.java:562)
	at io.netty.util.concurrent.SingleThreadEventExecutor$4.run(SingleThreadEventExecutor.java:997)
	at io.netty.util.internal.ThreadExecutorMap$2.run(ThreadExecutorMap.java:74)
	at io.netty.util.concurrent.FastThreadLocalRunnable.run(FastThreadLocalRunnable.java:30)
	at java.base/java.lang.Thread.run(Thread.java:842)
2025-09-19 15:08:49.147 [http-nio-8093-exec-1] INFO  c.z.f.b.context.filter.HeaderUserId2ContextFilter - ===== 删除 ThreadLocal， userId: 100
2025-09-19 15:08:49.608 [ConsumeMessageThread_xiaohongshu_group_PublishCommentTopic_2] INFO  c.z.x.comment.biz.consumer.Comment2DBConsumer - ==> 本批次消息大小: 1
2025-09-19 15:08:49.609 [ConsumeMessageThread_xiaohongshu_group_PublishCommentTopic_2] INFO  c.z.x.comment.biz.consumer.Comment2DBConsumer - ==> Consumer - Received message: {"noteId":1968935112632438881,"content":"哈哈哈哈哈","imageUrl":"https://my-xiaohongshu-oss.oss-cn-guangzhou.aliyuncs.com/9f4fb512c40742ab8cd42114c30aaa2a.jpg","commentId":8001,"replyCommentId":null,"createTime":"2025-09-19 15:08:35","creatorId":100}
2025-09-19 15:08:49.609 [ConsumeMessageThread_xiaohongshu_group_PublishCommentTopic_2] INFO  c.z.x.comment.biz.consumer.Comment2DBConsumer - ## 清洗后的 CommentBOS: [{"id":8001,"noteId":1968935112632438881,"userId":100,"contentUuid":"a738687a-11a4-42a0-a248-68f5edd12d71","content":"哈哈哈哈哈","isContentEmpty":false,"imageUrl":"https://my-xiaohongshu-oss.oss-cn-guangzhou.aliyuncs.com/9f4fb512c40742ab8cd42114c30aaa2a.jpg","level":1,"replyTotal":0,"likeTotal":0,"parentId":1968935112632438881,"replyCommentId":0,"replyUserId":0,"isTop":false,"createTime":"2025-09-19 15:08:35","updateTime":"2025-09-19 15:08:35"}]
2025-09-19 15:08:49.611 [ConsumeMessageThread_xiaohongshu_group_PublishCommentTopic_2] DEBUG c.z.x.c.b.d.mapper.CommentDOMapper.batchInsert - ==>  Preparing: insert IGNORE into t_comment (id, note_id, user_id, content_uuid, is_content_empty, image_url, `level`, reply_total, like_total, parent_id, reply_comment_id, reply_user_id, is_top, create_time, update_time ) values (?, ?, ?, ?, ? , ?, ?, ?, ?, ? , ?, ?, ?, ?, ?)
2025-09-19 15:08:49.612 [ConsumeMessageThread_xiaohongshu_group_PublishCommentTopic_2] DEBUG c.z.x.c.b.d.mapper.CommentDOMapper.batchInsert - ==> Parameters: 8001(Long), 1968935112632438881(Long), 100(Long), a738687a-11a4-42a0-a248-68f5edd12d71(String), false(Boolean), https://my-xiaohongshu-oss.oss-cn-guangzhou.aliyuncs.com/9f4fb512c40742ab8cd42114c30aaa2a.jpg(String), 1(Integer), 0(Long), 0(Long), 1968935112632438881(Long), 0(Long), 0(Long), false(Boolean), 2025-09-19T15:08:35(LocalDateTime), 2025-09-19T15:08:35(LocalDateTime)
2025-09-19 15:08:49.616 [ConsumeMessageThread_xiaohongshu_group_PublishCommentTopic_2] DEBUG c.z.x.c.b.d.mapper.CommentDOMapper.batchInsert - <==    Updates: 0
2025-09-19 15:08:51.391 [http-nio-8093-exec-3] ERROR c.z.x.comment.biz.exception.GlobalExceptionHandler - /comment/list request error, 
org.springframework.data.redis.RedisConnectionFailureException: Unable to connect to Redis
	at org.springframework.data.redis.connection.lettuce.LettuceConnectionFactory$ExceptionTranslatingConnectionProvider.translateException(LettuceConnectionFactory.java:1602)
	at org.springframework.data.redis.connection.lettuce.LettuceConnectionFactory$ExceptionTranslatingConnectionProvider.getConnection(LettuceConnectionFactory.java:1533)
	at org.springframework.data.redis.connection.lettuce.LettuceConnectionFactory$SharedConnection.getNativeConnection(LettuceConnectionFactory.java:1358)
	at org.springframework.data.redis.connection.lettuce.LettuceConnectionFactory$SharedConnection.getConnection(LettuceConnectionFactory.java:1341)
	at org.springframework.data.redis.connection.lettuce.LettuceConnectionFactory.getSharedConnection(LettuceConnectionFactory.java:1059)
	at org.springframework.data.redis.connection.lettuce.LettuceConnectionFactory.getConnection(LettuceConnectionFactory.java:398)
	at org.springframework.data.redis.core.RedisConnectionUtils.fetchConnection(RedisConnectionUtils.java:193)
	at org.springframework.data.redis.core.RedisConnectionUtils.doGetConnection(RedisConnectionUtils.java:144)
	at org.springframework.data.redis.core.RedisConnectionUtils.getConnection(RedisConnectionUtils.java:105)
	at org.springframework.data.redis.core.RedisTemplate.execute(RedisTemplate.java:393)
	at org.springframework.data.redis.core.RedisTemplate.execute(RedisTemplate.java:373)
	at org.springframework.data.redis.core.AbstractOperations.execute(AbstractOperations.java:97)
	at org.springframework.data.redis.core.DefaultHashOperations.get(DefaultHashOperations.java:51)
	at com.zry.xiaohongshu.comment.biz.service.impl.CommentServiceImpl.findCommentPageList(CommentServiceImpl.java:129)
	at com.zry.xiaohongshu.comment.biz.controller.CommentController.findCommentPageList(CommentController.java:31)
	at jdk.internal.reflect.GeneratedMethodAccessor20.invoke(Unknown Source)
	at java.base/jdk.internal.reflect.DelegatingMethodAccessorImpl.invoke(DelegatingMethodAccessorImpl.java:43)
	at java.base/java.lang.reflect.Method.invoke(Method.java:568)
	at org.springframework.aop.support.AopUtils.invokeJoinpointUsingReflection(AopUtils.java:343)
	at org.springframework.aop.framework.ReflectiveMethodInvocation.invokeJoinpoint(ReflectiveMethodInvocation.java:196)
	at org.springframework.aop.framework.ReflectiveMethodInvocation.proceed(ReflectiveMethodInvocation.java:163)
	at org.springframework.aop.framework.CglibAopProxy$CglibMethodInvocation.proceed(CglibAopProxy.java:752)
	at org.springframework.aop.aspectj.MethodInvocationProceedingJoinPoint.proceed(MethodInvocationProceedingJoinPoint.java:89)
	at com.zry.framework.biz.operationlog.aspect.ApiOperationLogAspect.doAround(ApiOperationLogAspect.java:50)
	at java.base/jdk.internal.reflect.NativeMethodAccessorImpl.invoke0(Native Method)
	at java.base/jdk.internal.reflect.NativeMethodAccessorImpl.invoke(NativeMethodAccessorImpl.java:77)
	at java.base/jdk.internal.reflect.DelegatingMethodAccessorImpl.invoke(DelegatingMethodAccessorImpl.java:43)
	at java.base/java.lang.reflect.Method.invoke(Method.java:568)
	at org.springframework.aop.aspectj.AbstractAspectJAdvice.invokeAdviceMethodWithGivenArgs(AbstractAspectJAdvice.java:633)
	at org.springframework.aop.aspectj.AbstractAspectJAdvice.invokeAdviceMethod(AbstractAspectJAdvice.java:623)
	at org.springframework.aop.aspectj.AspectJAroundAdvice.invoke(AspectJAroundAdvice.java:71)
	at org.springframework.aop.framework.ReflectiveMethodInvocation.proceed(ReflectiveMethodInvocation.java:173)
	at org.springframework.aop.framework.CglibAopProxy$CglibMethodInvocation.proceed(CglibAopProxy.java:752)
	at org.springframework.aop.interceptor.ExposeInvocationInterceptor.invoke(ExposeInvocationInterceptor.java:97)
	at org.springframework.aop.framework.ReflectiveMethodInvocation.proceed(ReflectiveMethodInvocation.java:184)
	at org.springframework.aop.framework.CglibAopProxy$CglibMethodInvocation.proceed(CglibAopProxy.java:752)
	at org.springframework.aop.framework.CglibAopProxy$DynamicAdvisedInterceptor.intercept(CglibAopProxy.java:703)
	at com.zry.xiaohongshu.comment.biz.controller.CommentController$$SpringCGLIB$$0.findCommentPageList(<generated>)
	at jdk.internal.reflect.GeneratedMethodAccessor20.invoke(Unknown Source)
	at java.base/jdk.internal.reflect.DelegatingMethodAccessorImpl.invoke(DelegatingMethodAccessorImpl.java:43)
	at java.base/java.lang.reflect.Method.invoke(Method.java:568)
	at org.springframework.web.method.support.InvocableHandlerMethod.doInvoke(InvocableHandlerMethod.java:207)
	at org.springframework.web.method.support.InvocableHandlerMethod.invokeForRequest(InvocableHandlerMethod.java:152)
	at org.springframework.web.servlet.mvc.method.annotation.ServletInvocableHandlerMethod.invokeAndHandle(ServletInvocableHandlerMethod.java:117)
	at org.springframework.web.servlet.mvc.method.annotation.RequestMappingHandlerAdapter.invokeHandlerMethod(RequestMappingHandlerAdapter.java:884)
	at org.springframework.web.servlet.mvc.method.annotation.RequestMappingHandlerAdapter.handleInternal(RequestMappingHandlerAdapter.java:797)
	at org.springframework.web.servlet.mvc.method.AbstractHandlerMethodAdapter.handle(AbstractHandlerMethodAdapter.java:87)
	at org.springframework.web.servlet.DispatcherServlet.doDispatch(DispatcherServlet.java:1080)
	at org.springframework.web.servlet.DispatcherServlet.doService(DispatcherServlet.java:973)
	at org.springframework.web.servlet.FrameworkServlet.processRequest(FrameworkServlet.java:1011)
	at org.springframework.web.servlet.FrameworkServlet.doPost(FrameworkServlet.java:914)
	at jakarta.servlet.http.HttpServlet.service(HttpServlet.java:547)
	at org.springframework.web.servlet.FrameworkServlet.service(FrameworkServlet.java:885)
	at jakarta.servlet.http.HttpServlet.service(HttpServlet.java:614)
	at org.apache.catalina.core.ApplicationFilterChain.internalDoFilter(ApplicationFilterChain.java:223)
	at org.apache.catalina.core.ApplicationFilterChain.doFilter(ApplicationFilterChain.java:158)
	at org.apache.tomcat.websocket.server.WsFilter.doFilter(WsFilter.java:53)
	at org.apache.catalina.core.ApplicationFilterChain.internalDoFilter(ApplicationFilterChain.java:185)
	at org.apache.catalina.core.ApplicationFilterChain.doFilter(ApplicationFilterChain.java:158)
	at com.zry.framework.biz.context.filter.HeaderUserId2ContextFilter.doFilterInternal(HeaderUserId2ContextFilter.java:33)
	at org.springframework.web.filter.OncePerRequestFilter.doFilter(OncePerRequestFilter.java:116)
	at org.apache.catalina.core.ApplicationFilterChain.internalDoFilter(ApplicationFilterChain.java:185)
	at org.apache.catalina.core.ApplicationFilterChain.doFilter(ApplicationFilterChain.java:158)
	at com.alibaba.druid.support.jakarta.WebStatFilter.doFilter(WebStatFilter.java:113)
	at org.apache.catalina.core.ApplicationFilterChain.internalDoFilter(ApplicationFilterChain.java:185)
	at org.apache.catalina.core.ApplicationFilterChain.doFilter(ApplicationFilterChain.java:158)
	at org.springframework.web.filter.RequestContextFilter.doFilterInternal(RequestContextFilter.java:100)
	at org.springframework.web.filter.OncePerRequestFilter.doFilter(OncePerRequestFilter.java:116)
	at org.apache.catalina.core.ApplicationFilterChain.internalDoFilter(ApplicationFilterChain.java:185)
	at org.apache.catalina.core.ApplicationFilterChain.doFilter(ApplicationFilterChain.java:158)
	at org.springframework.web.filter.FormContentFilter.doFilterInternal(FormContentFilter.java:93)
	at org.springframework.web.filter.OncePerRequestFilter.doFilter(OncePerRequestFilter.java:116)
	at org.apache.catalina.core.ApplicationFilterChain.internalDoFilter(ApplicationFilterChain.java:185)
	at org.apache.catalina.core.ApplicationFilterChain.doFilter(ApplicationFilterChain.java:158)
	at org.springframework.web.filter.CharacterEncodingFilter.doFilterInternal(CharacterEncodingFilter.java:201)
	at org.springframework.web.filter.OncePerRequestFilter.doFilter(OncePerRequestFilter.java:116)
	at org.apache.catalina.core.ApplicationFilterChain.internalDoFilter(ApplicationFilterChain.java:185)
	at org.apache.catalina.core.ApplicationFilterChain.doFilter(ApplicationFilterChain.java:158)
	at org.apache.catalina.core.StandardWrapperValve.invoke(StandardWrapperValve.java:177)
	at org.apache.catalina.core.StandardContextValve.invoke(StandardContextValve.java:97)
	at org.apache.catalina.authenticator.AuthenticatorBase.invoke(AuthenticatorBase.java:542)
	at org.apache.catalina.core.StandardHostValve.invoke(StandardHostValve.java:119)
	at org.apache.catalina.valves.ErrorReportValve.invoke(ErrorReportValve.java:92)
	at org.apache.catalina.core.StandardEngineValve.invoke(StandardEngineValve.java:78)
	at org.apache.catalina.connector.CoyoteAdapter.service(CoyoteAdapter.java:357)
	at org.apache.coyote.http11.Http11Processor.service(Http11Processor.java:400)
	at org.apache.coyote.AbstractProcessorLight.process(AbstractProcessorLight.java:65)
	at org.apache.coyote.AbstractProtocol$ConnectionHandler.process(AbstractProtocol.java:859)
	at org.apache.tomcat.util.net.NioEndpoint$SocketProcessor.doRun(NioEndpoint.java:1734)
	at org.apache.tomcat.util.net.SocketProcessorBase.run(SocketProcessorBase.java:52)
	at org.apache.tomcat.util.threads.ThreadPoolExecutor.runWorker(ThreadPoolExecutor.java:1191)
	at org.apache.tomcat.util.threads.ThreadPoolExecutor$Worker.run(ThreadPoolExecutor.java:659)
	at org.apache.tomcat.util.threads.TaskThread$WrappingRunnable.run(TaskThread.java:61)
	at java.base/java.lang.Thread.run(Thread.java:842)
Caused by: io.lettuce.core.RedisConnectionException: Unable to connect to 47.236.36.111/<unresolved>:6379
	at io.lettuce.core.RedisConnectionException.create(RedisConnectionException.java:78)
	at io.lettuce.core.RedisConnectionException.create(RedisConnectionException.java:56)
	at io.lettuce.core.AbstractRedisClient.getConnection(AbstractRedisClient.java:350)
	at io.lettuce.core.RedisClient.connect(RedisClient.java:216)
	at org.springframework.data.redis.connection.lettuce.StandaloneConnectionProvider.lambda$getConnection$1(StandaloneConnectionProvider.java:111)
	at java.base/java.util.Optional.orElseGet(Optional.java:364)
	at org.springframework.data.redis.connection.lettuce.StandaloneConnectionProvider.getConnection(StandaloneConnectionProvider.java:111)
	at org.springframework.data.redis.connection.lettuce.LettuceConnectionFactory$ExceptionTranslatingConnectionProvider.getConnection(LettuceConnectionFactory.java:1531)
	... 92 common frames omitted
Caused by: io.netty.channel.AbstractChannel$AnnotatedConnectException: Connection refused: no further information: /47.236.36.111:6379
Caused by: java.net.ConnectException: Connection refused: no further information
	at java.base/sun.nio.ch.Net.pollConnect(Native Method)
	at java.base/sun.nio.ch.Net.pollConnectNow(Net.java:672)
	at java.base/sun.nio.ch.SocketChannelImpl.finishConnect(SocketChannelImpl.java:946)
	at io.netty.channel.socket.nio.NioSocketChannel.doFinishConnect(NioSocketChannel.java:337)
	at io.netty.channel.nio.AbstractNioChannel$AbstractNioUnsafe.finishConnect(AbstractNioChannel.java:334)
	at io.netty.channel.nio.NioEventLoop.processSelectedKey(NioEventLoop.java:776)
	at io.netty.channel.nio.NioEventLoop.processSelectedKeysOptimized(NioEventLoop.java:724)
	at io.netty.channel.nio.NioEventLoop.processSelectedKeys(NioEventLoop.java:650)
	at io.netty.channel.nio.NioEventLoop.run(NioEventLoop.java:562)
	at io.netty.util.concurrent.SingleThreadEventExecutor$4.run(SingleThreadEventExecutor.java:997)
	at io.netty.util.internal.ThreadExecutorMap$2.run(ThreadExecutorMap.java:74)
	at io.netty.util.concurrent.FastThreadLocalRunnable.run(FastThreadLocalRunnable.java:30)
	at java.base/java.lang.Thread.run(Thread.java:842)
2025-09-19 15:08:51.393 [http-nio-8093-exec-3] INFO  c.z.f.b.context.filter.HeaderUserId2ContextFilter - ===== 删除 ThreadLocal， userId: 100
2025-09-19 15:09:58.811 [Thread-16] WARN  com.alibaba.nacos.common.notify.NotifyCenter - [NotifyCenter] Start destroying Publisher
2025-09-19 15:09:58.813 [Thread-16] WARN  com.alibaba.nacos.common.notify.NotifyCenter - [NotifyCenter] Destruction of the end
2025-09-19 15:09:58.813 [Thread-19] WARN  c.alibaba.nacos.common.http.HttpClientBeanHolder - [HttpClientBeanHolder] Start destroying common HttpClient
2025-09-19 15:09:58.814 [Thread-19] WARN  c.alibaba.nacos.common.http.HttpClientBeanHolder - [HttpClientBeanHolder] Destruction of the end
2025-09-19 15:09:58.838 [NettyClientSelector_1] INFO  RocketmqRemoting - closeChannel: close the connection to remote address[10.91.138.46:10911] result: true
2025-09-19 15:09:58.839 [NettyClientSelector_1] INFO  RocketmqRemoting - closeChannel: close the connection to remote address[127.0.0.1:9876] result: true
2025-09-19 15:09:59.651 [NettyClientSelector_1] INFO  RocketmqRemoting - closeChannel: close the connection to remote address[10.91.138.46:10911] result: true
2025-09-19 15:09:59.651 [NettyClientSelector_1] INFO  RocketmqRemoting - closeChannel: close the connection to remote address[127.0.0.1:9876] result: true
2025-09-19 15:09:59.662 [NettyClientSelector_1] INFO  RocketmqRemoting - closeChannel: close the connection to remote address[10.91.138.46:10911] result: true
2025-09-19 15:09:59.662 [NettyClientSelector_1] INFO  RocketmqRemoting - closeChannel: close the connection to remote address[127.0.0.1:9876] result: true
2025-09-19 15:09:59.674 [NettyClientSelector_1] INFO  RocketmqRemoting - closeChannel: close the connection to remote address[10.91.138.46:10911] result: true
2025-09-19 15:09:59.739 [SpringApplicationShutdownHook] INFO  c.a.cloud.nacos.registry.NacosServiceRegistry - De-registering from Nacos Server now...
2025-09-19 15:09:59.739 [SpringApplicationShutdownHook] INFO  com.alibaba.nacos.client.naming - [DEREGISTER-SERVICE] xiaohongshu deregistering service xiaohongshu-comment with instance: Instance{instanceId='null', ip='10.91.138.46', port=8093, weight=1.0, healthy=true, enabled=true, ephemeral=true, clusterName='DEFAULT', serviceName='null', metadata={}}
2025-09-19 15:09:59.781 [SpringApplicationShutdownHook] INFO  c.a.cloud.nacos.registry.NacosServiceRegistry - De-registration finished.
2025-09-19 15:09:59.781 [SpringApplicationShutdownHook] INFO  com.alibaba.nacos.client.naming - com.alibaba.nacos.client.naming.cache.ServiceInfoHolder do shutdown begin
2025-09-19 15:09:59.781 [SpringApplicationShutdownHook] INFO  com.alibaba.nacos.client.naming - com.alibaba.nacos.client.naming.backups.FailoverReactor do shutdown begin
2025-09-19 15:09:59.782 [SpringApplicationShutdownHook] INFO  com.alibaba.nacos.client.naming - com.alibaba.nacos.client.naming.backups.FailoverReactor do shutdown stop
2025-09-19 15:09:59.782 [SpringApplicationShutdownHook] INFO  com.alibaba.nacos.client.naming - com.alibaba.nacos.client.naming.cache.ServiceInfoHolder do shutdown stop
2025-09-19 15:09:59.782 [SpringApplicationShutdownHook] INFO  com.alibaba.nacos.client.naming - com.alibaba.nacos.client.naming.remote.NamingClientProxyDelegate do shutdown begin
2025-09-19 15:09:59.782 [SpringApplicationShutdownHook] INFO  com.alibaba.nacos.client.naming - com.alibaba.nacos.client.naming.core.ServiceInfoUpdateService do shutdown begin
2025-09-19 15:09:59.782 [SpringApplicationShutdownHook] INFO  com.alibaba.nacos.client.naming - com.alibaba.nacos.client.naming.core.ServiceInfoUpdateService do shutdown stop
2025-09-19 15:09:59.782 [SpringApplicationShutdownHook] INFO  com.alibaba.nacos.client.naming - com.alibaba.nacos.client.naming.core.ServerListManager do shutdown begin
2025-09-19 15:09:59.782 [SpringApplicationShutdownHook] WARN  com.alibaba.nacos.client.naming - [NamingHttpClientManager] Start destroying NacosRestTemplate
2025-09-19 15:09:59.782 [SpringApplicationShutdownHook] WARN  com.alibaba.nacos.client.naming - [NamingHttpClientManager] Destruction of the end
2025-09-19 15:09:59.782 [SpringApplicationShutdownHook] INFO  com.alibaba.nacos.client.naming - com.alibaba.nacos.client.naming.core.ServerListManager do shutdown stop
2025-09-19 15:09:59.782 [SpringApplicationShutdownHook] INFO  com.alibaba.nacos.client.naming - com.alibaba.nacos.client.naming.remote.http.NamingHttpClientProxy do shutdown begin
2025-09-19 15:09:59.782 [SpringApplicationShutdownHook] WARN  com.alibaba.nacos.client.naming - [NamingHttpClientManager] Start destroying NacosRestTemplate
2025-09-19 15:09:59.782 [SpringApplicationShutdownHook] WARN  com.alibaba.nacos.client.naming - [NamingHttpClientManager] Destruction of the end
2025-09-19 15:09:59.782 [SpringApplicationShutdownHook] INFO  com.alibaba.nacos.client.naming - com.alibaba.nacos.client.naming.remote.http.NamingHttpClientProxy do shutdown stop
2025-09-19 15:09:59.783 [SpringApplicationShutdownHook] INFO  com.alibaba.nacos.common.remote.client - Shutdown rpc client, set status to shutdown
2025-09-19 15:09:59.783 [SpringApplicationShutdownHook] INFO  com.alibaba.nacos.common.remote.client - Shutdown client event executor java.util.concurrent.ScheduledThreadPoolExecutor@2c58b53e[Running, pool size = 2, active threads = 2, queued tasks = 0, completed tasks = 0]
2025-09-19 15:09:59.783 [SpringApplicationShutdownHook] INFO  com.alibaba.nacos.common.remote.client - Close current connection 1758264070939_120.85.130.202_6662
2025-09-19 15:09:59.787 [NettyClientSelector_1] INFO  RocketmqRemoting - closeChannel: close the connection to remote address[127.0.0.1:9876] result: true
2025-09-19 15:09:59.794 [SpringApplicationShutdownHook] INFO  c.a.nacos.common.remote.client.grpc.GrpcClient - Shutdown grpc executor java.util.concurrent.ThreadPoolExecutor@7a7641cf[Running, pool size = 3, active threads = 0, queued tasks = 0, completed tasks = 366]
2025-09-19 15:09:59.794 [SpringApplicationShutdownHook] INFO  com.alibaba.nacos.client.naming - Shutdown grpc redo service executor java.util.concurrent.ScheduledThreadPoolExecutor@4605782c[Running, pool size = 1, active threads = 0, queued tasks = 1, completed tasks = 575]
2025-09-19 15:09:59.795 [SpringApplicationShutdownHook] INFO  c.a.n.client.auth.ram.identify.CredentialWatcher - [null] CredentialWatcher is stopped
2025-09-19 15:09:59.795 [SpringApplicationShutdownHook] INFO  c.a.n.client.auth.ram.identify.CredentialService - [null] CredentialService is freed
2025-09-19 15:09:59.795 [SpringApplicationShutdownHook] INFO  com.alibaba.nacos.client.naming - com.alibaba.nacos.client.naming.remote.NamingClientProxyDelegate do shutdown stop
2025-09-19 15:09:59.819 [NettyClientSelector_1] INFO  RocketmqRemoting - closeChannel: close the connection to remote address[10.91.138.46:10911] result: true
2025-09-19 15:09:59.819 [NettyClientSelector_1] INFO  RocketmqRemoting - closeChannel: close the connection to remote address[127.0.0.1:9876] result: true
2025-09-19 15:09:59.829 [NettyClientSelector_1] INFO  RocketmqRemoting - closeChannel: close the connection to remote address[10.91.138.46:10911] result: true
2025-09-19 15:09:59.830 [NettyClientSelector_1] INFO  RocketmqRemoting - closeChannel: close the connection to remote address[127.0.0.1:9876] result: true
2025-09-19 15:09:59.830 [SpringApplicationShutdownHook] INFO  o.a.r.s.support.DefaultRocketMQListenerContainer - container destroyed, DefaultRocketMQListenerContainer{consumerGroup='xiaohongshu_group_first_reply_comment_idCountNoteCommentTopic', namespace='', nameServer='127.0.0.1:9876', topic='CountNoteCommentTopic', consumeMode=CONCURRENTLY, selectorType=TAG, selectorExpression='*', messageModel=CLUSTERING', tlsEnable=false, instanceName=DEFAULT}
2025-09-19 15:09:59.830 [SpringApplicationShutdownHook] INFO  o.a.r.s.support.DefaultRocketMQListenerContainer - container destroyed, DefaultRocketMQListenerContainer{consumerGroup='xiaohongshu_group_DeleteCommentTopic', namespace='', nameServer='127.0.0.1:9876', topic='DeleteCommentDetailLocalCacheTopic', consumeMode=CONCURRENTLY, selectorType=TAG, selectorExpression='*', messageModel=BROADCASTING', tlsEnable=false, instanceName=DEFAULT}
2025-09-19 15:09:59.832 [SpringApplicationShutdownHook] INFO  o.a.r.s.support.DefaultRocketMQListenerContainer - container destroyed, DefaultRocketMQListenerContainer{consumerGroup='xiaohongshu_group_DeleteCommentTopic', namespace='', nameServer='127.0.0.1:9876', topic='DeleteCommentTopic', consumeMode=CONCURRENTLY, selectorType=TAG, selectorExpression='*', messageModel=CLUSTERING', tlsEnable=false, instanceName=DEFAULT}
2025-09-19 15:09:59.832 [SpringApplicationShutdownHook] INFO  o.a.r.s.support.DefaultRocketMQListenerContainer - container destroyed, DefaultRocketMQListenerContainer{consumerGroup='xiaohongshu_group_CommentHeatUpdateTopic', namespace='', nameServer='127.0.0.1:9876', topic='CommentHeatUpdateTopic', consumeMode=CONCURRENTLY, selectorType=TAG, selectorExpression='*', messageModel=CLUSTERING', tlsEnable=false, instanceName=DEFAULT}
2025-09-19 15:09:59.975 [NettyClientSelector_1] INFO  RocketmqRemoting - closeChannel: close the connection to remote address[127.0.0.1:9876] result: true
2025-09-19 15:09:59.975 [NettyClientSelector_1] INFO  RocketmqRemoting - closeChannel: close the connection to remote address[10.91.138.46:10911] result: true
2025-09-19 15:09:59.980 [SpringApplicationShutdownHook] INFO  com.alibaba.druid.pool.DruidDataSource - {dataSource-1} closing ...
2025-09-19 15:09:59.984 [SpringApplicationShutdownHook] INFO  com.alibaba.druid.pool.DruidDataSource - {dataSource-1} closed
2025-09-19 15:10:04.281 [main] WARN  com.alibaba.nacos.client.logging.NacosLogging - Load Logback Configuration of Nacos fail, message: Could not initialize Logback Nacos logging from classpath:nacos-logback.xml
2025-09-19 15:10:04.356 [main] WARN  com.alibaba.nacos.client.logging.NacosLogging - Load Logback Configuration of Nacos fail, message: Could not initialize Logback Nacos logging from classpath:nacos-logback.xml
2025-09-19 15:10:04.962 [main] WARN  com.alibaba.nacos.client.logging.NacosLogging - Load Logback Configuration of Nacos fail, message: Could not initialize Logback Nacos logging from classpath:nacos-logback.xml
2025-09-19 15:10:04.977 [main] WARN  com.alibaba.nacos.client.logging.NacosLogging - Load Logback Configuration of Nacos fail, message: Could not initialize Logback Nacos logging from classpath:nacos-logback.xml
2025-09-19 15:10:04.978 [main] INFO  c.z.x.comment.biz.XiaohongshuCommentApplication - The following 1 profile is active: "dev"
2025-09-19 15:10:04.996 [main] WARN  o.s.core.annotation.AnnotationTypeMapping - Support for convention-based annotation attribute overrides is deprecated and will be removed in Spring Framework 6.1. Please annotate the following attributes in @org.springframework.retry.annotation.EnableRetry with appropriate @AliasFor declarations: [proxyTargetClass]
2025-09-19 15:10:05.825 [main] INFO  o.s.d.r.config.RepositoryConfigurationDelegate - Multiple Spring Data modules found, entering strict repository configuration mode
2025-09-19 15:10:05.830 [main] INFO  o.s.d.r.config.RepositoryConfigurationDelegate - Bootstrapping Spring Data Redis repositories in DEFAULT mode.
2025-09-19 15:10:05.866 [main] INFO  o.s.d.r.config.RepositoryConfigurationDelegate - Finished Spring Data repository scanning in 15 ms. Found 0 Redis repository interfaces.
2025-09-19 15:10:06.171 [main] INFO  o.springframework.cloud.context.scope.GenericScope - BeanFactory id=f9540961-baa3-31a2-9c49-444c2719e2e1
2025-09-19 15:10:06.229 [main] INFO  o.s.c.s.PostProcessorRegistrationDelegate$BeanPostProcessorChecker - Bean 'com.zry.xiaohongshu.distributed.id.generator.api.DistributedIdGeneratorFeignApi' of type [org.springframework.cloud.openfeign.FeignClientFactoryBean] is not eligible for getting processed by all BeanPostProcessors (for example: not eligible for auto-proxying)
2025-09-19 15:10:06.232 [main] INFO  o.s.c.s.PostProcessorRegistrationDelegate$BeanPostProcessorChecker - Bean 'com.zry.xiaohongshu.kv.api.KeyValueFeignApi' of type [org.springframework.cloud.openfeign.FeignClientFactoryBean] is not eligible for getting processed by all BeanPostProcessors (for example: not eligible for auto-proxying)
2025-09-19 15:10:06.234 [main] INFO  o.s.c.s.PostProcessorRegistrationDelegate$BeanPostProcessorChecker - Bean 'com.zry.xiaohongshu.user.api.UserFeignApi' of type [org.springframework.cloud.openfeign.FeignClientFactoryBean] is not eligible for getting processed by all BeanPostProcessors (for example: not eligible for auto-proxying)
2025-09-19 15:10:06.544 [main] INFO  o.s.c.s.PostProcessorRegistrationDelegate$BeanPostProcessorChecker - Bean 'org.apache.rocketmq.spring.autoconfigure.MessageConverterConfiguration' of type [org.apache.rocketmq.spring.autoconfigure.MessageConverterConfiguration$$SpringCGLIB$$0] is not eligible for getting processed by all BeanPostProcessors (for example: not eligible for auto-proxying)
2025-09-19 15:10:06.621 [main] INFO  o.s.c.s.PostProcessorRegistrationDelegate$BeanPostProcessorChecker - Bean 'createRocketMQMessageConverter' of type [org.apache.rocketmq.spring.support.RocketMQMessageConverter] is not eligible for getting processed by all BeanPostProcessors (for example: not eligible for auto-proxying)
2025-09-19 15:10:06.624 [main] INFO  o.s.c.s.PostProcessorRegistrationDelegate$BeanPostProcessorChecker - Bean 'org.springframework.cloud.commons.config.CommonsConfigAutoConfiguration' of type [org.springframework.cloud.commons.config.CommonsConfigAutoConfiguration] is not eligible for getting processed by all BeanPostProcessors (for example: not eligible for auto-proxying)
2025-09-19 15:10:06.628 [main] INFO  o.s.c.s.PostProcessorRegistrationDelegate$BeanPostProcessorChecker - Bean 'org.springframework.cloud.client.loadbalancer.LoadBalancerDefaultMappingsProviderAutoConfiguration' of type [org.springframework.cloud.client.loadbalancer.LoadBalancerDefaultMappingsProviderAutoConfiguration] is not eligible for getting processed by all BeanPostProcessors (for example: not eligible for auto-proxying)
2025-09-19 15:10:06.629 [main] INFO  o.s.c.s.PostProcessorRegistrationDelegate$BeanPostProcessorChecker - Bean 'loadBalancerClientsDefaultsMappingsProvider' of type [org.springframework.cloud.client.loadbalancer.LoadBalancerDefaultMappingsProviderAutoConfiguration$$Lambda$727/0x000001c981525568] is not eligible for getting processed by all BeanPostProcessors (for example: not eligible for auto-proxying)
2025-09-19 15:10:06.631 [main] INFO  o.s.c.s.PostProcessorRegistrationDelegate$BeanPostProcessorChecker - Bean 'defaultsBindHandlerAdvisor' of type [org.springframework.cloud.commons.config.DefaultsBindHandlerAdvisor] is not eligible for getting processed by all BeanPostProcessors (for example: not eligible for auto-proxying)
2025-09-19 15:10:06.639 [main] INFO  o.s.c.s.PostProcessorRegistrationDelegate$BeanPostProcessorChecker - Bean 'rocketmq-org.apache.rocketmq.spring.autoconfigure.RocketMQProperties' of type [org.apache.rocketmq.spring.autoconfigure.RocketMQProperties] is not eligible for getting processed by all BeanPostProcessors (for example: not eligible for auto-proxying)
2025-09-19 15:10:06.640 [main] INFO  o.s.c.s.PostProcessorRegistrationDelegate$BeanPostProcessorChecker - Bean 'org.apache.rocketmq.spring.autoconfigure.ListenerContainerConfiguration' of type [org.apache.rocketmq.spring.autoconfigure.ListenerContainerConfiguration$$SpringCGLIB$$0] is not eligible for getting processed by all BeanPostProcessors (for example: not eligible for auto-proxying)
2025-09-19 15:10:06.939 [main] INFO  o.s.boot.web.embedded.tomcat.TomcatWebServer - Tomcat initialized with port(s): 8093 (http)
2025-09-19 15:10:06.940 [main] INFO  org.apache.catalina.core.AprLifecycleListener - Loaded Apache Tomcat Native library [2.0.3] using APR version [1.7.2].
2025-09-19 15:10:06.945 [main] INFO  org.apache.catalina.core.AprLifecycleListener - OpenSSL successfully initialized [OpenSSL 3.0.8 7 Feb 2023]
2025-09-19 15:10:06.959 [main] INFO  org.apache.catalina.core.StandardService - Starting service [Tomcat]
2025-09-19 15:10:06.959 [main] INFO  org.apache.catalina.core.StandardEngine - Starting Servlet engine: [Apache Tomcat/10.1.5]
2025-09-19 15:10:07.074 [main] INFO  o.a.c.core.ContainerBase.[Tomcat].[localhost].[/] - Initializing Spring embedded WebApplicationContext
2025-09-19 15:10:07.074 [main] INFO  o.s.b.w.s.c.ServletWebServerApplicationContext - Root WebApplicationContext: initialization completed in 2073 ms
2025-09-19 15:10:07.213 [main] INFO  c.a.d.s.b.a.DruidDataSourceAutoConfigure - Init DruidDataSource
2025-09-19 15:10:07.654 [main] INFO  com.alibaba.druid.pool.DruidDataSource - {dataSource-1} inited
2025-09-19 15:10:08.069 [main] INFO  o.s.cloud.openfeign.FeignClientFactoryBean - For 'xiaohongshu-kv' URL not provided. Will try picking an instance via load-balancing.
2025-09-19 15:10:08.166 [main] INFO  o.a.r.s.autoconfigure.RocketMQAutoConfiguration - a producer (xiaohongshu_group) init on namesrv 127.0.0.1:9876
2025-09-19 15:10:08.846 [main] INFO  o.a.r.s.support.DefaultRocketMQListenerContainer - running container: DefaultRocketMQListenerContainer{consumerGroup='xiaohongshu_group_CommentHeatUpdateTopic', namespace='', nameServer='127.0.0.1:9876', topic='CommentHeatUpdateTopic', consumeMode=CONCURRENTLY, selectorType=TAG, selectorExpression='*', messageModel=CLUSTERING', tlsEnable=false, instanceName=DEFAULT}
2025-09-19 15:10:08.846 [main] INFO  o.a.r.s.a.ListenerContainerConfiguration - Register the listener to container, listenerBeanName:commentHeatUpdateConsumer, containerBeanName:org.apache.rocketmq.spring.support.DefaultRocketMQListenerContainer_1
2025-09-19 15:10:08.927 [main] INFO  o.a.r.s.support.DefaultRocketMQListenerContainer - running container: DefaultRocketMQListenerContainer{consumerGroup='xiaohongshu_group_DeleteCommentTopic', namespace='', nameServer='127.0.0.1:9876', topic='DeleteCommentTopic', consumeMode=CONCURRENTLY, selectorType=TAG, selectorExpression='*', messageModel=CLUSTERING', tlsEnable=false, instanceName=DEFAULT}
2025-09-19 15:10:08.927 [main] INFO  o.a.r.s.a.ListenerContainerConfiguration - Register the listener to container, listenerBeanName:deleteCommentConsumer, containerBeanName:org.apache.rocketmq.spring.support.DefaultRocketMQListenerContainer_2
2025-09-19 15:10:09.013 [main] INFO  o.s.cloud.openfeign.FeignClientFactoryBean - For 'xiaohongshu-distributed-id-generator' URL not provided. Will try picking an instance via load-balancing.
2025-09-19 15:10:09.036 [main] INFO  o.s.cloud.openfeign.FeignClientFactoryBean - For 'xiaohongshu-user' URL not provided. Will try picking an instance via load-balancing.
2025-09-19 15:10:09.111 [main] INFO  o.a.r.s.support.DefaultRocketMQListenerContainer - running container: DefaultRocketMQListenerContainer{consumerGroup='xiaohongshu_group_DeleteCommentTopic', namespace='', nameServer='127.0.0.1:9876', topic='DeleteCommentDetailLocalCacheTopic', consumeMode=CONCURRENTLY, selectorType=TAG, selectorExpression='*', messageModel=BROADCASTING', tlsEnable=false, instanceName=DEFAULT}
2025-09-19 15:10:09.111 [main] INFO  o.a.r.s.a.ListenerContainerConfiguration - Register the listener to container, listenerBeanName:deleteCommentLocalCacheConsumer, containerBeanName:org.apache.rocketmq.spring.support.DefaultRocketMQListenerContainer_3
2025-09-19 15:10:09.181 [main] INFO  o.a.r.s.support.DefaultRocketMQListenerContainer - running container: DefaultRocketMQListenerContainer{consumerGroup='xiaohongshu_group_first_reply_comment_idCountNoteCommentTopic', namespace='', nameServer='127.0.0.1:9876', topic='CountNoteCommentTopic', consumeMode=CONCURRENTLY, selectorType=TAG, selectorExpression='*', messageModel=CLUSTERING', tlsEnable=false, instanceName=DEFAULT}
2025-09-19 15:10:09.181 [main] INFO  o.a.r.s.a.ListenerContainerConfiguration - Register the listener to container, listenerBeanName:oneLevelCommentFirstReplyCommentIdUpdateConsumer, containerBeanName:org.apache.rocketmq.spring.support.DefaultRocketMQListenerContainer_4
2025-09-19 15:10:10.694 [main] INFO  o.s.boot.web.embedded.tomcat.TomcatWebServer - Tomcat started on port(s): 8093 (http) with context path ''
2025-09-19 15:10:10.704 [main] WARN  com.alibaba.nacos.client.logging.NacosLogging - Load Logback Configuration of Nacos fail, message: Could not initialize Logback Nacos logging from classpath:nacos-logback.xml
2025-09-19 15:10:10.704 [main] INFO  com.alibaba.nacos.client.naming - initializer namespace from ans.namespace attribute : null
2025-09-19 15:10:10.704 [main] INFO  com.alibaba.nacos.client.naming - initializer namespace from ALIBABA_ALIWARE_NAMESPACE attribute :null
2025-09-19 15:10:10.704 [main] INFO  com.alibaba.nacos.client.naming - initializer namespace from namespace attribute :null
2025-09-19 15:10:10.734 [main] INFO  com.alibaba.nacos.client.utils.ParamUtil - [settings] [req-serv] nacos-server port:8848
2025-09-19 15:10:10.734 [main] INFO  com.alibaba.nacos.client.utils.ParamUtil - [settings] [http-client] connect timeout:1000
2025-09-19 15:10:10.735 [main] INFO  com.alibaba.nacos.client.utils.ParamUtil - PER_TASK_CONFIG_SIZE: 3000.0
2025-09-19 15:10:10.740 [main] INFO  c.a.n.p.auth.spi.client.ClientAuthPluginManager - [ClientAuthPluginManager] Load ClientAuthService com.alibaba.nacos.client.auth.impl.NacosClientAuthServiceImpl success.
2025-09-19 15:10:10.741 [main] INFO  c.a.n.p.auth.spi.client.ClientAuthPluginManager - [ClientAuthPluginManager] Load ClientAuthService com.alibaba.nacos.client.auth.ram.RamClientAuthServiceImpl success.
2025-09-19 15:10:10.745 [main] INFO  c.a.n.client.auth.ram.identify.CredentialWatcher - null No credential found
2025-09-19 15:10:10.758 [main] INFO  com.alibaba.nacos.common.remote.client - [RpcClientFactory] create a new rpc client of 4a70dc2a-9c0d-46ea-ba40-a1009678940d
2025-09-19 15:10:10.784 [main] INFO  com.alibaba.nacos.common.remote.client - [4a70dc2a-9c0d-46ea-ba40-a1009678940d] RpcClient init, ServerListFactory = com.alibaba.nacos.client.naming.core.ServerListManager
2025-09-19 15:10:10.784 [main] INFO  com.alibaba.nacos.common.remote.client - [4a70dc2a-9c0d-46ea-ba40-a1009678940d] Registry connection listener to current client:com.alibaba.nacos.client.naming.remote.gprc.redo.NamingGrpcRedoService
2025-09-19 15:10:10.784 [main] INFO  com.alibaba.nacos.common.remote.client - [4a70dc2a-9c0d-46ea-ba40-a1009678940d] Register server push request handler:com.alibaba.nacos.client.naming.remote.gprc.NamingPushRequestHandler
2025-09-19 15:10:10.786 [main] INFO  com.alibaba.nacos.common.remote.client - [4a70dc2a-9c0d-46ea-ba40-a1009678940d] Try to connect to server on start up, server: {serverIp = '47.236.36.111', server main port = 8848}
2025-09-19 15:10:10.815 [main] INFO  c.a.nacos.common.remote.client.grpc.GrpcClient - grpc client connection server:47.236.36.111 ip,serverPort:9848,grpcTslConfig:{"sslProvider":"OPENSSL","enableTls":false,"mutualAuthEnable":false,"trustAll":false}
2025-09-19 15:10:12.120 [main] INFO  com.alibaba.nacos.common.remote.client - [4a70dc2a-9c0d-46ea-ba40-a1009678940d] Success to connect to server [47.236.36.111:8848] on start up, connectionId = 1758265811894_120.85.130.202_56965
2025-09-19 15:10:12.121 [com.alibaba.nacos.client.remote.worker] INFO  com.alibaba.nacos.common.remote.client - [4a70dc2a-9c0d-46ea-ba40-a1009678940d] Notify connected event to listeners.
2025-09-19 15:10:12.121 [com.alibaba.nacos.client.remote.worker] INFO  com.alibaba.nacos.client.naming - Grpc connection connect
2025-09-19 15:10:12.121 [main] INFO  com.alibaba.nacos.common.remote.client - [4a70dc2a-9c0d-46ea-ba40-a1009678940d] Register server push request handler:com.alibaba.nacos.common.remote.client.RpcClient$ConnectResetRequestHandler
2025-09-19 15:10:12.121 [main] INFO  com.alibaba.nacos.common.remote.client - [4a70dc2a-9c0d-46ea-ba40-a1009678940d] Register server push request handler:com.alibaba.nacos.common.remote.client.RpcClient$$Lambda$1326/0x000001c9819d2740
2025-09-19 15:10:12.123 [main] INFO  com.alibaba.nacos.client.naming - [REGISTER-SERVICE] xiaohongshu registering service xiaohongshu-comment with instance Instance{instanceId='null', ip='10.91.138.46', port=8093, weight=1.0, healthy=true, enabled=true, ephemeral=true, clusterName='DEFAULT', serviceName='null', metadata={IPv6=null, preserved.register.source=SPRING_CLOUD}}
2025-09-19 15:10:12.183 [main] INFO  c.a.cloud.nacos.registry.NacosServiceRegistry - nacos registry, DEFAULT_GROUP xiaohongshu-comment 10.91.138.46:8093 register finished
2025-09-19 15:10:12.430 [main] INFO  c.z.x.comment.biz.XiaohongshuCommentApplication - Started XiaohongshuCommentApplication in 9.035 seconds (process running for 10.064)
2025-09-19 15:10:23.099 [http-nio-8093-exec-1] INFO  o.a.c.core.ContainerBase.[Tomcat].[localhost].[/] - Initializing Spring DispatcherServlet 'dispatcherServlet'
2025-09-19 15:10:23.099 [http-nio-8093-exec-1] INFO  org.springframework.web.servlet.DispatcherServlet - Initializing Servlet 'dispatcherServlet'
2025-09-19 15:10:23.101 [http-nio-8093-exec-1] INFO  org.springframework.web.servlet.DispatcherServlet - Completed initialization in 1 ms
2025-09-19 15:10:23.111 [http-nio-8093-exec-1] INFO  c.z.f.b.context.filter.HeaderUserId2ContextFilter - ## HeaderUserId2ContextFilter, 用户 ID: 100
2025-09-19 15:10:23.222 [http-nio-8093-exec-1] INFO  c.z.f.b.operationlog.aspect.ApiOperationLogAspect - ====== 请求开始: [评论分页查询], 入参: {"noteId":1968935112632438881,"pageNo":1}, 请求类: CommentController, 请求方法: findCommentPageList =================================== 
2025-09-19 15:10:23.580 [http-nio-8093-exec-1] DEBUG c.z.x.c.b.d.m.N.selectCommentTotalByNoteId - ==>  Preparing: select comment_total from t_note_count where note_id = ?
2025-09-19 15:10:23.771 [http-nio-8093-exec-1] DEBUG c.z.x.c.b.d.m.N.selectCommentTotalByNoteId - ==> Parameters: 1968935112632438881(Long)
2025-09-19 15:10:23.797 [http-nio-8093-exec-1] DEBUG c.z.x.c.b.d.m.N.selectCommentTotalByNoteId - <==      Total: 0
2025-09-19 15:10:23.806 [http-nio-8093-exec-1] WARN  c.z.x.comment.biz.exception.GlobalExceptionHandler - /comment/list request fail, errorCode: COMMENT-20001, errorMessage: 此评论不存在
2025-09-19 15:10:23.825 [http-nio-8093-exec-1] INFO  c.z.f.b.context.filter.HeaderUserId2ContextFilter - ===== 删除 ThreadLocal， userId: 100
2025-09-19 15:10:36.467 [http-nio-8093-exec-5] INFO  c.z.f.b.context.filter.HeaderUserId2ContextFilter - ## HeaderUserId2ContextFilter, 用户 ID: 100
2025-09-19 15:10:36.475 [http-nio-8093-exec-5] INFO  c.z.f.b.operationlog.aspect.ApiOperationLogAspect - ====== 请求开始: [发布评论], 入参: {"noteId":1968935112632438881,"content":"哎哟真好看","imageUrl":"","replyCommentId":null}, 请求类: CommentController, 请求方法: publishComment =================================== 
2025-09-19 15:10:36.480 [http-nio-8093-exec-5] INFO  c.z.f.b.c.interceptor.FeignRequestInterceptor - ==> feign请求设置请求头 userId: 100
2025-09-19 15:10:36.621 [http-nio-8093-exec-5] INFO  com.alibaba.nacos.client.naming - [SUBSCRIBE-SERVICE] service:xiaohongshu-distributed-id-generator, group:DEFAULT_GROUP, clusters: 
2025-09-19 15:10:36.700 [http-nio-8093-exec-5] INFO  com.alibaba.nacos.client.naming - init new ips(1) service: DEFAULT_GROUP@@xiaohongshu-distributed-id-generator -> [{"ip":"10.91.138.46","port":8087,"weight":1.0,"healthy":true,"enabled":true,"ephemeral":true,"clusterName":"DEFAULT","serviceName":"DEFAULT_GROUP@@xiaohongshu-distributed-id-generator","metadata":{"preserved.register.source":"SPRING_CLOUD"},"ipDeleteTimeout":30000,"instanceHeartBeatTimeOut":15000,"instanceHeartBeatInterval":5000}]
2025-09-19 15:10:36.719 [http-nio-8093-exec-5] INFO  com.alibaba.nacos.client.naming - current ips:(1) service: DEFAULT_GROUP@@xiaohongshu-distributed-id-generator -> [{"ip":"10.91.138.46","port":8087,"weight":1.0,"healthy":true,"enabled":true,"ephemeral":true,"clusterName":"DEFAULT","serviceName":"DEFAULT_GROUP@@xiaohongshu-distributed-id-generator","metadata":{"preserved.register.source":"SPRING_CLOUD"},"ipDeleteTimeout":30000,"instanceHeartBeatTimeOut":15000,"instanceHeartBeatInterval":5000}]
2025-09-19 15:10:36.796 [http-nio-8093-exec-5] INFO  c.z.x.comment.biz.retry.SendMqRetryHelper - ==> 开始异步发送 MQ, Topic: PublishCommentTopic, Body: {"noteId":1968935112632438881,"content":"哎哟真好看","imageUrl":"","commentId":8002,"replyCommentId":null,"createTime":"2025-09-19 15:10:36","creatorId":100}
2025-09-19 15:10:36.807 [http-nio-8093-exec-5] INFO  c.z.f.b.operationlog.aspect.ApiOperationLogAspect - ====== 请求结束: [发布评论], 耗时: 332ms, 出参: {"success":true,"message":null,"errorCode":null,"data":null} =================================== 
2025-09-19 15:10:36.811 [http-nio-8093-exec-5] INFO  c.z.f.b.context.filter.HeaderUserId2ContextFilter - ===== 删除 ThreadLocal， userId: 100
2025-09-19 15:10:36.853 [NettyClientPublicExecutor_1] INFO  c.z.x.comment.biz.retry.SendMqRetryHelper - ==> 【评论发布】MQ 发送成功，SendResult: SendResult [sendStatus=SEND_OK, msgId=7F000001BC6C63947C6B5FF429290000, offsetMsgId=0A5B8A2E00002A9F0000000000F26A7D, messageQueue=MessageQueue [topic=PublishCommentTopic, brokerName=broker-a, queueId=0], queueOffset=9]
2025-09-19 15:10:36.858 [ConsumeMessageThread_xiaohongshu_group_PublishCommentTopic_1] INFO  c.z.x.comment.biz.consumer.Comment2DBConsumer - ==> 本批次消息大小: 1
2025-09-19 15:10:36.863 [ConsumeMessageThread_xiaohongshu_group_PublishCommentTopic_1] INFO  c.z.x.comment.biz.consumer.Comment2DBConsumer - ==> Consumer - Received message: {"noteId":1968935112632438881,"content":"哎哟真好看","imageUrl":"","commentId":8002,"replyCommentId":null,"createTime":"2025-09-19 15:10:36","creatorId":100}
2025-09-19 15:10:36.888 [ConsumeMessageThread_xiaohongshu_group_PublishCommentTopic_1] INFO  c.z.x.comment.biz.consumer.Comment2DBConsumer - ## 清洗后的 CommentBOS: [{"id":8002,"noteId":1968935112632438881,"userId":100,"contentUuid":"c9733275-b5bc-4742-9c73-127cf7699716","content":"哎哟真好看","isContentEmpty":false,"imageUrl":"","level":1,"replyTotal":0,"likeTotal":0,"parentId":1968935112632438881,"replyCommentId":0,"replyUserId":0,"isTop":false,"createTime":"2025-09-19 15:10:36","updateTime":"2025-09-19 15:10:36"}]
2025-09-19 15:10:36.931 [ConsumeMessageThread_xiaohongshu_group_PublishCommentTopic_1] DEBUG c.z.x.c.b.d.mapper.CommentDOMapper.batchInsert - ==>  Preparing: insert IGNORE into t_comment (id, note_id, user_id, content_uuid, is_content_empty, image_url, `level`, reply_total, like_total, parent_id, reply_comment_id, reply_user_id, is_top, create_time, update_time ) values (?, ?, ?, ?, ? , ?, ?, ?, ?, ? , ?, ?, ?, ?, ?)
2025-09-19 15:10:37.154 [ConsumeMessageThread_xiaohongshu_group_PublishCommentTopic_1] DEBUG c.z.x.c.b.d.mapper.CommentDOMapper.batchInsert - ==> Parameters: 8002(Long), 1968935112632438881(Long), 100(Long), c9733275-b5bc-4742-9c73-127cf7699716(String), false(Boolean), (String), 1(Integer), 0(Long), 0(Long), 1968935112632438881(Long), 0(Long), 0(Long), false(Boolean), 2025-09-19T15:10:36(LocalDateTime), 2025-09-19T15:10:36(LocalDateTime)
2025-09-19 15:10:37.163 [ConsumeMessageThread_xiaohongshu_group_PublishCommentTopic_1] DEBUG c.z.x.c.b.d.mapper.CommentDOMapper.batchInsert - <==    Updates: 1
2025-09-19 15:10:37.213 [ConsumeMessageThread_xiaohongshu_group_PublishCommentTopic_1] INFO  com.alibaba.nacos.client.naming - [SUBSCRIBE-SERVICE] service:xiaohongshu-kv, group:DEFAULT_GROUP, clusters: 
2025-09-19 15:10:37.224 [nacos-grpc-client-executor-47.236.36.111-16] INFO  com.alibaba.nacos.common.remote.client - [4a70dc2a-9c0d-46ea-ba40-a1009678940d] Receive server push request, request = NotifySubscriberRequest, requestId = 1869
2025-09-19 15:10:37.225 [nacos-grpc-client-executor-47.236.36.111-16] INFO  com.alibaba.nacos.common.remote.client - [4a70dc2a-9c0d-46ea-ba40-a1009678940d] Ack server push request, request = NotifySubscriberRequest, requestId = 1869
2025-09-19 15:10:37.269 [ConsumeMessageThread_xiaohongshu_group_PublishCommentTopic_1] INFO  com.alibaba.nacos.client.naming - init new ips(1) service: DEFAULT_GROUP@@xiaohongshu-kv -> [{"ip":"10.91.138.46","port":8084,"weight":1.0,"healthy":true,"enabled":true,"ephemeral":true,"clusterName":"DEFAULT","serviceName":"DEFAULT_GROUP@@xiaohongshu-kv","metadata":{"preserved.register.source":"SPRING_CLOUD"},"ipDeleteTimeout":30000,"instanceHeartBeatTimeOut":15000,"instanceHeartBeatInterval":5000}]
2025-09-19 15:10:37.269 [ConsumeMessageThread_xiaohongshu_group_PublishCommentTopic_1] INFO  com.alibaba.nacos.client.naming - current ips:(1) service: DEFAULT_GROUP@@xiaohongshu-kv -> [{"ip":"10.91.138.46","port":8084,"weight":1.0,"healthy":true,"enabled":true,"ephemeral":true,"clusterName":"DEFAULT","serviceName":"DEFAULT_GROUP@@xiaohongshu-kv","metadata":{"preserved.register.source":"SPRING_CLOUD"},"ipDeleteTimeout":30000,"instanceHeartBeatTimeOut":15000,"instanceHeartBeatInterval":5000}]
2025-09-19 15:10:37.432 [NettyClientPublicExecutor_2] INFO  c.z.x.comment.biz.consumer.Comment2DBConsumer - ==> 【计数: 评论发布】MQ 发送成功，SendResult: SendResult [sendStatus=SEND_OK, msgId=7F000001BC6C63947C6B5FF42B740001, offsetMsgId=0A5B8A2E00002A9F0000000000F26C64, messageQueue=MessageQueue [topic=CountNoteCommentTopic, brokerName=broker-a, queueId=0], queueOffset=6]
2025-09-19 15:10:37.806 [nacos-grpc-client-executor-47.236.36.111-19] INFO  com.alibaba.nacos.common.remote.client - [4a70dc2a-9c0d-46ea-ba40-a1009678940d] Receive server push request, request = NotifySubscriberRequest, requestId = 1870
2025-09-19 15:10:37.807 [nacos-grpc-client-executor-47.236.36.111-19] INFO  com.alibaba.nacos.common.remote.client - [4a70dc2a-9c0d-46ea-ba40-a1009678940d] Ack server push request, request = NotifySubscriberRequest, requestId = 1870
2025-09-19 15:10:38.471 [pool-batch-consume-blocking-queue-thread-0] INFO  c.z.x.c.b.c.OneLevelCommentFirstReplyCommentIdUpdateConsumer - ==> 【一级评论 first_reply_comment_id 更新】聚合消息, size: 1
2025-09-19 15:10:38.472 [pool-batch-consume-blocking-queue-thread-0] INFO  c.z.x.c.b.c.OneLevelCommentFirstReplyCommentIdUpdateConsumer - ==> 【一级评论 first_reply_comment_id 更新】聚合消息, ["[{\"noteId\":1968935112632438881,\"commentId\":8002,\"level\":1,\"parentId\":1968935112632438881}]"]
2025-09-19 15:10:38.869 [http-nio-8093-exec-3] INFO  c.z.f.b.context.filter.HeaderUserId2ContextFilter - ## HeaderUserId2ContextFilter, 用户 ID: 100
2025-09-19 15:10:38.888 [http-nio-8093-exec-3] WARN  c.z.x.comment.biz.exception.GlobalExceptionHandler - /comment/like request error, errorCode: COMMENT-10001, errorMessage: commentId 评论 ID 不能为空, 当前值: 'null'; 
2025-09-19 15:10:38.890 [http-nio-8093-exec-3] INFO  c.z.f.b.context.filter.HeaderUserId2ContextFilter - ===== 删除 ThreadLocal， userId: 100
2025-09-19 15:10:41.379 [http-nio-8093-exec-2] INFO  c.z.f.b.context.filter.HeaderUserId2ContextFilter - ## HeaderUserId2ContextFilter, 用户 ID: 100
2025-09-19 15:10:41.386 [http-nio-8093-exec-2] WARN  c.z.x.comment.biz.exception.GlobalExceptionHandler - /comment/unlike request error, errorCode: COMMENT-10001, errorMessage: commentId 评论 ID 不能为空, 当前值: 'null'; 
2025-09-19 15:10:41.388 [http-nio-8093-exec-2] INFO  c.z.f.b.context.filter.HeaderUserId2ContextFilter - ===== 删除 ThreadLocal， userId: 100
2025-09-19 15:10:41.938 [http-nio-8093-exec-7] INFO  c.z.f.b.context.filter.HeaderUserId2ContextFilter - ## HeaderUserId2ContextFilter, 用户 ID: 100
2025-09-19 15:10:41.941 [http-nio-8093-exec-7] WARN  c.z.x.comment.biz.exception.GlobalExceptionHandler - /comment/like request error, errorCode: COMMENT-10001, errorMessage: commentId 评论 ID 不能为空, 当前值: 'null'; 
2025-09-19 15:10:41.942 [http-nio-8093-exec-7] INFO  c.z.f.b.context.filter.HeaderUserId2ContextFilter - ===== 删除 ThreadLocal， userId: 100
2025-09-19 15:10:42.574 [http-nio-8093-exec-6] INFO  c.z.f.b.context.filter.HeaderUserId2ContextFilter - ## HeaderUserId2ContextFilter, 用户 ID: 100
2025-09-19 15:10:42.575 [http-nio-8093-exec-6] WARN  c.z.x.comment.biz.exception.GlobalExceptionHandler - /comment/unlike request error, errorCode: COMMENT-10001, errorMessage: commentId 评论 ID 不能为空, 当前值: 'null'; 
2025-09-19 15:10:42.577 [http-nio-8093-exec-6] INFO  c.z.f.b.context.filter.HeaderUserId2ContextFilter - ===== 删除 ThreadLocal， userId: 100
2025-09-19 15:10:42.952 [http-nio-8093-exec-4] INFO  c.z.f.b.context.filter.HeaderUserId2ContextFilter - ## HeaderUserId2ContextFilter, 用户 ID: 100
2025-09-19 15:10:42.954 [http-nio-8093-exec-4] WARN  c.z.x.comment.biz.exception.GlobalExceptionHandler - /comment/like request error, errorCode: COMMENT-10001, errorMessage: commentId 评论 ID 不能为空, 当前值: 'null'; 
2025-09-19 15:10:42.955 [http-nio-8093-exec-4] INFO  c.z.f.b.context.filter.HeaderUserId2ContextFilter - ===== 删除 ThreadLocal， userId: 100
2025-09-19 15:12:03.863 [http-nio-8093-exec-9] INFO  c.z.f.b.context.filter.HeaderUserId2ContextFilter - ## HeaderUserId2ContextFilter, 用户 ID: 100
2025-09-19 15:12:03.865 [http-nio-8093-exec-9] INFO  c.z.f.b.operationlog.aspect.ApiOperationLogAspect - ====== 请求开始: [评论分页查询], 入参: {"noteId":1968935112632438881,"pageNo":1}, 请求类: CommentController, 请求方法: findCommentPageList =================================== 
2025-09-19 15:12:03.868 [http-nio-8093-exec-9] DEBUG c.z.x.c.b.d.m.N.selectCommentTotalByNoteId - ==>  Preparing: select comment_total from t_note_count where note_id = ?
2025-09-19 15:12:03.868 [http-nio-8093-exec-9] DEBUG c.z.x.c.b.d.m.N.selectCommentTotalByNoteId - ==> Parameters: 1968935112632438881(Long)
2025-09-19 15:12:03.873 [http-nio-8093-exec-9] DEBUG c.z.x.c.b.d.m.N.selectCommentTotalByNoteId - <==      Total: 1
2025-09-19 15:12:03.880 [NoteExecutor-2] DEBUG c.z.x.c.b.d.m.CommentDOMapper.selectHeatComments - ==>  Preparing: select id, heat from t_comment where note_id = ? and level = 1 order by heat desc limit 500
2025-09-19 15:12:03.881 [http-nio-8093-exec-9] DEBUG c.z.x.c.b.d.mapper.CommentDOMapper.selectPageList - ==>  Preparing: select id, user_id, content_uuid, is_content_empty, image_url, like_total, is_top, create_time, first_reply_comment_id, child_comment_total,heat from t_comment where note_id = ? and level = 1 order by heat desc limit ?, ?
2025-09-19 15:12:03.884 [NoteExecutor-2] DEBUG c.z.x.c.b.d.m.CommentDOMapper.selectHeatComments - ==> Parameters: 1968935112632438881(Long)
2025-09-19 15:12:03.884 [http-nio-8093-exec-9] DEBUG c.z.x.c.b.d.mapper.CommentDOMapper.selectPageList - ==> Parameters: 1968935112632438881(Long), 0(Long), 10(Long)
2025-09-19 15:12:03.888 [NoteExecutor-2] DEBUG c.z.x.c.b.d.m.CommentDOMapper.selectHeatComments - <==      Total: 2
2025-09-19 15:12:03.895 [http-nio-8093-exec-9] DEBUG c.z.x.c.b.d.mapper.CommentDOMapper.selectPageList - <==      Total: 2
2025-09-19 15:12:03.902 [http-nio-8093-exec-9] INFO  c.z.f.b.c.interceptor.FeignRequestInterceptor - ==> feign请求设置请求头 userId: 100
2025-09-19 15:12:03.987 [http-nio-8093-exec-9] INFO  c.z.f.b.c.interceptor.FeignRequestInterceptor - ==> feign请求设置请求头 userId: 100
2025-09-19 15:12:04.005 [http-nio-8093-exec-9] INFO  com.alibaba.nacos.client.naming - [SUBSCRIBE-SERVICE] service:xiaohongshu-user, group:DEFAULT_GROUP, clusters: 
2025-09-19 15:12:04.474 [http-nio-8093-exec-9] INFO  com.alibaba.nacos.client.naming - init new ips(1) service: DEFAULT_GROUP@@xiaohongshu-user -> [{"ip":"10.91.138.46","port":8082,"weight":1.0,"healthy":true,"enabled":true,"ephemeral":true,"clusterName":"DEFAULT","serviceName":"DEFAULT_GROUP@@xiaohongshu-user","metadata":{"preserved.register.source":"SPRING_CLOUD"},"ipDeleteTimeout":30000,"instanceHeartBeatTimeOut":15000,"instanceHeartBeatInterval":5000}]
2025-09-19 15:12:04.474 [http-nio-8093-exec-9] INFO  com.alibaba.nacos.client.naming - current ips:(1) service: DEFAULT_GROUP@@xiaohongshu-user -> [{"ip":"10.91.138.46","port":8082,"weight":1.0,"healthy":true,"enabled":true,"ephemeral":true,"clusterName":"DEFAULT","serviceName":"DEFAULT_GROUP@@xiaohongshu-user","metadata":{"preserved.register.source":"SPRING_CLOUD"},"ipDeleteTimeout":30000,"instanceHeartBeatTimeOut":15000,"instanceHeartBeatInterval":5000}]
2025-09-19 15:12:04.498 [http-nio-8093-exec-9] INFO  c.z.f.b.operationlog.aspect.ApiOperationLogAspect - ====== 请求结束: [评论分页查询], 耗时: 632ms, 出参: {"success":true,"message":null,"errorCode":null,"data":[{"commentId":8001,"userId":100,"avatar":"https://my-xiaohongshu-oss.oss-cn-guangzhou.aliyuncs.com/2c43e9d3fee3428985f4a83665eafcb0.webp","nickname":"稚生","content":"哈哈哈哈哈","imageUrl":"https://my-xiaohongshu-oss.oss-cn-guangzhou.aliyuncs.com/9f4","createTime":"3分钟前","likeTotal":0,"childCommentTotal":0,"firstReplyComment":null,"heat":0.0},{"commentId":8002,"userId":100,"avatar":"https://my-xiaohongshu-oss.oss-cn-guangzhou.aliyuncs.com/2c43e9d3fee3428985f4a83665eafcb0.webp","nickname":"稚生","content":"哎哟真好看","imageUrl":"","createTime":"1分钟前","likeTotal":0,"childCommentTotal":0,"firstReplyComment":null,"heat":0.0}],"pageNo":1,"totalCount":1,"pageSize":10,"totalPage":1} =================================== 
2025-09-19 15:12:04.501 [http-nio-8093-exec-9] INFO  c.z.f.b.context.filter.HeaderUserId2ContextFilter - ===== 删除 ThreadLocal， userId: 100
2025-09-19 15:12:04.619 [nacos-grpc-client-executor-47.236.36.111-40] INFO  com.alibaba.nacos.common.remote.client - [4a70dc2a-9c0d-46ea-ba40-a1009678940d] Receive server push request, request = NotifySubscriberRequest, requestId = 1871
2025-09-19 15:12:04.621 [nacos-grpc-client-executor-47.236.36.111-40] INFO  com.alibaba.nacos.common.remote.client - [4a70dc2a-9c0d-46ea-ba40-a1009678940d] Ack server push request, request = NotifySubscriberRequest, requestId = 1871
2025-09-19 15:12:37.504 [http-nio-8093-exec-10] INFO  c.z.f.b.context.filter.HeaderUserId2ContextFilter - ## HeaderUserId2ContextFilter, 用户 ID: 100
2025-09-19 15:12:37.506 [http-nio-8093-exec-10] INFO  c.z.f.b.operationlog.aspect.ApiOperationLogAspect - ====== 请求开始: [评论分页查询], 入参: {"noteId":1968935112632438881,"pageNo":1}, 请求类: CommentController, 请求方法: findCommentPageList =================================== 
2025-09-19 15:12:37.563 [http-nio-8093-exec-10] DEBUG c.z.x.c.b.d.m.C.selectCommentCountByIds - ==>  Preparing: select id, child_comment_total, like_total, level from t_comment where id in ( ? , ? )
2025-09-19 15:12:37.564 [http-nio-8093-exec-10] DEBUG c.z.x.c.b.d.m.C.selectCommentCountByIds - ==> Parameters: 8002(Long), 8001(Long)
2025-09-19 15:12:37.567 [http-nio-8093-exec-10] DEBUG c.z.x.c.b.d.m.C.selectCommentCountByIds - <==      Total: 2
2025-09-19 15:12:37.568 [http-nio-8093-exec-10] INFO  c.z.f.b.operationlog.aspect.ApiOperationLogAspect - ====== 请求结束: [评论分页查询], 耗时: 62ms, 出参: {"success":true,"message":null,"errorCode":null,"data":[{"commentId":8002,"userId":100,"avatar":"https://my-xiaohongshu-oss.oss-cn-guangzhou.aliyuncs.com/2c43e9d3fee3428985f4a83665eafcb0.webp","nickname":"稚生","content":"哎哟真好看","imageUrl":"","createTime":"1分钟前","likeTotal":0,"childCommentTotal":0,"firstReplyComment":null,"heat":0.0},{"commentId":8001,"userId":100,"avatar":"https://my-xiaohongshu-oss.oss-cn-guangzhou.aliyuncs.com/2c43e9d3fee3428985f4a83665eafcb0.webp","nickname":"稚生","content":"哈哈哈哈哈","imageUrl":"https://my-xiaohongshu-oss.oss-cn-guangzhou.aliyuncs.com/9f4","createTime":"3分钟前","likeTotal":0,"childCommentTotal":0,"firstReplyComment":null,"heat":0.0}],"pageNo":1,"totalCount":1,"pageSize":10,"totalPage":1} =================================== 
2025-09-19 15:12:37.571 [http-nio-8093-exec-10] INFO  c.z.f.b.context.filter.HeaderUserId2ContextFilter - ===== 删除 ThreadLocal， userId: 100
2025-09-19 15:18:23.579 [http-nio-8093-exec-5] INFO  c.z.f.b.context.filter.HeaderUserId2ContextFilter - ## HeaderUserId2ContextFilter, 用户 ID: 100
2025-09-19 15:18:23.581 [http-nio-8093-exec-5] INFO  c.z.f.b.operationlog.aspect.ApiOperationLogAspect - ====== 请求开始: [评论分页查询], 入参: {"noteId":1968935112632438881,"pageNo":1}, 请求类: CommentController, 请求方法: findCommentPageList =================================== 
2025-09-19 15:18:23.600 [http-nio-8093-exec-5] INFO  c.z.f.b.operationlog.aspect.ApiOperationLogAspect - ====== 请求结束: [评论分页查询], 耗时: 18ms, 出参: {"success":true,"message":null,"errorCode":null,"data":[{"commentId":8002,"userId":100,"avatar":"https://my-xiaohongshu-oss.oss-cn-guangzhou.aliyuncs.com/2c43e9d3fee3428985f4a83665eafcb0.webp","nickname":"稚生","content":"哎哟真好看","imageUrl":"","createTime":"1分钟前","likeTotal":0,"childCommentTotal":0,"firstReplyComment":null,"heat":0.0},{"commentId":8001,"userId":100,"avatar":"https://my-xiaohongshu-oss.oss-cn-guangzhou.aliyuncs.com/2c43e9d3fee3428985f4a83665eafcb0.webp","nickname":"稚生","content":"哈哈哈哈哈","imageUrl":"https://my-xiaohongshu-oss.oss-cn-guangzhou.aliyuncs.com/9f4","createTime":"3分钟前","likeTotal":0,"childCommentTotal":0,"firstReplyComment":null,"heat":0.0}],"pageNo":1,"totalCount":1,"pageSize":10,"totalPage":1} =================================== 
2025-09-19 15:18:23.605 [http-nio-8093-exec-5] INFO  c.z.f.b.context.filter.HeaderUserId2ContextFilter - ===== 删除 ThreadLocal， userId: 100
2025-09-19 15:18:39.517 [http-nio-8093-exec-3] INFO  c.z.f.b.context.filter.HeaderUserId2ContextFilter - ## HeaderUserId2ContextFilter, 用户 ID: 100
2025-09-19 15:18:39.519 [http-nio-8093-exec-3] INFO  c.z.f.b.operationlog.aspect.ApiOperationLogAspect - ====== 请求开始: [发布评论], 入参: {"noteId":1968935112632438881,"content":"111","imageUrl":"https://my-xiaohongshu-oss.oss-cn-guangzhou.aliyuncs.com/0e0dc833c5a44917820b39de739f7a61.jpg","replyCommentId":null}, 请求类: CommentController, 请求方法: publishComment =================================== 
2025-09-19 15:18:39.520 [http-nio-8093-exec-3] INFO  c.z.f.b.c.interceptor.FeignRequestInterceptor - ==> feign请求设置请求头 userId: 100
2025-09-19 15:18:39.551 [http-nio-8093-exec-3] INFO  c.z.x.comment.biz.retry.SendMqRetryHelper - ==> 开始异步发送 MQ, Topic: PublishCommentTopic, Body: {"noteId":1968935112632438881,"content":"111","imageUrl":"https://my-xiaohongshu-oss.oss-cn-guangzhou.aliyuncs.com/0e0dc833c5a44917820b39de739f7a61.jpg","commentId":8003,"replyCommentId":null,"createTime":"2025-09-19 15:18:39","creatorId":100}
2025-09-19 15:18:39.551 [http-nio-8093-exec-3] INFO  c.z.f.b.operationlog.aspect.ApiOperationLogAspect - ====== 请求结束: [发布评论], 耗时: 32ms, 出参: {"success":true,"message":null,"errorCode":null,"data":null} =================================== 
2025-09-19 15:18:39.559 [http-nio-8093-exec-3] INFO  c.z.f.b.context.filter.HeaderUserId2ContextFilter - ===== 删除 ThreadLocal， userId: 100
2025-09-19 15:18:39.568 [NettyClientPublicExecutor_3] INFO  c.z.x.comment.biz.retry.SendMqRetryHelper - ==> 【评论发布】MQ 发送成功，SendResult: SendResult [sendStatus=SEND_OK, msgId=7F000001BC6C63947C6B5FFB86BF0002, offsetMsgId=0A5B8A2E00002A9F0000000000F26E05, messageQueue=MessageQueue [topic=PublishCommentTopic, brokerName=broker-a, queueId=1], queueOffset=7]
2025-09-19 15:18:39.572 [ConsumeMessageThread_xiaohongshu_group_PublishCommentTopic_2] INFO  c.z.x.comment.biz.consumer.Comment2DBConsumer - ==> 本批次消息大小: 1
2025-09-19 15:18:39.572 [ConsumeMessageThread_xiaohongshu_group_PublishCommentTopic_2] INFO  c.z.x.comment.biz.consumer.Comment2DBConsumer - ==> Consumer - Received message: {"noteId":1968935112632438881,"content":"111","imageUrl":"https://my-xiaohongshu-oss.oss-cn-guangzhou.aliyuncs.com/0e0dc833c5a44917820b39de739f7a61.jpg","commentId":8003,"replyCommentId":null,"createTime":"2025-09-19 15:18:39","creatorId":100}
2025-09-19 15:18:39.574 [ConsumeMessageThread_xiaohongshu_group_PublishCommentTopic_2] INFO  c.z.x.comment.biz.consumer.Comment2DBConsumer - ## 清洗后的 CommentBOS: [{"id":8003,"noteId":1968935112632438881,"userId":100,"contentUuid":"9a7ceb43-053c-4dce-adcc-1b8770ffed87","content":"111","isContentEmpty":false,"imageUrl":"https://my-xiaohongshu-oss.oss-cn-guangzhou.aliyuncs.com/0e0dc833c5a44917820b39de739f7a61.jpg","level":1,"replyTotal":0,"likeTotal":0,"parentId":1968935112632438881,"replyCommentId":0,"replyUserId":0,"isTop":false,"createTime":"2025-09-19 15:18:39","updateTime":"2025-09-19 15:18:39"}]
2025-09-19 15:18:39.577 [ConsumeMessageThread_xiaohongshu_group_PublishCommentTopic_2] DEBUG c.z.x.c.b.d.mapper.CommentDOMapper.batchInsert - ==>  Preparing: insert IGNORE into t_comment (id, note_id, user_id, content_uuid, is_content_empty, image_url, `level`, reply_total, like_total, parent_id, reply_comment_id, reply_user_id, is_top, create_time, update_time ) values (?, ?, ?, ?, ? , ?, ?, ?, ?, ? , ?, ?, ?, ?, ?)
2025-09-19 15:18:39.579 [ConsumeMessageThread_xiaohongshu_group_PublishCommentTopic_2] DEBUG c.z.x.c.b.d.mapper.CommentDOMapper.batchInsert - ==> Parameters: 8003(Long), 1968935112632438881(Long), 100(Long), 9a7ceb43-053c-4dce-adcc-1b8770ffed87(String), false(Boolean), https://my-xiaohongshu-oss.oss-cn-guangzhou.aliyuncs.com/0e0dc833c5a44917820b39de739f7a61.jpg(String), 1(Integer), 0(Long), 0(Long), 1968935112632438881(Long), 0(Long), 0(Long), false(Boolean), 2025-09-19T15:18:39(LocalDateTime), 2025-09-19T15:18:39(LocalDateTime)
2025-09-19 15:18:39.585 [ConsumeMessageThread_xiaohongshu_group_PublishCommentTopic_2] DEBUG c.z.x.c.b.d.mapper.CommentDOMapper.batchInsert - <==    Updates: 1
2025-09-19 15:18:39.644 [NettyClientPublicExecutor_4] INFO  c.z.x.comment.biz.consumer.Comment2DBConsumer - ==> 【计数: 评论发布】MQ 发送成功，SendResult: SendResult [sendStatus=SEND_OK, msgId=7F000001BC6C63947C6B5FFB87170003, offsetMsgId=0A5B8A2E00002A9F0000000000F2703D, messageQueue=MessageQueue [topic=CountNoteCommentTopic, brokerName=broker-a, queueId=2], queueOffset=6]
2025-09-19 15:18:40.645 [pool-batch-consume-blocking-queue-thread-0] INFO  c.z.x.c.b.c.OneLevelCommentFirstReplyCommentIdUpdateConsumer - ==> 【一级评论 first_reply_comment_id 更新】聚合消息, size: 1
2025-09-19 15:18:40.645 [pool-batch-consume-blocking-queue-thread-0] INFO  c.z.x.c.b.c.OneLevelCommentFirstReplyCommentIdUpdateConsumer - ==> 【一级评论 first_reply_comment_id 更新】聚合消息, ["[{\"noteId\":1968935112632438881,\"commentId\":8003,\"level\":1,\"parentId\":1968935112632438881}]"]
2025-09-19 15:19:09.235 [http-nio-8093-exec-2] INFO  c.z.f.b.context.filter.HeaderUserId2ContextFilter - ## HeaderUserId2ContextFilter, 用户 ID: 100
2025-09-19 15:19:09.236 [http-nio-8093-exec-2] INFO  c.z.f.b.operationlog.aspect.ApiOperationLogAspect - ====== 请求开始: [评论分页查询], 入参: {"noteId":1968935112632438881,"pageNo":1}, 请求类: CommentController, 请求方法: findCommentPageList =================================== 
2025-09-19 15:19:09.259 [http-nio-8093-exec-2] DEBUG c.z.x.c.b.d.m.CommentDOMapper.selectByCommentIds - ==>  Preparing: select id, user_id, content_uuid, is_content_empty, image_url, like_total, is_top, create_time, first_reply_comment_id, child_comment_total, level, parent_id, heat,note_id from t_comment where id in ( ? )
2025-09-19 15:19:09.260 [http-nio-8093-exec-2] DEBUG c.z.x.c.b.d.m.CommentDOMapper.selectByCommentIds - ==> Parameters: 8003(Long)
2025-09-19 15:19:09.263 [http-nio-8093-exec-2] DEBUG c.z.x.c.b.d.m.CommentDOMapper.selectByCommentIds - <==      Total: 1
2025-09-19 15:19:09.264 [http-nio-8093-exec-2] INFO  c.z.f.b.c.interceptor.FeignRequestInterceptor - ==> feign请求设置请求头 userId: 100
2025-09-19 15:19:09.314 [http-nio-8093-exec-2] INFO  c.z.f.b.c.interceptor.FeignRequestInterceptor - ==> feign请求设置请求头 userId: 100
2025-09-19 15:19:09.326 [http-nio-8093-exec-2] INFO  c.z.f.b.operationlog.aspect.ApiOperationLogAspect - ====== 请求结束: [评论分页查询], 耗时: 89ms, 出参: {"success":true,"message":null,"errorCode":null,"data":[{"commentId":8002,"userId":100,"avatar":"https://my-xiaohongshu-oss.oss-cn-guangzhou.aliyuncs.com/2c43e9d3fee3428985f4a83665eafcb0.webp","nickname":"稚生","content":"哎哟真好看","imageUrl":"","createTime":"1分钟前","likeTotal":0,"childCommentTotal":0,"firstReplyComment":null,"heat":0.0},{"commentId":8001,"userId":100,"avatar":"https://my-xiaohongshu-oss.oss-cn-guangzhou.aliyuncs.com/2c43e9d3fee3428985f4a83665eafcb0.webp","nickname":"稚生","content":"哈哈哈哈哈","imageUrl":"https://my-xiaohongshu-oss.oss-cn-guangzhou.aliyuncs.com/9f4","createTime":"3分钟前","likeTotal":0,"childCommentTotal":0,"firstReplyComment":null,"heat":0.0},{"commentId":8003,"userId":100,"avatar":"https://my-xiaohongshu-oss.oss-cn-guangzhou.aliyuncs.com/2c43e9d3fee3428985f4a83665eafcb0.webp","nickname":"稚生","content":"111","imageUrl":"https://my-xiaohongshu-oss.oss-cn-guangzhou.aliyuncs.com/0e0","createTime":"0分钟前","likeTotal":0,"childCommentTotal":0,"firstReplyComment":null,"heat":0.0}],"pageNo":1,"totalCount":2,"pageSize":10,"totalPage":1} =================================== 
2025-09-19 15:19:09.326 [http-nio-8093-exec-2] INFO  c.z.f.b.context.filter.HeaderUserId2ContextFilter - ===== 删除 ThreadLocal， userId: 100
2025-09-19 15:22:24.193 [http-nio-8093-exec-6] INFO  c.z.f.b.context.filter.HeaderUserId2ContextFilter - ## HeaderUserId2ContextFilter, 用户 ID: 100
2025-09-19 15:22:24.194 [http-nio-8093-exec-6] INFO  c.z.f.b.operationlog.aspect.ApiOperationLogAspect - ====== 请求开始: [发布评论], 入参: {"noteId":1968935112632438881,"content":"这次应该可以看到图片了","imageUrl":"https://my-xiaohongshu-oss.oss-cn-guangzhou.aliyuncs.com/0f1da8bcf60e46daa5189a5898f32fc7.jpg","replyCommentId":null}, 请求类: CommentController, 请求方法: publishComment =================================== 
2025-09-19 15:22:24.194 [http-nio-8093-exec-6] INFO  c.z.f.b.c.interceptor.FeignRequestInterceptor - ==> feign请求设置请求头 userId: 100
2025-09-19 15:22:24.204 [http-nio-8093-exec-6] INFO  c.z.x.comment.biz.retry.SendMqRetryHelper - ==> 开始异步发送 MQ, Topic: PublishCommentTopic, Body: {"noteId":1968935112632438881,"content":"这次应该可以看到图片了","imageUrl":"https://my-xiaohongshu-oss.oss-cn-guangzhou.aliyuncs.com/0f1da8bcf60e46daa5189a5898f32fc7.jpg","commentId":8004,"replyCommentId":null,"createTime":"2025-09-19 15:22:24","creatorId":100}
2025-09-19 15:22:24.204 [http-nio-8093-exec-6] INFO  c.z.f.b.operationlog.aspect.ApiOperationLogAspect - ====== 请求结束: [发布评论], 耗时: 10ms, 出参: {"success":true,"message":null,"errorCode":null,"data":null} =================================== 
2025-09-19 15:22:24.206 [http-nio-8093-exec-6] INFO  c.z.f.b.context.filter.HeaderUserId2ContextFilter - ===== 删除 ThreadLocal， userId: 100
2025-09-19 15:22:24.214 [NettyClientPublicExecutor_5] INFO  c.z.x.comment.biz.retry.SendMqRetryHelper - ==> 【评论发布】MQ 发送成功，SendResult: SendResult [sendStatus=SEND_OK, msgId=7F000001BC6C63947C6B5FFEF44D0004, offsetMsgId=0A5B8A2E00002A9F0000000000F271DE, messageQueue=MessageQueue [topic=PublishCommentTopic, brokerName=broker-a, queueId=2], queueOffset=10]
2025-09-19 15:22:24.216 [ConsumeMessageThread_xiaohongshu_group_PublishCommentTopic_3] INFO  c.z.x.comment.biz.consumer.Comment2DBConsumer - ==> 本批次消息大小: 1
2025-09-19 15:22:24.216 [ConsumeMessageThread_xiaohongshu_group_PublishCommentTopic_3] INFO  c.z.x.comment.biz.consumer.Comment2DBConsumer - ==> Consumer - Received message: {"noteId":1968935112632438881,"content":"这次应该可以看到图片了","imageUrl":"https://my-xiaohongshu-oss.oss-cn-guangzhou.aliyuncs.com/0f1da8bcf60e46daa5189a5898f32fc7.jpg","commentId":8004,"replyCommentId":null,"createTime":"2025-09-19 15:22:24","creatorId":100}
2025-09-19 15:22:24.217 [ConsumeMessageThread_xiaohongshu_group_PublishCommentTopic_3] INFO  c.z.x.comment.biz.consumer.Comment2DBConsumer - ## 清洗后的 CommentBOS: [{"id":8004,"noteId":1968935112632438881,"userId":100,"contentUuid":"f34c26cc-fde3-44bd-bf94-0d906fa80d5f","content":"这次应该可以看到图片了","isContentEmpty":false,"imageUrl":"https://my-xiaohongshu-oss.oss-cn-guangzhou.aliyuncs.com/0f1da8bcf60e46daa5189a5898f32fc7.jpg","level":1,"replyTotal":0,"likeTotal":0,"parentId":1968935112632438881,"replyCommentId":0,"replyUserId":0,"isTop":false,"createTime":"2025-09-19 15:22:24","updateTime":"2025-09-19 15:22:24"}]
2025-09-19 15:22:24.219 [ConsumeMessageThread_xiaohongshu_group_PublishCommentTopic_3] DEBUG c.z.x.c.b.d.mapper.CommentDOMapper.batchInsert - ==>  Preparing: insert IGNORE into t_comment (id, note_id, user_id, content_uuid, is_content_empty, image_url, `level`, reply_total, like_total, parent_id, reply_comment_id, reply_user_id, is_top, create_time, update_time ) values (?, ?, ?, ?, ? , ?, ?, ?, ?, ? , ?, ?, ?, ?, ?)
2025-09-19 15:22:24.221 [ConsumeMessageThread_xiaohongshu_group_PublishCommentTopic_3] DEBUG c.z.x.c.b.d.mapper.CommentDOMapper.batchInsert - ==> Parameters: 8004(Long), 1968935112632438881(Long), 100(Long), f34c26cc-fde3-44bd-bf94-0d906fa80d5f(String), false(Boolean), https://my-xiaohongshu-oss.oss-cn-guangzhou.aliyuncs.com/0f1da8bcf60e46daa5189a5898f32fc7.jpg(String), 1(Integer), 0(Long), 0(Long), 1968935112632438881(Long), 0(Long), 0(Long), false(Boolean), 2025-09-19T15:22:24(LocalDateTime), 2025-09-19T15:22:24(LocalDateTime)
2025-09-19 15:22:24.225 [ConsumeMessageThread_xiaohongshu_group_PublishCommentTopic_3] DEBUG c.z.x.c.b.d.mapper.CommentDOMapper.batchInsert - <==    Updates: 1
2025-09-19 15:22:24.261 [NettyClientPublicExecutor_6] INFO  c.z.x.comment.biz.consumer.Comment2DBConsumer - ==> 【计数: 评论发布】MQ 发送成功，SendResult: SendResult [sendStatus=SEND_OK, msgId=7F000001BC6C63947C6B5FFEF47F0005, offsetMsgId=0A5B8A2E00002A9F0000000000F27434, messageQueue=MessageQueue [topic=CountNoteCommentTopic, brokerName=broker-a, queueId=3], queueOffset=7]
2025-09-19 15:22:25.075 [pool-batch-consume-blocking-queue-thread-0] INFO  c.z.x.c.b.c.OneLevelCommentFirstReplyCommentIdUpdateConsumer - ==> 【一级评论 first_reply_comment_id 更新】聚合消息, size: 1
2025-09-19 15:22:25.075 [pool-batch-consume-blocking-queue-thread-0] INFO  c.z.x.c.b.c.OneLevelCommentFirstReplyCommentIdUpdateConsumer - ==> 【一级评论 first_reply_comment_id 更新】聚合消息, ["[{\"noteId\":1968935112632438881,\"commentId\":8004,\"level\":1,\"parentId\":1968935112632438881}]"]
2025-09-19 15:22:28.039 [http-nio-8093-exec-4] INFO  c.z.f.b.context.filter.HeaderUserId2ContextFilter - ## HeaderUserId2ContextFilter, 用户 ID: 100
2025-09-19 15:22:28.041 [http-nio-8093-exec-4] INFO  c.z.f.b.operationlog.aspect.ApiOperationLogAspect - ====== 请求开始: [评论分页查询], 入参: {"noteId":1968935112632438881,"pageNo":1}, 请求类: CommentController, 请求方法: findCommentPageList =================================== 
2025-09-19 15:22:28.071 [http-nio-8093-exec-4] DEBUG c.z.x.c.b.d.m.C.selectCommentCountByIds - ==>  Preparing: select id, child_comment_total, like_total, level from t_comment where id in ( ? )
2025-09-19 15:22:28.073 [http-nio-8093-exec-4] DEBUG c.z.x.c.b.d.m.C.selectCommentCountByIds - ==> Parameters: 8003(Long)
2025-09-19 15:22:28.077 [http-nio-8093-exec-4] DEBUG c.z.x.c.b.d.m.C.selectCommentCountByIds - <==      Total: 1
2025-09-19 15:22:28.078 [http-nio-8093-exec-4] DEBUG c.z.x.c.b.d.m.CommentDOMapper.selectByCommentIds - ==>  Preparing: select id, user_id, content_uuid, is_content_empty, image_url, like_total, is_top, create_time, first_reply_comment_id, child_comment_total, level, parent_id, heat,note_id from t_comment where id in ( ? )
2025-09-19 15:22:28.080 [http-nio-8093-exec-4] DEBUG c.z.x.c.b.d.m.CommentDOMapper.selectByCommentIds - ==> Parameters: 8004(Long)
2025-09-19 15:22:28.082 [http-nio-8093-exec-4] DEBUG c.z.x.c.b.d.m.CommentDOMapper.selectByCommentIds - <==      Total: 1
2025-09-19 15:22:28.082 [http-nio-8093-exec-4] INFO  c.z.f.b.c.interceptor.FeignRequestInterceptor - ==> feign请求设置请求头 userId: 100
2025-09-19 15:22:28.105 [http-nio-8093-exec-4] INFO  c.z.f.b.c.interceptor.FeignRequestInterceptor - ==> feign请求设置请求头 userId: 100
2025-09-19 15:22:28.117 [http-nio-8093-exec-4] INFO  c.z.f.b.operationlog.aspect.ApiOperationLogAspect - ====== 请求结束: [评论分页查询], 耗时: 76ms, 出参: {"success":true,"message":null,"errorCode":null,"data":[{"commentId":8003,"userId":100,"avatar":"https://my-xiaohongshu-oss.oss-cn-guangzhou.aliyuncs.com/2c43e9d3fee3428985f4a83665eafcb0.webp","nickname":"稚生","content":"111","imageUrl":"https://my-xiaohongshu-oss.oss-cn-guangzhou.aliyuncs.com/0e0","createTime":"0分钟前","likeTotal":0,"childCommentTotal":0,"firstReplyComment":null,"heat":0.0},{"commentId":8002,"userId":100,"avatar":"https://my-xiaohongshu-oss.oss-cn-guangzhou.aliyuncs.com/2c43e9d3fee3428985f4a83665eafcb0.webp","nickname":"稚生","content":"哎哟真好看","imageUrl":"","createTime":"1分钟前","likeTotal":0,"childCommentTotal":0,"firstReplyComment":null,"heat":0.0},{"commentId":8001,"userId":100,"avatar":"https://my-xiaohongshu-oss.oss-cn-guangzhou.aliyuncs.com/2c43e9d3fee3428985f4a83665eafcb0.webp","nickname":"稚生","content":"哈哈哈哈哈","imageUrl":"https://my-xiaohongshu-oss.oss-cn-guangzhou.aliyuncs.com/9f4","createTime":"3分钟前","likeTotal":0,"childCommentTotal":0,"firstReplyComment":null,"heat":0.0},{"commentId":8004,"userId":100,"avatar":"https://my-xiaohongshu-oss.oss-cn-guangzhou.aliyuncs.com/2c43e9d3fee3428985f4a83665eafcb0.webp","nickname":"稚生","content":"这次应该可以看到图片了","imageUrl":"https://my-xiaohongshu-oss.oss-cn-guangzhou.aliyuncs.com/0f1da8bcf60e46daa5189a5898f32fc7.jpg","createTime":"0分钟前","likeTotal":0,"childCommentTotal":0,"firstReplyComment":null,"heat":0.0}],"pageNo":1,"totalCount":3,"pageSize":10,"totalPage":1} =================================== 
2025-09-19 15:22:28.119 [http-nio-8093-exec-4] INFO  c.z.f.b.context.filter.HeaderUserId2ContextFilter - ===== 删除 ThreadLocal， userId: 100
2025-09-19 15:23:10.197 [http-nio-8093-exec-8] INFO  c.z.f.b.context.filter.HeaderUserId2ContextFilter - ## HeaderUserId2ContextFilter, 用户 ID: 100
2025-09-19 15:23:10.199 [http-nio-8093-exec-8] INFO  c.z.f.b.operationlog.aspect.ApiOperationLogAspect - ====== 请求开始: [评论分页查询], 入参: {"noteId":1968935112632438881,"pageNo":1}, 请求类: CommentController, 请求方法: findCommentPageList =================================== 
2025-09-19 15:23:10.216 [http-nio-8093-exec-8] DEBUG c.z.x.c.b.d.m.C.selectCommentCountByIds - ==>  Preparing: select id, child_comment_total, like_total, level from t_comment where id in ( ? )
2025-09-19 15:23:10.217 [http-nio-8093-exec-8] DEBUG c.z.x.c.b.d.m.C.selectCommentCountByIds - ==> Parameters: 8004(Long)
2025-09-19 15:23:10.219 [http-nio-8093-exec-8] DEBUG c.z.x.c.b.d.m.C.selectCommentCountByIds - <==      Total: 0
2025-09-19 15:23:10.220 [http-nio-8093-exec-8] INFO  c.z.f.b.operationlog.aspect.ApiOperationLogAspect - ====== 请求结束: [评论分页查询], 耗时: 21ms, 出参: {"success":true,"message":null,"errorCode":null,"data":[{"commentId":8004,"userId":100,"avatar":"https://my-xiaohongshu-oss.oss-cn-guangzhou.aliyuncs.com/2c43e9d3fee3428985f4a83665eafcb0.webp","nickname":"稚生","content":"这次应该可以看到图片了","imageUrl":"https://my-xiaohongshu-oss.oss-cn-guangzhou.aliyuncs.com/0f1da8bcf60e46daa5189a5898f32fc7.jpg","createTime":"0分钟前","likeTotal":0,"childCommentTotal":0,"firstReplyComment":null,"heat":0.0},{"commentId":8003,"userId":100,"avatar":"https://my-xiaohongshu-oss.oss-cn-guangzhou.aliyuncs.com/2c43e9d3fee3428985f4a83665eafcb0.webp","nickname":"稚生","content":"111","imageUrl":"https://my-xiaohongshu-oss.oss-cn-guangzhou.aliyuncs.com/0e0","createTime":"0分钟前","likeTotal":0,"childCommentTotal":0,"firstReplyComment":null,"heat":0.0},{"commentId":8002,"userId":100,"avatar":"https://my-xiaohongshu-oss.oss-cn-guangzhou.aliyuncs.com/2c43e9d3fee3428985f4a83665eafcb0.webp","nickname":"稚生","content":"哎哟真好看","imageUrl":"","createTime":"1分钟前","likeTotal":0,"childCommentTotal":0,"firstReplyComment":null,"heat":0.0},{"commentId":8001,"userId":100,"avatar":"https://my-xiaohongshu-oss.oss-cn-guangzhou.aliyuncs.com/2c43e9d3fee3428985f4a83665eafcb0.webp","nickname":"稚生","content":"哈哈哈哈哈","imageUrl":"https://my-xiaohongshu-oss.oss-cn-guangzhou.aliyuncs.com/9f4","createTime":"3分钟前","likeTotal":0,"childCommentTotal":0,"firstReplyComment":null,"heat":0.0}],"pageNo":1,"totalCount":3,"pageSize":10,"totalPage":1} =================================== 
2025-09-19 15:23:10.221 [http-nio-8093-exec-8] INFO  c.z.f.b.context.filter.HeaderUserId2ContextFilter - ===== 删除 ThreadLocal， userId: 100
2025-09-19 15:23:14.174 [http-nio-8093-exec-9] INFO  c.z.f.b.context.filter.HeaderUserId2ContextFilter - ## HeaderUserId2ContextFilter, 用户 ID: 100
2025-09-19 15:23:14.177 [http-nio-8093-exec-9] INFO  c.z.f.b.operationlog.aspect.ApiOperationLogAspect - ====== 请求开始: [评论分页查询], 入参: {"noteId":1968935112632438881,"pageNo":1}, 请求类: CommentController, 请求方法: findCommentPageList =================================== 
2025-09-19 15:23:14.205 [http-nio-8093-exec-9] DEBUG c.z.x.c.b.d.m.C.selectCommentCountByIds - ==>  Preparing: select id, child_comment_total, like_total, level from t_comment where id in ( ? )
2025-09-19 15:23:14.205 [http-nio-8093-exec-9] DEBUG c.z.x.c.b.d.m.C.selectCommentCountByIds - ==> Parameters: 8004(Long)
2025-09-19 15:23:14.207 [http-nio-8093-exec-9] DEBUG c.z.x.c.b.d.m.C.selectCommentCountByIds - <==      Total: 0
2025-09-19 15:23:14.208 [http-nio-8093-exec-9] INFO  c.z.f.b.operationlog.aspect.ApiOperationLogAspect - ====== 请求结束: [评论分页查询], 耗时: 32ms, 出参: {"success":true,"message":null,"errorCode":null,"data":[{"commentId":8004,"userId":100,"avatar":"https://my-xiaohongshu-oss.oss-cn-guangzhou.aliyuncs.com/2c43e9d3fee3428985f4a83665eafcb0.webp","nickname":"稚生","content":"这次应该可以看到图片了","imageUrl":"https://my-xiaohongshu-oss.oss-cn-guangzhou.aliyuncs.com/0f1da8bcf60e46daa5189a5898f32fc7.jpg","createTime":"0分钟前","likeTotal":0,"childCommentTotal":0,"firstReplyComment":null,"heat":0.0},{"commentId":8003,"userId":100,"avatar":"https://my-xiaohongshu-oss.oss-cn-guangzhou.aliyuncs.com/2c43e9d3fee3428985f4a83665eafcb0.webp","nickname":"稚生","content":"111","imageUrl":"https://my-xiaohongshu-oss.oss-cn-guangzhou.aliyuncs.com/0e0","createTime":"0分钟前","likeTotal":0,"childCommentTotal":0,"firstReplyComment":null,"heat":0.0},{"commentId":8002,"userId":100,"avatar":"https://my-xiaohongshu-oss.oss-cn-guangzhou.aliyuncs.com/2c43e9d3fee3428985f4a83665eafcb0.webp","nickname":"稚生","content":"哎哟真好看","imageUrl":"","createTime":"1分钟前","likeTotal":0,"childCommentTotal":0,"firstReplyComment":null,"heat":0.0},{"commentId":8001,"userId":100,"avatar":"https://my-xiaohongshu-oss.oss-cn-guangzhou.aliyuncs.com/2c43e9d3fee3428985f4a83665eafcb0.webp","nickname":"稚生","content":"哈哈哈哈哈","imageUrl":"https://my-xiaohongshu-oss.oss-cn-guangzhou.aliyuncs.com/9f4","createTime":"3分钟前","likeTotal":0,"childCommentTotal":0,"firstReplyComment":null,"heat":0.0}],"pageNo":1,"totalCount":3,"pageSize":10,"totalPage":1} =================================== 
2025-09-19 15:23:14.209 [http-nio-8093-exec-9] INFO  c.z.f.b.context.filter.HeaderUserId2ContextFilter - ===== 删除 ThreadLocal， userId: 100
2025-09-19 15:23:27.725 [http-nio-8093-exec-10] INFO  c.z.f.b.context.filter.HeaderUserId2ContextFilter - ## HeaderUserId2ContextFilter, 用户 ID: 100
2025-09-19 15:23:27.728 [http-nio-8093-exec-10] INFO  c.z.f.b.operationlog.aspect.ApiOperationLogAspect - ====== 请求开始: [评论分页查询], 入参: {"noteId":1968935112632438881,"pageNo":1}, 请求类: CommentController, 请求方法: findCommentPageList =================================== 
2025-09-19 15:23:27.744 [http-nio-8093-exec-10] DEBUG c.z.x.c.b.d.m.C.selectCommentCountByIds - ==>  Preparing: select id, child_comment_total, like_total, level from t_comment where id in ( ? )
2025-09-19 15:23:27.745 [http-nio-8093-exec-10] DEBUG c.z.x.c.b.d.m.C.selectCommentCountByIds - ==> Parameters: 8004(Long)
2025-09-19 15:23:27.746 [http-nio-8093-exec-10] DEBUG c.z.x.c.b.d.m.C.selectCommentCountByIds - <==      Total: 0
2025-09-19 15:23:27.746 [http-nio-8093-exec-10] INFO  c.z.f.b.operationlog.aspect.ApiOperationLogAspect - ====== 请求结束: [评论分页查询], 耗时: 18ms, 出参: {"success":true,"message":null,"errorCode":null,"data":[{"commentId":8004,"userId":100,"avatar":"https://my-xiaohongshu-oss.oss-cn-guangzhou.aliyuncs.com/2c43e9d3fee3428985f4a83665eafcb0.webp","nickname":"稚生","content":"这次应该可以看到图片了","imageUrl":"https://my-xiaohongshu-oss.oss-cn-guangzhou.aliyuncs.com/0f1da8bcf60e46daa5189a5898f32fc7.jpg","createTime":"0分钟前","likeTotal":0,"childCommentTotal":0,"firstReplyComment":null,"heat":0.0},{"commentId":8003,"userId":100,"avatar":"https://my-xiaohongshu-oss.oss-cn-guangzhou.aliyuncs.com/2c43e9d3fee3428985f4a83665eafcb0.webp","nickname":"稚生","content":"111","imageUrl":"https://my-xiaohongshu-oss.oss-cn-guangzhou.aliyuncs.com/0e0","createTime":"0分钟前","likeTotal":0,"childCommentTotal":0,"firstReplyComment":null,"heat":0.0},{"commentId":8002,"userId":100,"avatar":"https://my-xiaohongshu-oss.oss-cn-guangzhou.aliyuncs.com/2c43e9d3fee3428985f4a83665eafcb0.webp","nickname":"稚生","content":"哎哟真好看","imageUrl":"","createTime":"1分钟前","likeTotal":0,"childCommentTotal":0,"firstReplyComment":null,"heat":0.0},{"commentId":8001,"userId":100,"avatar":"https://my-xiaohongshu-oss.oss-cn-guangzhou.aliyuncs.com/2c43e9d3fee3428985f4a83665eafcb0.webp","nickname":"稚生","content":"哈哈哈哈哈","imageUrl":"https://my-xiaohongshu-oss.oss-cn-guangzhou.aliyuncs.com/9f4","createTime":"3分钟前","likeTotal":0,"childCommentTotal":0,"firstReplyComment":null,"heat":0.0}],"pageNo":1,"totalCount":3,"pageSize":10,"totalPage":1} =================================== 
2025-09-19 15:23:27.750 [http-nio-8093-exec-10] INFO  c.z.f.b.context.filter.HeaderUserId2ContextFilter - ===== 删除 ThreadLocal， userId: 100
2025-09-19 15:23:29.383 [http-nio-8093-exec-1] INFO  c.z.f.b.context.filter.HeaderUserId2ContextFilter - ## HeaderUserId2ContextFilter, 用户 ID: 100
2025-09-19 15:23:29.384 [http-nio-8093-exec-1] INFO  c.z.f.b.operationlog.aspect.ApiOperationLogAspect - ====== 请求开始: [评论分页查询], 入参: {"noteId":1968935112632438881,"pageNo":1}, 请求类: CommentController, 请求方法: findCommentPageList =================================== 
2025-09-19 15:23:29.400 [http-nio-8093-exec-1] DEBUG c.z.x.c.b.d.m.C.selectCommentCountByIds - ==>  Preparing: select id, child_comment_total, like_total, level from t_comment where id in ( ? )
2025-09-19 15:23:29.401 [http-nio-8093-exec-1] DEBUG c.z.x.c.b.d.m.C.selectCommentCountByIds - ==> Parameters: 8004(Long)
2025-09-19 15:23:29.402 [http-nio-8093-exec-1] DEBUG c.z.x.c.b.d.m.C.selectCommentCountByIds - <==      Total: 0
2025-09-19 15:23:29.404 [http-nio-8093-exec-1] INFO  c.z.f.b.operationlog.aspect.ApiOperationLogAspect - ====== 请求结束: [评论分页查询], 耗时: 19ms, 出参: {"success":true,"message":null,"errorCode":null,"data":[{"commentId":8004,"userId":100,"avatar":"https://my-xiaohongshu-oss.oss-cn-guangzhou.aliyuncs.com/2c43e9d3fee3428985f4a83665eafcb0.webp","nickname":"稚生","content":"这次应该可以看到图片了","imageUrl":"https://my-xiaohongshu-oss.oss-cn-guangzhou.aliyuncs.com/0f1da8bcf60e46daa5189a5898f32fc7.jpg","createTime":"0分钟前","likeTotal":0,"childCommentTotal":0,"firstReplyComment":null,"heat":0.0},{"commentId":8003,"userId":100,"avatar":"https://my-xiaohongshu-oss.oss-cn-guangzhou.aliyuncs.com/2c43e9d3fee3428985f4a83665eafcb0.webp","nickname":"稚生","content":"111","imageUrl":"https://my-xiaohongshu-oss.oss-cn-guangzhou.aliyuncs.com/0e0","createTime":"0分钟前","likeTotal":0,"childCommentTotal":0,"firstReplyComment":null,"heat":0.0},{"commentId":8002,"userId":100,"avatar":"https://my-xiaohongshu-oss.oss-cn-guangzhou.aliyuncs.com/2c43e9d3fee3428985f4a83665eafcb0.webp","nickname":"稚生","content":"哎哟真好看","imageUrl":"","createTime":"1分钟前","likeTotal":0,"childCommentTotal":0,"firstReplyComment":null,"heat":0.0},{"commentId":8001,"userId":100,"avatar":"https://my-xiaohongshu-oss.oss-cn-guangzhou.aliyuncs.com/2c43e9d3fee3428985f4a83665eafcb0.webp","nickname":"稚生","content":"哈哈哈哈哈","imageUrl":"https://my-xiaohongshu-oss.oss-cn-guangzhou.aliyuncs.com/9f4","createTime":"3分钟前","likeTotal":0,"childCommentTotal":0,"firstReplyComment":null,"heat":0.0}],"pageNo":1,"totalCount":3,"pageSize":10,"totalPage":1} =================================== 
2025-09-19 15:23:29.405 [http-nio-8093-exec-1] INFO  c.z.f.b.context.filter.HeaderUserId2ContextFilter - ===== 删除 ThreadLocal， userId: 100
2025-09-19 15:23:35.233 [http-nio-8093-exec-5] INFO  c.z.f.b.context.filter.HeaderUserId2ContextFilter - ## HeaderUserId2ContextFilter, 用户 ID: 100
2025-09-19 15:23:35.234 [http-nio-8093-exec-5] INFO  c.z.f.b.operationlog.aspect.ApiOperationLogAspect - ====== 请求开始: [评论分页查询], 入参: {"noteId":1968935112632438881,"pageNo":1}, 请求类: CommentController, 请求方法: findCommentPageList =================================== 
2025-09-19 15:23:35.251 [http-nio-8093-exec-5] DEBUG c.z.x.c.b.d.m.C.selectCommentCountByIds - ==>  Preparing: select id, child_comment_total, like_total, level from t_comment where id in ( ? )
2025-09-19 15:23:35.253 [http-nio-8093-exec-5] DEBUG c.z.x.c.b.d.m.C.selectCommentCountByIds - ==> Parameters: 8004(Long)
2025-09-19 15:23:35.254 [http-nio-8093-exec-5] DEBUG c.z.x.c.b.d.m.C.selectCommentCountByIds - <==      Total: 0
2025-09-19 15:23:35.256 [http-nio-8093-exec-5] INFO  c.z.f.b.operationlog.aspect.ApiOperationLogAspect - ====== 请求结束: [评论分页查询], 耗时: 22ms, 出参: {"success":true,"message":null,"errorCode":null,"data":[{"commentId":8004,"userId":100,"avatar":"https://my-xiaohongshu-oss.oss-cn-guangzhou.aliyuncs.com/2c43e9d3fee3428985f4a83665eafcb0.webp","nickname":"稚生","content":"这次应该可以看到图片了","imageUrl":"https://my-xiaohongshu-oss.oss-cn-guangzhou.aliyuncs.com/0f1da8bcf60e46daa5189a5898f32fc7.jpg","createTime":"0分钟前","likeTotal":0,"childCommentTotal":0,"firstReplyComment":null,"heat":0.0},{"commentId":8003,"userId":100,"avatar":"https://my-xiaohongshu-oss.oss-cn-guangzhou.aliyuncs.com/2c43e9d3fee3428985f4a83665eafcb0.webp","nickname":"稚生","content":"111","imageUrl":"https://my-xiaohongshu-oss.oss-cn-guangzhou.aliyuncs.com/0e0","createTime":"0分钟前","likeTotal":0,"childCommentTotal":0,"firstReplyComment":null,"heat":0.0},{"commentId":8002,"userId":100,"avatar":"https://my-xiaohongshu-oss.oss-cn-guangzhou.aliyuncs.com/2c43e9d3fee3428985f4a83665eafcb0.webp","nickname":"稚生","content":"哎哟真好看","imageUrl":"","createTime":"1分钟前","likeTotal":0,"childCommentTotal":0,"firstReplyComment":null,"heat":0.0},{"commentId":8001,"userId":100,"avatar":"https://my-xiaohongshu-oss.oss-cn-guangzhou.aliyuncs.com/2c43e9d3fee3428985f4a83665eafcb0.webp","nickname":"稚生","content":"哈哈哈哈哈","imageUrl":"https://my-xiaohongshu-oss.oss-cn-guangzhou.aliyuncs.com/9f4","createTime":"3分钟前","likeTotal":0,"childCommentTotal":0,"firstReplyComment":null,"heat":0.0}],"pageNo":1,"totalCount":3,"pageSize":10,"totalPage":1} =================================== 
2025-09-19 15:23:35.258 [http-nio-8093-exec-5] INFO  c.z.f.b.context.filter.HeaderUserId2ContextFilter - ===== 删除 ThreadLocal， userId: 100
2025-09-19 15:23:37.420 [http-nio-8093-exec-3] INFO  c.z.f.b.context.filter.HeaderUserId2ContextFilter - ## HeaderUserId2ContextFilter, 用户 ID: 100
2025-09-19 15:23:37.421 [http-nio-8093-exec-3] INFO  c.z.f.b.operationlog.aspect.ApiOperationLogAspect - ====== 请求开始: [评论分页查询], 入参: {"noteId":1968935112632438881,"pageNo":1}, 请求类: CommentController, 请求方法: findCommentPageList =================================== 
2025-09-19 15:23:37.440 [http-nio-8093-exec-3] DEBUG c.z.x.c.b.d.m.C.selectCommentCountByIds - ==>  Preparing: select id, child_comment_total, like_total, level from t_comment where id in ( ? )
2025-09-19 15:23:37.442 [http-nio-8093-exec-3] DEBUG c.z.x.c.b.d.m.C.selectCommentCountByIds - ==> Parameters: 8004(Long)
2025-09-19 15:23:37.443 [http-nio-8093-exec-3] DEBUG c.z.x.c.b.d.m.C.selectCommentCountByIds - <==      Total: 0
2025-09-19 15:23:37.443 [http-nio-8093-exec-3] INFO  c.z.f.b.operationlog.aspect.ApiOperationLogAspect - ====== 请求结束: [评论分页查询], 耗时: 22ms, 出参: {"success":true,"message":null,"errorCode":null,"data":[{"commentId":8004,"userId":100,"avatar":"https://my-xiaohongshu-oss.oss-cn-guangzhou.aliyuncs.com/2c43e9d3fee3428985f4a83665eafcb0.webp","nickname":"稚生","content":"这次应该可以看到图片了","imageUrl":"https://my-xiaohongshu-oss.oss-cn-guangzhou.aliyuncs.com/0f1da8bcf60e46daa5189a5898f32fc7.jpg","createTime":"0分钟前","likeTotal":0,"childCommentTotal":0,"firstReplyComment":null,"heat":0.0},{"commentId":8003,"userId":100,"avatar":"https://my-xiaohongshu-oss.oss-cn-guangzhou.aliyuncs.com/2c43e9d3fee3428985f4a83665eafcb0.webp","nickname":"稚生","content":"111","imageUrl":"https://my-xiaohongshu-oss.oss-cn-guangzhou.aliyuncs.com/0e0","createTime":"0分钟前","likeTotal":0,"childCommentTotal":0,"firstReplyComment":null,"heat":0.0},{"commentId":8002,"userId":100,"avatar":"https://my-xiaohongshu-oss.oss-cn-guangzhou.aliyuncs.com/2c43e9d3fee3428985f4a83665eafcb0.webp","nickname":"稚生","content":"哎哟真好看","imageUrl":"","createTime":"1分钟前","likeTotal":0,"childCommentTotal":0,"firstReplyComment":null,"heat":0.0},{"commentId":8001,"userId":100,"avatar":"https://my-xiaohongshu-oss.oss-cn-guangzhou.aliyuncs.com/2c43e9d3fee3428985f4a83665eafcb0.webp","nickname":"稚生","content":"哈哈哈哈哈","imageUrl":"https://my-xiaohongshu-oss.oss-cn-guangzhou.aliyuncs.com/9f4","createTime":"3分钟前","likeTotal":0,"childCommentTotal":0,"firstReplyComment":null,"heat":0.0}],"pageNo":1,"totalCount":3,"pageSize":10,"totalPage":1} =================================== 
2025-09-19 15:23:37.444 [http-nio-8093-exec-3] INFO  c.z.f.b.context.filter.HeaderUserId2ContextFilter - ===== 删除 ThreadLocal， userId: 100
2025-09-19 15:29:53.936 [http-nio-8093-exec-7] INFO  c.z.f.b.context.filter.HeaderUserId2ContextFilter - ## HeaderUserId2ContextFilter, 用户 ID: 100
2025-09-19 15:29:53.954 [http-nio-8093-exec-7] INFO  c.z.f.b.operationlog.aspect.ApiOperationLogAspect - ====== 请求开始: [评论分页查询], 入参: {"noteId":1968940587423895639,"pageNo":1}, 请求类: CommentController, 请求方法: findCommentPageList =================================== 
2025-09-19 15:29:53.968 [http-nio-8093-exec-7] DEBUG c.z.x.c.b.d.m.N.selectCommentTotalByNoteId - ==>  Preparing: select comment_total from t_note_count where note_id = ?
2025-09-19 15:29:53.975 [http-nio-8093-exec-7] DEBUG c.z.x.c.b.d.m.N.selectCommentTotalByNoteId - ==> Parameters: 1968940587423895639(Long)
2025-09-19 15:29:53.980 [http-nio-8093-exec-7] DEBUG c.z.x.c.b.d.m.N.selectCommentTotalByNoteId - <==      Total: 0
2025-09-19 15:29:53.990 [http-nio-8093-exec-7] WARN  c.z.x.comment.biz.exception.GlobalExceptionHandler - /comment/list request fail, errorCode: COMMENT-20001, errorMessage: 此评论不存在
2025-09-19 15:29:53.994 [http-nio-8093-exec-7] INFO  c.z.f.b.context.filter.HeaderUserId2ContextFilter - ===== 删除 ThreadLocal， userId: 100
2025-09-19 15:30:07.423 [http-nio-8093-exec-6] INFO  c.z.f.b.context.filter.HeaderUserId2ContextFilter - ## HeaderUserId2ContextFilter, 用户 ID: 100
2025-09-19 15:30:07.426 [http-nio-8093-exec-6] INFO  c.z.f.b.operationlog.aspect.ApiOperationLogAspect - ====== 请求开始: [评论分页查询], 入参: {"noteId":1968940587423895639,"pageNo":1}, 请求类: CommentController, 请求方法: findCommentPageList =================================== 
2025-09-19 15:30:07.428 [http-nio-8093-exec-6] DEBUG c.z.x.c.b.d.m.N.selectCommentTotalByNoteId - ==>  Preparing: select comment_total from t_note_count where note_id = ?
2025-09-19 15:30:07.429 [http-nio-8093-exec-6] DEBUG c.z.x.c.b.d.m.N.selectCommentTotalByNoteId - ==> Parameters: 1968940587423895639(Long)
2025-09-19 15:30:07.436 [http-nio-8093-exec-6] DEBUG c.z.x.c.b.d.m.N.selectCommentTotalByNoteId - <==      Total: 1
2025-09-19 15:30:07.439 [http-nio-8093-exec-6] INFO  c.z.f.b.operationlog.aspect.ApiOperationLogAspect - ====== 请求结束: [评论分页查询], 耗时: 13ms, 出参: {"success":true,"message":null,"errorCode":null,"data":null,"pageNo":1,"totalCount":0,"pageSize":10,"totalPage":0} =================================== 
2025-09-19 15:30:07.441 [http-nio-8093-exec-6] INFO  c.z.f.b.context.filter.HeaderUserId2ContextFilter - ===== 删除 ThreadLocal， userId: 100
2025-09-19 15:32:04.855 [http-nio-8093-exec-8] INFO  c.z.f.b.context.filter.HeaderUserId2ContextFilter - ## HeaderUserId2ContextFilter, 用户 ID: 100
2025-09-19 15:32:04.857 [http-nio-8093-exec-8] INFO  c.z.f.b.operationlog.aspect.ApiOperationLogAspect - ====== 请求开始: [评论分页查询], 入参: {"noteId":1968940587423895639,"pageNo":1}, 请求类: CommentController, 请求方法: findCommentPageList =================================== 
2025-09-19 15:32:04.860 [http-nio-8093-exec-8] INFO  c.z.f.b.operationlog.aspect.ApiOperationLogAspect - ====== 请求结束: [评论分页查询], 耗时: 3ms, 出参: {"success":true,"message":null,"errorCode":null,"data":null,"pageNo":1,"totalCount":0,"pageSize":10,"totalPage":0} =================================== 
2025-09-19 15:32:04.861 [http-nio-8093-exec-8] INFO  c.z.f.b.context.filter.HeaderUserId2ContextFilter - ===== 删除 ThreadLocal， userId: 100
2025-09-19 15:32:07.080 [http-nio-8093-exec-9] INFO  c.z.f.b.context.filter.HeaderUserId2ContextFilter - ## HeaderUserId2ContextFilter, 用户 ID: 100
2025-09-19 15:32:07.089 [http-nio-8093-exec-9] INFO  c.z.f.b.operationlog.aspect.ApiOperationLogAspect - ====== 请求开始: [评论分页查询], 入参: {"noteId":1968940587423895639,"pageNo":1}, 请求类: CommentController, 请求方法: findCommentPageList =================================== 
2025-09-19 15:32:07.090 [http-nio-8093-exec-9] INFO  c.z.f.b.operationlog.aspect.ApiOperationLogAspect - ====== 请求结束: [评论分页查询], 耗时: 3ms, 出参: {"success":true,"message":null,"errorCode":null,"data":null,"pageNo":1,"totalCount":0,"pageSize":10,"totalPage":0} =================================== 
2025-09-19 15:32:07.091 [http-nio-8093-exec-9] INFO  c.z.f.b.context.filter.HeaderUserId2ContextFilter - ===== 删除 ThreadLocal， userId: 100
2025-09-19 15:32:57.921 [http-nio-8093-exec-10] INFO  c.z.f.b.context.filter.HeaderUserId2ContextFilter - ## HeaderUserId2ContextFilter, 用户 ID: 100
2025-09-19 15:32:57.923 [http-nio-8093-exec-10] INFO  c.z.f.b.operationlog.aspect.ApiOperationLogAspect - ====== 请求开始: [评论分页查询], 入参: {"noteId":1968940587423895639,"pageNo":1}, 请求类: CommentController, 请求方法: findCommentPageList =================================== 
2025-09-19 15:32:57.926 [http-nio-8093-exec-10] INFO  c.z.f.b.operationlog.aspect.ApiOperationLogAspect - ====== 请求结束: [评论分页查询], 耗时: 3ms, 出参: {"success":true,"message":null,"errorCode":null,"data":null,"pageNo":1,"totalCount":0,"pageSize":10,"totalPage":0} =================================== 
2025-09-19 15:32:57.929 [http-nio-8093-exec-10] INFO  c.z.f.b.context.filter.HeaderUserId2ContextFilter - ===== 删除 ThreadLocal， userId: 100
2025-09-19 15:33:02.259 [http-nio-8093-exec-1] INFO  c.z.f.b.context.filter.HeaderUserId2ContextFilter - ## HeaderUserId2ContextFilter, 用户 ID: 100
2025-09-19 15:33:02.261 [http-nio-8093-exec-1] INFO  c.z.f.b.operationlog.aspect.ApiOperationLogAspect - ====== 请求开始: [评论分页查询], 入参: {"noteId":1968940587423895639,"pageNo":1}, 请求类: CommentController, 请求方法: findCommentPageList =================================== 
2025-09-19 15:33:02.263 [http-nio-8093-exec-1] INFO  c.z.f.b.operationlog.aspect.ApiOperationLogAspect - ====== 请求结束: [评论分页查询], 耗时: 3ms, 出参: {"success":true,"message":null,"errorCode":null,"data":null,"pageNo":1,"totalCount":0,"pageSize":10,"totalPage":0} =================================== 
2025-09-19 15:33:02.264 [http-nio-8093-exec-1] INFO  c.z.f.b.context.filter.HeaderUserId2ContextFilter - ===== 删除 ThreadLocal， userId: 100
2025-09-19 15:40:39.646 [http-nio-8093-exec-3] INFO  c.z.f.b.context.filter.HeaderUserId2ContextFilter - ## HeaderUserId2ContextFilter, 用户 ID: 100
2025-09-19 15:40:39.661 [http-nio-8093-exec-3] INFO  c.z.f.b.operationlog.aspect.ApiOperationLogAspect - ====== 请求开始: [评论分页查询], 入参: {"noteId":1968940587423895639,"pageNo":1}, 请求类: CommentController, 请求方法: findCommentPageList =================================== 
2025-09-19 15:40:39.666 [http-nio-8093-exec-3] INFO  c.z.f.b.operationlog.aspect.ApiOperationLogAspect - ====== 请求结束: [评论分页查询], 耗时: 6ms, 出参: {"success":true,"message":null,"errorCode":null,"data":null,"pageNo":1,"totalCount":0,"pageSize":10,"totalPage":0} =================================== 
2025-09-19 15:40:39.672 [http-nio-8093-exec-3] INFO  c.z.f.b.context.filter.HeaderUserId2ContextFilter - ===== 删除 ThreadLocal， userId: 100
2025-09-19 15:40:46.003 [http-nio-8093-exec-2] INFO  c.z.f.b.context.filter.HeaderUserId2ContextFilter - ## HeaderUserId2ContextFilter, 用户 ID: 100
2025-09-19 15:40:46.006 [http-nio-8093-exec-2] INFO  c.z.f.b.operationlog.aspect.ApiOperationLogAspect - ====== 请求开始: [评论分页查询], 入参: {"noteId":1968940587423895639,"pageNo":1}, 请求类: CommentController, 请求方法: findCommentPageList =================================== 
2025-09-19 15:40:46.008 [http-nio-8093-exec-2] INFO  c.z.f.b.operationlog.aspect.ApiOperationLogAspect - ====== 请求结束: [评论分页查询], 耗时: 3ms, 出参: {"success":true,"message":null,"errorCode":null,"data":null,"pageNo":1,"totalCount":0,"pageSize":10,"totalPage":0} =================================== 
2025-09-19 15:40:46.010 [http-nio-8093-exec-2] INFO  c.z.f.b.context.filter.HeaderUserId2ContextFilter - ===== 删除 ThreadLocal， userId: 100
2025-09-19 15:41:34.302 [http-nio-8093-exec-7] INFO  c.z.f.b.context.filter.HeaderUserId2ContextFilter - ## HeaderUserId2ContextFilter, 用户 ID: 100
2025-09-19 15:41:34.303 [http-nio-8093-exec-7] INFO  c.z.f.b.operationlog.aspect.ApiOperationLogAspect - ====== 请求开始: [评论分页查询], 入参: {"noteId":1968940587423895639,"pageNo":1}, 请求类: CommentController, 请求方法: findCommentPageList =================================== 
2025-09-19 15:41:34.306 [http-nio-8093-exec-7] INFO  c.z.f.b.operationlog.aspect.ApiOperationLogAspect - ====== 请求结束: [评论分页查询], 耗时: 3ms, 出参: {"success":true,"message":null,"errorCode":null,"data":null,"pageNo":1,"totalCount":0,"pageSize":10,"totalPage":0} =================================== 
2025-09-19 15:41:34.307 [http-nio-8093-exec-7] INFO  c.z.f.b.context.filter.HeaderUserId2ContextFilter - ===== 删除 ThreadLocal， userId: 100
2025-09-19 15:48:37.669 [http-nio-8093-exec-4] INFO  c.z.f.b.context.filter.HeaderUserId2ContextFilter - ## HeaderUserId2ContextFilter, 用户 ID: 100
2025-09-19 15:48:37.672 [http-nio-8093-exec-4] INFO  c.z.f.b.operationlog.aspect.ApiOperationLogAspect - ====== 请求开始: [评论分页查询], 入参: {"noteId":1968945300714295362,"pageNo":1}, 请求类: CommentController, 请求方法: findCommentPageList =================================== 
2025-09-19 15:48:37.747 [http-nio-8093-exec-4] DEBUG c.z.x.c.b.d.m.N.selectCommentTotalByNoteId - ==>  Preparing: select comment_total from t_note_count where note_id = ?
2025-09-19 15:48:37.755 [http-nio-8093-exec-4] DEBUG c.z.x.c.b.d.m.N.selectCommentTotalByNoteId - ==> Parameters: 1968945300714295362(Long)
2025-09-19 15:48:37.763 [http-nio-8093-exec-4] DEBUG c.z.x.c.b.d.m.N.selectCommentTotalByNoteId - <==      Total: 0
2025-09-19 15:48:37.769 [http-nio-8093-exec-4] WARN  c.z.x.comment.biz.exception.GlobalExceptionHandler - /comment/list request fail, errorCode: COMMENT-20001, errorMessage: 此评论不存在
2025-09-19 15:48:37.771 [http-nio-8093-exec-4] INFO  c.z.f.b.context.filter.HeaderUserId2ContextFilter - ===== 删除 ThreadLocal， userId: 100
2025-09-19 15:49:49.468 [http-nio-8093-exec-9] INFO  c.z.f.b.context.filter.HeaderUserId2ContextFilter - ## HeaderUserId2ContextFilter, 用户 ID: 100
2025-09-19 15:49:49.470 [http-nio-8093-exec-9] INFO  c.z.f.b.operationlog.aspect.ApiOperationLogAspect - ====== 请求开始: [评论分页查询], 入参: {"noteId":1968945300714295362,"pageNo":1}, 请求类: CommentController, 请求方法: findCommentPageList =================================== 
2025-09-19 15:49:49.476 [http-nio-8093-exec-9] DEBUG c.z.x.c.b.d.m.N.selectCommentTotalByNoteId - ==>  Preparing: select comment_total from t_note_count where note_id = ?
2025-09-19 15:49:49.477 [http-nio-8093-exec-9] DEBUG c.z.x.c.b.d.m.N.selectCommentTotalByNoteId - ==> Parameters: 1968945300714295362(Long)
2025-09-19 15:49:49.479 [http-nio-8093-exec-9] DEBUG c.z.x.c.b.d.m.N.selectCommentTotalByNoteId - <==      Total: 0
2025-09-19 15:49:49.479 [http-nio-8093-exec-9] WARN  c.z.x.comment.biz.exception.GlobalExceptionHandler - /comment/list request fail, errorCode: COMMENT-20001, errorMessage: 此评论不存在
2025-09-19 15:49:49.481 [http-nio-8093-exec-9] INFO  c.z.f.b.context.filter.HeaderUserId2ContextFilter - ===== 删除 ThreadLocal， userId: 100
2025-09-19 16:04:44.601 [http-nio-8093-exec-1] INFO  c.z.f.b.context.filter.HeaderUserId2ContextFilter - ## HeaderUserId2ContextFilter, 用户 ID: 100
2025-09-19 16:04:44.625 [http-nio-8093-exec-1] INFO  c.z.f.b.operationlog.aspect.ApiOperationLogAspect - ====== 请求开始: [评论分页查询], 入参: {"noteId":1968945300714295362,"pageNo":1}, 请求类: CommentController, 请求方法: findCommentPageList =================================== 
2025-09-19 16:04:44.639 [http-nio-8093-exec-1] DEBUG c.z.x.c.b.d.m.N.selectCommentTotalByNoteId - ==>  Preparing: select comment_total from t_note_count where note_id = ?
2025-09-19 16:04:44.647 [http-nio-8093-exec-1] DEBUG c.z.x.c.b.d.m.N.selectCommentTotalByNoteId - ==> Parameters: 1968945300714295362(Long)
2025-09-19 16:04:44.652 [http-nio-8093-exec-1] DEBUG c.z.x.c.b.d.m.N.selectCommentTotalByNoteId - <==      Total: 1
2025-09-19 16:04:44.653 [http-nio-8093-exec-1] INFO  c.z.f.b.operationlog.aspect.ApiOperationLogAspect - ====== 请求结束: [评论分页查询], 耗时: 30ms, 出参: {"success":true,"message":null,"errorCode":null,"data":null,"pageNo":1,"totalCount":0,"pageSize":10,"totalPage":0} =================================== 
2025-09-19 16:04:44.659 [http-nio-8093-exec-1] INFO  c.z.f.b.context.filter.HeaderUserId2ContextFilter - ===== 删除 ThreadLocal， userId: 100
2025-09-19 16:04:48.792 [http-nio-8093-exec-5] INFO  c.z.f.b.context.filter.HeaderUserId2ContextFilter - ## HeaderUserId2ContextFilter, 用户 ID: 100
2025-09-19 16:04:48.794 [http-nio-8093-exec-5] INFO  c.z.f.b.operationlog.aspect.ApiOperationLogAspect - ====== 请求开始: [评论分页查询], 入参: {"noteId":1968945300714295362,"pageNo":1}, 请求类: CommentController, 请求方法: findCommentPageList =================================== 
2025-09-19 16:04:48.798 [http-nio-8093-exec-5] INFO  c.z.f.b.operationlog.aspect.ApiOperationLogAspect - ====== 请求结束: [评论分页查询], 耗时: 4ms, 出参: {"success":true,"message":null,"errorCode":null,"data":null,"pageNo":1,"totalCount":0,"pageSize":10,"totalPage":0} =================================== 
2025-09-19 16:04:48.799 [http-nio-8093-exec-5] INFO  c.z.f.b.context.filter.HeaderUserId2ContextFilter - ===== 删除 ThreadLocal， userId: 100
2025-09-19 16:04:50.597 [http-nio-8093-exec-3] INFO  c.z.f.b.context.filter.HeaderUserId2ContextFilter - ## HeaderUserId2ContextFilter, 用户 ID: 100
2025-09-19 16:04:50.598 [http-nio-8093-exec-3] INFO  c.z.f.b.operationlog.aspect.ApiOperationLogAspect - ====== 请求开始: [评论分页查询], 入参: {"noteId":1968945300714295362,"pageNo":1}, 请求类: CommentController, 请求方法: findCommentPageList =================================== 
2025-09-19 16:04:50.600 [http-nio-8093-exec-3] INFO  c.z.f.b.operationlog.aspect.ApiOperationLogAspect - ====== 请求结束: [评论分页查询], 耗时: 2ms, 出参: {"success":true,"message":null,"errorCode":null,"data":null,"pageNo":1,"totalCount":0,"pageSize":10,"totalPage":0} =================================== 
2025-09-19 16:04:50.601 [http-nio-8093-exec-3] INFO  c.z.f.b.context.filter.HeaderUserId2ContextFilter - ===== 删除 ThreadLocal， userId: 100
2025-09-19 16:04:51.980 [http-nio-8093-exec-2] INFO  c.z.f.b.context.filter.HeaderUserId2ContextFilter - ## HeaderUserId2ContextFilter, 用户 ID: 100
2025-09-19 16:04:51.981 [http-nio-8093-exec-2] INFO  c.z.f.b.operationlog.aspect.ApiOperationLogAspect - ====== 请求开始: [评论分页查询], 入参: {"noteId":1968940587423895639,"pageNo":1}, 请求类: CommentController, 请求方法: findCommentPageList =================================== 
2025-09-19 16:04:51.982 [http-nio-8093-exec-2] INFO  c.z.f.b.operationlog.aspect.ApiOperationLogAspect - ====== 请求结束: [评论分页查询], 耗时: 1ms, 出参: {"success":true,"message":null,"errorCode":null,"data":null,"pageNo":1,"totalCount":0,"pageSize":10,"totalPage":0} =================================== 
2025-09-19 16:04:51.984 [http-nio-8093-exec-2] INFO  c.z.f.b.context.filter.HeaderUserId2ContextFilter - ===== 删除 ThreadLocal， userId: 100
2025-09-19 16:04:53.700 [http-nio-8093-exec-7] INFO  c.z.f.b.context.filter.HeaderUserId2ContextFilter - ## HeaderUserId2ContextFilter, 用户 ID: 100
2025-09-19 16:04:53.701 [http-nio-8093-exec-7] INFO  c.z.f.b.operationlog.aspect.ApiOperationLogAspect - ====== 请求开始: [评论分页查询], 入参: {"noteId":1968945300714295362,"pageNo":1}, 请求类: CommentController, 请求方法: findCommentPageList =================================== 
2025-09-19 16:04:53.703 [http-nio-8093-exec-7] INFO  c.z.f.b.operationlog.aspect.ApiOperationLogAspect - ====== 请求结束: [评论分页查询], 耗时: 1ms, 出参: {"success":true,"message":null,"errorCode":null,"data":null,"pageNo":1,"totalCount":0,"pageSize":10,"totalPage":0} =================================== 
2025-09-19 16:04:53.704 [http-nio-8093-exec-7] INFO  c.z.f.b.context.filter.HeaderUserId2ContextFilter - ===== 删除 ThreadLocal， userId: 100
2025-09-19 16:04:56.240 [http-nio-8093-exec-6] INFO  c.z.f.b.context.filter.HeaderUserId2ContextFilter - ## HeaderUserId2ContextFilter, 用户 ID: 100
2025-09-19 16:04:56.242 [http-nio-8093-exec-6] INFO  c.z.f.b.operationlog.aspect.ApiOperationLogAspect - ====== 请求开始: [评论分页查询], 入参: {"noteId":1968945300714295362,"pageNo":1}, 请求类: CommentController, 请求方法: findCommentPageList =================================== 
2025-09-19 16:04:56.245 [http-nio-8093-exec-6] INFO  c.z.f.b.operationlog.aspect.ApiOperationLogAspect - ====== 请求结束: [评论分页查询], 耗时: 3ms, 出参: {"success":true,"message":null,"errorCode":null,"data":null,"pageNo":1,"totalCount":0,"pageSize":10,"totalPage":0} =================================== 
2025-09-19 16:04:56.247 [http-nio-8093-exec-6] INFO  c.z.f.b.context.filter.HeaderUserId2ContextFilter - ===== 删除 ThreadLocal， userId: 100
2025-09-19 16:04:57.933 [http-nio-8093-exec-4] INFO  c.z.f.b.context.filter.HeaderUserId2ContextFilter - ## HeaderUserId2ContextFilter, 用户 ID: 100
2025-09-19 16:04:57.935 [http-nio-8093-exec-4] INFO  c.z.f.b.operationlog.aspect.ApiOperationLogAspect - ====== 请求开始: [评论分页查询], 入参: {"noteId":1968945300714295362,"pageNo":1}, 请求类: CommentController, 请求方法: findCommentPageList =================================== 
2025-09-19 16:04:57.938 [http-nio-8093-exec-4] INFO  c.z.f.b.operationlog.aspect.ApiOperationLogAspect - ====== 请求结束: [评论分页查询], 耗时: 3ms, 出参: {"success":true,"message":null,"errorCode":null,"data":null,"pageNo":1,"totalCount":0,"pageSize":10,"totalPage":0} =================================== 
2025-09-19 16:04:57.940 [http-nio-8093-exec-4] INFO  c.z.f.b.context.filter.HeaderUserId2ContextFilter - ===== 删除 ThreadLocal， userId: 100
2025-09-19 16:05:01.100 [http-nio-8093-exec-8] INFO  c.z.f.b.context.filter.HeaderUserId2ContextFilter - ## HeaderUserId2ContextFilter, 用户 ID: 100
2025-09-19 16:05:01.102 [http-nio-8093-exec-8] INFO  c.z.f.b.operationlog.aspect.ApiOperationLogAspect - ====== 请求开始: [评论分页查询], 入参: {"noteId":1968945300714295362,"pageNo":1}, 请求类: CommentController, 请求方法: findCommentPageList =================================== 
2025-09-19 16:05:01.105 [http-nio-8093-exec-8] INFO  c.z.f.b.operationlog.aspect.ApiOperationLogAspect - ====== 请求结束: [评论分页查询], 耗时: 1ms, 出参: {"success":true,"message":null,"errorCode":null,"data":null,"pageNo":1,"totalCount":0,"pageSize":10,"totalPage":0} =================================== 
2025-09-19 16:05:01.106 [http-nio-8093-exec-8] INFO  c.z.f.b.context.filter.HeaderUserId2ContextFilter - ===== 删除 ThreadLocal， userId: 100
2025-09-19 16:05:49.725 [http-nio-8093-exec-9] INFO  c.z.f.b.context.filter.HeaderUserId2ContextFilter - ## HeaderUserId2ContextFilter, 用户 ID: 100
2025-09-19 16:05:49.727 [http-nio-8093-exec-9] INFO  c.z.f.b.operationlog.aspect.ApiOperationLogAspect - ====== 请求开始: [评论分页查询], 入参: {"noteId":1968945300714295362,"pageNo":1}, 请求类: CommentController, 请求方法: findCommentPageList =================================== 
2025-09-19 16:05:49.729 [http-nio-8093-exec-9] INFO  c.z.f.b.operationlog.aspect.ApiOperationLogAspect - ====== 请求结束: [评论分页查询], 耗时: 2ms, 出参: {"success":true,"message":null,"errorCode":null,"data":null,"pageNo":1,"totalCount":0,"pageSize":10,"totalPage":0} =================================== 
2025-09-19 16:05:49.730 [http-nio-8093-exec-9] INFO  c.z.f.b.context.filter.HeaderUserId2ContextFilter - ===== 删除 ThreadLocal， userId: 100
2025-09-19 16:05:53.881 [http-nio-8093-exec-10] INFO  c.z.f.b.context.filter.HeaderUserId2ContextFilter - ## HeaderUserId2ContextFilter, 用户 ID: 100
2025-09-19 16:05:53.883 [http-nio-8093-exec-10] INFO  c.z.f.b.operationlog.aspect.ApiOperationLogAspect - ====== 请求开始: [评论分页查询], 入参: {"noteId":1968940587423895639,"pageNo":1}, 请求类: CommentController, 请求方法: findCommentPageList =================================== 
2025-09-19 16:05:53.885 [http-nio-8093-exec-10] INFO  c.z.f.b.operationlog.aspect.ApiOperationLogAspect - ====== 请求结束: [评论分页查询], 耗时: 2ms, 出参: {"success":true,"message":null,"errorCode":null,"data":null,"pageNo":1,"totalCount":0,"pageSize":10,"totalPage":0} =================================== 
2025-09-19 16:05:53.886 [http-nio-8093-exec-10] INFO  c.z.f.b.context.filter.HeaderUserId2ContextFilter - ===== 删除 ThreadLocal， userId: 100
2025-09-19 16:06:10.291 [http-nio-8093-exec-1] INFO  c.z.f.b.context.filter.HeaderUserId2ContextFilter - ## HeaderUserId2ContextFilter, 用户 ID: 100
2025-09-19 16:06:10.293 [http-nio-8093-exec-1] INFO  c.z.f.b.operationlog.aspect.ApiOperationLogAspect - ====== 请求开始: [评论分页查询], 入参: {"noteId":1968945300714295362,"pageNo":1}, 请求类: CommentController, 请求方法: findCommentPageList =================================== 
2025-09-19 16:06:10.296 [http-nio-8093-exec-1] INFO  c.z.f.b.operationlog.aspect.ApiOperationLogAspect - ====== 请求结束: [评论分页查询], 耗时: 3ms, 出参: {"success":true,"message":null,"errorCode":null,"data":null,"pageNo":1,"totalCount":0,"pageSize":10,"totalPage":0} =================================== 
2025-09-19 16:06:10.297 [http-nio-8093-exec-1] INFO  c.z.f.b.context.filter.HeaderUserId2ContextFilter - ===== 删除 ThreadLocal， userId: 100
2025-09-19 16:06:14.375 [http-nio-8093-exec-5] INFO  c.z.f.b.context.filter.HeaderUserId2ContextFilter - ## HeaderUserId2ContextFilter, 用户 ID: 100
2025-09-19 16:06:14.376 [http-nio-8093-exec-5] INFO  c.z.f.b.operationlog.aspect.ApiOperationLogAspect - ====== 请求开始: [评论分页查询], 入参: {"noteId":1968940587423895639,"pageNo":1}, 请求类: CommentController, 请求方法: findCommentPageList =================================== 
2025-09-19 16:06:14.380 [http-nio-8093-exec-5] INFO  c.z.f.b.operationlog.aspect.ApiOperationLogAspect - ====== 请求结束: [评论分页查询], 耗时: 3ms, 出参: {"success":true,"message":null,"errorCode":null,"data":null,"pageNo":1,"totalCount":0,"pageSize":10,"totalPage":0} =================================== 
2025-09-19 16:06:14.382 [http-nio-8093-exec-5] INFO  c.z.f.b.context.filter.HeaderUserId2ContextFilter - ===== 删除 ThreadLocal， userId: 100
2025-09-19 16:08:41.774 [http-nio-8093-exec-2] INFO  c.z.f.b.context.filter.HeaderUserId2ContextFilter - ## HeaderUserId2ContextFilter, 用户 ID: 100
2025-09-19 16:08:41.776 [http-nio-8093-exec-2] INFO  c.z.f.b.operationlog.aspect.ApiOperationLogAspect - ====== 请求开始: [评论分页查询], 入参: {"noteId":1968945300714295362,"pageNo":1}, 请求类: CommentController, 请求方法: findCommentPageList =================================== 
2025-09-19 16:08:41.778 [http-nio-8093-exec-2] INFO  c.z.f.b.operationlog.aspect.ApiOperationLogAspect - ====== 请求结束: [评论分页查询], 耗时: 2ms, 出参: {"success":true,"message":null,"errorCode":null,"data":null,"pageNo":1,"totalCount":0,"pageSize":10,"totalPage":0} =================================== 
2025-09-19 16:08:41.779 [http-nio-8093-exec-2] INFO  c.z.f.b.context.filter.HeaderUserId2ContextFilter - ===== 删除 ThreadLocal， userId: 100
2025-09-19 16:08:55.031 [http-nio-8093-exec-7] INFO  c.z.f.b.context.filter.HeaderUserId2ContextFilter - ## HeaderUserId2ContextFilter, 用户 ID: 100
2025-09-19 16:08:55.033 [http-nio-8093-exec-7] INFO  c.z.f.b.operationlog.aspect.ApiOperationLogAspect - ====== 请求开始: [评论分页查询], 入参: {"noteId":1968945300714295362,"pageNo":1}, 请求类: CommentController, 请求方法: findCommentPageList =================================== 
2025-09-19 16:08:55.036 [http-nio-8093-exec-7] INFO  c.z.f.b.operationlog.aspect.ApiOperationLogAspect - ====== 请求结束: [评论分页查询], 耗时: 4ms, 出参: {"success":true,"message":null,"errorCode":null,"data":null,"pageNo":1,"totalCount":0,"pageSize":10,"totalPage":0} =================================== 
2025-09-19 16:08:55.038 [http-nio-8093-exec-7] INFO  c.z.f.b.context.filter.HeaderUserId2ContextFilter - ===== 删除 ThreadLocal， userId: 100
2025-09-19 16:09:35.053 [http-nio-8093-exec-6] INFO  c.z.f.b.context.filter.HeaderUserId2ContextFilter - ## HeaderUserId2ContextFilter, 用户 ID: 100
2025-09-19 16:09:35.055 [http-nio-8093-exec-6] INFO  c.z.f.b.operationlog.aspect.ApiOperationLogAspect - ====== 请求开始: [评论分页查询], 入参: {"noteId":1968945300714295362,"pageNo":1}, 请求类: CommentController, 请求方法: findCommentPageList =================================== 
2025-09-19 16:09:35.057 [http-nio-8093-exec-6] INFO  c.z.f.b.operationlog.aspect.ApiOperationLogAspect - ====== 请求结束: [评论分页查询], 耗时: 2ms, 出参: {"success":true,"message":null,"errorCode":null,"data":null,"pageNo":1,"totalCount":0,"pageSize":10,"totalPage":0} =================================== 
2025-09-19 16:09:35.060 [http-nio-8093-exec-6] INFO  c.z.f.b.context.filter.HeaderUserId2ContextFilter - ===== 删除 ThreadLocal， userId: 100
2025-09-19 16:09:52.546 [http-nio-8093-exec-4] INFO  c.z.f.b.context.filter.HeaderUserId2ContextFilter - ## HeaderUserId2ContextFilter, 用户 ID: 100
2025-09-19 16:09:52.547 [http-nio-8093-exec-4] INFO  c.z.f.b.operationlog.aspect.ApiOperationLogAspect - ====== 请求开始: [评论分页查询], 入参: {"noteId":1968945300714295362,"pageNo":1}, 请求类: CommentController, 请求方法: findCommentPageList =================================== 
2025-09-19 16:09:52.552 [http-nio-8093-exec-4] INFO  c.z.f.b.operationlog.aspect.ApiOperationLogAspect - ====== 请求结束: [评论分页查询], 耗时: 4ms, 出参: {"success":true,"message":null,"errorCode":null,"data":null,"pageNo":1,"totalCount":0,"pageSize":10,"totalPage":0} =================================== 
2025-09-19 16:09:52.553 [http-nio-8093-exec-4] INFO  c.z.f.b.context.filter.HeaderUserId2ContextFilter - ===== 删除 ThreadLocal， userId: 100
2025-09-19 16:10:45.849 [nacos-grpc-client-executor-47.236.36.111-740] INFO  com.alibaba.nacos.common.remote.client - [4a70dc2a-9c0d-46ea-ba40-a1009678940d] Receive server push request, request = NotifySubscriberRequest, requestId = 1888
2025-09-19 16:10:45.873 [nacos-grpc-client-executor-47.236.36.111-740] INFO  com.alibaba.nacos.client.naming - removed ips(1) service: DEFAULT_GROUP@@xiaohongshu-user -> [{"ip":"10.91.138.46","port":8082,"weight":1.0,"healthy":true,"enabled":true,"ephemeral":true,"clusterName":"DEFAULT","serviceName":"DEFAULT_GROUP@@xiaohongshu-user","metadata":{"preserved.register.source":"SPRING_CLOUD"},"ipDeleteTimeout":30000,"instanceHeartBeatTimeOut":15000,"instanceHeartBeatInterval":5000}]
2025-09-19 16:10:45.874 [nacos-grpc-client-executor-47.236.36.111-740] INFO  com.alibaba.nacos.client.naming - current ips:(0) service: DEFAULT_GROUP@@xiaohongshu-user -> []
2025-09-19 16:10:45.880 [nacos-grpc-client-executor-47.236.36.111-740] INFO  com.alibaba.nacos.common.remote.client - [4a70dc2a-9c0d-46ea-ba40-a1009678940d] Ack server push request, request = NotifySubscriberRequest, requestId = 1888
2025-09-19 16:10:56.450 [nacos-grpc-client-executor-47.236.36.111-742] INFO  com.alibaba.nacos.common.remote.client - [4a70dc2a-9c0d-46ea-ba40-a1009678940d] Receive server push request, request = NotifySubscriberRequest, requestId = 1892
2025-09-19 16:10:56.450 [nacos-grpc-client-executor-47.236.36.111-742] INFO  com.alibaba.nacos.client.naming - new ips(1) service: DEFAULT_GROUP@@xiaohongshu-user -> [{"ip":"10.91.138.46","port":8082,"weight":1.0,"healthy":true,"enabled":true,"ephemeral":true,"clusterName":"DEFAULT","serviceName":"DEFAULT_GROUP@@xiaohongshu-user","metadata":{"preserved.register.source":"SPRING_CLOUD"},"ipDeleteTimeout":30000,"instanceHeartBeatTimeOut":15000,"instanceHeartBeatInterval":5000}]
2025-09-19 16:10:56.486 [nacos-grpc-client-executor-47.236.36.111-742] INFO  com.alibaba.nacos.client.naming - current ips:(1) service: DEFAULT_GROUP@@xiaohongshu-user -> [{"ip":"10.91.138.46","port":8082,"weight":1.0,"healthy":true,"enabled":true,"ephemeral":true,"clusterName":"DEFAULT","serviceName":"DEFAULT_GROUP@@xiaohongshu-user","metadata":{"preserved.register.source":"SPRING_CLOUD"},"ipDeleteTimeout":30000,"instanceHeartBeatTimeOut":15000,"instanceHeartBeatInterval":5000}]
2025-09-19 16:10:56.488 [nacos-grpc-client-executor-47.236.36.111-742] INFO  com.alibaba.nacos.common.remote.client - [4a70dc2a-9c0d-46ea-ba40-a1009678940d] Ack server push request, request = NotifySubscriberRequest, requestId = 1892
2025-09-19 16:11:07.881 [http-nio-8093-exec-9] INFO  c.z.f.b.context.filter.HeaderUserId2ContextFilter - ## HeaderUserId2ContextFilter, 用户 ID: 100
2025-09-19 16:11:07.882 [http-nio-8093-exec-9] INFO  c.z.f.b.operationlog.aspect.ApiOperationLogAspect - ====== 请求开始: [评论分页查询], 入参: {"noteId":1968940587423895639,"pageNo":1}, 请求类: CommentController, 请求方法: findCommentPageList =================================== 
2025-09-19 16:11:07.885 [http-nio-8093-exec-9] INFO  c.z.f.b.operationlog.aspect.ApiOperationLogAspect - ====== 请求结束: [评论分页查询], 耗时: 3ms, 出参: {"success":true,"message":null,"errorCode":null,"data":null,"pageNo":1,"totalCount":0,"pageSize":10,"totalPage":0} =================================== 
2025-09-19 16:11:07.886 [http-nio-8093-exec-9] INFO  c.z.f.b.context.filter.HeaderUserId2ContextFilter - ===== 删除 ThreadLocal， userId: 100
2025-09-19 16:11:09.380 [http-nio-8093-exec-10] INFO  c.z.f.b.context.filter.HeaderUserId2ContextFilter - ## HeaderUserId2ContextFilter, 用户 ID: 100
2025-09-19 16:11:09.383 [http-nio-8093-exec-10] INFO  c.z.f.b.operationlog.aspect.ApiOperationLogAspect - ====== 请求开始: [评论分页查询], 入参: {"noteId":1968945300714295362,"pageNo":1}, 请求类: CommentController, 请求方法: findCommentPageList =================================== 
2025-09-19 16:11:09.386 [http-nio-8093-exec-10] INFO  c.z.f.b.operationlog.aspect.ApiOperationLogAspect - ====== 请求结束: [评论分页查询], 耗时: 4ms, 出参: {"success":true,"message":null,"errorCode":null,"data":null,"pageNo":1,"totalCount":0,"pageSize":10,"totalPage":0} =================================== 
2025-09-19 16:11:09.387 [http-nio-8093-exec-10] INFO  c.z.f.b.context.filter.HeaderUserId2ContextFilter - ===== 删除 ThreadLocal， userId: 100
2025-09-19 16:34:34.544 [http-nio-8093-exec-5] INFO  c.z.f.b.context.filter.HeaderUserId2ContextFilter - ## HeaderUserId2ContextFilter, 用户 ID: 100
2025-09-19 16:34:34.578 [http-nio-8093-exec-5] INFO  c.z.f.b.operationlog.aspect.ApiOperationLogAspect - ====== 请求开始: [评论分页查询], 入参: {"noteId":1968945300714295362,"pageNo":1}, 请求类: CommentController, 请求方法: findCommentPageList =================================== 
2025-09-19 16:34:34.588 [http-nio-8093-exec-5] INFO  c.z.f.b.operationlog.aspect.ApiOperationLogAspect - ====== 请求结束: [评论分页查询], 耗时: 11ms, 出参: {"success":true,"message":null,"errorCode":null,"data":null,"pageNo":1,"totalCount":0,"pageSize":10,"totalPage":0} =================================== 
2025-09-19 16:34:34.595 [http-nio-8093-exec-5] INFO  c.z.f.b.context.filter.HeaderUserId2ContextFilter - ===== 删除 ThreadLocal， userId: 100
2025-09-19 16:35:52.459 [http-nio-8093-exec-2] INFO  c.z.f.b.context.filter.HeaderUserId2ContextFilter - ## HeaderUserId2ContextFilter, 用户 ID: 100
2025-09-19 16:35:52.461 [http-nio-8093-exec-2] INFO  c.z.f.b.operationlog.aspect.ApiOperationLogAspect - ====== 请求开始: [评论分页查询], 入参: {"noteId":1968945300714295362,"pageNo":1}, 请求类: CommentController, 请求方法: findCommentPageList =================================== 
2025-09-19 16:35:52.464 [http-nio-8093-exec-2] INFO  c.z.f.b.operationlog.aspect.ApiOperationLogAspect - ====== 请求结束: [评论分页查询], 耗时: 3ms, 出参: {"success":true,"message":null,"errorCode":null,"data":null,"pageNo":1,"totalCount":0,"pageSize":10,"totalPage":0} =================================== 
2025-09-19 16:35:52.465 [http-nio-8093-exec-2] INFO  c.z.f.b.context.filter.HeaderUserId2ContextFilter - ===== 删除 ThreadLocal， userId: 100
2025-09-19 16:35:58.233 [http-nio-8093-exec-7] INFO  c.z.f.b.context.filter.HeaderUserId2ContextFilter - ## HeaderUserId2ContextFilter, 用户 ID: 100
2025-09-19 16:35:58.235 [http-nio-8093-exec-7] INFO  c.z.f.b.operationlog.aspect.ApiOperationLogAspect - ====== 请求开始: [评论分页查询], 入参: {"noteId":1968957166329008196,"pageNo":1}, 请求类: CommentController, 请求方法: findCommentPageList =================================== 
2025-09-19 16:35:58.323 [http-nio-8093-exec-7] DEBUG c.z.x.c.b.d.m.N.selectCommentTotalByNoteId - ==>  Preparing: select comment_total from t_note_count where note_id = ?
2025-09-19 16:35:58.335 [http-nio-8093-exec-7] DEBUG c.z.x.c.b.d.m.N.selectCommentTotalByNoteId - ==> Parameters: 1968957166329008196(Long)
2025-09-19 16:35:58.340 [http-nio-8093-exec-7] DEBUG c.z.x.c.b.d.m.N.selectCommentTotalByNoteId - <==      Total: 0
2025-09-19 16:35:58.365 [http-nio-8093-exec-7] WARN  c.z.x.comment.biz.exception.GlobalExceptionHandler - /comment/list request fail, errorCode: COMMENT-20001, errorMessage: 此评论不存在
2025-09-19 16:35:58.365 [http-nio-8093-exec-7] INFO  c.z.f.b.context.filter.HeaderUserId2ContextFilter - ===== 删除 ThreadLocal， userId: 100
2025-09-19 16:36:02.443 [http-nio-8093-exec-6] INFO  c.z.f.b.context.filter.HeaderUserId2ContextFilter - ## HeaderUserId2ContextFilter, 用户 ID: 100
2025-09-19 16:36:02.445 [http-nio-8093-exec-6] INFO  c.z.f.b.operationlog.aspect.ApiOperationLogAspect - ====== 请求开始: [评论分页查询], 入参: {"noteId":1968957166329008196,"pageNo":1}, 请求类: CommentController, 请求方法: findCommentPageList =================================== 
2025-09-19 16:36:02.448 [http-nio-8093-exec-6] DEBUG c.z.x.c.b.d.m.N.selectCommentTotalByNoteId - ==>  Preparing: select comment_total from t_note_count where note_id = ?
2025-09-19 16:36:02.449 [http-nio-8093-exec-6] DEBUG c.z.x.c.b.d.m.N.selectCommentTotalByNoteId - ==> Parameters: 1968957166329008196(Long)
2025-09-19 16:36:02.450 [http-nio-8093-exec-6] DEBUG c.z.x.c.b.d.m.N.selectCommentTotalByNoteId - <==      Total: 0
2025-09-19 16:36:02.451 [http-nio-8093-exec-6] WARN  c.z.x.comment.biz.exception.GlobalExceptionHandler - /comment/list request fail, errorCode: COMMENT-20001, errorMessage: 此评论不存在
2025-09-19 16:36:02.452 [http-nio-8093-exec-6] INFO  c.z.f.b.context.filter.HeaderUserId2ContextFilter - ===== 删除 ThreadLocal， userId: 100
2025-09-19 16:44:48.840 [http-nio-8093-exec-8] INFO  c.z.f.b.context.filter.HeaderUserId2ContextFilter - ## HeaderUserId2ContextFilter, 用户 ID: 100
2025-09-19 16:44:48.864 [http-nio-8093-exec-8] INFO  c.z.f.b.operationlog.aspect.ApiOperationLogAspect - ====== 请求开始: [评论分页查询], 入参: {"noteId":1968957166329008196,"pageNo":1}, 请求类: CommentController, 请求方法: findCommentPageList =================================== 
2025-09-19 16:44:48.881 [http-nio-8093-exec-8] DEBUG c.z.x.c.b.d.m.N.selectCommentTotalByNoteId - ==>  Preparing: select comment_total from t_note_count where note_id = ?
2025-09-19 16:44:48.888 [http-nio-8093-exec-8] DEBUG c.z.x.c.b.d.m.N.selectCommentTotalByNoteId - ==> Parameters: 1968957166329008196(Long)
2025-09-19 16:44:48.891 [http-nio-8093-exec-8] DEBUG c.z.x.c.b.d.m.N.selectCommentTotalByNoteId - <==      Total: 0
2025-09-19 16:44:48.894 [http-nio-8093-exec-8] WARN  c.z.x.comment.biz.exception.GlobalExceptionHandler - /comment/list request fail, errorCode: COMMENT-20001, errorMessage: 此评论不存在
2025-09-19 16:44:48.902 [http-nio-8093-exec-8] INFO  c.z.f.b.context.filter.HeaderUserId2ContextFilter - ===== 删除 ThreadLocal， userId: 100
2025-09-19 16:44:52.899 [http-nio-8093-exec-9] INFO  c.z.f.b.context.filter.HeaderUserId2ContextFilter - ## HeaderUserId2ContextFilter, 用户 ID: 100
2025-09-19 16:44:52.901 [http-nio-8093-exec-9] INFO  c.z.f.b.operationlog.aspect.ApiOperationLogAspect - ====== 请求开始: [评论分页查询], 入参: {"noteId":1968957166329008196,"pageNo":1}, 请求类: CommentController, 请求方法: findCommentPageList =================================== 
2025-09-19 16:44:52.905 [http-nio-8093-exec-9] DEBUG c.z.x.c.b.d.m.N.selectCommentTotalByNoteId - ==>  Preparing: select comment_total from t_note_count where note_id = ?
2025-09-19 16:44:52.906 [http-nio-8093-exec-9] DEBUG c.z.x.c.b.d.m.N.selectCommentTotalByNoteId - ==> Parameters: 1968957166329008196(Long)
2025-09-19 16:44:52.907 [http-nio-8093-exec-9] DEBUG c.z.x.c.b.d.m.N.selectCommentTotalByNoteId - <==      Total: 0
2025-09-19 16:44:52.908 [http-nio-8093-exec-9] WARN  c.z.x.comment.biz.exception.GlobalExceptionHandler - /comment/list request fail, errorCode: COMMENT-20001, errorMessage: 此评论不存在
2025-09-19 16:44:52.909 [http-nio-8093-exec-9] INFO  c.z.f.b.context.filter.HeaderUserId2ContextFilter - ===== 删除 ThreadLocal， userId: 100
2025-09-19 16:52:07.038 [http-nio-8093-exec-1] INFO  c.z.f.b.context.filter.HeaderUserId2ContextFilter - ## HeaderUserId2ContextFilter, 用户 ID: 100
2025-09-19 16:52:07.041 [http-nio-8093-exec-1] INFO  c.z.f.b.operationlog.aspect.ApiOperationLogAspect - ====== 请求开始: [评论分页查询], 入参: {"noteId":1968957166329008196,"pageNo":1}, 请求类: CommentController, 请求方法: findCommentPageList =================================== 
2025-09-19 16:52:07.044 [http-nio-8093-exec-1] DEBUG c.z.x.c.b.d.m.N.selectCommentTotalByNoteId - ==>  Preparing: select comment_total from t_note_count where note_id = ?
2025-09-19 16:52:07.044 [http-nio-8093-exec-1] DEBUG c.z.x.c.b.d.m.N.selectCommentTotalByNoteId - ==> Parameters: 1968957166329008196(Long)
2025-09-19 16:52:07.045 [http-nio-8093-exec-1] DEBUG c.z.x.c.b.d.m.N.selectCommentTotalByNoteId - <==      Total: 0
2025-09-19 16:52:07.046 [http-nio-8093-exec-1] WARN  c.z.x.comment.biz.exception.GlobalExceptionHandler - /comment/list request fail, errorCode: COMMENT-20001, errorMessage: 此评论不存在
2025-09-19 16:52:07.047 [http-nio-8093-exec-1] INFO  c.z.f.b.context.filter.HeaderUserId2ContextFilter - ===== 删除 ThreadLocal， userId: 100
2025-09-19 16:52:13.306 [http-nio-8093-exec-5] INFO  c.z.f.b.context.filter.HeaderUserId2ContextFilter - ## HeaderUserId2ContextFilter, 用户 ID: 100
2025-09-19 16:52:13.308 [http-nio-8093-exec-5] INFO  c.z.f.b.operationlog.aspect.ApiOperationLogAspect - ====== 请求开始: [评论分页查询], 入参: {"noteId":1968957166329008196,"pageNo":1}, 请求类: CommentController, 请求方法: findCommentPageList =================================== 
2025-09-19 16:52:13.311 [http-nio-8093-exec-5] DEBUG c.z.x.c.b.d.m.N.selectCommentTotalByNoteId - ==>  Preparing: select comment_total from t_note_count where note_id = ?
2025-09-19 16:52:13.312 [http-nio-8093-exec-5] DEBUG c.z.x.c.b.d.m.N.selectCommentTotalByNoteId - ==> Parameters: 1968957166329008196(Long)
2025-09-19 16:52:13.313 [http-nio-8093-exec-5] DEBUG c.z.x.c.b.d.m.N.selectCommentTotalByNoteId - <==      Total: 0
2025-09-19 16:52:13.314 [http-nio-8093-exec-5] WARN  c.z.x.comment.biz.exception.GlobalExceptionHandler - /comment/list request fail, errorCode: COMMENT-20001, errorMessage: 此评论不存在
2025-09-19 16:52:13.315 [http-nio-8093-exec-5] INFO  c.z.f.b.context.filter.HeaderUserId2ContextFilter - ===== 删除 ThreadLocal， userId: 100
2025-09-19 16:52:14.678 [http-nio-8093-exec-3] INFO  c.z.f.b.context.filter.HeaderUserId2ContextFilter - ## HeaderUserId2ContextFilter, 用户 ID: 100
2025-09-19 16:52:14.679 [http-nio-8093-exec-3] INFO  c.z.f.b.operationlog.aspect.ApiOperationLogAspect - ====== 请求开始: [评论分页查询], 入参: {"noteId":1968945300714295362,"pageNo":1}, 请求类: CommentController, 请求方法: findCommentPageList =================================== 
2025-09-19 16:52:14.682 [http-nio-8093-exec-3] INFO  c.z.f.b.operationlog.aspect.ApiOperationLogAspect - ====== 请求结束: [评论分页查询], 耗时: 3ms, 出参: {"success":true,"message":null,"errorCode":null,"data":null,"pageNo":1,"totalCount":0,"pageSize":10,"totalPage":0} =================================== 
2025-09-19 16:52:14.684 [http-nio-8093-exec-3] INFO  c.z.f.b.context.filter.HeaderUserId2ContextFilter - ===== 删除 ThreadLocal， userId: 100
2025-09-19 16:52:19.142 [http-nio-8093-exec-2] INFO  c.z.f.b.context.filter.HeaderUserId2ContextFilter - ## HeaderUserId2ContextFilter, 用户 ID: 100
2025-09-19 16:52:19.146 [http-nio-8093-exec-2] INFO  c.z.f.b.operationlog.aspect.ApiOperationLogAspect - ====== 请求开始: [发布评论], 入参: {"noteId":1968945300714295362,"content":"哈哈哈","imageUrl":"","replyCommentId":null}, 请求类: CommentController, 请求方法: publishComment =================================== 
2025-09-19 16:52:19.157 [http-nio-8093-exec-2] INFO  c.z.f.b.c.interceptor.FeignRequestInterceptor - ==> feign请求设置请求头 userId: 100
2025-09-19 16:52:19.261 [http-nio-8093-exec-2] INFO  c.z.x.comment.biz.retry.SendMqRetryHelper - ==> 开始异步发送 MQ, Topic: PublishCommentTopic, Body: {"noteId":1968945300714295362,"content":"哈哈哈","imageUrl":"","commentId":8005,"replyCommentId":null,"createTime":"2025-09-19 16:52:19","creatorId":100}
2025-09-19 16:52:19.268 [http-nio-8093-exec-2] INFO  c.z.f.b.operationlog.aspect.ApiOperationLogAspect - ====== 请求结束: [发布评论], 耗时: 122ms, 出参: {"success":true,"message":null,"errorCode":null,"data":null} =================================== 
2025-09-19 16:52:19.271 [http-nio-8093-exec-2] INFO  c.z.f.b.context.filter.HeaderUserId2ContextFilter - ===== 删除 ThreadLocal， userId: 100
2025-09-19 16:52:19.304 [NettyClientPublicExecutor_7] INFO  c.z.x.comment.biz.retry.SendMqRetryHelper - ==> 【评论发布】MQ 发送成功，SendResult: SendResult [sendStatus=SEND_OK, msgId=7F000001BC6C63947C6B605146C60006, offsetMsgId=0A5B8A2E00002A9F0000000000F34DAD, messageQueue=MessageQueue [topic=PublishCommentTopic, brokerName=broker-a, queueId=2], queueOffset=11]
2025-09-19 16:52:19.312 [ConsumeMessageThread_xiaohongshu_group_PublishCommentTopic_4] INFO  c.z.x.comment.biz.consumer.Comment2DBConsumer - ==> 本批次消息大小: 1
2025-09-19 16:52:19.313 [ConsumeMessageThread_xiaohongshu_group_PublishCommentTopic_4] INFO  c.z.x.comment.biz.consumer.Comment2DBConsumer - ==> Consumer - Received message: {"noteId":1968945300714295362,"content":"哈哈哈","imageUrl":"","commentId":8005,"replyCommentId":null,"createTime":"2025-09-19 16:52:19","creatorId":100}
2025-09-19 16:52:19.322 [ConsumeMessageThread_xiaohongshu_group_PublishCommentTopic_4] INFO  c.z.x.comment.biz.consumer.Comment2DBConsumer - ## 清洗后的 CommentBOS: [{"id":8005,"noteId":1968945300714295362,"userId":100,"contentUuid":"29ee60ed-33c5-48e8-a45e-529152961a05","content":"哈哈哈","isContentEmpty":false,"imageUrl":"","level":1,"replyTotal":0,"likeTotal":0,"parentId":1968945300714295362,"replyCommentId":0,"replyUserId":0,"isTop":false,"createTime":"2025-09-19 16:52:19","updateTime":"2025-09-19 16:52:19"}]
2025-09-19 16:52:19.333 [ConsumeMessageThread_xiaohongshu_group_PublishCommentTopic_4] DEBUG c.z.x.c.b.d.mapper.CommentDOMapper.batchInsert - ==>  Preparing: insert IGNORE into t_comment (id, note_id, user_id, content_uuid, is_content_empty, image_url, `level`, reply_total, like_total, parent_id, reply_comment_id, reply_user_id, is_top, create_time, update_time ) values (?, ?, ?, ?, ? , ?, ?, ?, ?, ? , ?, ?, ?, ?, ?)
2025-09-19 16:52:19.338 [ConsumeMessageThread_xiaohongshu_group_PublishCommentTopic_4] DEBUG c.z.x.c.b.d.mapper.CommentDOMapper.batchInsert - ==> Parameters: 8005(Long), 1968945300714295362(Long), 100(Long), 29ee60ed-33c5-48e8-a45e-529152961a05(String), false(Boolean), (String), 1(Integer), 0(Long), 0(Long), 1968945300714295362(Long), 0(Long), 0(Long), false(Boolean), 2025-09-19T16:52:19(LocalDateTime), 2025-09-19T16:52:19(LocalDateTime)
2025-09-19 16:52:19.357 [ConsumeMessageThread_xiaohongshu_group_PublishCommentTopic_4] DEBUG c.z.x.c.b.d.mapper.CommentDOMapper.batchInsert - <==    Updates: 1
2025-09-19 16:52:19.755 [NettyClientPublicExecutor_8] INFO  c.z.x.comment.biz.consumer.Comment2DBConsumer - ==> 【计数: 评论发布】MQ 发送成功，SendResult: SendResult [sendStatus=SEND_OK, msgId=7F000001BC6C63947C6B605148A50007, offsetMsgId=0A5B8A2E00002A9F0000000000F34F8E, messageQueue=MessageQueue [topic=CountNoteCommentTopic, brokerName=broker-a, queueId=0], queueOffset=7]
2025-09-19 16:52:20.375 [pool-batch-consume-blocking-queue-thread-0] INFO  c.z.x.c.b.c.OneLevelCommentFirstReplyCommentIdUpdateConsumer - ==> 【一级评论 first_reply_comment_id 更新】聚合消息, size: 1
2025-09-19 16:52:20.376 [pool-batch-consume-blocking-queue-thread-0] INFO  c.z.x.c.b.c.OneLevelCommentFirstReplyCommentIdUpdateConsumer - ==> 【一级评论 first_reply_comment_id 更新】聚合消息, ["[{\"noteId\":1968945300714295362,\"commentId\":8005,\"level\":1,\"parentId\":1968945300714295362}]"]
2025-09-19 16:52:20.488 [http-nio-8093-exec-7] INFO  c.z.f.b.context.filter.HeaderUserId2ContextFilter - ## HeaderUserId2ContextFilter, 用户 ID: 100
2025-09-19 16:52:20.489 [http-nio-8093-exec-7] INFO  c.z.f.b.operationlog.aspect.ApiOperationLogAspect - ====== 请求开始: [评论分页查询], 入参: {"noteId":1968945300714295362,"pageNo":1}, 请求类: CommentController, 请求方法: findCommentPageList =================================== 
2025-09-19 16:52:20.497 [http-nio-8093-exec-7] DEBUG c.z.x.c.b.d.mapper.CommentDOMapper.selectPageList - ==>  Preparing: select id, user_id, content_uuid, is_content_empty, image_url, like_total, is_top, create_time, first_reply_comment_id, child_comment_total,heat from t_comment where note_id = ? and level = 1 order by heat desc limit ?, ?
2025-09-19 16:52:20.501 [http-nio-8093-exec-7] DEBUG c.z.x.c.b.d.mapper.CommentDOMapper.selectPageList - ==> Parameters: 1968945300714295362(Long), 0(Long), 10(Long)
2025-09-19 16:52:20.509 [http-nio-8093-exec-7] DEBUG c.z.x.c.b.d.mapper.CommentDOMapper.selectPageList - <==      Total: 1
2025-09-19 16:52:20.510 [NoteExecutor-10] DEBUG c.z.x.c.b.d.m.CommentDOMapper.selectHeatComments - ==>  Preparing: select id, heat from t_comment where note_id = ? and level = 1 order by heat desc limit 500
2025-09-19 16:52:20.510 [NoteExecutor-10] DEBUG c.z.x.c.b.d.m.CommentDOMapper.selectHeatComments - ==> Parameters: 1968945300714295362(Long)
2025-09-19 16:52:20.512 [http-nio-8093-exec-7] INFO  c.z.f.b.c.interceptor.FeignRequestInterceptor - ==> feign请求设置请求头 userId: 100
2025-09-19 16:52:20.513 [NoteExecutor-10] DEBUG c.z.x.c.b.d.m.CommentDOMapper.selectHeatComments - <==      Total: 1
2025-09-19 16:52:20.629 [http-nio-8093-exec-7] INFO  c.z.f.b.c.interceptor.FeignRequestInterceptor - ==> feign请求设置请求头 userId: 100
2025-09-19 16:52:20.642 [http-nio-8093-exec-7] INFO  c.z.f.b.operationlog.aspect.ApiOperationLogAspect - ====== 请求结束: [评论分页查询], 耗时: 153ms, 出参: {"success":true,"message":null,"errorCode":null,"data":[{"commentId":8005,"userId":100,"avatar":"https://my-xiaohongshu-oss.oss-cn-guangzhou.aliyuncs.com/ca709c5d72304bedbcf9ee14e4a3bcb2.jpg","nickname":"稚生","content":"哈哈哈","imageUrl":"","createTime":"0分钟前","likeTotal":0,"childCommentTotal":0,"firstReplyComment":null,"heat":0.0}],"pageNo":1,"totalCount":1,"pageSize":10,"totalPage":1} =================================== 
2025-09-19 16:52:20.644 [http-nio-8093-exec-7] INFO  c.z.f.b.context.filter.HeaderUserId2ContextFilter - ===== 删除 ThreadLocal， userId: 100
2025-09-19 16:52:26.498 [http-nio-8093-exec-6] INFO  c.z.f.b.context.filter.HeaderUserId2ContextFilter - ## HeaderUserId2ContextFilter, 用户 ID: 100
2025-09-19 16:52:26.501 [http-nio-8093-exec-6] INFO  c.z.f.b.operationlog.aspect.ApiOperationLogAspect - ====== 请求开始: [发布评论], 入参: {"noteId":1968945300714295362,"content":"哈哈哈哈","imageUrl":"","replyCommentId":8005}, 请求类: CommentController, 请求方法: publishComment =================================== 
2025-09-19 16:52:26.501 [http-nio-8093-exec-6] INFO  c.z.f.b.c.interceptor.FeignRequestInterceptor - ==> feign请求设置请求头 userId: 100
2025-09-19 16:52:26.507 [http-nio-8093-exec-6] INFO  c.z.x.comment.biz.retry.SendMqRetryHelper - ==> 开始异步发送 MQ, Topic: PublishCommentTopic, Body: {"noteId":1968945300714295362,"content":"哈哈哈哈","imageUrl":"","commentId":8006,"replyCommentId":8005,"createTime":"2025-09-19 16:52:26","creatorId":100}
2025-09-19 16:52:26.508 [http-nio-8093-exec-6] INFO  c.z.f.b.operationlog.aspect.ApiOperationLogAspect - ====== 请求结束: [发布评论], 耗时: 7ms, 出参: {"success":true,"message":null,"errorCode":null,"data":null} =================================== 
2025-09-19 16:52:26.509 [http-nio-8093-exec-6] INFO  c.z.f.b.context.filter.HeaderUserId2ContextFilter - ===== 删除 ThreadLocal， userId: 100
2025-09-19 16:52:26.517 [NettyClientPublicExecutor_9] INFO  c.z.x.comment.biz.retry.SendMqRetryHelper - ==> 【评论发布】MQ 发送成功，SendResult: SendResult [sendStatus=SEND_OK, msgId=7F000001BC6C63947C6B6051630C0008, offsetMsgId=0A5B8A2E00002A9F0000000000F3512F, messageQueue=MessageQueue [topic=PublishCommentTopic, brokerName=broker-a, queueId=3], queueOffset=10]
2025-09-19 16:52:26.518 [ConsumeMessageThread_xiaohongshu_group_PublishCommentTopic_5] INFO  c.z.x.comment.biz.consumer.Comment2DBConsumer - ==> 本批次消息大小: 1
2025-09-19 16:52:26.518 [ConsumeMessageThread_xiaohongshu_group_PublishCommentTopic_5] INFO  c.z.x.comment.biz.consumer.Comment2DBConsumer - ==> Consumer - Received message: {"noteId":1968945300714295362,"content":"哈哈哈哈","imageUrl":"","commentId":8006,"replyCommentId":8005,"createTime":"2025-09-19 16:52:26","creatorId":100}
2025-09-19 16:52:26.519 [ConsumeMessageThread_xiaohongshu_group_PublishCommentTopic_5] DEBUG c.z.x.c.b.d.m.CommentDOMapper.selectByCommentIds - ==>  Preparing: select id, user_id, content_uuid, is_content_empty, image_url, like_total, is_top, create_time, first_reply_comment_id, child_comment_total, level, parent_id, heat,note_id from t_comment where id in ( ? )
2025-09-19 16:52:26.520 [ConsumeMessageThread_xiaohongshu_group_PublishCommentTopic_5] DEBUG c.z.x.c.b.d.m.CommentDOMapper.selectByCommentIds - ==> Parameters: 8005(Long)
2025-09-19 16:52:26.524 [ConsumeMessageThread_xiaohongshu_group_PublishCommentTopic_5] DEBUG c.z.x.c.b.d.m.CommentDOMapper.selectByCommentIds - <==      Total: 1
2025-09-19 16:52:26.545 [ConsumeMessageThread_xiaohongshu_group_PublishCommentTopic_5] INFO  c.z.x.comment.biz.consumer.Comment2DBConsumer - ## 清洗后的 CommentBOS: [{"id":8006,"noteId":1968945300714295362,"userId":100,"contentUuid":"5715d838-a936-4b51-b01f-e10d88dcd570","content":"哈哈哈哈","isContentEmpty":false,"imageUrl":"","level":2,"replyTotal":0,"likeTotal":0,"parentId":8005,"replyCommentId":8005,"replyUserId":100,"isTop":false,"createTime":"2025-09-19 16:52:26","updateTime":"2025-09-19 16:52:26"}]
2025-09-19 16:52:26.546 [ConsumeMessageThread_xiaohongshu_group_PublishCommentTopic_5] DEBUG c.z.x.c.b.d.mapper.CommentDOMapper.batchInsert - ==>  Preparing: insert IGNORE into t_comment (id, note_id, user_id, content_uuid, is_content_empty, image_url, `level`, reply_total, like_total, parent_id, reply_comment_id, reply_user_id, is_top, create_time, update_time ) values (?, ?, ?, ?, ? , ?, ?, ?, ?, ? , ?, ?, ?, ?, ?)
2025-09-19 16:52:26.547 [ConsumeMessageThread_xiaohongshu_group_PublishCommentTopic_5] DEBUG c.z.x.c.b.d.mapper.CommentDOMapper.batchInsert - ==> Parameters: 8006(Long), 1968945300714295362(Long), 100(Long), 5715d838-a936-4b51-b01f-e10d88dcd570(String), false(Boolean), (String), 2(Integer), 0(Long), 0(Long), 8005(Long), 8005(Long), 100(Long), false(Boolean), 2025-09-19T16:52:26(LocalDateTime), 2025-09-19T16:52:26(LocalDateTime)
2025-09-19 16:52:26.550 [ConsumeMessageThread_xiaohongshu_group_PublishCommentTopic_5] DEBUG c.z.x.c.b.d.mapper.CommentDOMapper.batchInsert - <==    Updates: 1
2025-09-19 16:52:26.622 [NettyClientPublicExecutor_10] INFO  c.z.x.comment.biz.consumer.Comment2DBConsumer - ==> 【计数: 评论发布】MQ 发送成功，SendResult: SendResult [sendStatus=SEND_OK, msgId=7F000001BC6C63947C6B605163770009, offsetMsgId=0A5B8A2E00002A9F0000000000F35313, messageQueue=MessageQueue [topic=CountNoteCommentTopic, brokerName=broker-a, queueId=2], queueOffset=7]
2025-09-19 16:52:27.388 [pool-batch-consume-blocking-queue-thread-0] INFO  c.z.x.c.b.c.OneLevelCommentFirstReplyCommentIdUpdateConsumer - ==> 【一级评论 first_reply_comment_id 更新】聚合消息, size: 1
2025-09-19 16:52:27.388 [pool-batch-consume-blocking-queue-thread-0] INFO  c.z.x.c.b.c.OneLevelCommentFirstReplyCommentIdUpdateConsumer - ==> 【一级评论 first_reply_comment_id 更新】聚合消息, ["[{\"noteId\":1968945300714295362,\"commentId\":8006,\"level\":2,\"parentId\":8005}]"]
2025-09-19 16:52:27.409 [pool-batch-consume-blocking-queue-thread-0] DEBUG c.z.x.c.b.d.m.CommentDOMapper.selectByCommentIds - ==>  Preparing: select id, user_id, content_uuid, is_content_empty, image_url, like_total, is_top, create_time, first_reply_comment_id, child_comment_total, level, parent_id, heat,note_id from t_comment where id in ( ? )
2025-09-19 16:52:27.409 [pool-batch-consume-blocking-queue-thread-0] DEBUG c.z.x.c.b.d.m.CommentDOMapper.selectByCommentIds - ==> Parameters: 8005(Long)
2025-09-19 16:52:27.410 [pool-batch-consume-blocking-queue-thread-0] DEBUG c.z.x.c.b.d.m.CommentDOMapper.selectByCommentIds - <==      Total: 1
2025-09-19 16:52:27.422 [pool-batch-consume-blocking-queue-thread-0] DEBUG c.z.x.c.b.d.m.C.selectEarliestByParentId - ==>  Preparing: select id from t_comment where parent_id = ? and level = 2 order by create_time asc limit 1
2025-09-19 16:52:27.425 [pool-batch-consume-blocking-queue-thread-0] DEBUG c.z.x.c.b.d.m.C.selectEarliestByParentId - ==> Parameters: 8005(Long)
2025-09-19 16:52:27.428 [pool-batch-consume-blocking-queue-thread-0] DEBUG c.z.x.c.b.d.m.C.selectEarliestByParentId - <==      Total: 1
2025-09-19 16:52:27.431 [pool-batch-consume-blocking-queue-thread-0] DEBUG c.z.x.c.b.d.m.C.updateFirstReplyCommentIdByPrimaryKey - ==>  Preparing: update t_comment set first_reply_comment_id = ? where id = ?
2025-09-19 16:52:27.457 [pool-batch-consume-blocking-queue-thread-0] DEBUG c.z.x.c.b.d.m.C.updateFirstReplyCommentIdByPrimaryKey - ==> Parameters: 8006(Long), 8005(Long)
2025-09-19 16:52:27.463 [pool-batch-consume-blocking-queue-thread-0] DEBUG c.z.x.c.b.d.m.C.updateFirstReplyCommentIdByPrimaryKey - <==    Updates: 1
2025-09-19 16:52:29.321 [pool-batch-consume-blocking-queue-thread-0] INFO  c.z.x.c.biz.consumer.CommentHeatUpdateConsumer - ==> 【评论热度值计算】聚合消息, size: 1
2025-09-19 16:52:29.322 [pool-batch-consume-blocking-queue-thread-0] INFO  c.z.x.c.biz.consumer.CommentHeatUpdateConsumer - ==> 【评论热度值计算】聚合消息, ["[8005]"]
2025-09-19 16:52:29.405 [pool-batch-consume-blocking-queue-thread-0] INFO  c.z.x.c.biz.consumer.CommentHeatUpdateConsumer - ==> 去重后的评论 ID: [8005]
2025-09-19 16:52:29.406 [pool-batch-consume-blocking-queue-thread-0] DEBUG c.z.x.c.b.d.m.CommentDOMapper.selectByCommentIds - ==>  Preparing: select id, user_id, content_uuid, is_content_empty, image_url, like_total, is_top, create_time, first_reply_comment_id, child_comment_total, level, parent_id, heat,note_id from t_comment where id in ( ? )
2025-09-19 16:52:29.407 [pool-batch-consume-blocking-queue-thread-0] DEBUG c.z.x.c.b.d.m.CommentDOMapper.selectByCommentIds - ==> Parameters: 8005(Long)
2025-09-19 16:52:29.411 [pool-batch-consume-blocking-queue-thread-0] DEBUG c.z.x.c.b.d.m.CommentDOMapper.selectByCommentIds - <==      Total: 1
2025-09-19 16:52:29.437 [pool-batch-consume-blocking-queue-thread-0] DEBUG c.z.x.c.b.d.m.C.batchUpdateHeatByCommentIds - ==>  Preparing: UPDATE t_comment SET heat = CASE id WHEN ? THEN ? ELSE heat END WHERE id IN ( ? )
2025-09-19 16:52:29.444 [pool-batch-consume-blocking-queue-thread-0] DEBUG c.z.x.c.b.d.m.C.batchUpdateHeatByCommentIds - ==> Parameters: 8005(Long), 0.3(Double), 8005(Long)
2025-09-19 16:52:29.447 [pool-batch-consume-blocking-queue-thread-0] DEBUG c.z.x.c.b.d.m.C.batchUpdateHeatByCommentIds - <==    Updates: 1
2025-09-19 16:52:29.645 [http-nio-8093-exec-4] INFO  c.z.f.b.context.filter.HeaderUserId2ContextFilter - ## HeaderUserId2ContextFilter, 用户 ID: 100
2025-09-19 16:52:29.647 [http-nio-8093-exec-4] INFO  c.z.f.b.operationlog.aspect.ApiOperationLogAspect - ====== 请求开始: [评论分页查询], 入参: {"noteId":1968945300714295362,"pageNo":1}, 请求类: CommentController, 请求方法: findCommentPageList =================================== 
2025-09-19 16:52:29.666 [http-nio-8093-exec-4] DEBUG c.z.x.c.b.d.m.C.selectCommentCountByIds - ==>  Preparing: select id, child_comment_total, like_total, level from t_comment where id in ( ? )
2025-09-19 16:52:29.667 [http-nio-8093-exec-4] DEBUG c.z.x.c.b.d.m.C.selectCommentCountByIds - ==> Parameters: 8005(Long)
2025-09-19 16:52:29.670 [http-nio-8093-exec-4] DEBUG c.z.x.c.b.d.m.C.selectCommentCountByIds - <==      Total: 1
2025-09-19 16:52:29.671 [http-nio-8093-exec-4] INFO  c.z.f.b.operationlog.aspect.ApiOperationLogAspect - ====== 请求结束: [评论分页查询], 耗时: 24ms, 出参: {"success":true,"message":null,"errorCode":null,"data":[{"commentId":8005,"userId":100,"avatar":"https://my-xiaohongshu-oss.oss-cn-guangzhou.aliyuncs.com/ca709c5d72304bedbcf9ee14e4a3bcb2.jpg","nickname":"稚生","content":"哈哈哈","imageUrl":"","createTime":"0分钟前","likeTotal":0,"childCommentTotal":1,"firstReplyComment":null,"heat":0.0}],"pageNo":1,"totalCount":2,"pageSize":10,"totalPage":1} =================================== 
2025-09-19 16:52:29.672 [http-nio-8093-exec-4] INFO  c.z.f.b.context.filter.HeaderUserId2ContextFilter - ===== 删除 ThreadLocal， userId: 100
2025-09-19 16:52:31.539 [http-nio-8093-exec-8] INFO  c.z.f.b.context.filter.HeaderUserId2ContextFilter - ## HeaderUserId2ContextFilter, 用户 ID: 100
2025-09-19 16:52:31.541 [http-nio-8093-exec-8] INFO  c.z.f.b.operationlog.aspect.ApiOperationLogAspect - ====== 请求开始: [评论分页查询], 入参: {"noteId":1968945300714295362,"pageNo":1}, 请求类: CommentController, 请求方法: findCommentPageList =================================== 
2025-09-19 16:52:31.554 [http-nio-8093-exec-8] INFO  c.z.f.b.operationlog.aspect.ApiOperationLogAspect - ====== 请求结束: [评论分页查询], 耗时: 14ms, 出参: {"success":true,"message":null,"errorCode":null,"data":[{"commentId":8005,"userId":100,"avatar":"https://my-xiaohongshu-oss.oss-cn-guangzhou.aliyuncs.com/ca709c5d72304bedbcf9ee14e4a3bcb2.jpg","nickname":"稚生","content":"哈哈哈","imageUrl":"","createTime":"0分钟前","likeTotal":0,"childCommentTotal":1,"firstReplyComment":null,"heat":0.0}],"pageNo":1,"totalCount":2,"pageSize":10,"totalPage":1} =================================== 
2025-09-19 16:52:31.555 [http-nio-8093-exec-8] INFO  c.z.f.b.context.filter.HeaderUserId2ContextFilter - ===== 删除 ThreadLocal， userId: 100
2025-09-19 16:52:33.302 [http-nio-8093-exec-9] INFO  c.z.f.b.context.filter.HeaderUserId2ContextFilter - ## HeaderUserId2ContextFilter, 用户 ID: 100
2025-09-19 16:52:33.303 [http-nio-8093-exec-9] INFO  c.z.f.b.operationlog.aspect.ApiOperationLogAspect - ====== 请求开始: [评论分页查询], 入参: {"noteId":1968945300714295362,"pageNo":1}, 请求类: CommentController, 请求方法: findCommentPageList =================================== 
2025-09-19 16:52:33.318 [http-nio-8093-exec-9] INFO  c.z.f.b.operationlog.aspect.ApiOperationLogAspect - ====== 请求结束: [评论分页查询], 耗时: 15ms, 出参: {"success":true,"message":null,"errorCode":null,"data":[{"commentId":8005,"userId":100,"avatar":"https://my-xiaohongshu-oss.oss-cn-guangzhou.aliyuncs.com/ca709c5d72304bedbcf9ee14e4a3bcb2.jpg","nickname":"稚生","content":"哈哈哈","imageUrl":"","createTime":"0分钟前","likeTotal":0,"childCommentTotal":1,"firstReplyComment":null,"heat":0.0}],"pageNo":1,"totalCount":2,"pageSize":10,"totalPage":1} =================================== 
2025-09-19 16:52:33.319 [http-nio-8093-exec-9] INFO  c.z.f.b.context.filter.HeaderUserId2ContextFilter - ===== 删除 ThreadLocal， userId: 100
2025-09-19 16:53:03.105 [http-nio-8093-exec-10] INFO  c.z.f.b.context.filter.HeaderUserId2ContextFilter - ## HeaderUserId2ContextFilter, 用户 ID: 100
2025-09-19 16:53:03.107 [http-nio-8093-exec-10] INFO  c.z.f.b.operationlog.aspect.ApiOperationLogAspect - ====== 请求开始: [发布评论], 入参: {"noteId":1968945300714295362,"content":"哈哈哈哈哈","imageUrl":"","replyCommentId":8005}, 请求类: CommentController, 请求方法: publishComment =================================== 
2025-09-19 16:53:03.108 [http-nio-8093-exec-10] INFO  c.z.f.b.c.interceptor.FeignRequestInterceptor - ==> feign请求设置请求头 userId: 100
2025-09-19 16:53:03.115 [http-nio-8093-exec-10] INFO  c.z.x.comment.biz.retry.SendMqRetryHelper - ==> 开始异步发送 MQ, Topic: PublishCommentTopic, Body: {"noteId":1968945300714295362,"content":"哈哈哈哈哈","imageUrl":"","commentId":8007,"replyCommentId":8005,"createTime":"2025-09-19 16:53:03","creatorId":100}
2025-09-19 16:53:03.116 [http-nio-8093-exec-10] INFO  c.z.f.b.operationlog.aspect.ApiOperationLogAspect - ====== 请求结束: [发布评论], 耗时: 9ms, 出参: {"success":true,"message":null,"errorCode":null,"data":null} =================================== 
2025-09-19 16:53:03.117 [http-nio-8093-exec-10] INFO  c.z.f.b.context.filter.HeaderUserId2ContextFilter - ===== 删除 ThreadLocal， userId: 100
2025-09-19 16:53:03.125 [NettyClientPublicExecutor_11] INFO  c.z.x.comment.biz.retry.SendMqRetryHelper - ==> 【评论发布】MQ 发送成功，SendResult: SendResult [sendStatus=SEND_OK, msgId=7F000001BC6C63947C6B6051F20D000A, offsetMsgId=0A5B8A2E00002A9F0000000000F355F3, messageQueue=MessageQueue [topic=PublishCommentTopic, brokerName=broker-a, queueId=2], queueOffset=12]
2025-09-19 16:53:03.129 [ConsumeMessageThread_xiaohongshu_group_PublishCommentTopic_6] INFO  c.z.x.comment.biz.consumer.Comment2DBConsumer - ==> 本批次消息大小: 1
2025-09-19 16:53:03.129 [ConsumeMessageThread_xiaohongshu_group_PublishCommentTopic_6] INFO  c.z.x.comment.biz.consumer.Comment2DBConsumer - ==> Consumer - Received message: {"noteId":1968945300714295362,"content":"哈哈哈哈哈","imageUrl":"","commentId":8007,"replyCommentId":8005,"createTime":"2025-09-19 16:53:03","creatorId":100}
2025-09-19 16:53:03.130 [ConsumeMessageThread_xiaohongshu_group_PublishCommentTopic_6] DEBUG c.z.x.c.b.d.m.CommentDOMapper.selectByCommentIds - ==>  Preparing: select id, user_id, content_uuid, is_content_empty, image_url, like_total, is_top, create_time, first_reply_comment_id, child_comment_total, level, parent_id, heat,note_id from t_comment where id in ( ? )
2025-09-19 16:53:03.131 [ConsumeMessageThread_xiaohongshu_group_PublishCommentTopic_6] DEBUG c.z.x.c.b.d.m.CommentDOMapper.selectByCommentIds - ==> Parameters: 8005(Long)
2025-09-19 16:53:03.133 [ConsumeMessageThread_xiaohongshu_group_PublishCommentTopic_6] DEBUG c.z.x.c.b.d.m.CommentDOMapper.selectByCommentIds - <==      Total: 1
2025-09-19 16:53:03.133 [ConsumeMessageThread_xiaohongshu_group_PublishCommentTopic_6] INFO  c.z.x.comment.biz.consumer.Comment2DBConsumer - ## 清洗后的 CommentBOS: [{"id":8007,"noteId":1968945300714295362,"userId":100,"contentUuid":"f8a683bd-ec88-4380-b097-2d9cbc3d693e","content":"哈哈哈哈哈","isContentEmpty":false,"imageUrl":"","level":2,"replyTotal":0,"likeTotal":0,"parentId":8005,"replyCommentId":8005,"replyUserId":100,"isTop":false,"createTime":"2025-09-19 16:53:03","updateTime":"2025-09-19 16:53:03"}]
2025-09-19 16:53:03.135 [ConsumeMessageThread_xiaohongshu_group_PublishCommentTopic_6] DEBUG c.z.x.c.b.d.mapper.CommentDOMapper.batchInsert - ==>  Preparing: insert IGNORE into t_comment (id, note_id, user_id, content_uuid, is_content_empty, image_url, `level`, reply_total, like_total, parent_id, reply_comment_id, reply_user_id, is_top, create_time, update_time ) values (?, ?, ?, ?, ? , ?, ?, ?, ?, ? , ?, ?, ?, ?, ?)
2025-09-19 16:53:03.137 [ConsumeMessageThread_xiaohongshu_group_PublishCommentTopic_6] DEBUG c.z.x.c.b.d.mapper.CommentDOMapper.batchInsert - ==> Parameters: 8007(Long), 1968945300714295362(Long), 100(Long), f8a683bd-ec88-4380-b097-2d9cbc3d693e(String), false(Boolean), (String), 2(Integer), 0(Long), 0(Long), 8005(Long), 8005(Long), 100(Long), false(Boolean), 2025-09-19T16:53:03(LocalDateTime), 2025-09-19T16:53:03(LocalDateTime)
2025-09-19 16:53:03.139 [ConsumeMessageThread_xiaohongshu_group_PublishCommentTopic_6] DEBUG c.z.x.c.b.d.mapper.CommentDOMapper.batchInsert - <==    Updates: 1
2025-09-19 16:53:03.194 [NettyClientPublicExecutor_12] INFO  c.z.x.comment.biz.consumer.Comment2DBConsumer - ==> 【计数: 评论发布】MQ 发送成功，SendResult: SendResult [sendStatus=SEND_OK, msgId=7F000001BC6C63947C6B6051F255000B, offsetMsgId=0A5B8A2E00002A9F0000000000F357DA, messageQueue=MessageQueue [topic=CountNoteCommentTopic, brokerName=broker-a, queueId=0], queueOffset=8]
2025-09-19 16:53:03.523 [pool-batch-consume-blocking-queue-thread-0] INFO  c.z.x.c.biz.consumer.CommentHeatUpdateConsumer - ==> 【评论热度值计算】聚合消息, size: 1
2025-09-19 16:53:03.523 [pool-batch-consume-blocking-queue-thread-0] INFO  c.z.x.c.biz.consumer.CommentHeatUpdateConsumer - ==> 【评论热度值计算】聚合消息, ["[8005]"]
2025-09-19 16:53:03.523 [pool-batch-consume-blocking-queue-thread-0] INFO  c.z.x.c.biz.consumer.CommentHeatUpdateConsumer - ==> 去重后的评论 ID: [8005]
2025-09-19 16:53:03.525 [pool-batch-consume-blocking-queue-thread-0] DEBUG c.z.x.c.b.d.m.CommentDOMapper.selectByCommentIds - ==>  Preparing: select id, user_id, content_uuid, is_content_empty, image_url, like_total, is_top, create_time, first_reply_comment_id, child_comment_total, level, parent_id, heat,note_id from t_comment where id in ( ? )
2025-09-19 16:53:03.526 [pool-batch-consume-blocking-queue-thread-0] DEBUG c.z.x.c.b.d.m.CommentDOMapper.selectByCommentIds - ==> Parameters: 8005(Long)
2025-09-19 16:53:03.529 [pool-batch-consume-blocking-queue-thread-0] DEBUG c.z.x.c.b.d.m.CommentDOMapper.selectByCommentIds - <==      Total: 1
2025-09-19 16:53:03.531 [pool-batch-consume-blocking-queue-thread-0] DEBUG c.z.x.c.b.d.m.C.batchUpdateHeatByCommentIds - ==>  Preparing: UPDATE t_comment SET heat = CASE id WHEN ? THEN ? ELSE heat END WHERE id IN ( ? )
2025-09-19 16:53:03.532 [pool-batch-consume-blocking-queue-thread-0] DEBUG c.z.x.c.b.d.m.C.batchUpdateHeatByCommentIds - ==> Parameters: 8005(Long), 0.6(Double), 8005(Long)
2025-09-19 16:53:03.539 [pool-batch-consume-blocking-queue-thread-0] DEBUG c.z.x.c.b.d.m.C.batchUpdateHeatByCommentIds - <==    Updates: 1
2025-09-19 16:53:03.541 [pool-batch-consume-blocking-queue-thread-0] INFO  c.z.x.c.b.c.OneLevelCommentFirstReplyCommentIdUpdateConsumer - ==> 【一级评论 first_reply_comment_id 更新】聚合消息, size: 1
2025-09-19 16:53:03.541 [pool-batch-consume-blocking-queue-thread-0] INFO  c.z.x.c.b.c.OneLevelCommentFirstReplyCommentIdUpdateConsumer - ==> 【一级评论 first_reply_comment_id 更新】聚合消息, ["[{\"noteId\":1968945300714295362,\"commentId\":8007,\"level\":2,\"parentId\":8005}]"]
2025-09-19 16:53:25.376 [http-nio-8093-exec-1] INFO  c.z.f.b.context.filter.HeaderUserId2ContextFilter - ## HeaderUserId2ContextFilter, 用户 ID: 100
2025-09-19 16:53:25.378 [http-nio-8093-exec-1] INFO  c.z.f.b.operationlog.aspect.ApiOperationLogAspect - ====== 请求开始: [评论分页查询], 入参: {"noteId":1968945300714295362,"pageNo":1}, 请求类: CommentController, 请求方法: findCommentPageList =================================== 
2025-09-19 16:53:25.395 [http-nio-8093-exec-1] INFO  c.z.f.b.operationlog.aspect.ApiOperationLogAspect - ====== 请求结束: [评论分页查询], 耗时: 17ms, 出参: {"success":true,"message":null,"errorCode":null,"data":[{"commentId":8005,"userId":100,"avatar":"https://my-xiaohongshu-oss.oss-cn-guangzhou.aliyuncs.com/ca709c5d72304bedbcf9ee14e4a3bcb2.jpg","nickname":"稚生","content":"哈哈哈","imageUrl":"","createTime":"0分钟前","likeTotal":0,"childCommentTotal":2,"firstReplyComment":null,"heat":0.0}],"pageNo":1,"totalCount":3,"pageSize":10,"totalPage":1} =================================== 
2025-09-19 16:53:25.396 [http-nio-8093-exec-1] INFO  c.z.f.b.context.filter.HeaderUserId2ContextFilter - ===== 删除 ThreadLocal， userId: 100
2025-09-19 16:53:26.970 [http-nio-8093-exec-5] INFO  c.z.f.b.context.filter.HeaderUserId2ContextFilter - ## HeaderUserId2ContextFilter, 用户 ID: 100
2025-09-19 16:53:27.024 [http-nio-8093-exec-5] INFO  c.z.f.b.operationlog.aspect.ApiOperationLogAspect - ====== 请求开始: [二级评论分页查询], 入参: {"parentCommentId":8005,"pageNo":1}, 请求类: CommentController, 请求方法: findChildCommentPageList =================================== 
2025-09-19 16:53:27.030 [http-nio-8093-exec-5] DEBUG c.z.x.c.b.d.m.CommentDOMapper.selectChildPageList - ==>  Preparing: select id, user_id, note_id, content_uuid, is_content_empty, image_url, like_total, create_time, reply_user_id, parent_id, reply_comment_id from t_comment where parent_id = ? and level = 2 order by id asc limit ?, ?
2025-09-19 16:53:27.031 [NoteExecutor-5] DEBUG c.z.x.c.b.d.m.C.selectChildCommentsByParentIdAndLimit - ==>  Preparing: select id, create_time from t_comment where parent_id = ? and level = 2 order by create_time asc limit ?
2025-09-19 16:53:27.031 [http-nio-8093-exec-5] DEBUG c.z.x.c.b.d.m.CommentDOMapper.selectChildPageList - ==> Parameters: 8005(Long), 1(Long), 6(Long)
2025-09-19 16:53:27.031 [NoteExecutor-5] DEBUG c.z.x.c.b.d.m.C.selectChildCommentsByParentIdAndLimit - ==> Parameters: 8005(Long), 60(Integer)
2025-09-19 16:53:27.032 [http-nio-8093-exec-5] DEBUG c.z.x.c.b.d.m.CommentDOMapper.selectChildPageList - <==      Total: 1
2025-09-19 16:53:27.033 [NoteExecutor-5] DEBUG c.z.x.c.b.d.m.C.selectChildCommentsByParentIdAndLimit - <==      Total: 2
2025-09-19 16:53:27.040 [http-nio-8093-exec-5] INFO  c.z.f.b.c.interceptor.FeignRequestInterceptor - ==> feign请求设置请求头 userId: 100
2025-09-19 16:53:27.058 [http-nio-8093-exec-5] INFO  c.z.f.b.c.interceptor.FeignRequestInterceptor - ==> feign请求设置请求头 userId: 100
2025-09-19 16:53:27.078 [http-nio-8093-exec-5] INFO  c.z.f.b.operationlog.aspect.ApiOperationLogAspect - ====== 请求结束: [二级评论分页查询], 耗时: 53ms, 出参: {"success":true,"message":null,"errorCode":null,"data":[{"commentId":8007,"userId":100,"avatar":"https://my-xiaohongshu-oss.oss-cn-guangzhou.aliyuncs.com/ca709c5d72304bedbcf9ee14e4a3bcb2.jpg","nickname":"稚生","content":"哈哈哈哈哈","imageUrl":"","createTime":"0分钟前","likeTotal":0,"replyUserName":null,"replyUserId":null}],"pageNo":1,"totalCount":2,"pageSize":6,"totalPage":1} =================================== 
2025-09-19 16:53:27.079 [http-nio-8093-exec-5] INFO  c.z.f.b.context.filter.HeaderUserId2ContextFilter - ===== 删除 ThreadLocal， userId: 100
2025-09-19 16:53:37.264 [http-nio-8093-exec-3] INFO  c.z.f.b.context.filter.HeaderUserId2ContextFilter - ## HeaderUserId2ContextFilter, 用户 ID: 100
2025-09-19 16:53:37.266 [http-nio-8093-exec-3] INFO  c.z.f.b.operationlog.aspect.ApiOperationLogAspect - ====== 请求开始: [发布评论], 入参: {"noteId":1968945300714295362,"content":"哈哈哈哈哈哈哈哈","imageUrl":"","replyCommentId":8007}, 请求类: CommentController, 请求方法: publishComment =================================== 
2025-09-19 16:53:37.266 [http-nio-8093-exec-3] INFO  c.z.f.b.c.interceptor.FeignRequestInterceptor - ==> feign请求设置请求头 userId: 100
2025-09-19 16:53:37.273 [http-nio-8093-exec-3] INFO  c.z.x.comment.biz.retry.SendMqRetryHelper - ==> 开始异步发送 MQ, Topic: PublishCommentTopic, Body: {"noteId":1968945300714295362,"content":"哈哈哈哈哈哈哈哈","imageUrl":"","commentId":8008,"replyCommentId":8007,"createTime":"2025-09-19 16:53:37","creatorId":100}
2025-09-19 16:53:37.274 [http-nio-8093-exec-3] INFO  c.z.f.b.operationlog.aspect.ApiOperationLogAspect - ====== 请求结束: [发布评论], 耗时: 9ms, 出参: {"success":true,"message":null,"errorCode":null,"data":null} =================================== 
2025-09-19 16:53:37.275 [http-nio-8093-exec-3] INFO  c.z.f.b.context.filter.HeaderUserId2ContextFilter - ===== 删除 ThreadLocal， userId: 100
2025-09-19 16:53:37.281 [NettyClientPublicExecutor_13] INFO  c.z.x.comment.biz.retry.SendMqRetryHelper - ==> 【评论发布】MQ 发送成功，SendResult: SendResult [sendStatus=SEND_OK, msgId=7F000001BC6C63947C6B6052777B000C, offsetMsgId=0A5B8A2E00002A9F0000000000F35ABA, messageQueue=MessageQueue [topic=PublishCommentTopic, brokerName=broker-a, queueId=0], queueOffset=10]
2025-09-19 16:53:37.283 [ConsumeMessageThread_xiaohongshu_group_PublishCommentTopic_7] INFO  c.z.x.comment.biz.consumer.Comment2DBConsumer - ==> 本批次消息大小: 1
2025-09-19 16:53:37.283 [ConsumeMessageThread_xiaohongshu_group_PublishCommentTopic_7] INFO  c.z.x.comment.biz.consumer.Comment2DBConsumer - ==> Consumer - Received message: {"noteId":1968945300714295362,"content":"哈哈哈哈哈哈哈哈","imageUrl":"","commentId":8008,"replyCommentId":8007,"createTime":"2025-09-19 16:53:37","creatorId":100}
2025-09-19 16:53:37.284 [ConsumeMessageThread_xiaohongshu_group_PublishCommentTopic_7] DEBUG c.z.x.c.b.d.m.CommentDOMapper.selectByCommentIds - ==>  Preparing: select id, user_id, content_uuid, is_content_empty, image_url, like_total, is_top, create_time, first_reply_comment_id, child_comment_total, level, parent_id, heat,note_id from t_comment where id in ( ? )
2025-09-19 16:53:37.285 [ConsumeMessageThread_xiaohongshu_group_PublishCommentTopic_7] DEBUG c.z.x.c.b.d.m.CommentDOMapper.selectByCommentIds - ==> Parameters: 8007(Long)
2025-09-19 16:53:37.288 [ConsumeMessageThread_xiaohongshu_group_PublishCommentTopic_7] DEBUG c.z.x.c.b.d.m.CommentDOMapper.selectByCommentIds - <==      Total: 1
2025-09-19 16:53:37.289 [ConsumeMessageThread_xiaohongshu_group_PublishCommentTopic_7] INFO  c.z.x.comment.biz.consumer.Comment2DBConsumer - ## 清洗后的 CommentBOS: [{"id":8008,"noteId":1968945300714295362,"userId":100,"contentUuid":"b6509f40-8371-4b6b-94b6-fdb4f3bd43f1","content":"哈哈哈哈哈哈哈哈","isContentEmpty":false,"imageUrl":"","level":2,"replyTotal":0,"likeTotal":0,"parentId":8005,"replyCommentId":8007,"replyUserId":100,"isTop":false,"createTime":"2025-09-19 16:53:37","updateTime":"2025-09-19 16:53:37"}]
2025-09-19 16:53:37.292 [ConsumeMessageThread_xiaohongshu_group_PublishCommentTopic_7] DEBUG c.z.x.c.b.d.mapper.CommentDOMapper.batchInsert - ==>  Preparing: insert IGNORE into t_comment (id, note_id, user_id, content_uuid, is_content_empty, image_url, `level`, reply_total, like_total, parent_id, reply_comment_id, reply_user_id, is_top, create_time, update_time ) values (?, ?, ?, ?, ? , ?, ?, ?, ?, ? , ?, ?, ?, ?, ?)
2025-09-19 16:53:37.293 [ConsumeMessageThread_xiaohongshu_group_PublishCommentTopic_7] DEBUG c.z.x.c.b.d.mapper.CommentDOMapper.batchInsert - ==> Parameters: 8008(Long), 1968945300714295362(Long), 100(Long), b6509f40-8371-4b6b-94b6-fdb4f3bd43f1(String), false(Boolean), (String), 2(Integer), 0(Long), 0(Long), 8005(Long), 8007(Long), 100(Long), false(Boolean), 2025-09-19T16:53:37(LocalDateTime), 2025-09-19T16:53:37(LocalDateTime)
2025-09-19 16:53:37.296 [ConsumeMessageThread_xiaohongshu_group_PublishCommentTopic_7] DEBUG c.z.x.c.b.d.mapper.CommentDOMapper.batchInsert - <==    Updates: 1
2025-09-19 16:53:37.333 [NettyClientPublicExecutor_14] INFO  c.z.x.comment.biz.consumer.Comment2DBConsumer - ==> 【计数: 评论发布】MQ 发送成功，SendResult: SendResult [sendStatus=SEND_OK, msgId=7F000001BC6C63947C6B605277AD000D, offsetMsgId=0A5B8A2E00002A9F0000000000F35CAA, messageQueue=MessageQueue [topic=CountNoteCommentTopic, brokerName=broker-a, queueId=2], queueOffset=8]
2025-09-19 16:53:37.639 [pool-batch-consume-blocking-queue-thread-0] INFO  c.z.x.c.biz.consumer.CommentHeatUpdateConsumer - ==> 【评论热度值计算】聚合消息, size: 1
2025-09-19 16:53:37.639 [pool-batch-consume-blocking-queue-thread-0] INFO  c.z.x.c.biz.consumer.CommentHeatUpdateConsumer - ==> 【评论热度值计算】聚合消息, ["[8005]"]
2025-09-19 16:53:37.639 [pool-batch-consume-blocking-queue-thread-0] INFO  c.z.x.c.biz.consumer.CommentHeatUpdateConsumer - ==> 去重后的评论 ID: [8005]
2025-09-19 16:53:37.639 [pool-batch-consume-blocking-queue-thread-0] DEBUG c.z.x.c.b.d.m.CommentDOMapper.selectByCommentIds - ==>  Preparing: select id, user_id, content_uuid, is_content_empty, image_url, like_total, is_top, create_time, first_reply_comment_id, child_comment_total, level, parent_id, heat,note_id from t_comment where id in ( ? )
2025-09-19 16:53:37.642 [pool-batch-consume-blocking-queue-thread-0] DEBUG c.z.x.c.b.d.m.CommentDOMapper.selectByCommentIds - ==> Parameters: 8005(Long)
2025-09-19 16:53:37.646 [pool-batch-consume-blocking-queue-thread-0] DEBUG c.z.x.c.b.d.m.CommentDOMapper.selectByCommentIds - <==      Total: 1
2025-09-19 16:53:37.647 [pool-batch-consume-blocking-queue-thread-0] DEBUG c.z.x.c.b.d.m.C.batchUpdateHeatByCommentIds - ==>  Preparing: UPDATE t_comment SET heat = CASE id WHEN ? THEN ? ELSE heat END WHERE id IN ( ? )
2025-09-19 16:53:37.648 [pool-batch-consume-blocking-queue-thread-0] DEBUG c.z.x.c.b.d.m.C.batchUpdateHeatByCommentIds - ==> Parameters: 8005(Long), 0.9(Double), 8005(Long)
2025-09-19 16:53:37.653 [pool-batch-consume-blocking-queue-thread-0] DEBUG c.z.x.c.b.d.m.C.batchUpdateHeatByCommentIds - <==    Updates: 1
2025-09-19 16:53:37.733 [pool-batch-consume-blocking-queue-thread-0] INFO  c.z.x.c.b.c.OneLevelCommentFirstReplyCommentIdUpdateConsumer - ==> 【一级评论 first_reply_comment_id 更新】聚合消息, size: 1
2025-09-19 16:53:37.733 [pool-batch-consume-blocking-queue-thread-0] INFO  c.z.x.c.b.c.OneLevelCommentFirstReplyCommentIdUpdateConsumer - ==> 【一级评论 first_reply_comment_id 更新】聚合消息, ["[{\"noteId\":1968945300714295362,\"commentId\":8008,\"level\":2,\"parentId\":8005}]"]
2025-09-19 16:53:50.698 [http-nio-8093-exec-2] INFO  c.z.f.b.context.filter.HeaderUserId2ContextFilter - ## HeaderUserId2ContextFilter, 用户 ID: 100
2025-09-19 16:53:50.700 [http-nio-8093-exec-2] INFO  c.z.f.b.operationlog.aspect.ApiOperationLogAspect - ====== 请求开始: [评论分页查询], 入参: {"noteId":1968945300714295362,"pageNo":1}, 请求类: CommentController, 请求方法: findCommentPageList =================================== 
2025-09-19 16:53:50.717 [http-nio-8093-exec-2] INFO  c.z.f.b.operationlog.aspect.ApiOperationLogAspect - ====== 请求结束: [评论分页查询], 耗时: 17ms, 出参: {"success":true,"message":null,"errorCode":null,"data":[{"commentId":8005,"userId":100,"avatar":"https://my-xiaohongshu-oss.oss-cn-guangzhou.aliyuncs.com/ca709c5d72304bedbcf9ee14e4a3bcb2.jpg","nickname":"稚生","content":"哈哈哈","imageUrl":"","createTime":"0分钟前","likeTotal":0,"childCommentTotal":3,"firstReplyComment":null,"heat":0.0}],"pageNo":1,"totalCount":4,"pageSize":10,"totalPage":1} =================================== 
2025-09-19 16:53:50.718 [http-nio-8093-exec-2] INFO  c.z.f.b.context.filter.HeaderUserId2ContextFilter - ===== 删除 ThreadLocal， userId: 100
2025-09-19 16:53:52.252 [http-nio-8093-exec-7] INFO  c.z.f.b.context.filter.HeaderUserId2ContextFilter - ## HeaderUserId2ContextFilter, 用户 ID: 100
2025-09-19 16:53:52.253 [http-nio-8093-exec-7] INFO  c.z.f.b.operationlog.aspect.ApiOperationLogAspect - ====== 请求开始: [二级评论分页查询], 入参: {"parentCommentId":8005,"pageNo":1}, 请求类: CommentController, 请求方法: findChildCommentPageList =================================== 
2025-09-19 16:53:52.280 [http-nio-8093-exec-7] DEBUG c.z.x.c.b.d.m.C.selectCommentCountByIds - ==>  Preparing: select id, child_comment_total, like_total, level from t_comment where id in ( ? )
2025-09-19 16:53:52.280 [http-nio-8093-exec-7] DEBUG c.z.x.c.b.d.m.C.selectCommentCountByIds - ==> Parameters: 8007(Long)
2025-09-19 16:53:52.282 [http-nio-8093-exec-7] DEBUG c.z.x.c.b.d.m.C.selectCommentCountByIds - <==      Total: 1
2025-09-19 16:53:52.284 [http-nio-8093-exec-7] INFO  c.z.f.b.operationlog.aspect.ApiOperationLogAspect - ====== 请求结束: [二级评论分页查询], 耗时: 31ms, 出参: {"success":true,"message":null,"errorCode":null,"data":[{"commentId":8007,"userId":100,"avatar":"https://my-xiaohongshu-oss.oss-cn-guangzhou.aliyuncs.com/ca709c5d72304bedbcf9ee14e4a3bcb2.jpg","nickname":"稚生","content":"哈哈哈哈哈","imageUrl":"","createTime":"0分钟前","likeTotal":0,"replyUserName":null,"replyUserId":null}],"pageNo":1,"totalCount":3,"pageSize":6,"totalPage":1} =================================== 
2025-09-19 16:53:52.285 [http-nio-8093-exec-7] INFO  c.z.f.b.context.filter.HeaderUserId2ContextFilter - ===== 删除 ThreadLocal， userId: 100
2025-09-19 16:53:55.823 [http-nio-8093-exec-6] INFO  c.z.f.b.context.filter.HeaderUserId2ContextFilter - ## HeaderUserId2ContextFilter, 用户 ID: 100
2025-09-19 16:53:55.825 [http-nio-8093-exec-6] INFO  c.z.f.b.operationlog.aspect.ApiOperationLogAspect - ====== 请求开始: [评论分页查询], 入参: {"noteId":1968945300714295362,"pageNo":1}, 请求类: CommentController, 请求方法: findCommentPageList =================================== 
2025-09-19 16:53:55.839 [http-nio-8093-exec-6] INFO  c.z.f.b.operationlog.aspect.ApiOperationLogAspect - ====== 请求结束: [评论分页查询], 耗时: 13ms, 出参: {"success":true,"message":null,"errorCode":null,"data":[{"commentId":8005,"userId":100,"avatar":"https://my-xiaohongshu-oss.oss-cn-guangzhou.aliyuncs.com/ca709c5d72304bedbcf9ee14e4a3bcb2.jpg","nickname":"稚生","content":"哈哈哈","imageUrl":"","createTime":"0分钟前","likeTotal":0,"childCommentTotal":3,"firstReplyComment":null,"heat":0.0}],"pageNo":1,"totalCount":4,"pageSize":10,"totalPage":1} =================================== 
2025-09-19 16:53:55.840 [http-nio-8093-exec-6] INFO  c.z.f.b.context.filter.HeaderUserId2ContextFilter - ===== 删除 ThreadLocal， userId: 100
2025-09-19 16:53:56.981 [http-nio-8093-exec-4] INFO  c.z.f.b.context.filter.HeaderUserId2ContextFilter - ## HeaderUserId2ContextFilter, 用户 ID: 100
2025-09-19 16:53:56.983 [http-nio-8093-exec-4] INFO  c.z.f.b.operationlog.aspect.ApiOperationLogAspect - ====== 请求开始: [二级评论分页查询], 入参: {"parentCommentId":8005,"pageNo":1}, 请求类: CommentController, 请求方法: findChildCommentPageList =================================== 
2025-09-19 16:53:57.000 [http-nio-8093-exec-4] INFO  c.z.f.b.operationlog.aspect.ApiOperationLogAspect - ====== 请求结束: [二级评论分页查询], 耗时: 17ms, 出参: {"success":true,"message":null,"errorCode":null,"data":[{"commentId":8007,"userId":100,"avatar":"https://my-xiaohongshu-oss.oss-cn-guangzhou.aliyuncs.com/ca709c5d72304bedbcf9ee14e4a3bcb2.jpg","nickname":"稚生","content":"哈哈哈哈哈","imageUrl":"","createTime":"0分钟前","likeTotal":0,"replyUserName":null,"replyUserId":null}],"pageNo":1,"totalCount":3,"pageSize":6,"totalPage":1} =================================== 
2025-09-19 16:53:57.001 [http-nio-8093-exec-4] INFO  c.z.f.b.context.filter.HeaderUserId2ContextFilter - ===== 删除 ThreadLocal， userId: 100
2025-09-19 16:54:07.124 [http-nio-8093-exec-8] INFO  c.z.f.b.context.filter.HeaderUserId2ContextFilter - ## HeaderUserId2ContextFilter, 用户 ID: 100
2025-09-19 16:54:07.125 [http-nio-8093-exec-8] INFO  c.z.f.b.operationlog.aspect.ApiOperationLogAspect - ====== 请求开始: [发布评论], 入参: {"noteId":1968945300714295362,"content":"这是什么","imageUrl":"","replyCommentId":8007}, 请求类: CommentController, 请求方法: publishComment =================================== 
2025-09-19 16:54:07.126 [http-nio-8093-exec-8] INFO  c.z.f.b.c.interceptor.FeignRequestInterceptor - ==> feign请求设置请求头 userId: 100
2025-09-19 16:54:07.136 [http-nio-8093-exec-8] INFO  c.z.x.comment.biz.retry.SendMqRetryHelper - ==> 开始异步发送 MQ, Topic: PublishCommentTopic, Body: {"noteId":1968945300714295362,"content":"这是什么","imageUrl":"","commentId":8009,"replyCommentId":8007,"createTime":"2025-09-19 16:54:07","creatorId":100}
2025-09-19 16:54:07.136 [http-nio-8093-exec-8] INFO  c.z.f.b.operationlog.aspect.ApiOperationLogAspect - ====== 请求结束: [发布评论], 耗时: 11ms, 出参: {"success":true,"message":null,"errorCode":null,"data":null} =================================== 
2025-09-19 16:54:07.137 [http-nio-8093-exec-8] INFO  c.z.f.b.context.filter.HeaderUserId2ContextFilter - ===== 删除 ThreadLocal， userId: 100
2025-09-19 16:54:07.144 [NettyClientPublicExecutor_15] INFO  c.z.x.comment.biz.retry.SendMqRetryHelper - ==> 【评论发布】MQ 发送成功，SendResult: SendResult [sendStatus=SEND_OK, msgId=7F000001BC6C63947C6B6052EC20000E, offsetMsgId=0A5B8A2E00002A9F0000000000F35F8A, messageQueue=MessageQueue [topic=PublishCommentTopic, brokerName=broker-a, queueId=2], queueOffset=13]
2025-09-19 16:54:07.147 [ConsumeMessageThread_xiaohongshu_group_PublishCommentTopic_8] INFO  c.z.x.comment.biz.consumer.Comment2DBConsumer - ==> 本批次消息大小: 1
2025-09-19 16:54:07.147 [ConsumeMessageThread_xiaohongshu_group_PublishCommentTopic_8] INFO  c.z.x.comment.biz.consumer.Comment2DBConsumer - ==> Consumer - Received message: {"noteId":1968945300714295362,"content":"这是什么","imageUrl":"","commentId":8009,"replyCommentId":8007,"createTime":"2025-09-19 16:54:07","creatorId":100}
2025-09-19 16:54:07.148 [ConsumeMessageThread_xiaohongshu_group_PublishCommentTopic_8] DEBUG c.z.x.c.b.d.m.CommentDOMapper.selectByCommentIds - ==>  Preparing: select id, user_id, content_uuid, is_content_empty, image_url, like_total, is_top, create_time, first_reply_comment_id, child_comment_total, level, parent_id, heat,note_id from t_comment where id in ( ? )
2025-09-19 16:54:07.149 [ConsumeMessageThread_xiaohongshu_group_PublishCommentTopic_8] DEBUG c.z.x.c.b.d.m.CommentDOMapper.selectByCommentIds - ==> Parameters: 8007(Long)
2025-09-19 16:54:07.156 [ConsumeMessageThread_xiaohongshu_group_PublishCommentTopic_8] DEBUG c.z.x.c.b.d.m.CommentDOMapper.selectByCommentIds - <==      Total: 1
2025-09-19 16:54:07.157 [ConsumeMessageThread_xiaohongshu_group_PublishCommentTopic_8] INFO  c.z.x.comment.biz.consumer.Comment2DBConsumer - ## 清洗后的 CommentBOS: [{"id":8009,"noteId":1968945300714295362,"userId":100,"contentUuid":"33c07b44-211f-4d0b-9973-990eb025ff7f","content":"这是什么","isContentEmpty":false,"imageUrl":"","level":2,"replyTotal":0,"likeTotal":0,"parentId":8005,"replyCommentId":8007,"replyUserId":100,"isTop":false,"createTime":"2025-09-19 16:54:07","updateTime":"2025-09-19 16:54:07"}]
2025-09-19 16:54:07.160 [ConsumeMessageThread_xiaohongshu_group_PublishCommentTopic_8] DEBUG c.z.x.c.b.d.mapper.CommentDOMapper.batchInsert - ==>  Preparing: insert IGNORE into t_comment (id, note_id, user_id, content_uuid, is_content_empty, image_url, `level`, reply_total, like_total, parent_id, reply_comment_id, reply_user_id, is_top, create_time, update_time ) values (?, ?, ?, ?, ? , ?, ?, ?, ?, ? , ?, ?, ?, ?, ?)
2025-09-19 16:54:07.175 [ConsumeMessageThread_xiaohongshu_group_PublishCommentTopic_8] DEBUG c.z.x.c.b.d.mapper.CommentDOMapper.batchInsert - ==> Parameters: 8009(Long), 1968945300714295362(Long), 100(Long), 33c07b44-211f-4d0b-9973-990eb025ff7f(String), false(Boolean), (String), 2(Integer), 0(Long), 0(Long), 8005(Long), 8007(Long), 100(Long), false(Boolean), 2025-09-19T16:54:07(LocalDateTime), 2025-09-19T16:54:07(LocalDateTime)
2025-09-19 16:54:07.177 [ConsumeMessageThread_xiaohongshu_group_PublishCommentTopic_8] DEBUG c.z.x.c.b.d.mapper.CommentDOMapper.batchInsert - <==    Updates: 1
2025-09-19 16:54:07.207 [NettyClientPublicExecutor_16] INFO  c.z.x.comment.biz.consumer.Comment2DBConsumer - ==> 【计数: 评论发布】MQ 发送成功，SendResult: SendResult [sendStatus=SEND_OK, msgId=7F000001BC6C63947C6B6052EC62000F, offsetMsgId=0A5B8A2E00002A9F0000000000F3616E, messageQueue=MessageQueue [topic=CountNoteCommentTopic, brokerName=broker-a, queueId=0], queueOffset=9]
2025-09-19 16:54:07.957 [pool-batch-consume-blocking-queue-thread-0] INFO  c.z.x.c.b.c.OneLevelCommentFirstReplyCommentIdUpdateConsumer - ==> 【一级评论 first_reply_comment_id 更新】聚合消息, size: 1
2025-09-19 16:54:07.957 [pool-batch-consume-blocking-queue-thread-0] INFO  c.z.x.c.b.c.OneLevelCommentFirstReplyCommentIdUpdateConsumer - ==> 【一级评论 first_reply_comment_id 更新】聚合消息, ["[{\"noteId\":1968945300714295362,\"commentId\":8009,\"level\":2,\"parentId\":8005}]"]
2025-09-19 16:54:09.722 [pool-batch-consume-blocking-queue-thread-0] INFO  c.z.x.c.biz.consumer.CommentHeatUpdateConsumer - ==> 【评论热度值计算】聚合消息, size: 1
2025-09-19 16:54:09.722 [pool-batch-consume-blocking-queue-thread-0] INFO  c.z.x.c.biz.consumer.CommentHeatUpdateConsumer - ==> 【评论热度值计算】聚合消息, ["[8005]"]
2025-09-19 16:54:09.722 [pool-batch-consume-blocking-queue-thread-0] INFO  c.z.x.c.biz.consumer.CommentHeatUpdateConsumer - ==> 去重后的评论 ID: [8005]
2025-09-19 16:54:09.723 [pool-batch-consume-blocking-queue-thread-0] DEBUG c.z.x.c.b.d.m.CommentDOMapper.selectByCommentIds - ==>  Preparing: select id, user_id, content_uuid, is_content_empty, image_url, like_total, is_top, create_time, first_reply_comment_id, child_comment_total, level, parent_id, heat,note_id from t_comment where id in ( ? )
2025-09-19 16:54:09.725 [pool-batch-consume-blocking-queue-thread-0] DEBUG c.z.x.c.b.d.m.CommentDOMapper.selectByCommentIds - ==> Parameters: 8005(Long)
2025-09-19 16:54:09.731 [pool-batch-consume-blocking-queue-thread-0] DEBUG c.z.x.c.b.d.m.CommentDOMapper.selectByCommentIds - <==      Total: 1
2025-09-19 16:54:09.732 [pool-batch-consume-blocking-queue-thread-0] DEBUG c.z.x.c.b.d.m.C.batchUpdateHeatByCommentIds - ==>  Preparing: UPDATE t_comment SET heat = CASE id WHEN ? THEN ? ELSE heat END WHERE id IN ( ? )
2025-09-19 16:54:09.732 [pool-batch-consume-blocking-queue-thread-0] DEBUG c.z.x.c.b.d.m.C.batchUpdateHeatByCommentIds - ==> Parameters: 8005(Long), 1.2(Double), 8005(Long)
2025-09-19 16:54:09.737 [pool-batch-consume-blocking-queue-thread-0] DEBUG c.z.x.c.b.d.m.C.batchUpdateHeatByCommentIds - <==    Updates: 1
2025-09-19 16:54:29.869 [http-nio-8093-exec-9] INFO  c.z.f.b.context.filter.HeaderUserId2ContextFilter - ## HeaderUserId2ContextFilter, 用户 ID: 100
2025-09-19 16:54:29.871 [http-nio-8093-exec-9] INFO  c.z.f.b.operationlog.aspect.ApiOperationLogAspect - ====== 请求开始: [评论分页查询], 入参: {"noteId":1968945300714295362,"pageNo":1}, 请求类: CommentController, 请求方法: findCommentPageList =================================== 
2025-09-19 16:54:29.883 [http-nio-8093-exec-9] INFO  c.z.f.b.operationlog.aspect.ApiOperationLogAspect - ====== 请求结束: [评论分页查询], 耗时: 11ms, 出参: {"success":true,"message":null,"errorCode":null,"data":[{"commentId":8005,"userId":100,"avatar":"https://my-xiaohongshu-oss.oss-cn-guangzhou.aliyuncs.com/ca709c5d72304bedbcf9ee14e4a3bcb2.jpg","nickname":"稚生","content":"哈哈哈","imageUrl":"","createTime":"0分钟前","likeTotal":0,"childCommentTotal":4,"firstReplyComment":null,"heat":0.0}],"pageNo":1,"totalCount":5,"pageSize":10,"totalPage":1} =================================== 
2025-09-19 16:54:29.883 [http-nio-8093-exec-9] INFO  c.z.f.b.context.filter.HeaderUserId2ContextFilter - ===== 删除 ThreadLocal， userId: 100
2025-09-19 16:54:31.009 [http-nio-8093-exec-10] INFO  c.z.f.b.context.filter.HeaderUserId2ContextFilter - ## HeaderUserId2ContextFilter, 用户 ID: 100
2025-09-19 16:54:31.009 [http-nio-8093-exec-10] INFO  c.z.f.b.operationlog.aspect.ApiOperationLogAspect - ====== 请求开始: [二级评论分页查询], 入参: {"parentCommentId":8005,"pageNo":1}, 请求类: CommentController, 请求方法: findChildCommentPageList =================================== 
2025-09-19 16:54:31.021 [http-nio-8093-exec-10] INFO  c.z.f.b.operationlog.aspect.ApiOperationLogAspect - ====== 请求结束: [二级评论分页查询], 耗时: 12ms, 出参: {"success":true,"message":null,"errorCode":null,"data":[{"commentId":8007,"userId":100,"avatar":"https://my-xiaohongshu-oss.oss-cn-guangzhou.aliyuncs.com/ca709c5d72304bedbcf9ee14e4a3bcb2.jpg","nickname":"稚生","content":"哈哈哈哈哈","imageUrl":"","createTime":"0分钟前","likeTotal":0,"replyUserName":null,"replyUserId":null}],"pageNo":1,"totalCount":4,"pageSize":6,"totalPage":1} =================================== 
2025-09-19 16:54:31.022 [http-nio-8093-exec-10] INFO  c.z.f.b.context.filter.HeaderUserId2ContextFilter - ===== 删除 ThreadLocal， userId: 100
2025-09-19 16:54:35.094 [http-nio-8093-exec-1] INFO  c.z.f.b.context.filter.HeaderUserId2ContextFilter - ## HeaderUserId2ContextFilter, 用户 ID: 100
2025-09-19 16:54:35.097 [http-nio-8093-exec-1] INFO  c.z.f.b.operationlog.aspect.ApiOperationLogAspect - ====== 请求开始: [评论分页查询], 入参: {"noteId":1968945300714295362,"pageNo":1}, 请求类: CommentController, 请求方法: findCommentPageList =================================== 
2025-09-19 16:54:35.112 [http-nio-8093-exec-1] INFO  c.z.f.b.operationlog.aspect.ApiOperationLogAspect - ====== 请求结束: [评论分页查询], 耗时: 15ms, 出参: {"success":true,"message":null,"errorCode":null,"data":[{"commentId":8005,"userId":100,"avatar":"https://my-xiaohongshu-oss.oss-cn-guangzhou.aliyuncs.com/ca709c5d72304bedbcf9ee14e4a3bcb2.jpg","nickname":"稚生","content":"哈哈哈","imageUrl":"","createTime":"0分钟前","likeTotal":0,"childCommentTotal":4,"firstReplyComment":null,"heat":0.0}],"pageNo":1,"totalCount":5,"pageSize":10,"totalPage":1} =================================== 
2025-09-19 16:54:35.113 [http-nio-8093-exec-1] INFO  c.z.f.b.context.filter.HeaderUserId2ContextFilter - ===== 删除 ThreadLocal， userId: 100
2025-09-19 16:54:35.825 [http-nio-8093-exec-5] INFO  c.z.f.b.context.filter.HeaderUserId2ContextFilter - ## HeaderUserId2ContextFilter, 用户 ID: 100
2025-09-19 16:54:35.826 [http-nio-8093-exec-5] INFO  c.z.f.b.operationlog.aspect.ApiOperationLogAspect - ====== 请求开始: [二级评论分页查询], 入参: {"parentCommentId":8005,"pageNo":1}, 请求类: CommentController, 请求方法: findChildCommentPageList =================================== 
2025-09-19 16:54:35.838 [http-nio-8093-exec-5] INFO  c.z.f.b.operationlog.aspect.ApiOperationLogAspect - ====== 请求结束: [二级评论分页查询], 耗时: 12ms, 出参: {"success":true,"message":null,"errorCode":null,"data":[{"commentId":8007,"userId":100,"avatar":"https://my-xiaohongshu-oss.oss-cn-guangzhou.aliyuncs.com/ca709c5d72304bedbcf9ee14e4a3bcb2.jpg","nickname":"稚生","content":"哈哈哈哈哈","imageUrl":"","createTime":"0分钟前","likeTotal":0,"replyUserName":null,"replyUserId":null}],"pageNo":1,"totalCount":4,"pageSize":6,"totalPage":1} =================================== 
2025-09-19 16:54:35.840 [http-nio-8093-exec-5] INFO  c.z.f.b.context.filter.HeaderUserId2ContextFilter - ===== 删除 ThreadLocal， userId: 100
2025-09-19 16:54:56.283 [http-nio-8093-exec-3] INFO  c.z.f.b.context.filter.HeaderUserId2ContextFilter - ## HeaderUserId2ContextFilter, 用户 ID: 100
2025-09-19 16:54:56.286 [http-nio-8093-exec-3] INFO  c.z.f.b.operationlog.aspect.ApiOperationLogAspect - ====== 请求开始: [评论分页查询], 入参: {"noteId":1968945300714295362,"pageNo":1}, 请求类: CommentController, 请求方法: findCommentPageList =================================== 
2025-09-19 16:54:56.301 [http-nio-8093-exec-3] INFO  c.z.f.b.operationlog.aspect.ApiOperationLogAspect - ====== 请求结束: [评论分页查询], 耗时: 15ms, 出参: {"success":true,"message":null,"errorCode":null,"data":[{"commentId":8005,"userId":100,"avatar":"https://my-xiaohongshu-oss.oss-cn-guangzhou.aliyuncs.com/ca709c5d72304bedbcf9ee14e4a3bcb2.jpg","nickname":"稚生","content":"哈哈哈","imageUrl":"","createTime":"0分钟前","likeTotal":0,"childCommentTotal":4,"firstReplyComment":null,"heat":0.0}],"pageNo":1,"totalCount":5,"pageSize":10,"totalPage":1} =================================== 
2025-09-19 16:54:56.302 [http-nio-8093-exec-3] INFO  c.z.f.b.context.filter.HeaderUserId2ContextFilter - ===== 删除 ThreadLocal， userId: 100
2025-09-19 16:55:01.187 [http-nio-8093-exec-2] INFO  c.z.f.b.context.filter.HeaderUserId2ContextFilter - ## HeaderUserId2ContextFilter, 用户 ID: 100
2025-09-19 16:55:01.189 [http-nio-8093-exec-2] INFO  c.z.f.b.operationlog.aspect.ApiOperationLogAspect - ====== 请求开始: [二级评论分页查询], 入参: {"parentCommentId":8005,"pageNo":1}, 请求类: CommentController, 请求方法: findChildCommentPageList =================================== 
2025-09-19 16:55:01.201 [http-nio-8093-exec-2] INFO  c.z.f.b.operationlog.aspect.ApiOperationLogAspect - ====== 请求结束: [二级评论分页查询], 耗时: 12ms, 出参: {"success":true,"message":null,"errorCode":null,"data":[{"commentId":8007,"userId":100,"avatar":"https://my-xiaohongshu-oss.oss-cn-guangzhou.aliyuncs.com/ca709c5d72304bedbcf9ee14e4a3bcb2.jpg","nickname":"稚生","content":"哈哈哈哈哈","imageUrl":"","createTime":"0分钟前","likeTotal":0,"replyUserName":null,"replyUserId":null}],"pageNo":1,"totalCount":4,"pageSize":6,"totalPage":1} =================================== 
2025-09-19 16:55:01.202 [http-nio-8093-exec-2] INFO  c.z.f.b.context.filter.HeaderUserId2ContextFilter - ===== 删除 ThreadLocal， userId: 100
2025-09-19 16:55:38.789 [http-nio-8093-exec-7] INFO  c.z.f.b.context.filter.HeaderUserId2ContextFilter - ## HeaderUserId2ContextFilter, 用户 ID: 100
2025-09-19 16:55:38.791 [http-nio-8093-exec-7] INFO  c.z.f.b.operationlog.aspect.ApiOperationLogAspect - ====== 请求开始: [评论分页查询], 入参: {"noteId":1968957166329008196,"pageNo":1}, 请求类: CommentController, 请求方法: findCommentPageList =================================== 
2025-09-19 16:55:38.795 [http-nio-8093-exec-7] DEBUG c.z.x.c.b.d.m.N.selectCommentTotalByNoteId - ==>  Preparing: select comment_total from t_note_count where note_id = ?
2025-09-19 16:55:38.796 [http-nio-8093-exec-7] DEBUG c.z.x.c.b.d.m.N.selectCommentTotalByNoteId - ==> Parameters: 1968957166329008196(Long)
2025-09-19 16:55:38.797 [http-nio-8093-exec-7] DEBUG c.z.x.c.b.d.m.N.selectCommentTotalByNoteId - <==      Total: 0
2025-09-19 16:55:38.797 [http-nio-8093-exec-7] WARN  c.z.x.comment.biz.exception.GlobalExceptionHandler - /comment/list request fail, errorCode: COMMENT-20001, errorMessage: 此评论不存在
2025-09-19 16:55:38.799 [http-nio-8093-exec-7] INFO  c.z.f.b.context.filter.HeaderUserId2ContextFilter - ===== 删除 ThreadLocal， userId: 100
2025-09-19 16:55:40.356 [http-nio-8093-exec-6] INFO  c.z.f.b.context.filter.HeaderUserId2ContextFilter - ## HeaderUserId2ContextFilter, 用户 ID: 100
2025-09-19 16:55:40.358 [http-nio-8093-exec-6] INFO  c.z.f.b.operationlog.aspect.ApiOperationLogAspect - ====== 请求开始: [评论分页查询], 入参: {"noteId":1968945300714295362,"pageNo":1}, 请求类: CommentController, 请求方法: findCommentPageList =================================== 
2025-09-19 16:55:40.374 [http-nio-8093-exec-6] INFO  c.z.f.b.operationlog.aspect.ApiOperationLogAspect - ====== 请求结束: [评论分页查询], 耗时: 16ms, 出参: {"success":true,"message":null,"errorCode":null,"data":[{"commentId":8005,"userId":100,"avatar":"https://my-xiaohongshu-oss.oss-cn-guangzhou.aliyuncs.com/ca709c5d72304bedbcf9ee14e4a3bcb2.jpg","nickname":"稚生","content":"哈哈哈","imageUrl":"","createTime":"0分钟前","likeTotal":0,"childCommentTotal":4,"firstReplyComment":null,"heat":0.0}],"pageNo":1,"totalCount":5,"pageSize":10,"totalPage":1} =================================== 
2025-09-19 16:55:40.376 [http-nio-8093-exec-6] INFO  c.z.f.b.context.filter.HeaderUserId2ContextFilter - ===== 删除 ThreadLocal， userId: 100
2025-09-19 16:55:44.156 [http-nio-8093-exec-4] INFO  c.z.f.b.context.filter.HeaderUserId2ContextFilter - ## HeaderUserId2ContextFilter, 用户 ID: 100
2025-09-19 16:55:44.159 [http-nio-8093-exec-4] INFO  c.z.f.b.operationlog.aspect.ApiOperationLogAspect - ====== 请求开始: [评论分页查询], 入参: {"noteId":1968940587423895639,"pageNo":1}, 请求类: CommentController, 请求方法: findCommentPageList =================================== 
2025-09-19 16:55:44.161 [http-nio-8093-exec-4] INFO  c.z.f.b.operationlog.aspect.ApiOperationLogAspect - ====== 请求结束: [评论分页查询], 耗时: 2ms, 出参: {"success":true,"message":null,"errorCode":null,"data":null,"pageNo":1,"totalCount":0,"pageSize":10,"totalPage":0} =================================== 
2025-09-19 16:55:44.161 [http-nio-8093-exec-4] INFO  c.z.f.b.context.filter.HeaderUserId2ContextFilter - ===== 删除 ThreadLocal， userId: 100
2025-09-19 16:55:46.153 [http-nio-8093-exec-8] INFO  c.z.f.b.context.filter.HeaderUserId2ContextFilter - ## HeaderUserId2ContextFilter, 用户 ID: 100
2025-09-19 16:55:46.155 [http-nio-8093-exec-8] INFO  c.z.f.b.operationlog.aspect.ApiOperationLogAspect - ====== 请求开始: [评论分页查询], 入参: {"noteId":1968945300714295362,"pageNo":1}, 请求类: CommentController, 请求方法: findCommentPageList =================================== 
2025-09-19 16:55:46.169 [http-nio-8093-exec-8] INFO  c.z.f.b.operationlog.aspect.ApiOperationLogAspect - ====== 请求结束: [评论分页查询], 耗时: 14ms, 出参: {"success":true,"message":null,"errorCode":null,"data":[{"commentId":8005,"userId":100,"avatar":"https://my-xiaohongshu-oss.oss-cn-guangzhou.aliyuncs.com/ca709c5d72304bedbcf9ee14e4a3bcb2.jpg","nickname":"稚生","content":"哈哈哈","imageUrl":"","createTime":"0分钟前","likeTotal":0,"childCommentTotal":4,"firstReplyComment":null,"heat":0.0}],"pageNo":1,"totalCount":5,"pageSize":10,"totalPage":1} =================================== 
2025-09-19 16:55:46.171 [http-nio-8093-exec-8] INFO  c.z.f.b.context.filter.HeaderUserId2ContextFilter - ===== 删除 ThreadLocal， userId: 100
2025-09-19 16:56:50.653 [http-nio-8093-exec-10] INFO  c.z.f.b.context.filter.HeaderUserId2ContextFilter - ## HeaderUserId2ContextFilter, 用户 ID: 100
2025-09-19 16:56:50.654 [http-nio-8093-exec-10] INFO  c.z.f.b.operationlog.aspect.ApiOperationLogAspect - ====== 请求开始: [评论分页查询], 入参: {"noteId":1968940587423895639,"pageNo":1}, 请求类: CommentController, 请求方法: findCommentPageList =================================== 
2025-09-19 16:56:50.657 [http-nio-8093-exec-10] INFO  c.z.f.b.operationlog.aspect.ApiOperationLogAspect - ====== 请求结束: [评论分页查询], 耗时: 3ms, 出参: {"success":true,"message":null,"errorCode":null,"data":null,"pageNo":1,"totalCount":0,"pageSize":10,"totalPage":0} =================================== 
2025-09-19 16:56:50.658 [http-nio-8093-exec-10] INFO  c.z.f.b.context.filter.HeaderUserId2ContextFilter - ===== 删除 ThreadLocal， userId: 100
2025-09-19 16:56:56.428 [http-nio-8093-exec-1] INFO  c.z.f.b.context.filter.HeaderUserId2ContextFilter - ## HeaderUserId2ContextFilter, 用户 ID: 100
2025-09-19 16:56:56.430 [http-nio-8093-exec-1] INFO  c.z.f.b.operationlog.aspect.ApiOperationLogAspect - ====== 请求开始: [评论分页查询], 入参: {"noteId":1968945300714295362,"pageNo":1}, 请求类: CommentController, 请求方法: findCommentPageList =================================== 
2025-09-19 16:56:56.446 [http-nio-8093-exec-1] INFO  c.z.f.b.operationlog.aspect.ApiOperationLogAspect - ====== 请求结束: [评论分页查询], 耗时: 16ms, 出参: {"success":true,"message":null,"errorCode":null,"data":[{"commentId":8005,"userId":100,"avatar":"https://my-xiaohongshu-oss.oss-cn-guangzhou.aliyuncs.com/ca709c5d72304bedbcf9ee14e4a3bcb2.jpg","nickname":"稚生","content":"哈哈哈","imageUrl":"","createTime":"0分钟前","likeTotal":0,"childCommentTotal":4,"firstReplyComment":null,"heat":0.0}],"pageNo":1,"totalCount":5,"pageSize":10,"totalPage":1} =================================== 
2025-09-19 16:56:56.448 [http-nio-8093-exec-1] INFO  c.z.f.b.context.filter.HeaderUserId2ContextFilter - ===== 删除 ThreadLocal， userId: 100
2025-09-19 16:57:17.465 [http-nio-8093-exec-5] INFO  c.z.f.b.context.filter.HeaderUserId2ContextFilter - ## HeaderUserId2ContextFilter, 用户 ID: 100
2025-09-19 16:57:17.467 [http-nio-8093-exec-5] INFO  c.z.f.b.operationlog.aspect.ApiOperationLogAspect - ====== 请求开始: [评论分页查询], 入参: {"noteId":1968945300714295362,"pageNo":1}, 请求类: CommentController, 请求方法: findCommentPageList =================================== 
2025-09-19 16:57:17.485 [http-nio-8093-exec-5] INFO  c.z.f.b.operationlog.aspect.ApiOperationLogAspect - ====== 请求结束: [评论分页查询], 耗时: 18ms, 出参: {"success":true,"message":null,"errorCode":null,"data":[{"commentId":8005,"userId":100,"avatar":"https://my-xiaohongshu-oss.oss-cn-guangzhou.aliyuncs.com/ca709c5d72304bedbcf9ee14e4a3bcb2.jpg","nickname":"稚生","content":"哈哈哈","imageUrl":"","createTime":"0分钟前","likeTotal":0,"childCommentTotal":4,"firstReplyComment":null,"heat":0.0}],"pageNo":1,"totalCount":5,"pageSize":10,"totalPage":1} =================================== 
2025-09-19 16:57:17.486 [http-nio-8093-exec-5] INFO  c.z.f.b.context.filter.HeaderUserId2ContextFilter - ===== 删除 ThreadLocal， userId: 100
2025-09-19 16:57:37.988 [http-nio-8093-exec-3] INFO  c.z.f.b.context.filter.HeaderUserId2ContextFilter - ## HeaderUserId2ContextFilter, 用户 ID: 100
2025-09-19 16:57:37.990 [http-nio-8093-exec-3] INFO  c.z.f.b.operationlog.aspect.ApiOperationLogAspect - ====== 请求开始: [评论分页查询], 入参: {"noteId":1968945300714295362,"pageNo":1}, 请求类: CommentController, 请求方法: findCommentPageList =================================== 
2025-09-19 16:57:38.004 [http-nio-8093-exec-3] INFO  c.z.f.b.operationlog.aspect.ApiOperationLogAspect - ====== 请求结束: [评论分页查询], 耗时: 14ms, 出参: {"success":true,"message":null,"errorCode":null,"data":[{"commentId":8005,"userId":100,"avatar":"https://my-xiaohongshu-oss.oss-cn-guangzhou.aliyuncs.com/ca709c5d72304bedbcf9ee14e4a3bcb2.jpg","nickname":"稚生","content":"哈哈哈","imageUrl":"","createTime":"0分钟前","likeTotal":0,"childCommentTotal":4,"firstReplyComment":null,"heat":0.0}],"pageNo":1,"totalCount":5,"pageSize":10,"totalPage":1} =================================== 
2025-09-19 16:57:38.005 [http-nio-8093-exec-3] INFO  c.z.f.b.context.filter.HeaderUserId2ContextFilter - ===== 删除 ThreadLocal， userId: 100
2025-09-19 16:59:13.116 [http-nio-8093-exec-7] INFO  c.z.f.b.context.filter.HeaderUserId2ContextFilter - ## HeaderUserId2ContextFilter, 用户 ID: 100
2025-09-19 16:59:13.118 [http-nio-8093-exec-7] INFO  c.z.f.b.operationlog.aspect.ApiOperationLogAspect - ====== 请求开始: [二级评论分页查询], 入参: {"parentCommentId":8005,"pageNo":1}, 请求类: CommentController, 请求方法: findChildCommentPageList =================================== 
2025-09-19 16:59:13.130 [http-nio-8093-exec-7] INFO  c.z.f.b.operationlog.aspect.ApiOperationLogAspect - ====== 请求结束: [二级评论分页查询], 耗时: 13ms, 出参: {"success":true,"message":null,"errorCode":null,"data":[{"commentId":8007,"userId":100,"avatar":"https://my-xiaohongshu-oss.oss-cn-guangzhou.aliyuncs.com/ca709c5d72304bedbcf9ee14e4a3bcb2.jpg","nickname":"稚生","content":"哈哈哈哈哈","imageUrl":"","createTime":"0分钟前","likeTotal":0,"replyUserName":null,"replyUserId":null}],"pageNo":1,"totalCount":4,"pageSize":6,"totalPage":1} =================================== 
2025-09-19 16:59:13.131 [http-nio-8093-exec-7] INFO  c.z.f.b.context.filter.HeaderUserId2ContextFilter - ===== 删除 ThreadLocal， userId: 100
2025-09-19 17:05:58.491 [http-nio-8093-exec-4] INFO  c.z.f.b.context.filter.HeaderUserId2ContextFilter - ## HeaderUserId2ContextFilter, 用户 ID: null
2025-09-19 17:05:58.492 [http-nio-8093-exec-4] INFO  c.z.f.b.operationlog.aspect.ApiOperationLogAspect - ====== 请求开始: [二级评论分页查询], 入参: {"parentCommentId":8005,"pageNo":1}, 请求类: CommentController, 请求方法: findChildCommentPageList =================================== 
2025-09-19 17:05:58.517 [http-nio-8093-exec-4] INFO  c.z.f.b.operationlog.aspect.ApiOperationLogAspect - ====== 请求结束: [二级评论分页查询], 耗时: 15ms, 出参: {"success":true,"message":null,"errorCode":null,"data":[{"commentId":8007,"userId":100,"avatar":"https://my-xiaohongshu-oss.oss-cn-guangzhou.aliyuncs.com/ca709c5d72304bedbcf9ee14e4a3bcb2.jpg","nickname":"稚生","content":"哈哈哈哈哈","imageUrl":"","createTime":"0分钟前","likeTotal":0,"replyUserName":null,"replyUserId":null}],"pageNo":1,"totalCount":4,"pageSize":6,"totalPage":1} =================================== 
2025-09-19 17:06:41.466 [http-nio-8093-exec-8] INFO  c.z.f.b.context.filter.HeaderUserId2ContextFilter - ## HeaderUserId2ContextFilter, 用户 ID: null
2025-09-19 17:06:41.467 [http-nio-8093-exec-8] INFO  c.z.f.b.operationlog.aspect.ApiOperationLogAspect - ====== 请求开始: [二级评论分页查询], 入参: {"parentCommentId":8007,"pageNo":1}, 请求类: CommentController, 请求方法: findChildCommentPageList =================================== 
2025-09-19 17:06:41.478 [http-nio-8093-exec-8] DEBUG c.z.x.c.b.d.m.C.selectChildCommentTotalById - ==>  Preparing: select child_comment_total from t_comment where id = ? and level = 1
2025-09-19 17:06:41.484 [http-nio-8093-exec-8] DEBUG c.z.x.c.b.d.m.C.selectChildCommentTotalById - ==> Parameters: 8007(Long)
2025-09-19 17:06:41.487 [http-nio-8093-exec-8] DEBUG c.z.x.c.b.d.m.C.selectChildCommentTotalById - <==      Total: 0
2025-09-19 17:06:41.489 [http-nio-8093-exec-8] WARN  c.z.x.comment.biz.exception.GlobalExceptionHandler - /comment/child/list request fail, errorCode: COMMENT-20000, errorMessage: 此父评论不存在
2025-09-19 17:07:03.336 [http-nio-8093-exec-9] INFO  c.z.f.b.context.filter.HeaderUserId2ContextFilter - ## HeaderUserId2ContextFilter, 用户 ID: 100
2025-09-19 17:07:03.337 [http-nio-8093-exec-9] INFO  c.z.f.b.operationlog.aspect.ApiOperationLogAspect - ====== 请求开始: [二级评论分页查询], 入参: {"parentCommentId":8006,"pageNo":1}, 请求类: CommentController, 请求方法: findChildCommentPageList =================================== 
2025-09-19 17:07:03.339 [http-nio-8093-exec-9] DEBUG c.z.x.c.b.d.m.C.selectChildCommentTotalById - ==>  Preparing: select child_comment_total from t_comment where id = ? and level = 1
2025-09-19 17:07:03.340 [http-nio-8093-exec-9] DEBUG c.z.x.c.b.d.m.C.selectChildCommentTotalById - ==> Parameters: 8006(Long)
2025-09-19 17:07:03.341 [http-nio-8093-exec-9] DEBUG c.z.x.c.b.d.m.C.selectChildCommentTotalById - <==      Total: 0
2025-09-19 17:07:03.341 [http-nio-8093-exec-9] WARN  c.z.x.comment.biz.exception.GlobalExceptionHandler - /comment/child/list request fail, errorCode: COMMENT-20000, errorMessage: 此父评论不存在
2025-09-19 17:07:03.342 [http-nio-8093-exec-9] INFO  c.z.f.b.context.filter.HeaderUserId2ContextFilter - ===== 删除 ThreadLocal， userId: 100
2025-09-19 17:07:17.544 [http-nio-8093-exec-10] INFO  c.z.f.b.context.filter.HeaderUserId2ContextFilter - ## HeaderUserId2ContextFilter, 用户 ID: null
2025-09-19 17:07:17.546 [http-nio-8093-exec-10] INFO  c.z.f.b.operationlog.aspect.ApiOperationLogAspect - ====== 请求开始: [二级评论分页查询], 入参: {"parentCommentId":8005,"pageNo":1}, 请求类: CommentController, 请求方法: findChildCommentPageList =================================== 
2025-09-19 17:07:17.558 [http-nio-8093-exec-10] INFO  c.z.f.b.operationlog.aspect.ApiOperationLogAspect - ====== 请求结束: [二级评论分页查询], 耗时: 12ms, 出参: {"success":true,"message":null,"errorCode":null,"data":[{"commentId":8007,"userId":100,"avatar":"https://my-xiaohongshu-oss.oss-cn-guangzhou.aliyuncs.com/ca709c5d72304bedbcf9ee14e4a3bcb2.jpg","nickname":"稚生","content":"哈哈哈哈哈","imageUrl":"","createTime":"0分钟前","likeTotal":0,"replyUserName":null,"replyUserId":null}],"pageNo":1,"totalCount":4,"pageSize":6,"totalPage":1} =================================== 
2025-09-19 17:08:49.501 [http-nio-8093-exec-5] INFO  c.z.f.b.context.filter.HeaderUserId2ContextFilter - ## HeaderUserId2ContextFilter, 用户 ID: 100
2025-09-19 17:08:49.503 [http-nio-8093-exec-5] INFO  c.z.f.b.operationlog.aspect.ApiOperationLogAspect - ====== 请求开始: [二级评论分页查询], 入参: {"parentCommentId":8005,"pageNo":1}, 请求类: CommentController, 请求方法: findChildCommentPageList =================================== 
2025-09-19 17:08:49.514 [http-nio-8093-exec-5] DEBUG c.z.x.c.b.d.m.CommentDOMapper.selectChildPageList - ==>  Preparing: select id, user_id, note_id, content_uuid, is_content_empty, image_url, like_total, create_time, reply_user_id, parent_id, reply_comment_id from t_comment where parent_id = ? and level = 2 order by id asc limit ?, ?
2025-09-19 17:08:49.515 [NoteExecutor-8] DEBUG c.z.x.c.b.d.m.C.selectChildCommentsByParentIdAndLimit - ==>  Preparing: select id, create_time from t_comment where parent_id = ? and level = 2 order by create_time asc limit ?
2025-09-19 17:08:49.518 [http-nio-8093-exec-5] DEBUG c.z.x.c.b.d.m.CommentDOMapper.selectChildPageList - ==> Parameters: 8005(Long), 1(Long), 6(Long)
2025-09-19 17:08:49.519 [NoteExecutor-8] DEBUG c.z.x.c.b.d.m.C.selectChildCommentsByParentIdAndLimit - ==> Parameters: 8005(Long), 60(Integer)
2025-09-19 17:08:49.531 [NoteExecutor-8] DEBUG c.z.x.c.b.d.m.C.selectChildCommentsByParentIdAndLimit - <==      Total: 4
2025-09-19 17:08:49.552 [http-nio-8093-exec-5] DEBUG c.z.x.c.b.d.m.CommentDOMapper.selectChildPageList - <==      Total: 3
2025-09-19 17:08:49.572 [http-nio-8093-exec-5] INFO  c.z.f.b.c.interceptor.FeignRequestInterceptor - ==> feign请求设置请求头 userId: 100
2025-09-19 17:08:49.951 [http-nio-8093-exec-5] INFO  c.z.f.b.c.interceptor.FeignRequestInterceptor - ==> feign请求设置请求头 userId: 100
2025-09-19 17:08:49.972 [http-nio-8093-exec-5] INFO  c.z.f.b.operationlog.aspect.ApiOperationLogAspect - ====== 请求结束: [二级评论分页查询], 耗时: 469ms, 出参: {"success":true,"message":null,"errorCode":null,"data":[{"commentId":8007,"userId":100,"avatar":"https://my-xiaohongshu-oss.oss-cn-guangzhou.aliyuncs.com/ca709c5d72304bedbcf9ee14e4a3bcb2.jpg","nickname":"稚生","content":"哈哈哈哈哈","imageUrl":"","createTime":"15分钟前","likeTotal":0,"replyUserName":null,"replyUserId":null},{"commentId":8008,"userId":100,"avatar":"https://my-xiaohongshu-oss.oss-cn-guangzhou.aliyuncs.com/ca709c5d72304bedbcf9ee14e4a3bcb2.jpg","nickname":"稚生","content":"哈哈哈哈哈哈哈哈","imageUrl":"","createTime":"15分钟前","likeTotal":0,"replyUserName":"稚生","replyUserId":100},{"commentId":8009,"userId":100,"avatar":"https://my-xiaohongshu-oss.oss-cn-guangzhou.aliyuncs.com/ca709c5d72304bedbcf9ee14e4a3bcb2.jpg","nickname":"稚生","content":"这是什么","imageUrl":"","createTime":"14分钟前","likeTotal":0,"replyUserName":"稚生","replyUserId":100}],"pageNo":1,"totalCount":4,"pageSize":6,"totalPage":1} =================================== 
2025-09-19 17:08:49.973 [http-nio-8093-exec-5] INFO  c.z.f.b.context.filter.HeaderUserId2ContextFilter - ===== 删除 ThreadLocal， userId: 100
2025-09-19 17:08:59.719 [http-nio-8093-exec-3] INFO  c.z.f.b.context.filter.HeaderUserId2ContextFilter - ## HeaderUserId2ContextFilter, 用户 ID: 100
2025-09-19 17:08:59.722 [http-nio-8093-exec-3] INFO  c.z.f.b.operationlog.aspect.ApiOperationLogAspect - ====== 请求开始: [评论分页查询], 入参: {"noteId":1968945300714295362,"pageNo":1}, 请求类: CommentController, 请求方法: findCommentPageList =================================== 
2025-09-19 17:08:59.740 [http-nio-8093-exec-3] INFO  c.z.f.b.operationlog.aspect.ApiOperationLogAspect - ====== 请求结束: [评论分页查询], 耗时: 18ms, 出参: {"success":true,"message":null,"errorCode":null,"data":[{"commentId":8005,"userId":100,"avatar":"https://my-xiaohongshu-oss.oss-cn-guangzhou.aliyuncs.com/ca709c5d72304bedbcf9ee14e4a3bcb2.jpg","nickname":"稚生","content":"哈哈哈","imageUrl":"","createTime":"0分钟前","likeTotal":0,"childCommentTotal":4,"firstReplyComment":null,"heat":0.0}],"pageNo":1,"totalCount":5,"pageSize":10,"totalPage":1} =================================== 
2025-09-19 17:08:59.741 [http-nio-8093-exec-3] INFO  c.z.f.b.context.filter.HeaderUserId2ContextFilter - ===== 删除 ThreadLocal， userId: 100
2025-09-19 17:09:00.942 [http-nio-8093-exec-2] INFO  c.z.f.b.context.filter.HeaderUserId2ContextFilter - ## HeaderUserId2ContextFilter, 用户 ID: 100
2025-09-19 17:09:00.944 [http-nio-8093-exec-2] INFO  c.z.f.b.operationlog.aspect.ApiOperationLogAspect - ====== 请求开始: [二级评论分页查询], 入参: {"parentCommentId":8005,"pageNo":1}, 请求类: CommentController, 请求方法: findChildCommentPageList =================================== 
2025-09-19 17:09:00.973 [http-nio-8093-exec-2] DEBUG c.z.x.c.b.d.m.C.selectCommentCountByIds - ==>  Preparing: select id, child_comment_total, like_total, level from t_comment where id in ( ? , ? )
2025-09-19 17:09:00.975 [http-nio-8093-exec-2] DEBUG c.z.x.c.b.d.m.C.selectCommentCountByIds - ==> Parameters: 8008(Long), 8009(Long)
2025-09-19 17:09:00.979 [http-nio-8093-exec-2] DEBUG c.z.x.c.b.d.m.C.selectCommentCountByIds - <==      Total: 2
2025-09-19 17:09:00.980 [http-nio-8093-exec-2] INFO  c.z.f.b.operationlog.aspect.ApiOperationLogAspect - ====== 请求结束: [二级评论分页查询], 耗时: 36ms, 出参: {"success":true,"message":null,"errorCode":null,"data":[{"commentId":8007,"userId":100,"avatar":"https://my-xiaohongshu-oss.oss-cn-guangzhou.aliyuncs.com/ca709c5d72304bedbcf9ee14e4a3bcb2.jpg","nickname":"稚生","content":"哈哈哈哈哈","imageUrl":"","createTime":"15分钟前","likeTotal":0,"replyUserName":null,"replyUserId":null},{"commentId":8008,"userId":100,"avatar":"https://my-xiaohongshu-oss.oss-cn-guangzhou.aliyuncs.com/ca709c5d72304bedbcf9ee14e4a3bcb2.jpg","nickname":"稚生","content":"哈哈哈哈哈哈哈哈","imageUrl":"","createTime":"15分钟前","likeTotal":0,"replyUserName":"稚生","replyUserId":100},{"commentId":8009,"userId":100,"avatar":"https://my-xiaohongshu-oss.oss-cn-guangzhou.aliyuncs.com/ca709c5d72304bedbcf9ee14e4a3bcb2.jpg","nickname":"稚生","content":"这是什么","imageUrl":"","createTime":"14分钟前","likeTotal":0,"replyUserName":"稚生","replyUserId":100}],"pageNo":1,"totalCount":4,"pageSize":6,"totalPage":1} =================================== 
2025-09-19 17:09:00.983 [http-nio-8093-exec-2] INFO  c.z.f.b.context.filter.HeaderUserId2ContextFilter - ===== 删除 ThreadLocal， userId: 100
2025-09-19 17:09:10.464 [http-nio-8093-exec-7] INFO  c.z.f.b.context.filter.HeaderUserId2ContextFilter - ## HeaderUserId2ContextFilter, 用户 ID: 100
2025-09-19 17:09:10.468 [http-nio-8093-exec-7] INFO  c.z.f.b.operationlog.aspect.ApiOperationLogAspect - ====== 请求开始: [发布评论], 入参: {"noteId":1968945300714295362,"content":"111","imageUrl":"","replyCommentId":8009}, 请求类: CommentController, 请求方法: publishComment =================================== 
2025-09-19 17:09:10.470 [http-nio-8093-exec-7] INFO  c.z.f.b.c.interceptor.FeignRequestInterceptor - ==> feign请求设置请求头 userId: 100
2025-09-19 17:09:10.555 [http-nio-8093-exec-7] INFO  c.z.x.comment.biz.retry.SendMqRetryHelper - ==> 开始异步发送 MQ, Topic: PublishCommentTopic, Body: {"noteId":1968945300714295362,"content":"111","imageUrl":"","commentId":8010,"replyCommentId":8009,"createTime":"2025-09-19 17:09:10","creatorId":100}
2025-09-19 17:09:10.559 [http-nio-8093-exec-7] INFO  c.z.f.b.operationlog.aspect.ApiOperationLogAspect - ====== 请求结束: [发布评论], 耗时: 91ms, 出参: {"success":true,"message":null,"errorCode":null,"data":null} =================================== 
2025-09-19 17:09:10.561 [http-nio-8093-exec-7] INFO  c.z.f.b.context.filter.HeaderUserId2ContextFilter - ===== 删除 ThreadLocal， userId: 100
2025-09-19 17:09:10.586 [NettyClientPublicExecutor_1] INFO  c.z.x.comment.biz.retry.SendMqRetryHelper - ==> 【评论发布】MQ 发送成功，SendResult: SendResult [sendStatus=SEND_OK, msgId=7F000001BC6C63947C6B6060B5220010, offsetMsgId=0A5B8A2E00002A9F0000000000F3644E, messageQueue=MessageQueue [topic=PublishCommentTopic, brokerName=broker-a, queueId=1], queueOffset=8]
2025-09-19 17:09:10.593 [ConsumeMessageThread_xiaohongshu_group_PublishCommentTopic_9] INFO  c.z.x.comment.biz.consumer.Comment2DBConsumer - ==> 本批次消息大小: 1
2025-09-19 17:09:10.594 [ConsumeMessageThread_xiaohongshu_group_PublishCommentTopic_9] INFO  c.z.x.comment.biz.consumer.Comment2DBConsumer - ==> Consumer - Received message: {"noteId":1968945300714295362,"content":"111","imageUrl":"","commentId":8010,"replyCommentId":8009,"createTime":"2025-09-19 17:09:10","creatorId":100}
2025-09-19 17:09:10.597 [ConsumeMessageThread_xiaohongshu_group_PublishCommentTopic_9] DEBUG c.z.x.c.b.d.m.CommentDOMapper.selectByCommentIds - ==>  Preparing: select id, user_id, content_uuid, is_content_empty, image_url, like_total, is_top, create_time, first_reply_comment_id, child_comment_total, level, parent_id, heat,note_id from t_comment where id in ( ? )
2025-09-19 17:09:10.598 [ConsumeMessageThread_xiaohongshu_group_PublishCommentTopic_9] DEBUG c.z.x.c.b.d.m.CommentDOMapper.selectByCommentIds - ==> Parameters: 8009(Long)
2025-09-19 17:09:10.603 [ConsumeMessageThread_xiaohongshu_group_PublishCommentTopic_9] DEBUG c.z.x.c.b.d.m.CommentDOMapper.selectByCommentIds - <==      Total: 1
2025-09-19 17:09:10.606 [ConsumeMessageThread_xiaohongshu_group_PublishCommentTopic_9] INFO  c.z.x.comment.biz.consumer.Comment2DBConsumer - ## 清洗后的 CommentBOS: [{"id":8010,"noteId":1968945300714295362,"userId":100,"contentUuid":"263a6f88-aaad-4644-9f1d-018594fb27fe","content":"111","isContentEmpty":false,"imageUrl":"","level":2,"replyTotal":0,"likeTotal":0,"parentId":8005,"replyCommentId":8009,"replyUserId":100,"isTop":false,"createTime":"2025-09-19 17:09:10","updateTime":"2025-09-19 17:09:10"}]
2025-09-19 17:09:10.609 [ConsumeMessageThread_xiaohongshu_group_PublishCommentTopic_9] DEBUG c.z.x.c.b.d.mapper.CommentDOMapper.batchInsert - ==>  Preparing: insert IGNORE into t_comment (id, note_id, user_id, content_uuid, is_content_empty, image_url, `level`, reply_total, like_total, parent_id, reply_comment_id, reply_user_id, is_top, create_time, update_time ) values (?, ?, ?, ?, ? , ?, ?, ?, ?, ? , ?, ?, ?, ?, ?)
2025-09-19 17:09:10.614 [ConsumeMessageThread_xiaohongshu_group_PublishCommentTopic_9] DEBUG c.z.x.c.b.d.mapper.CommentDOMapper.batchInsert - ==> Parameters: 8010(Long), 1968945300714295362(Long), 100(Long), 263a6f88-aaad-4644-9f1d-018594fb27fe(String), false(Boolean), (String), 2(Integer), 0(Long), 0(Long), 8005(Long), 8009(Long), 100(Long), false(Boolean), 2025-09-19T17:09:10(LocalDateTime), 2025-09-19T17:09:10(LocalDateTime)
2025-09-19 17:09:10.636 [ConsumeMessageThread_xiaohongshu_group_PublishCommentTopic_9] DEBUG c.z.x.c.b.d.mapper.CommentDOMapper.batchInsert - <==    Updates: 1
2025-09-19 17:09:10.705 [NettyClientPublicExecutor_2] INFO  c.z.x.comment.biz.consumer.Comment2DBConsumer - ==> 【计数: 评论发布】MQ 发送成功，SendResult: SendResult [sendStatus=SEND_OK, msgId=7F000001BC6C63947C6B6060B5A60011, offsetMsgId=0A5B8A2E00002A9F0000000000F36629, messageQueue=MessageQueue [topic=CountNoteCommentTopic, brokerName=broker-a, queueId=1], queueOffset=8]
2025-09-19 17:09:10.948 [pool-batch-consume-blocking-queue-thread-0] INFO  c.z.x.c.b.c.OneLevelCommentFirstReplyCommentIdUpdateConsumer - ==> 【一级评论 first_reply_comment_id 更新】聚合消息, size: 1
2025-09-19 17:09:10.948 [pool-batch-consume-blocking-queue-thread-0] INFO  c.z.x.c.b.c.OneLevelCommentFirstReplyCommentIdUpdateConsumer - ==> 【一级评论 first_reply_comment_id 更新】聚合消息, ["[{\"noteId\":1968945300714295362,\"commentId\":8010,\"level\":2,\"parentId\":8005}]"]
2025-09-19 17:09:11.948 [pool-batch-consume-blocking-queue-thread-0] INFO  c.z.x.c.biz.consumer.CommentHeatUpdateConsumer - ==> 【评论热度值计算】聚合消息, size: 1
2025-09-19 17:09:11.948 [pool-batch-consume-blocking-queue-thread-0] INFO  c.z.x.c.biz.consumer.CommentHeatUpdateConsumer - ==> 【评论热度值计算】聚合消息, ["[8005]"]
2025-09-19 17:09:11.949 [pool-batch-consume-blocking-queue-thread-0] INFO  c.z.x.c.biz.consumer.CommentHeatUpdateConsumer - ==> 去重后的评论 ID: [8005]
2025-09-19 17:09:11.951 [pool-batch-consume-blocking-queue-thread-0] DEBUG c.z.x.c.b.d.m.CommentDOMapper.selectByCommentIds - ==>  Preparing: select id, user_id, content_uuid, is_content_empty, image_url, like_total, is_top, create_time, first_reply_comment_id, child_comment_total, level, parent_id, heat,note_id from t_comment where id in ( ? )
2025-09-19 17:09:11.953 [pool-batch-consume-blocking-queue-thread-0] DEBUG c.z.x.c.b.d.m.CommentDOMapper.selectByCommentIds - ==> Parameters: 8005(Long)
2025-09-19 17:09:11.962 [pool-batch-consume-blocking-queue-thread-0] DEBUG c.z.x.c.b.d.m.CommentDOMapper.selectByCommentIds - <==      Total: 1
2025-09-19 17:09:11.963 [pool-batch-consume-blocking-queue-thread-0] DEBUG c.z.x.c.b.d.m.C.batchUpdateHeatByCommentIds - ==>  Preparing: UPDATE t_comment SET heat = CASE id WHEN ? THEN ? ELSE heat END WHERE id IN ( ? )
2025-09-19 17:09:11.965 [pool-batch-consume-blocking-queue-thread-0] DEBUG c.z.x.c.b.d.m.C.batchUpdateHeatByCommentIds - ==> Parameters: 8005(Long), 1.5(Double), 8005(Long)
2025-09-19 17:09:11.970 [pool-batch-consume-blocking-queue-thread-0] DEBUG c.z.x.c.b.d.m.C.batchUpdateHeatByCommentIds - <==    Updates: 1
2025-09-19 17:09:13.318 [http-nio-8093-exec-6] INFO  c.z.f.b.context.filter.HeaderUserId2ContextFilter - ## HeaderUserId2ContextFilter, 用户 ID: 100
2025-09-19 17:09:13.319 [http-nio-8093-exec-6] INFO  c.z.f.b.operationlog.aspect.ApiOperationLogAspect - ====== 请求开始: [评论分页查询], 入参: {"noteId":1968945300714295362,"pageNo":1}, 请求类: CommentController, 请求方法: findCommentPageList =================================== 
2025-09-19 17:09:13.334 [http-nio-8093-exec-6] INFO  c.z.f.b.operationlog.aspect.ApiOperationLogAspect - ====== 请求结束: [评论分页查询], 耗时: 15ms, 出参: {"success":true,"message":null,"errorCode":null,"data":[{"commentId":8005,"userId":100,"avatar":"https://my-xiaohongshu-oss.oss-cn-guangzhou.aliyuncs.com/ca709c5d72304bedbcf9ee14e4a3bcb2.jpg","nickname":"稚生","content":"哈哈哈","imageUrl":"","createTime":"0分钟前","likeTotal":0,"childCommentTotal":5,"firstReplyComment":null,"heat":0.0}],"pageNo":1,"totalCount":6,"pageSize":10,"totalPage":1} =================================== 
2025-09-19 17:09:13.335 [http-nio-8093-exec-6] INFO  c.z.f.b.context.filter.HeaderUserId2ContextFilter - ===== 删除 ThreadLocal， userId: 100
2025-09-19 17:09:14.464 [http-nio-8093-exec-4] INFO  c.z.f.b.context.filter.HeaderUserId2ContextFilter - ## HeaderUserId2ContextFilter, 用户 ID: 100
2025-09-19 17:09:14.466 [http-nio-8093-exec-4] INFO  c.z.f.b.operationlog.aspect.ApiOperationLogAspect - ====== 请求开始: [二级评论分页查询], 入参: {"parentCommentId":8005,"pageNo":1}, 请求类: CommentController, 请求方法: findChildCommentPageList =================================== 
2025-09-19 17:09:14.485 [http-nio-8093-exec-4] INFO  c.z.f.b.operationlog.aspect.ApiOperationLogAspect - ====== 请求结束: [二级评论分页查询], 耗时: 18ms, 出参: {"success":true,"message":null,"errorCode":null,"data":[{"commentId":8007,"userId":100,"avatar":"https://my-xiaohongshu-oss.oss-cn-guangzhou.aliyuncs.com/ca709c5d72304bedbcf9ee14e4a3bcb2.jpg","nickname":"稚生","content":"哈哈哈哈哈","imageUrl":"","createTime":"15分钟前","likeTotal":0,"replyUserName":null,"replyUserId":null},{"commentId":8008,"userId":100,"avatar":"https://my-xiaohongshu-oss.oss-cn-guangzhou.aliyuncs.com/ca709c5d72304bedbcf9ee14e4a3bcb2.jpg","nickname":"稚生","content":"哈哈哈哈哈哈哈哈","imageUrl":"","createTime":"15分钟前","likeTotal":0,"replyUserName":"稚生","replyUserId":100},{"commentId":8009,"userId":100,"avatar":"https://my-xiaohongshu-oss.oss-cn-guangzhou.aliyuncs.com/ca709c5d72304bedbcf9ee14e4a3bcb2.jpg","nickname":"稚生","content":"这是什么","imageUrl":"","createTime":"14分钟前","likeTotal":0,"replyUserName":"稚生","replyUserId":100}],"pageNo":1,"totalCount":5,"pageSize":6,"totalPage":1} =================================== 
2025-09-19 17:09:14.486 [http-nio-8093-exec-4] INFO  c.z.f.b.context.filter.HeaderUserId2ContextFilter - ===== 删除 ThreadLocal， userId: 100
2025-09-19 17:09:44.998 [http-nio-8093-exec-8] INFO  c.z.f.b.context.filter.HeaderUserId2ContextFilter - ## HeaderUserId2ContextFilter, 用户 ID: 100
2025-09-19 17:09:45.000 [http-nio-8093-exec-8] INFO  c.z.f.b.operationlog.aspect.ApiOperationLogAspect - ====== 请求开始: [评论分页查询], 入参: {"noteId":1968945300714295362,"pageNo":1}, 请求类: CommentController, 请求方法: findCommentPageList =================================== 
2025-09-19 17:09:45.016 [http-nio-8093-exec-8] INFO  c.z.f.b.operationlog.aspect.ApiOperationLogAspect - ====== 请求结束: [评论分页查询], 耗时: 16ms, 出参: {"success":true,"message":null,"errorCode":null,"data":[{"commentId":8005,"userId":100,"avatar":"https://my-xiaohongshu-oss.oss-cn-guangzhou.aliyuncs.com/ca709c5d72304bedbcf9ee14e4a3bcb2.jpg","nickname":"稚生","content":"哈哈哈","imageUrl":"","createTime":"0分钟前","likeTotal":0,"childCommentTotal":5,"firstReplyComment":null,"heat":0.0}],"pageNo":1,"totalCount":6,"pageSize":10,"totalPage":1} =================================== 
2025-09-19 17:09:45.018 [http-nio-8093-exec-8] INFO  c.z.f.b.context.filter.HeaderUserId2ContextFilter - ===== 删除 ThreadLocal， userId: 100
2025-09-19 17:09:46.377 [http-nio-8093-exec-9] INFO  c.z.f.b.context.filter.HeaderUserId2ContextFilter - ## HeaderUserId2ContextFilter, 用户 ID: 100
2025-09-19 17:09:46.378 [http-nio-8093-exec-9] INFO  c.z.f.b.operationlog.aspect.ApiOperationLogAspect - ====== 请求开始: [二级评论分页查询], 入参: {"parentCommentId":8005,"pageNo":1}, 请求类: CommentController, 请求方法: findChildCommentPageList =================================== 
2025-09-19 17:09:46.411 [http-nio-8093-exec-9] INFO  c.z.f.b.operationlog.aspect.ApiOperationLogAspect - ====== 请求结束: [二级评论分页查询], 耗时: 32ms, 出参: {"success":true,"message":null,"errorCode":null,"data":[{"commentId":8007,"userId":100,"avatar":"https://my-xiaohongshu-oss.oss-cn-guangzhou.aliyuncs.com/ca709c5d72304bedbcf9ee14e4a3bcb2.jpg","nickname":"稚生","content":"哈哈哈哈哈","imageUrl":"","createTime":"15分钟前","likeTotal":0,"replyUserName":null,"replyUserId":null},{"commentId":8008,"userId":100,"avatar":"https://my-xiaohongshu-oss.oss-cn-guangzhou.aliyuncs.com/ca709c5d72304bedbcf9ee14e4a3bcb2.jpg","nickname":"稚生","content":"哈哈哈哈哈哈哈哈","imageUrl":"","createTime":"15分钟前","likeTotal":0,"replyUserName":"稚生","replyUserId":100},{"commentId":8009,"userId":100,"avatar":"https://my-xiaohongshu-oss.oss-cn-guangzhou.aliyuncs.com/ca709c5d72304bedbcf9ee14e4a3bcb2.jpg","nickname":"稚生","content":"这是什么","imageUrl":"","createTime":"14分钟前","likeTotal":0,"replyUserName":"稚生","replyUserId":100}],"pageNo":1,"totalCount":5,"pageSize":6,"totalPage":1} =================================== 
2025-09-19 17:09:46.415 [http-nio-8093-exec-9] INFO  c.z.f.b.context.filter.HeaderUserId2ContextFilter - ===== 删除 ThreadLocal， userId: 100
2025-09-19 17:09:52.404 [http-nio-8093-exec-10] INFO  c.z.f.b.context.filter.HeaderUserId2ContextFilter - ## HeaderUserId2ContextFilter, 用户 ID: 100
2025-09-19 17:09:52.414 [http-nio-8093-exec-10] INFO  c.z.f.b.operationlog.aspect.ApiOperationLogAspect - ====== 请求开始: [二级评论分页查询], 入参: {"parentCommentId":8005,"pageNo":1}, 请求类: CommentController, 请求方法: findChildCommentPageList =================================== 
2025-09-19 17:09:52.439 [http-nio-8093-exec-10] INFO  c.z.f.b.operationlog.aspect.ApiOperationLogAspect - ====== 请求结束: [二级评论分页查询], 耗时: 31ms, 出参: {"success":true,"message":null,"errorCode":null,"data":[{"commentId":8007,"userId":100,"avatar":"https://my-xiaohongshu-oss.oss-cn-guangzhou.aliyuncs.com/ca709c5d72304bedbcf9ee14e4a3bcb2.jpg","nickname":"稚生","content":"哈哈哈哈哈","imageUrl":"","createTime":"15分钟前","likeTotal":0,"replyUserName":null,"replyUserId":null},{"commentId":8008,"userId":100,"avatar":"https://my-xiaohongshu-oss.oss-cn-guangzhou.aliyuncs.com/ca709c5d72304bedbcf9ee14e4a3bcb2.jpg","nickname":"稚生","content":"哈哈哈哈哈哈哈哈","imageUrl":"","createTime":"15分钟前","likeTotal":0,"replyUserName":"稚生","replyUserId":100},{"commentId":8009,"userId":100,"avatar":"https://my-xiaohongshu-oss.oss-cn-guangzhou.aliyuncs.com/ca709c5d72304bedbcf9ee14e4a3bcb2.jpg","nickname":"稚生","content":"这是什么","imageUrl":"","createTime":"14分钟前","likeTotal":0,"replyUserName":"稚生","replyUserId":100}],"pageNo":1,"totalCount":5,"pageSize":6,"totalPage":1} =================================== 
2025-09-19 17:09:52.440 [http-nio-8093-exec-10] INFO  c.z.f.b.context.filter.HeaderUserId2ContextFilter - ===== 删除 ThreadLocal， userId: 100
2025-09-19 17:10:35.646 [Thread-16] WARN  com.alibaba.nacos.common.notify.NotifyCenter - [NotifyCenter] Start destroying Publisher
2025-09-19 17:10:35.646 [Thread-19] WARN  c.alibaba.nacos.common.http.HttpClientBeanHolder - [HttpClientBeanHolder] Start destroying common HttpClient
2025-09-19 17:10:35.647 [Thread-16] WARN  com.alibaba.nacos.common.notify.NotifyCenter - [NotifyCenter] Destruction of the end
2025-09-19 17:10:35.653 [Thread-19] WARN  c.alibaba.nacos.common.http.HttpClientBeanHolder - [HttpClientBeanHolder] Destruction of the end
2025-09-19 17:10:35.732 [NettyClientSelector_1] INFO  RocketmqRemoting - closeChannel: close the connection to remote address[10.91.138.46:10911] result: true
2025-09-19 17:10:35.733 [NettyClientSelector_1] INFO  RocketmqRemoting - closeChannel: close the connection to remote address[127.0.0.1:9876] result: true
2025-09-19 17:10:36.211 [nacos-grpc-client-executor-47.236.36.111-1452] INFO  com.alibaba.nacos.common.remote.client - [4a70dc2a-9c0d-46ea-ba40-a1009678940d] Receive server push request, request = NotifySubscriberRequest, requestId = 1899
2025-09-19 17:10:36.213 [nacos-grpc-client-executor-47.236.36.111-1452] INFO  com.alibaba.nacos.client.naming - removed ips(1) service: DEFAULT_GROUP@@xiaohongshu-user -> [{"ip":"10.91.138.46","port":8082,"weight":1.0,"healthy":true,"enabled":true,"ephemeral":true,"clusterName":"DEFAULT","serviceName":"DEFAULT_GROUP@@xiaohongshu-user","metadata":{"preserved.register.source":"SPRING_CLOUD"},"ipDeleteTimeout":30000,"instanceHeartBeatTimeOut":15000,"instanceHeartBeatInterval":5000}]
2025-09-19 17:10:36.213 [nacos-grpc-client-executor-47.236.36.111-1452] INFO  com.alibaba.nacos.client.naming - current ips:(0) service: DEFAULT_GROUP@@xiaohongshu-user -> []
2025-09-19 17:10:36.221 [nacos-grpc-client-executor-47.236.36.111-1452] INFO  com.alibaba.nacos.common.remote.client - [4a70dc2a-9c0d-46ea-ba40-a1009678940d] Ack server push request, request = NotifySubscriberRequest, requestId = 1899
2025-09-19 17:10:36.530 [NettyClientSelector_1] INFO  RocketmqRemoting - closeChannel: close the connection to remote address[10.91.138.46:10911] result: true
2025-09-19 17:10:36.531 [NettyClientSelector_1] INFO  RocketmqRemoting - closeChannel: close the connection to remote address[127.0.0.1:9876] result: true
2025-09-19 17:10:36.538 [NettyClientSelector_1] INFO  RocketmqRemoting - closeChannel: close the connection to remote address[10.91.138.46:10911] result: true
2025-09-19 17:10:36.538 [NettyClientSelector_1] INFO  RocketmqRemoting - closeChannel: close the connection to remote address[127.0.0.1:9876] result: true
2025-09-19 17:10:36.547 [NettyClientSelector_1] INFO  RocketmqRemoting - closeChannel: close the connection to remote address[127.0.0.1:9876] result: true
2025-09-19 17:10:36.548 [NettyClientSelector_1] INFO  RocketmqRemoting - closeChannel: close the connection to remote address[10.91.138.46:10911] result: true
2025-09-19 17:10:36.595 [nacos-grpc-client-executor-47.236.36.111-1453] INFO  com.alibaba.nacos.common.remote.client - [4a70dc2a-9c0d-46ea-ba40-a1009678940d] Receive server push request, request = NotifySubscriberRequest, requestId = 1900
2025-09-19 17:10:36.596 [nacos-grpc-client-executor-47.236.36.111-1453] INFO  com.alibaba.nacos.client.naming - removed ips(1) service: DEFAULT_GROUP@@xiaohongshu-distributed-id-generator -> [{"ip":"10.91.138.46","port":8087,"weight":1.0,"healthy":true,"enabled":true,"ephemeral":true,"clusterName":"DEFAULT","serviceName":"DEFAULT_GROUP@@xiaohongshu-distributed-id-generator","metadata":{"preserved.register.source":"SPRING_CLOUD"},"ipDeleteTimeout":30000,"instanceHeartBeatTimeOut":15000,"instanceHeartBeatInterval":5000}]
2025-09-19 17:10:36.596 [nacos-grpc-client-executor-47.236.36.111-1453] INFO  com.alibaba.nacos.client.naming - current ips:(0) service: DEFAULT_GROUP@@xiaohongshu-distributed-id-generator -> []
2025-09-19 17:10:36.597 [nacos-grpc-client-executor-47.236.36.111-1453] INFO  com.alibaba.nacos.common.remote.client - [4a70dc2a-9c0d-46ea-ba40-a1009678940d] Ack server push request, request = NotifySubscriberRequest, requestId = 1900
2025-09-19 17:10:36.651 [SpringApplicationShutdownHook] INFO  c.a.cloud.nacos.registry.NacosServiceRegistry - De-registering from Nacos Server now...
2025-09-19 17:10:36.651 [SpringApplicationShutdownHook] INFO  com.alibaba.nacos.client.naming - [DEREGISTER-SERVICE] xiaohongshu deregistering service xiaohongshu-comment with instance: Instance{instanceId='null', ip='10.91.138.46', port=8093, weight=1.0, healthy=true, enabled=true, ephemeral=true, clusterName='DEFAULT', serviceName='null', metadata={}}
2025-09-19 17:10:36.701 [SpringApplicationShutdownHook] INFO  c.a.cloud.nacos.registry.NacosServiceRegistry - De-registration finished.
2025-09-19 17:10:36.703 [SpringApplicationShutdownHook] INFO  com.alibaba.nacos.client.naming - com.alibaba.nacos.client.naming.cache.ServiceInfoHolder do shutdown begin
2025-09-19 17:10:36.703 [SpringApplicationShutdownHook] INFO  com.alibaba.nacos.client.naming - com.alibaba.nacos.client.naming.backups.FailoverReactor do shutdown begin
2025-09-19 17:10:36.703 [SpringApplicationShutdownHook] INFO  com.alibaba.nacos.client.naming - com.alibaba.nacos.client.naming.backups.FailoverReactor do shutdown stop
2025-09-19 17:10:36.703 [SpringApplicationShutdownHook] INFO  com.alibaba.nacos.client.naming - com.alibaba.nacos.client.naming.cache.ServiceInfoHolder do shutdown stop
2025-09-19 17:10:36.703 [SpringApplicationShutdownHook] INFO  com.alibaba.nacos.client.naming - com.alibaba.nacos.client.naming.remote.NamingClientProxyDelegate do shutdown begin
2025-09-19 17:10:36.703 [SpringApplicationShutdownHook] INFO  com.alibaba.nacos.client.naming - com.alibaba.nacos.client.naming.core.ServiceInfoUpdateService do shutdown begin
2025-09-19 17:10:36.703 [SpringApplicationShutdownHook] INFO  com.alibaba.nacos.client.naming - com.alibaba.nacos.client.naming.core.ServiceInfoUpdateService do shutdown stop
2025-09-19 17:10:36.703 [SpringApplicationShutdownHook] INFO  com.alibaba.nacos.client.naming - com.alibaba.nacos.client.naming.core.ServerListManager do shutdown begin
2025-09-19 17:10:36.704 [SpringApplicationShutdownHook] WARN  com.alibaba.nacos.client.naming - [NamingHttpClientManager] Start destroying NacosRestTemplate
2025-09-19 17:10:36.704 [SpringApplicationShutdownHook] WARN  com.alibaba.nacos.client.naming - [NamingHttpClientManager] Destruction of the end
2025-09-19 17:10:36.704 [SpringApplicationShutdownHook] INFO  com.alibaba.nacos.client.naming - com.alibaba.nacos.client.naming.core.ServerListManager do shutdown stop
2025-09-19 17:10:36.704 [SpringApplicationShutdownHook] INFO  com.alibaba.nacos.client.naming - com.alibaba.nacos.client.naming.remote.http.NamingHttpClientProxy do shutdown begin
2025-09-19 17:10:36.704 [SpringApplicationShutdownHook] WARN  com.alibaba.nacos.client.naming - [NamingHttpClientManager] Start destroying NacosRestTemplate
2025-09-19 17:10:36.704 [SpringApplicationShutdownHook] WARN  com.alibaba.nacos.client.naming - [NamingHttpClientManager] Destruction of the end
2025-09-19 17:10:36.704 [SpringApplicationShutdownHook] INFO  com.alibaba.nacos.client.naming - com.alibaba.nacos.client.naming.remote.http.NamingHttpClientProxy do shutdown stop
2025-09-19 17:10:36.704 [SpringApplicationShutdownHook] INFO  com.alibaba.nacos.common.remote.client - Shutdown rpc client, set status to shutdown
2025-09-19 17:10:36.704 [SpringApplicationShutdownHook] INFO  com.alibaba.nacos.common.remote.client - Shutdown client event executor java.util.concurrent.ScheduledThreadPoolExecutor@77963723[Running, pool size = 2, active threads = 2, queued tasks = 0, completed tasks = 0]
2025-09-19 17:10:36.704 [SpringApplicationShutdownHook] INFO  com.alibaba.nacos.common.remote.client - Close current connection 1758265811894_120.85.130.202_56965
2025-09-19 17:10:36.719 [SpringApplicationShutdownHook] INFO  c.a.nacos.common.remote.client.grpc.GrpcClient - Shutdown grpc executor java.util.concurrent.ThreadPoolExecutor@46daa000[Running, pool size = 5, active threads = 0, queued tasks = 0, completed tasks = 1455]
2025-09-19 17:10:36.719 [SpringApplicationShutdownHook] INFO  com.alibaba.nacos.client.naming - Shutdown grpc redo service executor java.util.concurrent.ScheduledThreadPoolExecutor@b354221[Running, pool size = 1, active threads = 0, queued tasks = 1, completed tasks = 2404]
2025-09-19 17:10:36.720 [SpringApplicationShutdownHook] INFO  c.a.n.client.auth.ram.identify.CredentialWatcher - [null] CredentialWatcher is stopped
2025-09-19 17:10:36.720 [SpringApplicationShutdownHook] INFO  c.a.n.client.auth.ram.identify.CredentialService - [null] CredentialService is freed
2025-09-19 17:10:36.720 [SpringApplicationShutdownHook] INFO  com.alibaba.nacos.client.naming - com.alibaba.nacos.client.naming.remote.NamingClientProxyDelegate do shutdown stop
2025-09-19 17:10:36.738 [NettyClientSelector_1] INFO  RocketmqRemoting - closeChannel: close the connection to remote address[10.91.138.46:10911] result: true
2025-09-19 17:10:36.739 [NettyClientSelector_1] INFO  RocketmqRemoting - closeChannel: close the connection to remote address[127.0.0.1:9876] result: true
2025-09-19 17:10:36.746 [NettyClientSelector_1] INFO  RocketmqRemoting - closeChannel: close the connection to remote address[10.91.138.46:10911] result: true
2025-09-19 17:10:36.746 [NettyClientSelector_1] INFO  RocketmqRemoting - closeChannel: close the connection to remote address[127.0.0.1:9876] result: true
2025-09-19 17:10:36.746 [SpringApplicationShutdownHook] INFO  o.a.r.s.support.DefaultRocketMQListenerContainer - container destroyed, DefaultRocketMQListenerContainer{consumerGroup='xiaohongshu_group_first_reply_comment_idCountNoteCommentTopic', namespace='', nameServer='127.0.0.1:9876', topic='CountNoteCommentTopic', consumeMode=CONCURRENTLY, selectorType=TAG, selectorExpression='*', messageModel=CLUSTERING', tlsEnable=false, instanceName=DEFAULT}
2025-09-19 17:10:36.747 [SpringApplicationShutdownHook] INFO  o.a.r.s.support.DefaultRocketMQListenerContainer - container destroyed, DefaultRocketMQListenerContainer{consumerGroup='xiaohongshu_group_DeleteCommentTopic', namespace='', nameServer='127.0.0.1:9876', topic='DeleteCommentDetailLocalCacheTopic', consumeMode=CONCURRENTLY, selectorType=TAG, selectorExpression='*', messageModel=BROADCASTING', tlsEnable=false, instanceName=DEFAULT}
2025-09-19 17:10:36.749 [SpringApplicationShutdownHook] INFO  o.a.r.s.support.DefaultRocketMQListenerContainer - container destroyed, DefaultRocketMQListenerContainer{consumerGroup='xiaohongshu_group_DeleteCommentTopic', namespace='', nameServer='127.0.0.1:9876', topic='DeleteCommentTopic', consumeMode=CONCURRENTLY, selectorType=TAG, selectorExpression='*', messageModel=CLUSTERING', tlsEnable=false, instanceName=DEFAULT}
2025-09-19 17:10:36.749 [SpringApplicationShutdownHook] INFO  o.a.r.s.support.DefaultRocketMQListenerContainer - container destroyed, DefaultRocketMQListenerContainer{consumerGroup='xiaohongshu_group_CommentHeatUpdateTopic', namespace='', nameServer='127.0.0.1:9876', topic='CommentHeatUpdateTopic', consumeMode=CONCURRENTLY, selectorType=TAG, selectorExpression='*', messageModel=CLUSTERING', tlsEnable=false, instanceName=DEFAULT}
2025-09-19 17:10:36.908 [NettyClientSelector_1] INFO  RocketmqRemoting - closeChannel: close the connection to remote address[10.91.138.46:10911] result: true
2025-09-19 17:10:36.908 [NettyClientSelector_1] INFO  RocketmqRemoting - closeChannel: close the connection to remote address[127.0.0.1:9876] result: true
2025-09-19 17:10:36.918 [SpringApplicationShutdownHook] INFO  com.alibaba.druid.pool.DruidDataSource - {dataSource-1} closing ...
2025-09-19 17:10:36.925 [SpringApplicationShutdownHook] INFO  com.alibaba.druid.pool.DruidDataSource - {dataSource-1} closed
