2025-09-15 10:30:36.800 [main] WARN  com.alibaba.nacos.client.logging.NacosLogging - Load Logback Configuration of Nacos fail, message: Could not initialize Logback Nacos logging from classpath:nacos-logback.xml
2025-09-15 10:30:36.859 [main] WARN  com.alibaba.nacos.client.logging.NacosLogging - Load Logback Configuration of Nacos fail, message: Could not initialize Logback Nacos logging from classpath:nacos-logback.xml
2025-09-15 10:30:37.477 [main] WARN  com.alibaba.nacos.client.logging.NacosLogging - Load Logback Configuration of Nacos fail, message: Could not initialize Logback Nacos logging from classpath:nacos-logback.xml
2025-09-15 10:30:37.491 [main] WARN  com.alibaba.nacos.client.logging.NacosLogging - Load Logback Configuration of Nacos fail, message: Could not initialize Logback Nacos logging from classpath:nacos-logback.xml
2025-09-15 10:30:37.491 [main] INFO  c.z.x.count.biz.XiaohongshuCountBizApplication - The following 1 profile is active: "dev"
2025-09-15 10:30:38.088 [main] INFO  o.s.d.r.config.RepositoryConfigurationDelegate - Multiple Spring Data modules found, entering strict repository configuration mode
2025-09-15 10:30:38.092 [main] INFO  o.s.d.r.config.RepositoryConfigurationDelegate - Bootstrapping Spring Data Redis repositories in DEFAULT mode.
2025-09-15 10:30:38.119 [main] INFO  o.s.d.r.config.RepositoryConfigurationDelegate - Finished Spring Data repository scanning in 11 ms. Found 0 Redis repository interfaces.
2025-09-15 10:30:38.325 [main] INFO  o.springframework.cloud.context.scope.GenericScope - BeanFactory id=0d91d321-7a80-3c1d-ba44-d31d0cb15378
2025-09-15 10:30:38.490 [main] INFO  o.s.c.s.PostProcessorRegistrationDelegate$BeanPostProcessorChecker - Bean 'org.apache.rocketmq.spring.autoconfigure.MessageConverterConfiguration' of type [org.apache.rocketmq.spring.autoconfigure.MessageConverterConfiguration$$SpringCGLIB$$0] is not eligible for getting processed by all BeanPostProcessors (for example: not eligible for auto-proxying)
2025-09-15 10:30:38.555 [main] INFO  o.s.c.s.PostProcessorRegistrationDelegate$BeanPostProcessorChecker - Bean 'createRocketMQMessageConverter' of type [org.apache.rocketmq.spring.support.RocketMQMessageConverter] is not eligible for getting processed by all BeanPostProcessors (for example: not eligible for auto-proxying)
2025-09-15 10:30:38.557 [main] INFO  o.s.c.s.PostProcessorRegistrationDelegate$BeanPostProcessorChecker - Bean 'org.springframework.cloud.commons.config.CommonsConfigAutoConfiguration' of type [org.springframework.cloud.commons.config.CommonsConfigAutoConfiguration] is not eligible for getting processed by all BeanPostProcessors (for example: not eligible for auto-proxying)
2025-09-15 10:30:38.562 [main] INFO  o.s.c.s.PostProcessorRegistrationDelegate$BeanPostProcessorChecker - Bean 'org.springframework.cloud.client.loadbalancer.LoadBalancerDefaultMappingsProviderAutoConfiguration' of type [org.springframework.cloud.client.loadbalancer.LoadBalancerDefaultMappingsProviderAutoConfiguration] is not eligible for getting processed by all BeanPostProcessors (for example: not eligible for auto-proxying)
2025-09-15 10:30:38.563 [main] INFO  o.s.c.s.PostProcessorRegistrationDelegate$BeanPostProcessorChecker - Bean 'loadBalancerClientsDefaultsMappingsProvider' of type [org.springframework.cloud.client.loadbalancer.LoadBalancerDefaultMappingsProviderAutoConfiguration$$Lambda$722/0x000001a08e4cd348] is not eligible for getting processed by all BeanPostProcessors (for example: not eligible for auto-proxying)
2025-09-15 10:30:38.564 [main] INFO  o.s.c.s.PostProcessorRegistrationDelegate$BeanPostProcessorChecker - Bean 'defaultsBindHandlerAdvisor' of type [org.springframework.cloud.commons.config.DefaultsBindHandlerAdvisor] is not eligible for getting processed by all BeanPostProcessors (for example: not eligible for auto-proxying)
2025-09-15 10:30:38.571 [main] INFO  o.s.c.s.PostProcessorRegistrationDelegate$BeanPostProcessorChecker - Bean 'rocketmq-org.apache.rocketmq.spring.autoconfigure.RocketMQProperties' of type [org.apache.rocketmq.spring.autoconfigure.RocketMQProperties] is not eligible for getting processed by all BeanPostProcessors (for example: not eligible for auto-proxying)
2025-09-15 10:30:38.572 [main] INFO  o.s.c.s.PostProcessorRegistrationDelegate$BeanPostProcessorChecker - Bean 'org.apache.rocketmq.spring.autoconfigure.ListenerContainerConfiguration' of type [org.apache.rocketmq.spring.autoconfigure.ListenerContainerConfiguration$$SpringCGLIB$$0] is not eligible for getting processed by all BeanPostProcessors (for example: not eligible for auto-proxying)
2025-09-15 10:30:38.805 [main] INFO  o.s.boot.web.embedded.tomcat.TomcatWebServer - Tomcat initialized with port(s): 8090 (http)
2025-09-15 10:30:38.806 [main] INFO  org.apache.catalina.core.AprLifecycleListener - Loaded Apache Tomcat Native library [2.0.3] using APR version [1.7.2].
2025-09-15 10:30:38.812 [main] INFO  org.apache.catalina.core.AprLifecycleListener - OpenSSL successfully initialized [OpenSSL 3.0.8 7 Feb 2023]
2025-09-15 10:30:38.822 [main] INFO  org.apache.catalina.core.StandardService - Starting service [Tomcat]
2025-09-15 10:30:38.823 [main] INFO  org.apache.catalina.core.StandardEngine - Starting Servlet engine: [Apache Tomcat/10.1.5]
2025-09-15 10:30:38.923 [main] INFO  o.a.c.core.ContainerBase.[Tomcat].[localhost].[/] - Initializing Spring embedded WebApplicationContext
2025-09-15 10:30:38.923 [main] INFO  o.s.b.w.s.c.ServletWebServerApplicationContext - Root WebApplicationContext: initialization completed in 1416 ms
2025-09-15 10:30:39.032 [main] INFO  c.a.d.s.b.a.DruidDataSourceAutoConfigure - Init DruidDataSource
2025-09-15 10:30:39.406 [main] INFO  com.alibaba.druid.pool.DruidDataSource - {dataSource-1} inited
2025-09-15 10:30:40.036 [main] ERROR o.a.r.s.a.ListenerContainerConfiguration - Started container failed. DefaultRocketMQListenerContainer{consumerGroup='xiaohongshu_group_CountFans2DBTopic', namespace='', nameServer='127.0.0.1:9876', topic='CountFans2DBTopic', consumeMode=CONCURRENTLY, selectorType=TAG, selectorExpression='*', messageModel=CLUSTERING', tlsEnable=false, instanceName=DEFAULT}
java.lang.IllegalStateException: org.apache.rocketmq.remoting.exception.RemotingConnectException: connect to [127.0.0.1:9876] failed
	at org.apache.rocketmq.client.impl.factory.MQClientInstance.updateTopicRouteInfoFromNameServer(MQClientInstance.java:680)
	at org.apache.rocketmq.client.impl.factory.MQClientInstance.updateTopicRouteInfoFromNameServer(MQClientInstance.java:510)
	at org.apache.rocketmq.client.impl.consumer.DefaultMQPushConsumerImpl.updateTopicSubscribeInfoWhenSubscriptionChanged(DefaultMQPushConsumerImpl.java:872)
	at org.apache.rocketmq.client.impl.consumer.DefaultMQPushConsumerImpl.start(DefaultMQPushConsumerImpl.java:655)
	at org.apache.rocketmq.client.consumer.DefaultMQPushConsumer.start(DefaultMQPushConsumer.java:707)
	at org.apache.rocketmq.spring.support.DefaultRocketMQListenerContainer.start(DefaultRocketMQListenerContainer.java:343)
	at org.apache.rocketmq.spring.autoconfigure.ListenerContainerConfiguration.registerContainer(ListenerContainerConfiguration.java:106)
	at org.apache.rocketmq.spring.annotation.RocketMQMessageListenerBeanPostProcessor.postProcessAfterInitialization(RocketMQMessageListenerBeanPostProcessor.java:55)
	at org.springframework.beans.factory.support.AbstractAutowireCapableBeanFactory.applyBeanPostProcessorsAfterInitialization(AbstractAutowireCapableBeanFactory.java:435)
	at org.springframework.beans.factory.support.AbstractAutowireCapableBeanFactory.initializeBean(AbstractAutowireCapableBeanFactory.java:1754)
	at org.springframework.beans.factory.support.AbstractAutowireCapableBeanFactory.doCreateBean(AbstractAutowireCapableBeanFactory.java:599)
	at org.springframework.beans.factory.support.AbstractAutowireCapableBeanFactory.createBean(AbstractAutowireCapableBeanFactory.java:521)
	at org.springframework.beans.factory.support.AbstractBeanFactory.lambda$doGetBean$0(AbstractBeanFactory.java:326)
	at org.springframework.beans.factory.support.DefaultSingletonBeanRegistry.getSingleton(DefaultSingletonBeanRegistry.java:234)
	at org.springframework.beans.factory.support.AbstractBeanFactory.doGetBean(AbstractBeanFactory.java:324)
	at org.springframework.beans.factory.support.AbstractBeanFactory.getBean(AbstractBeanFactory.java:200)
	at org.springframework.beans.factory.support.DefaultListableBeanFactory.preInstantiateSingletons(DefaultListableBeanFactory.java:961)
	at org.springframework.context.support.AbstractApplicationContext.finishBeanFactoryInitialization(AbstractApplicationContext.java:915)
	at org.springframework.context.support.AbstractApplicationContext.refresh(AbstractApplicationContext.java:584)
	at org.springframework.boot.web.servlet.context.ServletWebServerApplicationContext.refresh(ServletWebServerApplicationContext.java:146)
	at org.springframework.boot.SpringApplication.refresh(SpringApplication.java:730)
	at org.springframework.boot.SpringApplication.refreshContext(SpringApplication.java:432)
	at org.springframework.boot.SpringApplication.run(SpringApplication.java:308)
	at org.springframework.boot.SpringApplication.run(SpringApplication.java:1302)
	at org.springframework.boot.SpringApplication.run(SpringApplication.java:1291)
	at com.zry.xiaohongshu.count.biz.XiaohongshuCountBizApplication.main(XiaohongshuCountBizApplication.java:11)
Caused by: org.apache.rocketmq.remoting.exception.RemotingConnectException: connect to [127.0.0.1:9876] failed
	at org.apache.rocketmq.remoting.netty.NettyRemotingClient.getAndCreateNameserverChannel(NettyRemotingClient.java:458)
	at org.apache.rocketmq.remoting.netty.NettyRemotingClient.getAndCreateChannel(NettyRemotingClient.java:413)
	at org.apache.rocketmq.remoting.netty.NettyRemotingClient.invokeSync(NettyRemotingClient.java:382)
	at org.apache.rocketmq.client.impl.MQClientAPIImpl.getTopicRouteInfoFromNameServer(MQClientAPIImpl.java:1394)
	at org.apache.rocketmq.client.impl.MQClientAPIImpl.getTopicRouteInfoFromNameServer(MQClientAPIImpl.java:1384)
	at org.apache.rocketmq.client.impl.factory.MQClientInstance.updateTopicRouteInfoFromNameServer(MQClientInstance.java:623)
	... 25 common frames omitted
2025-09-15 10:30:40.041 [main] WARN  o.s.b.w.s.c.AnnotationConfigServletWebServerApplicationContext - Exception encountered during context initialization - cancelling refresh attempt: org.springframework.beans.factory.BeanCreationException: Error creating bean with name 'countFans2DBConsumer' defined in file [D:\subject\JAVA\SpringCloud\xiaohongshu\xiaohongshu-count\target\classes\com\zry\xiaohongshu\count\biz\consumer\CountFans2DBConsumer.class]: java.lang.IllegalStateException: org.apache.rocketmq.remoting.exception.RemotingConnectException: connect to [127.0.0.1:9876] failed
2025-09-15 10:30:40.043 [main] INFO  o.a.r.s.support.DefaultRocketMQListenerContainer - container destroyed, DefaultRocketMQListenerContainer{consumerGroup='xiaohongshu_group_CountFans2DBTopic', namespace='', nameServer='127.0.0.1:9876', topic='CountFans2DBTopic', consumeMode=CONCURRENTLY, selectorType=TAG, selectorExpression='*', messageModel=CLUSTERING', tlsEnable=false, instanceName=DEFAULT}
2025-09-15 10:30:40.043 [main] INFO  com.alibaba.druid.pool.DruidDataSource - {dataSource-1} closing ...
2025-09-15 10:30:40.053 [main] INFO  com.alibaba.druid.pool.DruidDataSource - {dataSource-1} closed
2025-09-15 10:30:40.054 [main] INFO  org.apache.catalina.core.StandardService - Stopping service [Tomcat]
2025-09-15 10:30:40.080 [main] INFO  o.s.b.a.logging.ConditionEvaluationReportLogger - 

Error starting ApplicationContext. To display the condition evaluation report re-run your application with 'debug' enabled.
2025-09-15 10:30:40.099 [main] ERROR org.springframework.boot.SpringApplication - Application run failed
org.springframework.beans.factory.BeanCreationException: Error creating bean with name 'countFans2DBConsumer' defined in file [D:\subject\JAVA\SpringCloud\xiaohongshu\xiaohongshu-count\target\classes\com\zry\xiaohongshu\count\biz\consumer\CountFans2DBConsumer.class]: java.lang.IllegalStateException: org.apache.rocketmq.remoting.exception.RemotingConnectException: connect to [127.0.0.1:9876] failed
	at org.springframework.beans.factory.support.AbstractAutowireCapableBeanFactory.doCreateBean(AbstractAutowireCapableBeanFactory.java:606)
	at org.springframework.beans.factory.support.AbstractAutowireCapableBeanFactory.createBean(AbstractAutowireCapableBeanFactory.java:521)
	at org.springframework.beans.factory.support.AbstractBeanFactory.lambda$doGetBean$0(AbstractBeanFactory.java:326)
	at org.springframework.beans.factory.support.DefaultSingletonBeanRegistry.getSingleton(DefaultSingletonBeanRegistry.java:234)
	at org.springframework.beans.factory.support.AbstractBeanFactory.doGetBean(AbstractBeanFactory.java:324)
	at org.springframework.beans.factory.support.AbstractBeanFactory.getBean(AbstractBeanFactory.java:200)
	at org.springframework.beans.factory.support.DefaultListableBeanFactory.preInstantiateSingletons(DefaultListableBeanFactory.java:961)
	at org.springframework.context.support.AbstractApplicationContext.finishBeanFactoryInitialization(AbstractApplicationContext.java:915)
	at org.springframework.context.support.AbstractApplicationContext.refresh(AbstractApplicationContext.java:584)
	at org.springframework.boot.web.servlet.context.ServletWebServerApplicationContext.refresh(ServletWebServerApplicationContext.java:146)
	at org.springframework.boot.SpringApplication.refresh(SpringApplication.java:730)
	at org.springframework.boot.SpringApplication.refreshContext(SpringApplication.java:432)
	at org.springframework.boot.SpringApplication.run(SpringApplication.java:308)
	at org.springframework.boot.SpringApplication.run(SpringApplication.java:1302)
	at org.springframework.boot.SpringApplication.run(SpringApplication.java:1291)
	at com.zry.xiaohongshu.count.biz.XiaohongshuCountBizApplication.main(XiaohongshuCountBizApplication.java:11)
Caused by: java.lang.RuntimeException: java.lang.IllegalStateException: org.apache.rocketmq.remoting.exception.RemotingConnectException: connect to [127.0.0.1:9876] failed
	at org.apache.rocketmq.spring.autoconfigure.ListenerContainerConfiguration.registerContainer(ListenerContainerConfiguration.java:109)
	at org.apache.rocketmq.spring.annotation.RocketMQMessageListenerBeanPostProcessor.postProcessAfterInitialization(RocketMQMessageListenerBeanPostProcessor.java:55)
	at org.springframework.beans.factory.support.AbstractAutowireCapableBeanFactory.applyBeanPostProcessorsAfterInitialization(AbstractAutowireCapableBeanFactory.java:435)
	at org.springframework.beans.factory.support.AbstractAutowireCapableBeanFactory.initializeBean(AbstractAutowireCapableBeanFactory.java:1754)
	at org.springframework.beans.factory.support.AbstractAutowireCapableBeanFactory.doCreateBean(AbstractAutowireCapableBeanFactory.java:599)
	... 15 common frames omitted
Caused by: java.lang.IllegalStateException: org.apache.rocketmq.remoting.exception.RemotingConnectException: connect to [127.0.0.1:9876] failed
	at org.apache.rocketmq.client.impl.factory.MQClientInstance.updateTopicRouteInfoFromNameServer(MQClientInstance.java:680)
	at org.apache.rocketmq.client.impl.factory.MQClientInstance.updateTopicRouteInfoFromNameServer(MQClientInstance.java:510)
	at org.apache.rocketmq.client.impl.consumer.DefaultMQPushConsumerImpl.updateTopicSubscribeInfoWhenSubscriptionChanged(DefaultMQPushConsumerImpl.java:872)
	at org.apache.rocketmq.client.impl.consumer.DefaultMQPushConsumerImpl.start(DefaultMQPushConsumerImpl.java:655)
	at org.apache.rocketmq.client.consumer.DefaultMQPushConsumer.start(DefaultMQPushConsumer.java:707)
	at org.apache.rocketmq.spring.support.DefaultRocketMQListenerContainer.start(DefaultRocketMQListenerContainer.java:343)
	at org.apache.rocketmq.spring.autoconfigure.ListenerContainerConfiguration.registerContainer(ListenerContainerConfiguration.java:106)
	... 19 common frames omitted
Caused by: org.apache.rocketmq.remoting.exception.RemotingConnectException: connect to [127.0.0.1:9876] failed
	at org.apache.rocketmq.remoting.netty.NettyRemotingClient.getAndCreateNameserverChannel(NettyRemotingClient.java:458)
	at org.apache.rocketmq.remoting.netty.NettyRemotingClient.getAndCreateChannel(NettyRemotingClient.java:413)
	at org.apache.rocketmq.remoting.netty.NettyRemotingClient.invokeSync(NettyRemotingClient.java:382)
	at org.apache.rocketmq.client.impl.MQClientAPIImpl.getTopicRouteInfoFromNameServer(MQClientAPIImpl.java:1394)
	at org.apache.rocketmq.client.impl.MQClientAPIImpl.getTopicRouteInfoFromNameServer(MQClientAPIImpl.java:1384)
	at org.apache.rocketmq.client.impl.factory.MQClientInstance.updateTopicRouteInfoFromNameServer(MQClientInstance.java:623)
	... 25 common frames omitted
2025-09-15 10:31:02.966 [main] WARN  com.alibaba.nacos.client.logging.NacosLogging - Load Logback Configuration of Nacos fail, message: Could not initialize Logback Nacos logging from classpath:nacos-logback.xml
2025-09-15 10:31:03.026 [main] WARN  com.alibaba.nacos.client.logging.NacosLogging - Load Logback Configuration of Nacos fail, message: Could not initialize Logback Nacos logging from classpath:nacos-logback.xml
2025-09-15 10:31:03.616 [main] WARN  com.alibaba.nacos.client.logging.NacosLogging - Load Logback Configuration of Nacos fail, message: Could not initialize Logback Nacos logging from classpath:nacos-logback.xml
2025-09-15 10:31:03.630 [main] WARN  com.alibaba.nacos.client.logging.NacosLogging - Load Logback Configuration of Nacos fail, message: Could not initialize Logback Nacos logging from classpath:nacos-logback.xml
2025-09-15 10:31:03.632 [main] INFO  c.z.x.count.biz.XiaohongshuCountBizApplication - The following 1 profile is active: "dev"
2025-09-15 10:31:04.247 [main] INFO  o.s.d.r.config.RepositoryConfigurationDelegate - Multiple Spring Data modules found, entering strict repository configuration mode
2025-09-15 10:31:04.251 [main] INFO  o.s.d.r.config.RepositoryConfigurationDelegate - Bootstrapping Spring Data Redis repositories in DEFAULT mode.
2025-09-15 10:31:04.277 [main] INFO  o.s.d.r.config.RepositoryConfigurationDelegate - Finished Spring Data repository scanning in 11 ms. Found 0 Redis repository interfaces.
2025-09-15 10:31:04.492 [main] INFO  o.springframework.cloud.context.scope.GenericScope - BeanFactory id=0d91d321-7a80-3c1d-ba44-d31d0cb15378
2025-09-15 10:31:04.667 [main] INFO  o.s.c.s.PostProcessorRegistrationDelegate$BeanPostProcessorChecker - Bean 'org.apache.rocketmq.spring.autoconfigure.MessageConverterConfiguration' of type [org.apache.rocketmq.spring.autoconfigure.MessageConverterConfiguration$$SpringCGLIB$$0] is not eligible for getting processed by all BeanPostProcessors (for example: not eligible for auto-proxying)
2025-09-15 10:31:04.727 [main] INFO  o.s.c.s.PostProcessorRegistrationDelegate$BeanPostProcessorChecker - Bean 'createRocketMQMessageConverter' of type [org.apache.rocketmq.spring.support.RocketMQMessageConverter] is not eligible for getting processed by all BeanPostProcessors (for example: not eligible for auto-proxying)
2025-09-15 10:31:04.729 [main] INFO  o.s.c.s.PostProcessorRegistrationDelegate$BeanPostProcessorChecker - Bean 'org.springframework.cloud.commons.config.CommonsConfigAutoConfiguration' of type [org.springframework.cloud.commons.config.CommonsConfigAutoConfiguration] is not eligible for getting processed by all BeanPostProcessors (for example: not eligible for auto-proxying)
2025-09-15 10:31:04.733 [main] INFO  o.s.c.s.PostProcessorRegistrationDelegate$BeanPostProcessorChecker - Bean 'org.springframework.cloud.client.loadbalancer.LoadBalancerDefaultMappingsProviderAutoConfiguration' of type [org.springframework.cloud.client.loadbalancer.LoadBalancerDefaultMappingsProviderAutoConfiguration] is not eligible for getting processed by all BeanPostProcessors (for example: not eligible for auto-proxying)
2025-09-15 10:31:04.733 [main] INFO  o.s.c.s.PostProcessorRegistrationDelegate$BeanPostProcessorChecker - Bean 'loadBalancerClientsDefaultsMappingsProvider' of type [org.springframework.cloud.client.loadbalancer.LoadBalancerDefaultMappingsProviderAutoConfiguration$$Lambda$722/0x000002762a4cc9d0] is not eligible for getting processed by all BeanPostProcessors (for example: not eligible for auto-proxying)
2025-09-15 10:31:04.735 [main] INFO  o.s.c.s.PostProcessorRegistrationDelegate$BeanPostProcessorChecker - Bean 'defaultsBindHandlerAdvisor' of type [org.springframework.cloud.commons.config.DefaultsBindHandlerAdvisor] is not eligible for getting processed by all BeanPostProcessors (for example: not eligible for auto-proxying)
2025-09-15 10:31:04.743 [main] INFO  o.s.c.s.PostProcessorRegistrationDelegate$BeanPostProcessorChecker - Bean 'rocketmq-org.apache.rocketmq.spring.autoconfigure.RocketMQProperties' of type [org.apache.rocketmq.spring.autoconfigure.RocketMQProperties] is not eligible for getting processed by all BeanPostProcessors (for example: not eligible for auto-proxying)
2025-09-15 10:31:04.744 [main] INFO  o.s.c.s.PostProcessorRegistrationDelegate$BeanPostProcessorChecker - Bean 'org.apache.rocketmq.spring.autoconfigure.ListenerContainerConfiguration' of type [org.apache.rocketmq.spring.autoconfigure.ListenerContainerConfiguration$$SpringCGLIB$$0] is not eligible for getting processed by all BeanPostProcessors (for example: not eligible for auto-proxying)
2025-09-15 10:31:05.001 [main] INFO  o.s.boot.web.embedded.tomcat.TomcatWebServer - Tomcat initialized with port(s): 8090 (http)
2025-09-15 10:31:05.003 [main] INFO  org.apache.catalina.core.AprLifecycleListener - Loaded Apache Tomcat Native library [2.0.3] using APR version [1.7.2].
2025-09-15 10:31:05.011 [main] INFO  org.apache.catalina.core.AprLifecycleListener - OpenSSL successfully initialized [OpenSSL 3.0.8 7 Feb 2023]
2025-09-15 10:31:05.025 [main] INFO  org.apache.catalina.core.StandardService - Starting service [Tomcat]
2025-09-15 10:31:05.025 [main] INFO  org.apache.catalina.core.StandardEngine - Starting Servlet engine: [Apache Tomcat/10.1.5]
2025-09-15 10:31:05.134 [main] INFO  o.a.c.core.ContainerBase.[Tomcat].[localhost].[/] - Initializing Spring embedded WebApplicationContext
2025-09-15 10:31:05.135 [main] INFO  o.s.b.w.s.c.ServletWebServerApplicationContext - Root WebApplicationContext: initialization completed in 1486 ms
2025-09-15 10:31:05.242 [main] INFO  c.a.d.s.b.a.DruidDataSourceAutoConfigure - Init DruidDataSource
2025-09-15 10:31:05.610 [main] INFO  com.alibaba.druid.pool.DruidDataSource - {dataSource-1} inited
2025-09-15 10:31:06.398 [main] INFO  o.a.r.s.support.DefaultRocketMQListenerContainer - running container: DefaultRocketMQListenerContainer{consumerGroup='xiaohongshu_group_CountFans2DBTopic', namespace='', nameServer='127.0.0.1:9876', topic='CountFans2DBTopic', consumeMode=CONCURRENTLY, selectorType=TAG, selectorExpression='*', messageModel=CLUSTERING', tlsEnable=false, instanceName=DEFAULT}
2025-09-15 10:31:06.399 [main] INFO  o.a.r.s.a.ListenerContainerConfiguration - Register the listener to container, listenerBeanName:countFans2DBConsumer, containerBeanName:org.apache.rocketmq.spring.support.DefaultRocketMQListenerContainer_1
2025-09-15 10:31:06.689 [main] INFO  o.a.r.s.autoconfigure.RocketMQAutoConfiguration - a producer (xiaohongshu_group) init on namesrv 127.0.0.1:9876
2025-09-15 10:31:06.778 [main] INFO  o.a.r.s.support.DefaultRocketMQListenerContainer - running container: DefaultRocketMQListenerContainer{consumerGroup='xiaohongshu_group_CountFansTopic', namespace='', nameServer='127.0.0.1:9876', topic='CountFansTopic', consumeMode=CONCURRENTLY, selectorType=TAG, selectorExpression='*', messageModel=CLUSTERING', tlsEnable=false, instanceName=DEFAULT}
2025-09-15 10:31:06.778 [main] INFO  o.a.r.s.a.ListenerContainerConfiguration - Register the listener to container, listenerBeanName:countFansConsumer, containerBeanName:org.apache.rocketmq.spring.support.DefaultRocketMQListenerContainer_2
2025-09-15 10:31:06.843 [main] INFO  o.a.r.s.support.DefaultRocketMQListenerContainer - running container: DefaultRocketMQListenerContainer{consumerGroup='xiaohongshu_group_CountFollowing2DBTopic', namespace='', nameServer='127.0.0.1:9876', topic='CountFollowing2DBTopic', consumeMode=CONCURRENTLY, selectorType=TAG, selectorExpression='*', messageModel=CLUSTERING', tlsEnable=false, instanceName=DEFAULT}
2025-09-15 10:31:06.843 [main] INFO  o.a.r.s.a.ListenerContainerConfiguration - Register the listener to container, listenerBeanName:countFollowing2DBConsumer, containerBeanName:org.apache.rocketmq.spring.support.DefaultRocketMQListenerContainer_3
2025-09-15 10:31:06.918 [main] INFO  o.a.r.s.support.DefaultRocketMQListenerContainer - running container: DefaultRocketMQListenerContainer{consumerGroup='xiaohongshu_group_CountFollowingTopic', namespace='', nameServer='127.0.0.1:9876', topic='CountFollowingTopic', consumeMode=CONCURRENTLY, selectorType=TAG, selectorExpression='*', messageModel=CLUSTERING', tlsEnable=false, instanceName=DEFAULT}
2025-09-15 10:31:06.918 [main] INFO  o.a.r.s.a.ListenerContainerConfiguration - Register the listener to container, listenerBeanName:countFollowingConsumer, containerBeanName:org.apache.rocketmq.spring.support.DefaultRocketMQListenerContainer_4
2025-09-15 10:31:07.005 [main] INFO  o.a.r.s.support.DefaultRocketMQListenerContainer - running container: DefaultRocketMQListenerContainer{consumerGroup='xiaohongshu_group_child_comment_totalCountNoteCommentTopic', namespace='', nameServer='127.0.0.1:9876', topic='CountNoteCommentTopic', consumeMode=CONCURRENTLY, selectorType=TAG, selectorExpression='*', messageModel=CLUSTERING', tlsEnable=false, instanceName=DEFAULT}
2025-09-15 10:31:07.005 [main] INFO  o.a.r.s.a.ListenerContainerConfiguration - Register the listener to container, listenerBeanName:countNoteChildCommentConsumer, containerBeanName:org.apache.rocketmq.spring.support.DefaultRocketMQListenerContainer_5
2025-09-15 10:31:07.085 [main] INFO  o.a.r.s.support.DefaultRocketMQListenerContainer - running container: DefaultRocketMQListenerContainer{consumerGroup='xiaohongshu_group_CountNoteCollect2DBTTopic', namespace='', nameServer='127.0.0.1:9876', topic='CountNoteCollect2DBTTopic', consumeMode=CONCURRENTLY, selectorType=TAG, selectorExpression='*', messageModel=CLUSTERING', tlsEnable=false, instanceName=DEFAULT}
2025-09-15 10:31:07.085 [main] INFO  o.a.r.s.a.ListenerContainerConfiguration - Register the listener to container, listenerBeanName:countNoteCollect2DBConsumer, containerBeanName:org.apache.rocketmq.spring.support.DefaultRocketMQListenerContainer_6
2025-09-15 10:31:07.139 [main] INFO  o.a.r.s.support.DefaultRocketMQListenerContainer - running container: DefaultRocketMQListenerContainer{consumerGroup='xiaohongshu_group_CountNoteCollectTopic', namespace='', nameServer='127.0.0.1:9876', topic='CountNoteCollectTopic', consumeMode=CONCURRENTLY, selectorType=TAG, selectorExpression='*', messageModel=CLUSTERING', tlsEnable=false, instanceName=DEFAULT}
2025-09-15 10:31:07.139 [main] INFO  o.a.r.s.a.ListenerContainerConfiguration - Register the listener to container, listenerBeanName:countNoteCollectConsumer, containerBeanName:org.apache.rocketmq.spring.support.DefaultRocketMQListenerContainer_7
2025-09-15 10:31:07.208 [main] INFO  o.a.r.s.support.DefaultRocketMQListenerContainer - running container: DefaultRocketMQListenerContainer{consumerGroup='xiaohongshu_group_CountNoteCommentTopic', namespace='', nameServer='127.0.0.1:9876', topic='CountNoteCommentTopic', consumeMode=CONCURRENTLY, selectorType=TAG, selectorExpression='*', messageModel=CLUSTERING', tlsEnable=false, instanceName=DEFAULT}
2025-09-15 10:31:07.209 [main] INFO  o.a.r.s.a.ListenerContainerConfiguration - Register the listener to container, listenerBeanName:countNoteCommentConsumer, containerBeanName:org.apache.rocketmq.spring.support.DefaultRocketMQListenerContainer_8
2025-09-15 10:31:07.258 [main] INFO  o.a.r.s.support.DefaultRocketMQListenerContainer - running container: DefaultRocketMQListenerContainer{consumerGroup='xiaohongshu_group_CountNoteLike2DBTTopic', namespace='', nameServer='127.0.0.1:9876', topic='CountNoteLike2DBTTopic', consumeMode=CONCURRENTLY, selectorType=TAG, selectorExpression='*', messageModel=CLUSTERING', tlsEnable=false, instanceName=DEFAULT}
2025-09-15 10:31:07.258 [main] INFO  o.a.r.s.a.ListenerContainerConfiguration - Register the listener to container, listenerBeanName:countNoteLike2DBConsumer, containerBeanName:org.apache.rocketmq.spring.support.DefaultRocketMQListenerContainer_9
2025-09-15 10:31:07.320 [main] INFO  o.a.r.s.support.DefaultRocketMQListenerContainer - running container: DefaultRocketMQListenerContainer{consumerGroup='xiaohongshu_group_NoteOperateTopic', namespace='', nameServer='127.0.0.1:9876', topic='NoteOperateTopic', consumeMode=CONCURRENTLY, selectorType=TAG, selectorExpression='*', messageModel=CLUSTERING', tlsEnable=false, instanceName=DEFAULT}
2025-09-15 10:31:07.320 [main] INFO  o.a.r.s.a.ListenerContainerConfiguration - Register the listener to container, listenerBeanName:countNotePublishConsumer, containerBeanName:org.apache.rocketmq.spring.support.DefaultRocketMQListenerContainer_10
2025-09-15 10:31:08.469 [main] INFO  o.s.boot.web.embedded.tomcat.TomcatWebServer - Tomcat started on port(s): 8090 (http) with context path ''
2025-09-15 10:31:08.477 [main] WARN  com.alibaba.nacos.client.logging.NacosLogging - Load Logback Configuration of Nacos fail, message: Could not initialize Logback Nacos logging from classpath:nacos-logback.xml
2025-09-15 10:31:08.477 [main] INFO  com.alibaba.nacos.client.naming - initializer namespace from ans.namespace attribute : null
2025-09-15 10:31:08.478 [main] INFO  com.alibaba.nacos.client.naming - initializer namespace from ALIBABA_ALIWARE_NAMESPACE attribute :null
2025-09-15 10:31:08.478 [main] INFO  com.alibaba.nacos.client.naming - initializer namespace from namespace attribute :null
2025-09-15 10:31:08.508 [main] INFO  com.alibaba.nacos.client.utils.ParamUtil - [settings] [req-serv] nacos-server port:8848
2025-09-15 10:31:08.508 [main] INFO  com.alibaba.nacos.client.utils.ParamUtil - [settings] [http-client] connect timeout:1000
2025-09-15 10:31:08.509 [main] INFO  com.alibaba.nacos.client.utils.ParamUtil - PER_TASK_CONFIG_SIZE: 3000.0
2025-09-15 10:31:08.513 [main] INFO  c.a.n.p.auth.spi.client.ClientAuthPluginManager - [ClientAuthPluginManager] Load ClientAuthService com.alibaba.nacos.client.auth.impl.NacosClientAuthServiceImpl success.
2025-09-15 10:31:08.513 [main] INFO  c.a.n.p.auth.spi.client.ClientAuthPluginManager - [ClientAuthPluginManager] Load ClientAuthService com.alibaba.nacos.client.auth.ram.RamClientAuthServiceImpl success.
2025-09-15 10:31:08.517 [main] INFO  c.a.n.client.auth.ram.identify.CredentialWatcher - null No credential found
2025-09-15 10:31:08.527 [main] INFO  com.alibaba.nacos.common.remote.client - [RpcClientFactory] create a new rpc client of 9dd8d41f-8762-4eaf-bcb3-3d2aeb9d57a3
2025-09-15 10:31:08.548 [main] INFO  com.alibaba.nacos.common.remote.client - [9dd8d41f-8762-4eaf-bcb3-3d2aeb9d57a3] RpcClient init, ServerListFactory = com.alibaba.nacos.client.naming.core.ServerListManager
2025-09-15 10:31:08.548 [main] INFO  com.alibaba.nacos.common.remote.client - [9dd8d41f-8762-4eaf-bcb3-3d2aeb9d57a3] Registry connection listener to current client:com.alibaba.nacos.client.naming.remote.gprc.redo.NamingGrpcRedoService
2025-09-15 10:31:08.548 [main] INFO  com.alibaba.nacos.common.remote.client - [9dd8d41f-8762-4eaf-bcb3-3d2aeb9d57a3] Register server push request handler:com.alibaba.nacos.client.naming.remote.gprc.NamingPushRequestHandler
2025-09-15 10:31:08.550 [main] INFO  com.alibaba.nacos.common.remote.client - [9dd8d41f-8762-4eaf-bcb3-3d2aeb9d57a3] Try to connect to server on start up, server: {serverIp = '47.236.36.111', server main port = 8848}
2025-09-15 10:31:08.577 [main] INFO  c.a.nacos.common.remote.client.grpc.GrpcClient - grpc client connection server:47.236.36.111 ip,serverPort:9848,grpcTslConfig:{"sslProvider":"OPENSSL","enableTls":false,"mutualAuthEnable":false,"trustAll":false}
2025-09-15 10:31:09.820 [main] INFO  com.alibaba.nacos.common.remote.client - [9dd8d41f-8762-4eaf-bcb3-3d2aeb9d57a3] Success to connect to server [47.236.36.111:8848] on start up, connectionId = 1757903469382_120.85.130.202_60520
2025-09-15 10:31:09.820 [com.alibaba.nacos.client.remote.worker] INFO  com.alibaba.nacos.common.remote.client - [9dd8d41f-8762-4eaf-bcb3-3d2aeb9d57a3] Notify connected event to listeners.
2025-09-15 10:31:09.820 [com.alibaba.nacos.client.remote.worker] INFO  com.alibaba.nacos.client.naming - Grpc connection connect
2025-09-15 10:31:09.821 [main] INFO  com.alibaba.nacos.common.remote.client - [9dd8d41f-8762-4eaf-bcb3-3d2aeb9d57a3] Register server push request handler:com.alibaba.nacos.common.remote.client.RpcClient$ConnectResetRequestHandler
2025-09-15 10:31:09.821 [main] INFO  com.alibaba.nacos.common.remote.client - [9dd8d41f-8762-4eaf-bcb3-3d2aeb9d57a3] Register server push request handler:com.alibaba.nacos.common.remote.client.RpcClient$$Lambda$1247/0x000002762a9318c0
2025-09-15 10:31:09.822 [main] INFO  com.alibaba.nacos.client.naming - [REGISTER-SERVICE] xiaohongshu registering service xiaohongshu-count with instance Instance{instanceId='null', ip='10.91.138.46', port=8090, weight=1.0, healthy=true, enabled=true, ephemeral=true, clusterName='DEFAULT', serviceName='null', metadata={IPv6=null, preserved.register.source=SPRING_CLOUD}}
2025-09-15 10:31:09.880 [main] INFO  c.a.cloud.nacos.registry.NacosServiceRegistry - nacos registry, DEFAULT_GROUP xiaohongshu-count 10.91.138.46:8090 register finished
2025-09-15 10:31:10.145 [main] INFO  c.z.x.count.biz.XiaohongshuCountBizApplication - Started XiaohongshuCountBizApplication in 8.002 seconds (process running for 9.011)
2025-09-15 10:37:53.234 [Thread-23] WARN  c.alibaba.nacos.common.http.HttpClientBeanHolder - [HttpClientBeanHolder] Start destroying common HttpClient
2025-09-15 10:37:53.234 [Thread-20] WARN  com.alibaba.nacos.common.notify.NotifyCenter - [NotifyCenter] Start destroying Publisher
2025-09-15 10:37:53.234 [Thread-20] WARN  com.alibaba.nacos.common.notify.NotifyCenter - [NotifyCenter] Destruction of the end
2025-09-15 10:37:53.235 [Thread-23] WARN  c.alibaba.nacos.common.http.HttpClientBeanHolder - [HttpClientBeanHolder] Destruction of the end
2025-09-15 10:37:53.371 [SpringApplicationShutdownHook] INFO  c.a.cloud.nacos.registry.NacosServiceRegistry - De-registering from Nacos Server now...
2025-09-15 10:37:53.371 [SpringApplicationShutdownHook] INFO  com.alibaba.nacos.client.naming - [DEREGISTER-SERVICE] xiaohongshu deregistering service xiaohongshu-count with instance: Instance{instanceId='null', ip='10.91.138.46', port=8090, weight=1.0, healthy=true, enabled=true, ephemeral=true, clusterName='DEFAULT', serviceName='null', metadata={}}
2025-09-15 10:37:53.464 [SpringApplicationShutdownHook] INFO  c.a.cloud.nacos.registry.NacosServiceRegistry - De-registration finished.
2025-09-15 10:37:53.465 [SpringApplicationShutdownHook] INFO  com.alibaba.nacos.client.naming - com.alibaba.nacos.client.naming.cache.ServiceInfoHolder do shutdown begin
2025-09-15 10:37:53.465 [SpringApplicationShutdownHook] INFO  com.alibaba.nacos.client.naming - com.alibaba.nacos.client.naming.backups.FailoverReactor do shutdown begin
2025-09-15 10:37:53.465 [SpringApplicationShutdownHook] INFO  com.alibaba.nacos.client.naming - com.alibaba.nacos.client.naming.backups.FailoverReactor do shutdown stop
2025-09-15 10:37:53.465 [SpringApplicationShutdownHook] INFO  com.alibaba.nacos.client.naming - com.alibaba.nacos.client.naming.cache.ServiceInfoHolder do shutdown stop
2025-09-15 10:37:53.465 [SpringApplicationShutdownHook] INFO  com.alibaba.nacos.client.naming - com.alibaba.nacos.client.naming.remote.NamingClientProxyDelegate do shutdown begin
2025-09-15 10:37:53.465 [SpringApplicationShutdownHook] INFO  com.alibaba.nacos.client.naming - com.alibaba.nacos.client.naming.core.ServiceInfoUpdateService do shutdown begin
2025-09-15 10:37:53.465 [SpringApplicationShutdownHook] INFO  com.alibaba.nacos.client.naming - com.alibaba.nacos.client.naming.core.ServiceInfoUpdateService do shutdown stop
2025-09-15 10:37:53.465 [SpringApplicationShutdownHook] INFO  com.alibaba.nacos.client.naming - com.alibaba.nacos.client.naming.core.ServerListManager do shutdown begin
2025-09-15 10:37:53.466 [SpringApplicationShutdownHook] WARN  com.alibaba.nacos.client.naming - [NamingHttpClientManager] Start destroying NacosRestTemplate
2025-09-15 10:37:53.466 [SpringApplicationShutdownHook] WARN  com.alibaba.nacos.client.naming - [NamingHttpClientManager] Destruction of the end
2025-09-15 10:37:53.466 [SpringApplicationShutdownHook] INFO  com.alibaba.nacos.client.naming - com.alibaba.nacos.client.naming.core.ServerListManager do shutdown stop
2025-09-15 10:37:53.466 [SpringApplicationShutdownHook] INFO  com.alibaba.nacos.client.naming - com.alibaba.nacos.client.naming.remote.http.NamingHttpClientProxy do shutdown begin
2025-09-15 10:37:53.466 [SpringApplicationShutdownHook] WARN  com.alibaba.nacos.client.naming - [NamingHttpClientManager] Start destroying NacosRestTemplate
2025-09-15 10:37:53.466 [SpringApplicationShutdownHook] WARN  com.alibaba.nacos.client.naming - [NamingHttpClientManager] Destruction of the end
2025-09-15 10:37:53.466 [SpringApplicationShutdownHook] INFO  com.alibaba.nacos.client.naming - com.alibaba.nacos.client.naming.remote.http.NamingHttpClientProxy do shutdown stop
2025-09-15 10:37:53.466 [SpringApplicationShutdownHook] INFO  com.alibaba.nacos.common.remote.client - Shutdown rpc client, set status to shutdown
2025-09-15 10:37:53.466 [SpringApplicationShutdownHook] INFO  com.alibaba.nacos.common.remote.client - Shutdown client event executor java.util.concurrent.ScheduledThreadPoolExecutor@48171c01[Running, pool size = 2, active threads = 2, queued tasks = 0, completed tasks = 0]
2025-09-15 10:37:53.466 [SpringApplicationShutdownHook] INFO  com.alibaba.nacos.common.remote.client - Close current connection 1757903469382_120.85.130.202_60520
2025-09-15 10:37:53.473 [nacos-grpc-client-executor-47.236.36.111-102] WARN  c.a.nacos.common.remote.client.grpc.GrpcClient - [1757903469382_120.85.130.202_60520]Ignore error event,isRunning:false,isAbandon=false
2025-09-15 10:37:53.475 [SpringApplicationShutdownHook] INFO  c.a.nacos.common.remote.client.grpc.GrpcClient - Shutdown grpc executor java.util.concurrent.ThreadPoolExecutor@1c933c31[Running, pool size = 4, active threads = 0, queued tasks = 0, completed tasks = 103]
2025-09-15 10:37:53.475 [SpringApplicationShutdownHook] INFO  com.alibaba.nacos.client.naming - Shutdown grpc redo service executor java.util.concurrent.ScheduledThreadPoolExecutor@74d34f2c[Running, pool size = 1, active threads = 0, queued tasks = 1, completed tasks = 134]
2025-09-15 10:37:53.476 [SpringApplicationShutdownHook] INFO  c.a.n.client.auth.ram.identify.CredentialWatcher - [null] CredentialWatcher is stopped
2025-09-15 10:37:53.476 [SpringApplicationShutdownHook] INFO  c.a.n.client.auth.ram.identify.CredentialService - [null] CredentialService is freed
2025-09-15 10:37:53.476 [SpringApplicationShutdownHook] INFO  com.alibaba.nacos.client.naming - com.alibaba.nacos.client.naming.remote.NamingClientProxyDelegate do shutdown stop
2025-09-15 10:37:53.476 [SpringApplicationShutdownHook] INFO  o.a.r.s.support.DefaultRocketMQListenerContainer - container destroyed, DefaultRocketMQListenerContainer{consumerGroup='xiaohongshu_group_NoteOperateTopic', namespace='', nameServer='127.0.0.1:9876', topic='NoteOperateTopic', consumeMode=CONCURRENTLY, selectorType=TAG, selectorExpression='*', messageModel=CLUSTERING', tlsEnable=false, instanceName=DEFAULT}
2025-09-15 10:37:53.476 [SpringApplicationShutdownHook] INFO  o.a.r.s.support.DefaultRocketMQListenerContainer - container destroyed, DefaultRocketMQListenerContainer{consumerGroup='xiaohongshu_group_CountNoteLike2DBTTopic', namespace='', nameServer='127.0.0.1:9876', topic='CountNoteLike2DBTTopic', consumeMode=CONCURRENTLY, selectorType=TAG, selectorExpression='*', messageModel=CLUSTERING', tlsEnable=false, instanceName=DEFAULT}
2025-09-15 10:37:53.477 [SpringApplicationShutdownHook] INFO  o.a.r.s.support.DefaultRocketMQListenerContainer - container destroyed, DefaultRocketMQListenerContainer{consumerGroup='xiaohongshu_group_CountNoteCommentTopic', namespace='', nameServer='127.0.0.1:9876', topic='CountNoteCommentTopic', consumeMode=CONCURRENTLY, selectorType=TAG, selectorExpression='*', messageModel=CLUSTERING', tlsEnable=false, instanceName=DEFAULT}
2025-09-15 10:37:53.477 [SpringApplicationShutdownHook] INFO  o.a.r.s.support.DefaultRocketMQListenerContainer - container destroyed, DefaultRocketMQListenerContainer{consumerGroup='xiaohongshu_group_CountNoteCollectTopic', namespace='', nameServer='127.0.0.1:9876', topic='CountNoteCollectTopic', consumeMode=CONCURRENTLY, selectorType=TAG, selectorExpression='*', messageModel=CLUSTERING', tlsEnable=false, instanceName=DEFAULT}
2025-09-15 10:37:53.477 [SpringApplicationShutdownHook] INFO  o.a.r.s.support.DefaultRocketMQListenerContainer - container destroyed, DefaultRocketMQListenerContainer{consumerGroup='xiaohongshu_group_CountNoteCollect2DBTTopic', namespace='', nameServer='127.0.0.1:9876', topic='CountNoteCollect2DBTTopic', consumeMode=CONCURRENTLY, selectorType=TAG, selectorExpression='*', messageModel=CLUSTERING', tlsEnable=false, instanceName=DEFAULT}
2025-09-15 10:37:53.477 [SpringApplicationShutdownHook] INFO  o.a.r.s.support.DefaultRocketMQListenerContainer - container destroyed, DefaultRocketMQListenerContainer{consumerGroup='xiaohongshu_group_child_comment_totalCountNoteCommentTopic', namespace='', nameServer='127.0.0.1:9876', topic='CountNoteCommentTopic', consumeMode=CONCURRENTLY, selectorType=TAG, selectorExpression='*', messageModel=CLUSTERING', tlsEnable=false, instanceName=DEFAULT}
2025-09-15 10:37:53.477 [SpringApplicationShutdownHook] INFO  o.a.r.s.support.DefaultRocketMQListenerContainer - container destroyed, DefaultRocketMQListenerContainer{consumerGroup='xiaohongshu_group_CountFollowingTopic', namespace='', nameServer='127.0.0.1:9876', topic='CountFollowingTopic', consumeMode=CONCURRENTLY, selectorType=TAG, selectorExpression='*', messageModel=CLUSTERING', tlsEnable=false, instanceName=DEFAULT}
2025-09-15 10:37:53.477 [SpringApplicationShutdownHook] INFO  o.a.r.s.support.DefaultRocketMQListenerContainer - container destroyed, DefaultRocketMQListenerContainer{consumerGroup='xiaohongshu_group_CountFollowing2DBTopic', namespace='', nameServer='127.0.0.1:9876', topic='CountFollowing2DBTopic', consumeMode=CONCURRENTLY, selectorType=TAG, selectorExpression='*', messageModel=CLUSTERING', tlsEnable=false, instanceName=DEFAULT}
2025-09-15 10:37:53.477 [SpringApplicationShutdownHook] INFO  o.a.r.s.support.DefaultRocketMQListenerContainer - container destroyed, DefaultRocketMQListenerContainer{consumerGroup='xiaohongshu_group_CountFansTopic', namespace='', nameServer='127.0.0.1:9876', topic='CountFansTopic', consumeMode=CONCURRENTLY, selectorType=TAG, selectorExpression='*', messageModel=CLUSTERING', tlsEnable=false, instanceName=DEFAULT}
2025-09-15 10:37:53.497 [SpringApplicationShutdownHook] INFO  o.a.r.s.support.DefaultRocketMQListenerContainer - container destroyed, DefaultRocketMQListenerContainer{consumerGroup='xiaohongshu_group_CountFans2DBTopic', namespace='', nameServer='127.0.0.1:9876', topic='CountFans2DBTopic', consumeMode=CONCURRENTLY, selectorType=TAG, selectorExpression='*', messageModel=CLUSTERING', tlsEnable=false, instanceName=DEFAULT}
2025-09-15 10:37:53.497 [SpringApplicationShutdownHook] INFO  com.alibaba.druid.pool.DruidDataSource - {dataSource-1} closing ...
2025-09-15 10:37:53.505 [SpringApplicationShutdownHook] INFO  com.alibaba.druid.pool.DruidDataSource - {dataSource-1} closed
2025-09-15 10:47:42.307 [main] WARN  com.alibaba.nacos.client.logging.NacosLogging - Load Logback Configuration of Nacos fail, message: Could not initialize Logback Nacos logging from classpath:nacos-logback.xml
2025-09-15 10:47:42.380 [main] WARN  com.alibaba.nacos.client.logging.NacosLogging - Load Logback Configuration of Nacos fail, message: Could not initialize Logback Nacos logging from classpath:nacos-logback.xml
2025-09-15 10:47:42.975 [main] WARN  com.alibaba.nacos.client.logging.NacosLogging - Load Logback Configuration of Nacos fail, message: Could not initialize Logback Nacos logging from classpath:nacos-logback.xml
2025-09-15 10:47:42.990 [main] WARN  com.alibaba.nacos.client.logging.NacosLogging - Load Logback Configuration of Nacos fail, message: Could not initialize Logback Nacos logging from classpath:nacos-logback.xml
2025-09-15 10:47:42.991 [main] INFO  c.z.x.count.biz.XiaohongshuCountBizApplication - The following 1 profile is active: "dev"
2025-09-15 10:47:43.648 [main] INFO  o.s.d.r.config.RepositoryConfigurationDelegate - Multiple Spring Data modules found, entering strict repository configuration mode
2025-09-15 10:47:43.652 [main] INFO  o.s.d.r.config.RepositoryConfigurationDelegate - Bootstrapping Spring Data Redis repositories in DEFAULT mode.
2025-09-15 10:47:43.677 [main] INFO  o.s.d.r.config.RepositoryConfigurationDelegate - Finished Spring Data repository scanning in 11 ms. Found 0 Redis repository interfaces.
2025-09-15 10:47:43.904 [main] INFO  o.springframework.cloud.context.scope.GenericScope - BeanFactory id=7d4f728d-bc4d-3392-a608-a86b370d5ca1
2025-09-15 10:47:44.259 [main] INFO  o.s.c.s.PostProcessorRegistrationDelegate$BeanPostProcessorChecker - Bean 'org.apache.rocketmq.spring.autoconfigure.MessageConverterConfiguration' of type [org.apache.rocketmq.spring.autoconfigure.MessageConverterConfiguration$$SpringCGLIB$$0] is not eligible for getting processed by all BeanPostProcessors (for example: not eligible for auto-proxying)
2025-09-15 10:47:44.323 [main] INFO  o.s.c.s.PostProcessorRegistrationDelegate$BeanPostProcessorChecker - Bean 'createRocketMQMessageConverter' of type [org.apache.rocketmq.spring.support.RocketMQMessageConverter] is not eligible for getting processed by all BeanPostProcessors (for example: not eligible for auto-proxying)
2025-09-15 10:47:44.326 [main] INFO  o.s.c.s.PostProcessorRegistrationDelegate$BeanPostProcessorChecker - Bean 'org.springframework.cloud.commons.config.CommonsConfigAutoConfiguration' of type [org.springframework.cloud.commons.config.CommonsConfigAutoConfiguration] is not eligible for getting processed by all BeanPostProcessors (for example: not eligible for auto-proxying)
2025-09-15 10:47:44.330 [main] INFO  o.s.c.s.PostProcessorRegistrationDelegate$BeanPostProcessorChecker - Bean 'org.springframework.cloud.client.loadbalancer.LoadBalancerDefaultMappingsProviderAutoConfiguration' of type [org.springframework.cloud.client.loadbalancer.LoadBalancerDefaultMappingsProviderAutoConfiguration] is not eligible for getting processed by all BeanPostProcessors (for example: not eligible for auto-proxying)
2025-09-15 10:47:44.331 [main] INFO  o.s.c.s.PostProcessorRegistrationDelegate$BeanPostProcessorChecker - Bean 'loadBalancerClientsDefaultsMappingsProvider' of type [org.springframework.cloud.client.loadbalancer.LoadBalancerDefaultMappingsProviderAutoConfiguration$$Lambda$724/0x000001c78150c2d8] is not eligible for getting processed by all BeanPostProcessors (for example: not eligible for auto-proxying)
2025-09-15 10:47:44.333 [main] INFO  o.s.c.s.PostProcessorRegistrationDelegate$BeanPostProcessorChecker - Bean 'defaultsBindHandlerAdvisor' of type [org.springframework.cloud.commons.config.DefaultsBindHandlerAdvisor] is not eligible for getting processed by all BeanPostProcessors (for example: not eligible for auto-proxying)
2025-09-15 10:47:44.341 [main] INFO  o.s.c.s.PostProcessorRegistrationDelegate$BeanPostProcessorChecker - Bean 'rocketmq-org.apache.rocketmq.spring.autoconfigure.RocketMQProperties' of type [org.apache.rocketmq.spring.autoconfigure.RocketMQProperties] is not eligible for getting processed by all BeanPostProcessors (for example: not eligible for auto-proxying)
2025-09-15 10:47:44.343 [main] INFO  o.s.c.s.PostProcessorRegistrationDelegate$BeanPostProcessorChecker - Bean 'org.apache.rocketmq.spring.autoconfigure.ListenerContainerConfiguration' of type [org.apache.rocketmq.spring.autoconfigure.ListenerContainerConfiguration$$SpringCGLIB$$0] is not eligible for getting processed by all BeanPostProcessors (for example: not eligible for auto-proxying)
2025-09-15 10:47:44.651 [main] INFO  o.s.boot.web.embedded.tomcat.TomcatWebServer - Tomcat initialized with port(s): 8090 (http)
2025-09-15 10:47:44.652 [main] INFO  org.apache.catalina.core.AprLifecycleListener - Loaded Apache Tomcat Native library [2.0.3] using APR version [1.7.2].
2025-09-15 10:47:44.657 [main] INFO  org.apache.catalina.core.AprLifecycleListener - OpenSSL successfully initialized [OpenSSL 3.0.8 7 Feb 2023]
2025-09-15 10:47:44.670 [main] INFO  org.apache.catalina.core.StandardService - Starting service [Tomcat]
2025-09-15 10:47:44.670 [main] INFO  org.apache.catalina.core.StandardEngine - Starting Servlet engine: [Apache Tomcat/10.1.5]
2025-09-15 10:47:44.790 [main] INFO  o.a.c.core.ContainerBase.[Tomcat].[localhost].[/] - Initializing Spring embedded WebApplicationContext
2025-09-15 10:47:44.790 [main] INFO  o.s.b.w.s.c.ServletWebServerApplicationContext - Root WebApplicationContext: initialization completed in 1779 ms
2025-09-15 10:47:44.902 [main] INFO  c.a.d.s.b.a.DruidDataSourceAutoConfigure - Init DruidDataSource
2025-09-15 10:47:45.286 [main] INFO  com.alibaba.druid.pool.DruidDataSource - {dataSource-1} inited
2025-09-15 10:47:46.011 [main] INFO  o.a.r.s.support.DefaultRocketMQListenerContainer - running container: DefaultRocketMQListenerContainer{consumerGroup='xiaohongshu_group_CountFans2DBTopic', namespace='', nameServer='127.0.0.1:9876', topic='CountFans2DBTopic', consumeMode=CONCURRENTLY, selectorType=TAG, selectorExpression='*', messageModel=CLUSTERING', tlsEnable=false, instanceName=DEFAULT}
2025-09-15 10:47:46.011 [main] INFO  o.a.r.s.a.ListenerContainerConfiguration - Register the listener to container, listenerBeanName:countFans2DBConsumer, containerBeanName:org.apache.rocketmq.spring.support.DefaultRocketMQListenerContainer_1
2025-09-15 10:47:46.328 [main] INFO  o.a.r.s.autoconfigure.RocketMQAutoConfiguration - a producer (xiaohongshu_group) init on namesrv 127.0.0.1:9876
2025-09-15 10:47:46.453 [main] INFO  o.a.r.s.support.DefaultRocketMQListenerContainer - running container: DefaultRocketMQListenerContainer{consumerGroup='xiaohongshu_group_CountFansTopic', namespace='', nameServer='127.0.0.1:9876', topic='CountFansTopic', consumeMode=CONCURRENTLY, selectorType=TAG, selectorExpression='*', messageModel=CLUSTERING', tlsEnable=false, instanceName=DEFAULT}
2025-09-15 10:47:46.453 [main] INFO  o.a.r.s.a.ListenerContainerConfiguration - Register the listener to container, listenerBeanName:countFansConsumer, containerBeanName:org.apache.rocketmq.spring.support.DefaultRocketMQListenerContainer_2
2025-09-15 10:47:46.523 [main] INFO  o.a.r.s.support.DefaultRocketMQListenerContainer - running container: DefaultRocketMQListenerContainer{consumerGroup='xiaohongshu_group_CountFollowing2DBTopic', namespace='', nameServer='127.0.0.1:9876', topic='CountFollowing2DBTopic', consumeMode=CONCURRENTLY, selectorType=TAG, selectorExpression='*', messageModel=CLUSTERING', tlsEnable=false, instanceName=DEFAULT}
2025-09-15 10:47:46.523 [main] INFO  o.a.r.s.a.ListenerContainerConfiguration - Register the listener to container, listenerBeanName:countFollowing2DBConsumer, containerBeanName:org.apache.rocketmq.spring.support.DefaultRocketMQListenerContainer_3
2025-09-15 10:47:46.596 [main] INFO  o.a.r.s.support.DefaultRocketMQListenerContainer - running container: DefaultRocketMQListenerContainer{consumerGroup='xiaohongshu_group_CountFollowingTopic', namespace='', nameServer='127.0.0.1:9876', topic='CountFollowingTopic', consumeMode=CONCURRENTLY, selectorType=TAG, selectorExpression='*', messageModel=CLUSTERING', tlsEnable=false, instanceName=DEFAULT}
2025-09-15 10:47:46.597 [main] INFO  o.a.r.s.a.ListenerContainerConfiguration - Register the listener to container, listenerBeanName:countFollowingConsumer, containerBeanName:org.apache.rocketmq.spring.support.DefaultRocketMQListenerContainer_4
2025-09-15 10:47:46.672 [main] INFO  o.a.r.s.support.DefaultRocketMQListenerContainer - running container: DefaultRocketMQListenerContainer{consumerGroup='xiaohongshu_group_child_comment_totalCountNoteCommentTopic', namespace='', nameServer='127.0.0.1:9876', topic='CountNoteCommentTopic', consumeMode=CONCURRENTLY, selectorType=TAG, selectorExpression='*', messageModel=CLUSTERING', tlsEnable=false, instanceName=DEFAULT}
2025-09-15 10:47:46.672 [main] INFO  o.a.r.s.a.ListenerContainerConfiguration - Register the listener to container, listenerBeanName:countNoteChildCommentConsumer, containerBeanName:org.apache.rocketmq.spring.support.DefaultRocketMQListenerContainer_5
2025-09-15 10:47:46.764 [main] INFO  o.a.r.s.support.DefaultRocketMQListenerContainer - running container: DefaultRocketMQListenerContainer{consumerGroup='xiaohongshu_group_CountNoteCollect2DBTTopic', namespace='', nameServer='127.0.0.1:9876', topic='CountNoteCollect2DBTTopic', consumeMode=CONCURRENTLY, selectorType=TAG, selectorExpression='*', messageModel=CLUSTERING', tlsEnable=false, instanceName=DEFAULT}
2025-09-15 10:47:46.765 [main] INFO  o.a.r.s.a.ListenerContainerConfiguration - Register the listener to container, listenerBeanName:countNoteCollect2DBConsumer, containerBeanName:org.apache.rocketmq.spring.support.DefaultRocketMQListenerContainer_6
2025-09-15 10:47:46.838 [main] INFO  o.a.r.s.support.DefaultRocketMQListenerContainer - running container: DefaultRocketMQListenerContainer{consumerGroup='xiaohongshu_group_CountNoteCollectTopic', namespace='', nameServer='127.0.0.1:9876', topic='CountNoteCollectTopic', consumeMode=CONCURRENTLY, selectorType=TAG, selectorExpression='*', messageModel=CLUSTERING', tlsEnable=false, instanceName=DEFAULT}
2025-09-15 10:47:46.838 [main] INFO  o.a.r.s.a.ListenerContainerConfiguration - Register the listener to container, listenerBeanName:countNoteCollectConsumer, containerBeanName:org.apache.rocketmq.spring.support.DefaultRocketMQListenerContainer_7
2025-09-15 10:47:46.906 [main] INFO  o.a.r.s.support.DefaultRocketMQListenerContainer - running container: DefaultRocketMQListenerContainer{consumerGroup='xiaohongshu_group_CountNoteCommentTopic', namespace='', nameServer='127.0.0.1:9876', topic='CountNoteCommentTopic', consumeMode=CONCURRENTLY, selectorType=TAG, selectorExpression='*', messageModel=CLUSTERING', tlsEnable=false, instanceName=DEFAULT}
2025-09-15 10:47:46.906 [main] INFO  o.a.r.s.a.ListenerContainerConfiguration - Register the listener to container, listenerBeanName:countNoteCommentConsumer, containerBeanName:org.apache.rocketmq.spring.support.DefaultRocketMQListenerContainer_8
2025-09-15 10:47:46.971 [main] INFO  o.a.r.s.support.DefaultRocketMQListenerContainer - running container: DefaultRocketMQListenerContainer{consumerGroup='xiaohongshu_group_CountNoteLike2DBTTopic', namespace='', nameServer='127.0.0.1:9876', topic='CountNoteLike2DBTTopic', consumeMode=CONCURRENTLY, selectorType=TAG, selectorExpression='*', messageModel=CLUSTERING', tlsEnable=false, instanceName=DEFAULT}
2025-09-15 10:47:46.971 [main] INFO  o.a.r.s.a.ListenerContainerConfiguration - Register the listener to container, listenerBeanName:countNoteLike2DBConsumer, containerBeanName:org.apache.rocketmq.spring.support.DefaultRocketMQListenerContainer_9
2025-09-15 10:47:47.036 [main] INFO  o.a.r.s.support.DefaultRocketMQListenerContainer - running container: DefaultRocketMQListenerContainer{consumerGroup='xiaohongshu_group_NoteOperateTopic', namespace='', nameServer='127.0.0.1:9876', topic='NoteOperateTopic', consumeMode=CONCURRENTLY, selectorType=TAG, selectorExpression='*', messageModel=CLUSTERING', tlsEnable=false, instanceName=DEFAULT}
2025-09-15 10:47:47.036 [main] INFO  o.a.r.s.a.ListenerContainerConfiguration - Register the listener to container, listenerBeanName:countNotePublishConsumer, containerBeanName:org.apache.rocketmq.spring.support.DefaultRocketMQListenerContainer_10
2025-09-15 10:47:48.326 [main] INFO  o.s.boot.web.embedded.tomcat.TomcatWebServer - Tomcat started on port(s): 8090 (http) with context path ''
2025-09-15 10:47:48.337 [main] WARN  com.alibaba.nacos.client.logging.NacosLogging - Load Logback Configuration of Nacos fail, message: Could not initialize Logback Nacos logging from classpath:nacos-logback.xml
2025-09-15 10:47:48.337 [main] INFO  com.alibaba.nacos.client.naming - initializer namespace from ans.namespace attribute : null
2025-09-15 10:47:48.337 [main] INFO  com.alibaba.nacos.client.naming - initializer namespace from ALIBABA_ALIWARE_NAMESPACE attribute :null
2025-09-15 10:47:48.338 [main] INFO  com.alibaba.nacos.client.naming - initializer namespace from namespace attribute :null
2025-09-15 10:47:48.366 [main] INFO  com.alibaba.nacos.client.utils.ParamUtil - [settings] [req-serv] nacos-server port:8848
2025-09-15 10:47:48.366 [main] INFO  com.alibaba.nacos.client.utils.ParamUtil - [settings] [http-client] connect timeout:1000
2025-09-15 10:47:48.367 [main] INFO  com.alibaba.nacos.client.utils.ParamUtil - PER_TASK_CONFIG_SIZE: 3000.0
2025-09-15 10:47:48.372 [main] INFO  c.a.n.p.auth.spi.client.ClientAuthPluginManager - [ClientAuthPluginManager] Load ClientAuthService com.alibaba.nacos.client.auth.impl.NacosClientAuthServiceImpl success.
2025-09-15 10:47:48.372 [main] INFO  c.a.n.p.auth.spi.client.ClientAuthPluginManager - [ClientAuthPluginManager] Load ClientAuthService com.alibaba.nacos.client.auth.ram.RamClientAuthServiceImpl success.
2025-09-15 10:47:48.376 [main] INFO  c.a.n.client.auth.ram.identify.CredentialWatcher - null No credential found
2025-09-15 10:47:48.386 [main] INFO  com.alibaba.nacos.common.remote.client - [RpcClientFactory] create a new rpc client of b2061751-d338-4f8e-bcba-447c23e4aea5
2025-09-15 10:47:48.407 [main] INFO  com.alibaba.nacos.common.remote.client - [b2061751-d338-4f8e-bcba-447c23e4aea5] RpcClient init, ServerListFactory = com.alibaba.nacos.client.naming.core.ServerListManager
2025-09-15 10:47:48.407 [main] INFO  com.alibaba.nacos.common.remote.client - [b2061751-d338-4f8e-bcba-447c23e4aea5] Registry connection listener to current client:com.alibaba.nacos.client.naming.remote.gprc.redo.NamingGrpcRedoService
2025-09-15 10:47:48.407 [main] INFO  com.alibaba.nacos.common.remote.client - [b2061751-d338-4f8e-bcba-447c23e4aea5] Register server push request handler:com.alibaba.nacos.client.naming.remote.gprc.NamingPushRequestHandler
2025-09-15 10:47:48.411 [main] INFO  com.alibaba.nacos.common.remote.client - [b2061751-d338-4f8e-bcba-447c23e4aea5] Try to connect to server on start up, server: {serverIp = '47.236.36.111', server main port = 8848}
2025-09-15 10:47:48.440 [main] INFO  c.a.nacos.common.remote.client.grpc.GrpcClient - grpc client connection server:47.236.36.111 ip,serverPort:9848,grpcTslConfig:{"sslProvider":"OPENSSL","enableTls":false,"mutualAuthEnable":false,"trustAll":false}
2025-09-15 10:47:49.842 [main] INFO  com.alibaba.nacos.common.remote.client - [b2061751-d338-4f8e-bcba-447c23e4aea5] Success to connect to server [47.236.36.111:8848] on start up, connectionId = 1757904469270_120.85.130.202_5510
2025-09-15 10:47:49.842 [com.alibaba.nacos.client.remote.worker] INFO  com.alibaba.nacos.common.remote.client - [b2061751-d338-4f8e-bcba-447c23e4aea5] Notify connected event to listeners.
2025-09-15 10:47:49.843 [com.alibaba.nacos.client.remote.worker] INFO  com.alibaba.nacos.client.naming - Grpc connection connect
2025-09-15 10:47:49.843 [main] INFO  com.alibaba.nacos.common.remote.client - [b2061751-d338-4f8e-bcba-447c23e4aea5] Register server push request handler:com.alibaba.nacos.common.remote.client.RpcClient$ConnectResetRequestHandler
2025-09-15 10:47:49.843 [main] INFO  com.alibaba.nacos.common.remote.client - [b2061751-d338-4f8e-bcba-447c23e4aea5] Register server push request handler:com.alibaba.nacos.common.remote.client.RpcClient$$Lambda$1246/0x000001c781982db8
2025-09-15 10:47:49.845 [main] INFO  com.alibaba.nacos.client.naming - [REGISTER-SERVICE] xiaohongshu registering service xiaohongshu-count with instance Instance{instanceId='null', ip='10.91.138.46', port=8090, weight=1.0, healthy=true, enabled=true, ephemeral=true, clusterName='DEFAULT', serviceName='null', metadata={IPv6=null, preserved.register.source=SPRING_CLOUD}}
2025-09-15 10:47:49.913 [main] INFO  c.a.cloud.nacos.registry.NacosServiceRegistry - nacos registry, DEFAULT_GROUP xiaohongshu-count 10.91.138.46:8090 register finished
2025-09-15 10:47:50.156 [main] INFO  c.z.x.count.biz.XiaohongshuCountBizApplication - Started XiaohongshuCountBizApplication in 8.73 seconds (process running for 9.771)
2025-09-15 10:49:47.776 [pool-batch-consume-blocking-queue-thread-0] INFO  c.z.x.c.biz.consumer.CountNoteChildCommentConsumer - ==> 【笔记二级评论数】聚合消息, size: 4
2025-09-15 10:49:47.777 [pool-batch-consume-blocking-queue-thread-0] INFO  c.z.x.c.biz.consumer.CountNoteChildCommentConsumer - ==> 【笔记二级评论数】聚合消息, ["[{\"noteId\":1960629719539908695,\"commentId\":null,\"level\":1,\"parentId\":1960629719539908695}]","[{\"noteId\":1960629719539908695,\"commentId\":null,\"level\":1,\"parentId\":1960629719539908695},{\"noteId\":1960629719539908695,\"commentId\":null,\"level\":1,\"parentId\":1960629719539908695},{\"noteId\":1960629719539908695,\"commentId\":null,\"level\":1,\"parentId\":1960629719539908695}]","[{\"noteId\":1960629719539908695,\"commentId\":null,\"level\":1,\"parentId\":1960629719539908695}]","[{\"noteId\":1960629719539908695,\"commentId\":null,\"level\":1,\"parentId\":1960629719539908695}]"]
2025-09-15 10:49:47.970 [pool-batch-consume-blocking-queue-thread-0] INFO  c.z.x.count.biz.consumer.CountNoteCommentConsumer - ==> 【笔记评论数】聚合消息, size: 2
2025-09-15 10:49:47.970 [pool-batch-consume-blocking-queue-thread-0] INFO  c.z.x.count.biz.consumer.CountNoteCommentConsumer - ==> 【笔记评论数】聚合消息, ["[{\"noteId\":1960629719539908695,\"commentId\":null,\"level\":1,\"parentId\":1960629719539908695},{\"noteId\":1960629719539908695,\"commentId\":null,\"level\":1,\"parentId\":1960629719539908695},{\"noteId\":1960629719539908695,\"commentId\":null,\"level\":1,\"parentId\":1960629719539908695}]","[{\"noteId\":1960629719539908695,\"commentId\":null,\"level\":1,\"parentId\":1960629719539908695}]"]
2025-09-15 10:49:49.336 [pool-batch-consume-blocking-queue-thread-0] INFO  c.z.x.count.biz.consumer.CountNoteCommentConsumer - ==> 【笔记评论数】聚合消息, size: 2
2025-09-15 10:49:49.336 [pool-batch-consume-blocking-queue-thread-0] INFO  c.z.x.count.biz.consumer.CountNoteCommentConsumer - ==> 【笔记评论数】聚合消息, ["[{\"noteId\":1960629719539908695,\"commentId\":null,\"level\":1,\"parentId\":1960629719539908695}]","[{\"noteId\":1960629719539908695,\"commentId\":null,\"level\":1,\"parentId\":1960629719539908695}]"]
2025-09-15 11:24:49.055 [pool-batch-consume-blocking-queue-thread-0] INFO  c.z.x.count.biz.consumer.CountNoteCommentConsumer - ==> 【笔记评论数】聚合消息, size: 1
2025-09-15 11:24:49.058 [pool-batch-consume-blocking-queue-thread-0] INFO  c.z.x.count.biz.consumer.CountNoteCommentConsumer - ==> 【笔记评论数】聚合消息, ["[{\"noteId\":1862481582414102049,\"commentId\":7,\"level\":2,\"parentId\":6}]"]
2025-09-15 11:24:49.702 [pool-batch-consume-blocking-queue-thread-0] INFO  c.z.x.c.biz.consumer.CountNoteChildCommentConsumer - ==> 【笔记二级评论数】聚合消息, size: 1
2025-09-15 11:24:49.702 [pool-batch-consume-blocking-queue-thread-0] INFO  c.z.x.c.biz.consumer.CountNoteChildCommentConsumer - ==> 【笔记二级评论数】聚合消息, ["[{\"noteId\":1862481582414102049,\"commentId\":7,\"level\":2,\"parentId\":6}]"]
2025-09-15 11:24:49.837 [NettyClientPublicExecutor_1] INFO  c.z.x.c.biz.consumer.CountNoteChildCommentConsumer - ==> 【评论热度值更新】MQ 发送成功，SendResult: SendResult [sendStatus=SEND_OK, msgId=7F0000014C8463947C6B4A8C02EE0000, offsetMsgId=0A5B8A2E00002A9F0000000000F08354, messageQueue=MessageQueue [topic=CommentHeatUpdateTopic, brokerName=broker-a, queueId=2], queueOffset=0]
2025-09-15 11:31:34.560 [pool-batch-consume-blocking-queue-thread-0] INFO  c.z.x.count.biz.consumer.CountNoteCommentConsumer - ==> 【笔记评论数】聚合消息, size: 1
2025-09-15 11:31:34.560 [pool-batch-consume-blocking-queue-thread-0] INFO  c.z.x.count.biz.consumer.CountNoteCommentConsumer - ==> 【笔记评论数】聚合消息, ["[{\"noteId\":1862481582414102049,\"commentId\":8,\"level\":2,\"parentId\":6}]"]
2025-09-15 11:31:35.268 [pool-batch-consume-blocking-queue-thread-0] INFO  c.z.x.c.biz.consumer.CountNoteChildCommentConsumer - ==> 【笔记二级评论数】聚合消息, size: 1
2025-09-15 11:31:35.268 [pool-batch-consume-blocking-queue-thread-0] INFO  c.z.x.c.biz.consumer.CountNoteChildCommentConsumer - ==> 【笔记二级评论数】聚合消息, ["[{\"noteId\":1862481582414102049,\"commentId\":8,\"level\":2,\"parentId\":6}]"]
2025-09-15 11:31:35.282 [NettyClientPublicExecutor_2] INFO  c.z.x.c.biz.consumer.CountNoteChildCommentConsumer - ==> 【评论热度值更新】MQ 发送成功，SendResult: SendResult [sendStatus=SEND_OK, msgId=7F0000014C8463947C6B4A9232EE0001, offsetMsgId=0A5B8A2E00002A9F0000000000F095F0, messageQueue=MessageQueue [topic=CommentHeatUpdateTopic, brokerName=broker-a, queueId=0], queueOffset=0]
2025-09-15 11:38:10.211 [pool-batch-consume-blocking-queue-thread-0] INFO  c.z.x.count.biz.consumer.CountNoteCommentConsumer - ==> 【笔记评论数】聚合消息, size: 1
2025-09-15 11:38:10.211 [pool-batch-consume-blocking-queue-thread-0] INFO  c.z.x.count.biz.consumer.CountNoteCommentConsumer - ==> 【笔记评论数】聚合消息, ["[{\"noteId\":1862481582414102049,\"commentId\":9,\"level\":2,\"parentId\":6}]"]
2025-09-15 11:38:11.012 [pool-batch-consume-blocking-queue-thread-0] INFO  c.z.x.c.biz.consumer.CountNoteChildCommentConsumer - ==> 【笔记二级评论数】聚合消息, size: 1
2025-09-15 11:38:11.012 [pool-batch-consume-blocking-queue-thread-0] INFO  c.z.x.c.biz.consumer.CountNoteChildCommentConsumer - ==> 【笔记二级评论数】聚合消息, ["[{\"noteId\":1862481582414102049,\"commentId\":9,\"level\":2,\"parentId\":6}]"]
2025-09-15 11:38:11.025 [NettyClientPublicExecutor_3] INFO  c.z.x.c.biz.consumer.CountNoteChildCommentConsumer - ==> 【评论热度值更新】MQ 发送成功，SendResult: SendResult [sendStatus=SEND_OK, msgId=7F0000014C8463947C6B4A983CCD0002, offsetMsgId=0A5B8A2E00002A9F0000000000F09ACE, messageQueue=MessageQueue [topic=CommentHeatUpdateTopic, brokerName=broker-a, queueId=2], queueOffset=1]
2025-09-15 11:38:22.224 [pool-batch-consume-blocking-queue-thread-0] INFO  c.z.x.count.biz.consumer.CountNoteCommentConsumer - ==> 【笔记评论数】聚合消息, size: 1
2025-09-15 11:38:22.224 [pool-batch-consume-blocking-queue-thread-0] INFO  c.z.x.count.biz.consumer.CountNoteCommentConsumer - ==> 【笔记评论数】聚合消息, ["[{\"noteId\":1862481582414102049,\"commentId\":10,\"level\":2,\"parentId\":6}]"]
2025-09-15 11:38:23.031 [pool-batch-consume-blocking-queue-thread-0] INFO  c.z.x.c.biz.consumer.CountNoteChildCommentConsumer - ==> 【笔记二级评论数】聚合消息, size: 1
2025-09-15 11:38:23.031 [pool-batch-consume-blocking-queue-thread-0] INFO  c.z.x.c.biz.consumer.CountNoteChildCommentConsumer - ==> 【笔记二级评论数】聚合消息, ["[{\"noteId\":1862481582414102049,\"commentId\":10,\"level\":2,\"parentId\":6}]"]
2025-09-15 11:38:23.049 [NettyClientPublicExecutor_4] INFO  c.z.x.c.biz.consumer.CountNoteChildCommentConsumer - ==> 【评论热度值更新】MQ 发送成功，SendResult: SendResult [sendStatus=SEND_OK, msgId=7F0000014C8463947C6B4A986BC00003, offsetMsgId=0A5B8A2E00002A9F0000000000F09FAE, messageQueue=MessageQueue [topic=CommentHeatUpdateTopic, brokerName=broker-a, queueId=3], queueOffset=0]
2025-09-15 11:39:16.083 [pool-batch-consume-blocking-queue-thread-0] INFO  c.z.x.c.biz.consumer.CountNoteChildCommentConsumer - ==> 【笔记二级评论数】聚合消息, size: 1
2025-09-15 11:39:16.083 [pool-batch-consume-blocking-queue-thread-0] INFO  c.z.x.c.biz.consumer.CountNoteChildCommentConsumer - ==> 【笔记二级评论数】聚合消息, ["[{\"noteId\":1862481582414102049,\"commentId\":11,\"level\":2,\"parentId\":6}]"]
2025-09-15 11:39:16.092 [NettyClientPublicExecutor_5] INFO  c.z.x.c.biz.consumer.CountNoteChildCommentConsumer - ==> 【评论热度值更新】MQ 发送成功，SendResult: SendResult [sendStatus=SEND_OK, msgId=7F0000014C8463947C6B4A993AF90004, offsetMsgId=0A5B8A2E00002A9F0000000000F0A48E, messageQueue=MessageQueue [topic=CommentHeatUpdateTopic, brokerName=broker-a, queueId=2], queueOffset=2]
2025-09-15 11:39:16.272 [pool-batch-consume-blocking-queue-thread-0] INFO  c.z.x.count.biz.consumer.CountNoteCommentConsumer - ==> 【笔记评论数】聚合消息, size: 1
2025-09-15 11:39:16.272 [pool-batch-consume-blocking-queue-thread-0] INFO  c.z.x.count.biz.consumer.CountNoteCommentConsumer - ==> 【笔记评论数】聚合消息, ["[{\"noteId\":1862481582414102049,\"commentId\":11,\"level\":2,\"parentId\":6}]"]
2025-09-15 11:47:49.495 [nacos-grpc-client-executor-47.236.36.111-741] ERROR c.a.nacos.common.remote.client.grpc.GrpcClient - [1757904469270_120.85.130.202_5510]Request stream error, switch server,error={}
com.alibaba.nacos.shaded.io.grpc.StatusRuntimeException: UNAVAILABLE: io exception
	at com.alibaba.nacos.shaded.io.grpc.Status.asRuntimeException(Status.java:539)
	at com.alibaba.nacos.shaded.io.grpc.stub.ClientCalls$StreamObserverToCallListenerAdapter.onClose(ClientCalls.java:487)
	at com.alibaba.nacos.shaded.io.grpc.internal.ClientCallImpl.closeObserver(ClientCallImpl.java:563)
	at com.alibaba.nacos.shaded.io.grpc.internal.ClientCallImpl.access$300(ClientCallImpl.java:70)
	at com.alibaba.nacos.shaded.io.grpc.internal.ClientCallImpl$ClientStreamListenerImpl$1StreamClosed.runInternal(ClientCallImpl.java:744)
	at com.alibaba.nacos.shaded.io.grpc.internal.ClientCallImpl$ClientStreamListenerImpl$1StreamClosed.runInContext(ClientCallImpl.java:723)
	at com.alibaba.nacos.shaded.io.grpc.internal.ContextRunnable.run(ContextRunnable.java:37)
	at com.alibaba.nacos.shaded.io.grpc.internal.SerializingExecutor.run(SerializingExecutor.java:133)
	at java.base/java.util.concurrent.ThreadPoolExecutor.runWorker(ThreadPoolExecutor.java:1136)
	at java.base/java.util.concurrent.ThreadPoolExecutor$Worker.run(ThreadPoolExecutor.java:635)
	at java.base/java.lang.Thread.run(Thread.java:842)
Caused by: java.net.SocketException: Connection reset
	at java.base/sun.nio.ch.SocketChannelImpl.throwConnectionReset(SocketChannelImpl.java:394)
	at java.base/sun.nio.ch.SocketChannelImpl.read(SocketChannelImpl.java:426)
	at com.alibaba.nacos.shaded.io.grpc.netty.shaded.io.netty.buffer.PooledByteBuf.setBytes(PooledByteBuf.java:258)
	at com.alibaba.nacos.shaded.io.grpc.netty.shaded.io.netty.buffer.AbstractByteBuf.writeBytes(AbstractByteBuf.java:1132)
	at com.alibaba.nacos.shaded.io.grpc.netty.shaded.io.netty.channel.socket.nio.NioSocketChannel.doReadBytes(NioSocketChannel.java:357)
	at com.alibaba.nacos.shaded.io.grpc.netty.shaded.io.netty.channel.nio.AbstractNioByteChannel$NioByteUnsafe.read(AbstractNioByteChannel.java:151)
	at com.alibaba.nacos.shaded.io.grpc.netty.shaded.io.netty.channel.nio.NioEventLoop.processSelectedKey(NioEventLoop.java:722)
	at com.alibaba.nacos.shaded.io.grpc.netty.shaded.io.netty.channel.nio.NioEventLoop.processSelectedKeysOptimized(NioEventLoop.java:658)
	at com.alibaba.nacos.shaded.io.grpc.netty.shaded.io.netty.channel.nio.NioEventLoop.processSelectedKeys(NioEventLoop.java:584)
	at com.alibaba.nacos.shaded.io.grpc.netty.shaded.io.netty.channel.nio.NioEventLoop.run(NioEventLoop.java:496)
	at com.alibaba.nacos.shaded.io.grpc.netty.shaded.io.netty.util.concurrent.SingleThreadEventExecutor$4.run(SingleThreadEventExecutor.java:997)
	at com.alibaba.nacos.shaded.io.grpc.netty.shaded.io.netty.util.internal.ThreadExecutorMap$2.run(ThreadExecutorMap.java:74)
	at com.alibaba.nacos.shaded.io.grpc.netty.shaded.io.netty.util.concurrent.FastThreadLocalRunnable.run(FastThreadLocalRunnable.java:30)
	... 1 common frames omitted
2025-09-15 11:47:49.701 [com.alibaba.nacos.client.remote.worker] INFO  com.alibaba.nacos.common.remote.client - [b2061751-d338-4f8e-bcba-447c23e4aea5] Try to reconnect to a new server, server is  not appointed, will choose a random server.
2025-09-15 11:47:49.714 [com.alibaba.nacos.client.remote.worker] INFO  c.a.nacos.common.remote.client.grpc.GrpcClient - grpc client connection server:47.236.36.111 ip,serverPort:9848,grpcTslConfig:{"sslProvider":"OPENSSL","enableTls":false,"mutualAuthEnable":false,"trustAll":false}
2025-09-15 11:47:50.006 [com.alibaba.nacos.client.remote.worker] ERROR c.a.nacos.common.remote.client.grpc.GrpcClient - Server check fail, please check server 47.236.36.111 ,port 9848 is available , error ={}
java.util.concurrent.ExecutionException: com.alibaba.nacos.shaded.io.grpc.StatusRuntimeException: UNAVAILABLE: io exception
	at com.alibaba.nacos.shaded.com.google.common.util.concurrent.AbstractFuture.getDoneValue(AbstractFuture.java:566)
	at com.alibaba.nacos.shaded.com.google.common.util.concurrent.AbstractFuture.get(AbstractFuture.java:445)
	at com.alibaba.nacos.common.remote.client.grpc.GrpcClient.serverCheck(GrpcClient.java:218)
	at com.alibaba.nacos.common.remote.client.grpc.GrpcClient.connectToServer(GrpcClient.java:329)
	at com.alibaba.nacos.common.remote.client.RpcClient.reconnect(RpcClient.java:502)
	at com.alibaba.nacos.common.remote.client.RpcClient.lambda$start$2(RpcClient.java:343)
	at java.base/java.util.concurrent.Executors$RunnableAdapter.call(Executors.java:539)
	at java.base/java.util.concurrent.FutureTask.run(FutureTask.java:264)
	at java.base/java.util.concurrent.ScheduledThreadPoolExecutor$ScheduledFutureTask.run(ScheduledThreadPoolExecutor.java:304)
	at java.base/java.util.concurrent.ThreadPoolExecutor.runWorker(ThreadPoolExecutor.java:1136)
	at java.base/java.util.concurrent.ThreadPoolExecutor$Worker.run(ThreadPoolExecutor.java:635)
	at java.base/java.lang.Thread.run(Thread.java:842)
Caused by: com.alibaba.nacos.shaded.io.grpc.StatusRuntimeException: UNAVAILABLE: io exception
	at com.alibaba.nacos.shaded.io.grpc.Status.asRuntimeException(Status.java:539)
	at com.alibaba.nacos.shaded.io.grpc.stub.ClientCalls$UnaryStreamToFuture.onClose(ClientCalls.java:544)
	at com.alibaba.nacos.shaded.io.grpc.internal.DelayedClientCall$DelayedListener$3.run(DelayedClientCall.java:471)
	at com.alibaba.nacos.shaded.io.grpc.internal.DelayedClientCall$DelayedListener.delayOrExecute(DelayedClientCall.java:435)
	at com.alibaba.nacos.shaded.io.grpc.internal.DelayedClientCall$DelayedListener.onClose(DelayedClientCall.java:468)
	at com.alibaba.nacos.shaded.io.grpc.internal.ClientCallImpl.closeObserver(ClientCallImpl.java:563)
	at com.alibaba.nacos.shaded.io.grpc.internal.ClientCallImpl.access$300(ClientCallImpl.java:70)
	at com.alibaba.nacos.shaded.io.grpc.internal.ClientCallImpl$ClientStreamListenerImpl$1StreamClosed.runInternal(ClientCallImpl.java:744)
	at com.alibaba.nacos.shaded.io.grpc.internal.ClientCallImpl$ClientStreamListenerImpl$1StreamClosed.runInContext(ClientCallImpl.java:723)
	at com.alibaba.nacos.shaded.io.grpc.internal.ContextRunnable.run(ContextRunnable.java:37)
	at com.alibaba.nacos.shaded.io.grpc.internal.SerializingExecutor.run(SerializingExecutor.java:133)
	... 3 common frames omitted
Caused by: com.alibaba.nacos.shaded.io.grpc.netty.shaded.io.netty.channel.AbstractChannel$AnnotatedSocketException: Network is unreachable: no further information: /47.236.36.111:9848
Caused by: java.net.SocketException: Network is unreachable: no further information
	at java.base/sun.nio.ch.Net.pollConnect(Native Method)
	at java.base/sun.nio.ch.Net.pollConnectNow(Net.java:672)
	at java.base/sun.nio.ch.SocketChannelImpl.finishConnect(SocketChannelImpl.java:946)
	at com.alibaba.nacos.shaded.io.grpc.netty.shaded.io.netty.channel.socket.nio.NioSocketChannel.doFinishConnect(NioSocketChannel.java:337)
	at com.alibaba.nacos.shaded.io.grpc.netty.shaded.io.netty.channel.nio.AbstractNioChannel$AbstractNioUnsafe.finishConnect(AbstractNioChannel.java:334)
	at com.alibaba.nacos.shaded.io.grpc.netty.shaded.io.netty.channel.nio.NioEventLoop.processSelectedKey(NioEventLoop.java:710)
	at com.alibaba.nacos.shaded.io.grpc.netty.shaded.io.netty.channel.nio.NioEventLoop.processSelectedKeysOptimized(NioEventLoop.java:658)
	at com.alibaba.nacos.shaded.io.grpc.netty.shaded.io.netty.channel.nio.NioEventLoop.processSelectedKeys(NioEventLoop.java:584)
	at com.alibaba.nacos.shaded.io.grpc.netty.shaded.io.netty.channel.nio.NioEventLoop.run(NioEventLoop.java:496)
	at com.alibaba.nacos.shaded.io.grpc.netty.shaded.io.netty.util.concurrent.SingleThreadEventExecutor$4.run(SingleThreadEventExecutor.java:997)
	at com.alibaba.nacos.shaded.io.grpc.netty.shaded.io.netty.util.internal.ThreadExecutorMap$2.run(ThreadExecutorMap.java:74)
	at com.alibaba.nacos.shaded.io.grpc.netty.shaded.io.netty.util.concurrent.FastThreadLocalRunnable.run(FastThreadLocalRunnable.java:30)
	at java.base/java.lang.Thread.run(Thread.java:842)
2025-09-15 11:47:50.140 [com.alibaba.nacos.client.remote.worker] INFO  c.a.nacos.common.remote.client.grpc.GrpcClient - grpc client connection server:47.236.36.111 ip,serverPort:9848,grpcTslConfig:{"sslProvider":"OPENSSL","enableTls":false,"mutualAuthEnable":false,"trustAll":false}
2025-09-15 11:47:50.208 [com.alibaba.nacos.client.remote.worker] ERROR c.a.nacos.common.remote.client.grpc.GrpcClient - Server check fail, please check server 47.236.36.111 ,port 9848 is available , error ={}
java.util.concurrent.ExecutionException: com.alibaba.nacos.shaded.io.grpc.StatusRuntimeException: UNAVAILABLE: io exception
	at com.alibaba.nacos.shaded.com.google.common.util.concurrent.AbstractFuture.getDoneValue(AbstractFuture.java:566)
	at com.alibaba.nacos.shaded.com.google.common.util.concurrent.AbstractFuture.get(AbstractFuture.java:445)
	at com.alibaba.nacos.common.remote.client.grpc.GrpcClient.serverCheck(GrpcClient.java:218)
	at com.alibaba.nacos.common.remote.client.grpc.GrpcClient.connectToServer(GrpcClient.java:329)
	at com.alibaba.nacos.common.remote.client.RpcClient.reconnect(RpcClient.java:502)
	at com.alibaba.nacos.common.remote.client.RpcClient.lambda$start$2(RpcClient.java:343)
	at java.base/java.util.concurrent.Executors$RunnableAdapter.call(Executors.java:539)
	at java.base/java.util.concurrent.FutureTask.run(FutureTask.java:264)
	at java.base/java.util.concurrent.ScheduledThreadPoolExecutor$ScheduledFutureTask.run(ScheduledThreadPoolExecutor.java:304)
	at java.base/java.util.concurrent.ThreadPoolExecutor.runWorker(ThreadPoolExecutor.java:1136)
	at java.base/java.util.concurrent.ThreadPoolExecutor$Worker.run(ThreadPoolExecutor.java:635)
	at java.base/java.lang.Thread.run(Thread.java:842)
Caused by: com.alibaba.nacos.shaded.io.grpc.StatusRuntimeException: UNAVAILABLE: io exception
	at com.alibaba.nacos.shaded.io.grpc.Status.asRuntimeException(Status.java:539)
	at com.alibaba.nacos.shaded.io.grpc.stub.ClientCalls$UnaryStreamToFuture.onClose(ClientCalls.java:544)
	at com.alibaba.nacos.shaded.io.grpc.internal.DelayedClientCall$DelayedListener$3.run(DelayedClientCall.java:471)
	at com.alibaba.nacos.shaded.io.grpc.internal.DelayedClientCall$DelayedListener.delayOrExecute(DelayedClientCall.java:435)
	at com.alibaba.nacos.shaded.io.grpc.internal.DelayedClientCall$DelayedListener.onClose(DelayedClientCall.java:468)
	at com.alibaba.nacos.shaded.io.grpc.internal.ClientCallImpl.closeObserver(ClientCallImpl.java:563)
	at com.alibaba.nacos.shaded.io.grpc.internal.ClientCallImpl.access$300(ClientCallImpl.java:70)
	at com.alibaba.nacos.shaded.io.grpc.internal.ClientCallImpl$ClientStreamListenerImpl$1StreamClosed.runInternal(ClientCallImpl.java:744)
	at com.alibaba.nacos.shaded.io.grpc.internal.ClientCallImpl$ClientStreamListenerImpl$1StreamClosed.runInContext(ClientCallImpl.java:723)
	at com.alibaba.nacos.shaded.io.grpc.internal.ContextRunnable.run(ContextRunnable.java:37)
	at com.alibaba.nacos.shaded.io.grpc.internal.SerializingExecutor.run(SerializingExecutor.java:133)
	... 3 common frames omitted
Caused by: com.alibaba.nacos.shaded.io.grpc.netty.shaded.io.netty.channel.AbstractChannel$AnnotatedSocketException: Network is unreachable: no further information: /47.236.36.111:9848
Caused by: java.net.SocketException: Network is unreachable: no further information
	at java.base/sun.nio.ch.Net.pollConnect(Native Method)
	at java.base/sun.nio.ch.Net.pollConnectNow(Net.java:672)
	at java.base/sun.nio.ch.SocketChannelImpl.finishConnect(SocketChannelImpl.java:946)
	at com.alibaba.nacos.shaded.io.grpc.netty.shaded.io.netty.channel.socket.nio.NioSocketChannel.doFinishConnect(NioSocketChannel.java:337)
	at com.alibaba.nacos.shaded.io.grpc.netty.shaded.io.netty.channel.nio.AbstractNioChannel$AbstractNioUnsafe.finishConnect(AbstractNioChannel.java:334)
	at com.alibaba.nacos.shaded.io.grpc.netty.shaded.io.netty.channel.nio.NioEventLoop.processSelectedKey(NioEventLoop.java:710)
	at com.alibaba.nacos.shaded.io.grpc.netty.shaded.io.netty.channel.nio.NioEventLoop.processSelectedKeysOptimized(NioEventLoop.java:658)
	at com.alibaba.nacos.shaded.io.grpc.netty.shaded.io.netty.channel.nio.NioEventLoop.processSelectedKeys(NioEventLoop.java:584)
	at com.alibaba.nacos.shaded.io.grpc.netty.shaded.io.netty.channel.nio.NioEventLoop.run(NioEventLoop.java:496)
	at com.alibaba.nacos.shaded.io.grpc.netty.shaded.io.netty.util.concurrent.SingleThreadEventExecutor$4.run(SingleThreadEventExecutor.java:997)
	at com.alibaba.nacos.shaded.io.grpc.netty.shaded.io.netty.util.internal.ThreadExecutorMap$2.run(ThreadExecutorMap.java:74)
	at com.alibaba.nacos.shaded.io.grpc.netty.shaded.io.netty.util.concurrent.FastThreadLocalRunnable.run(FastThreadLocalRunnable.java:30)
	at java.base/java.lang.Thread.run(Thread.java:842)
2025-09-15 11:47:50.209 [com.alibaba.nacos.client.remote.worker] INFO  com.alibaba.nacos.common.remote.client - [b2061751-d338-4f8e-bcba-447c23e4aea5] Fail to connect server, after trying 1 times, last try server is {serverIp = '47.236.36.111', server main port = 8848}, error = unknown
2025-09-15 11:47:50.415 [com.alibaba.nacos.client.remote.worker] INFO  c.a.nacos.common.remote.client.grpc.GrpcClient - grpc client connection server:47.236.36.111 ip,serverPort:9848,grpcTslConfig:{"sslProvider":"OPENSSL","enableTls":false,"mutualAuthEnable":false,"trustAll":false}
2025-09-15 11:47:50.443 [com.alibaba.nacos.client.remote.worker] ERROR c.a.nacos.common.remote.client.grpc.GrpcClient - Server check fail, please check server 47.236.36.111 ,port 9848 is available , error ={}
java.util.concurrent.ExecutionException: com.alibaba.nacos.shaded.io.grpc.StatusRuntimeException: UNAVAILABLE: io exception
	at com.alibaba.nacos.shaded.com.google.common.util.concurrent.AbstractFuture.getDoneValue(AbstractFuture.java:566)
	at com.alibaba.nacos.shaded.com.google.common.util.concurrent.AbstractFuture.get(AbstractFuture.java:445)
	at com.alibaba.nacos.common.remote.client.grpc.GrpcClient.serverCheck(GrpcClient.java:218)
	at com.alibaba.nacos.common.remote.client.grpc.GrpcClient.connectToServer(GrpcClient.java:329)
	at com.alibaba.nacos.common.remote.client.RpcClient.reconnect(RpcClient.java:502)
	at com.alibaba.nacos.common.remote.client.RpcClient.lambda$start$2(RpcClient.java:343)
	at java.base/java.util.concurrent.Executors$RunnableAdapter.call(Executors.java:539)
	at java.base/java.util.concurrent.FutureTask.run(FutureTask.java:264)
	at java.base/java.util.concurrent.ScheduledThreadPoolExecutor$ScheduledFutureTask.run(ScheduledThreadPoolExecutor.java:304)
	at java.base/java.util.concurrent.ThreadPoolExecutor.runWorker(ThreadPoolExecutor.java:1136)
	at java.base/java.util.concurrent.ThreadPoolExecutor$Worker.run(ThreadPoolExecutor.java:635)
	at java.base/java.lang.Thread.run(Thread.java:842)
Caused by: com.alibaba.nacos.shaded.io.grpc.StatusRuntimeException: UNAVAILABLE: io exception
	at com.alibaba.nacos.shaded.io.grpc.Status.asRuntimeException(Status.java:539)
	at com.alibaba.nacos.shaded.io.grpc.stub.ClientCalls$UnaryStreamToFuture.onClose(ClientCalls.java:544)
	at com.alibaba.nacos.shaded.io.grpc.internal.DelayedClientCall$DelayedListener$3.run(DelayedClientCall.java:471)
	at com.alibaba.nacos.shaded.io.grpc.internal.DelayedClientCall$DelayedListener.delayOrExecute(DelayedClientCall.java:435)
	at com.alibaba.nacos.shaded.io.grpc.internal.DelayedClientCall$DelayedListener.onClose(DelayedClientCall.java:468)
	at com.alibaba.nacos.shaded.io.grpc.internal.ClientCallImpl.closeObserver(ClientCallImpl.java:563)
	at com.alibaba.nacos.shaded.io.grpc.internal.ClientCallImpl.access$300(ClientCallImpl.java:70)
	at com.alibaba.nacos.shaded.io.grpc.internal.ClientCallImpl$ClientStreamListenerImpl$1StreamClosed.runInternal(ClientCallImpl.java:744)
	at com.alibaba.nacos.shaded.io.grpc.internal.ClientCallImpl$ClientStreamListenerImpl$1StreamClosed.runInContext(ClientCallImpl.java:723)
	at com.alibaba.nacos.shaded.io.grpc.internal.ContextRunnable.run(ContextRunnable.java:37)
	at com.alibaba.nacos.shaded.io.grpc.internal.SerializingExecutor.run(SerializingExecutor.java:133)
	... 3 common frames omitted
Caused by: com.alibaba.nacos.shaded.io.grpc.netty.shaded.io.netty.channel.AbstractChannel$AnnotatedSocketException: Network is unreachable: no further information: /47.236.36.111:9848
Caused by: java.net.SocketException: Network is unreachable: no further information
	at java.base/sun.nio.ch.Net.pollConnect(Native Method)
	at java.base/sun.nio.ch.Net.pollConnectNow(Net.java:672)
	at java.base/sun.nio.ch.SocketChannelImpl.finishConnect(SocketChannelImpl.java:946)
	at com.alibaba.nacos.shaded.io.grpc.netty.shaded.io.netty.channel.socket.nio.NioSocketChannel.doFinishConnect(NioSocketChannel.java:337)
	at com.alibaba.nacos.shaded.io.grpc.netty.shaded.io.netty.channel.nio.AbstractNioChannel$AbstractNioUnsafe.finishConnect(AbstractNioChannel.java:334)
	at com.alibaba.nacos.shaded.io.grpc.netty.shaded.io.netty.channel.nio.NioEventLoop.processSelectedKey(NioEventLoop.java:710)
	at com.alibaba.nacos.shaded.io.grpc.netty.shaded.io.netty.channel.nio.NioEventLoop.processSelectedKeysOptimized(NioEventLoop.java:658)
	at com.alibaba.nacos.shaded.io.grpc.netty.shaded.io.netty.channel.nio.NioEventLoop.processSelectedKeys(NioEventLoop.java:584)
	at com.alibaba.nacos.shaded.io.grpc.netty.shaded.io.netty.channel.nio.NioEventLoop.run(NioEventLoop.java:496)
	at com.alibaba.nacos.shaded.io.grpc.netty.shaded.io.netty.util.concurrent.SingleThreadEventExecutor$4.run(SingleThreadEventExecutor.java:997)
	at com.alibaba.nacos.shaded.io.grpc.netty.shaded.io.netty.util.internal.ThreadExecutorMap$2.run(ThreadExecutorMap.java:74)
	at com.alibaba.nacos.shaded.io.grpc.netty.shaded.io.netty.util.concurrent.FastThreadLocalRunnable.run(FastThreadLocalRunnable.java:30)
	at java.base/java.lang.Thread.run(Thread.java:842)
2025-09-15 11:47:50.443 [com.alibaba.nacos.client.remote.worker] INFO  com.alibaba.nacos.common.remote.client - [b2061751-d338-4f8e-bcba-447c23e4aea5] Fail to connect server, after trying 2 times, last try server is {serverIp = '47.236.36.111', server main port = 8848}, error = unknown
2025-09-15 11:47:50.753 [com.alibaba.nacos.client.remote.worker] INFO  c.a.nacos.common.remote.client.grpc.GrpcClient - grpc client connection server:47.236.36.111 ip,serverPort:9848,grpcTslConfig:{"sslProvider":"OPENSSL","enableTls":false,"mutualAuthEnable":false,"trustAll":false}
2025-09-15 11:47:50.774 [com.alibaba.nacos.client.remote.worker] ERROR c.a.nacos.common.remote.client.grpc.GrpcClient - Server check fail, please check server 47.236.36.111 ,port 9848 is available , error ={}
java.util.concurrent.ExecutionException: com.alibaba.nacos.shaded.io.grpc.StatusRuntimeException: UNAVAILABLE: io exception
	at com.alibaba.nacos.shaded.com.google.common.util.concurrent.AbstractFuture.getDoneValue(AbstractFuture.java:566)
	at com.alibaba.nacos.shaded.com.google.common.util.concurrent.AbstractFuture.get(AbstractFuture.java:445)
	at com.alibaba.nacos.common.remote.client.grpc.GrpcClient.serverCheck(GrpcClient.java:218)
	at com.alibaba.nacos.common.remote.client.grpc.GrpcClient.connectToServer(GrpcClient.java:329)
	at com.alibaba.nacos.common.remote.client.RpcClient.reconnect(RpcClient.java:502)
	at com.alibaba.nacos.common.remote.client.RpcClient.lambda$start$2(RpcClient.java:343)
	at java.base/java.util.concurrent.Executors$RunnableAdapter.call(Executors.java:539)
	at java.base/java.util.concurrent.FutureTask.run(FutureTask.java:264)
	at java.base/java.util.concurrent.ScheduledThreadPoolExecutor$ScheduledFutureTask.run(ScheduledThreadPoolExecutor.java:304)
	at java.base/java.util.concurrent.ThreadPoolExecutor.runWorker(ThreadPoolExecutor.java:1136)
	at java.base/java.util.concurrent.ThreadPoolExecutor$Worker.run(ThreadPoolExecutor.java:635)
	at java.base/java.lang.Thread.run(Thread.java:842)
Caused by: com.alibaba.nacos.shaded.io.grpc.StatusRuntimeException: UNAVAILABLE: io exception
	at com.alibaba.nacos.shaded.io.grpc.Status.asRuntimeException(Status.java:539)
	at com.alibaba.nacos.shaded.io.grpc.stub.ClientCalls$UnaryStreamToFuture.onClose(ClientCalls.java:544)
	at com.alibaba.nacos.shaded.io.grpc.internal.DelayedClientCall$DelayedListener$3.run(DelayedClientCall.java:471)
	at com.alibaba.nacos.shaded.io.grpc.internal.DelayedClientCall$DelayedListener.delayOrExecute(DelayedClientCall.java:435)
	at com.alibaba.nacos.shaded.io.grpc.internal.DelayedClientCall$DelayedListener.onClose(DelayedClientCall.java:468)
	at com.alibaba.nacos.shaded.io.grpc.internal.ClientCallImpl.closeObserver(ClientCallImpl.java:563)
	at com.alibaba.nacos.shaded.io.grpc.internal.ClientCallImpl.access$300(ClientCallImpl.java:70)
	at com.alibaba.nacos.shaded.io.grpc.internal.ClientCallImpl$ClientStreamListenerImpl$1StreamClosed.runInternal(ClientCallImpl.java:744)
	at com.alibaba.nacos.shaded.io.grpc.internal.ClientCallImpl$ClientStreamListenerImpl$1StreamClosed.runInContext(ClientCallImpl.java:723)
	at com.alibaba.nacos.shaded.io.grpc.internal.ContextRunnable.run(ContextRunnable.java:37)
	at com.alibaba.nacos.shaded.io.grpc.internal.SerializingExecutor.run(SerializingExecutor.java:133)
	... 3 common frames omitted
Caused by: com.alibaba.nacos.shaded.io.grpc.netty.shaded.io.netty.channel.AbstractChannel$AnnotatedSocketException: Network is unreachable: no further information: /47.236.36.111:9848
Caused by: java.net.SocketException: Network is unreachable: no further information
	at java.base/sun.nio.ch.Net.pollConnect(Native Method)
	at java.base/sun.nio.ch.Net.pollConnectNow(Net.java:672)
	at java.base/sun.nio.ch.SocketChannelImpl.finishConnect(SocketChannelImpl.java:946)
	at com.alibaba.nacos.shaded.io.grpc.netty.shaded.io.netty.channel.socket.nio.NioSocketChannel.doFinishConnect(NioSocketChannel.java:337)
	at com.alibaba.nacos.shaded.io.grpc.netty.shaded.io.netty.channel.nio.AbstractNioChannel$AbstractNioUnsafe.finishConnect(AbstractNioChannel.java:334)
	at com.alibaba.nacos.shaded.io.grpc.netty.shaded.io.netty.channel.nio.NioEventLoop.processSelectedKey(NioEventLoop.java:710)
	at com.alibaba.nacos.shaded.io.grpc.netty.shaded.io.netty.channel.nio.NioEventLoop.processSelectedKeysOptimized(NioEventLoop.java:658)
	at com.alibaba.nacos.shaded.io.grpc.netty.shaded.io.netty.channel.nio.NioEventLoop.processSelectedKeys(NioEventLoop.java:584)
	at com.alibaba.nacos.shaded.io.grpc.netty.shaded.io.netty.channel.nio.NioEventLoop.run(NioEventLoop.java:496)
	at com.alibaba.nacos.shaded.io.grpc.netty.shaded.io.netty.util.concurrent.SingleThreadEventExecutor$4.run(SingleThreadEventExecutor.java:997)
	at com.alibaba.nacos.shaded.io.grpc.netty.shaded.io.netty.util.internal.ThreadExecutorMap$2.run(ThreadExecutorMap.java:74)
	at com.alibaba.nacos.shaded.io.grpc.netty.shaded.io.netty.util.concurrent.FastThreadLocalRunnable.run(FastThreadLocalRunnable.java:30)
	at java.base/java.lang.Thread.run(Thread.java:842)
2025-09-15 11:47:50.775 [com.alibaba.nacos.client.remote.worker] INFO  com.alibaba.nacos.common.remote.client - [b2061751-d338-4f8e-bcba-447c23e4aea5] Fail to connect server, after trying 3 times, last try server is {serverIp = '47.236.36.111', server main port = 8848}, error = unknown
2025-09-15 11:47:51.184 [com.alibaba.nacos.client.remote.worker] INFO  c.a.nacos.common.remote.client.grpc.GrpcClient - grpc client connection server:47.236.36.111 ip,serverPort:9848,grpcTslConfig:{"sslProvider":"OPENSSL","enableTls":false,"mutualAuthEnable":false,"trustAll":false}
2025-09-15 11:47:51.199 [com.alibaba.nacos.client.remote.worker] ERROR c.a.nacos.common.remote.client.grpc.GrpcClient - Server check fail, please check server 47.236.36.111 ,port 9848 is available , error ={}
java.util.concurrent.ExecutionException: com.alibaba.nacos.shaded.io.grpc.StatusRuntimeException: UNAVAILABLE: io exception
	at com.alibaba.nacos.shaded.com.google.common.util.concurrent.AbstractFuture.getDoneValue(AbstractFuture.java:566)
	at com.alibaba.nacos.shaded.com.google.common.util.concurrent.AbstractFuture.get(AbstractFuture.java:445)
	at com.alibaba.nacos.common.remote.client.grpc.GrpcClient.serverCheck(GrpcClient.java:218)
	at com.alibaba.nacos.common.remote.client.grpc.GrpcClient.connectToServer(GrpcClient.java:329)
	at com.alibaba.nacos.common.remote.client.RpcClient.reconnect(RpcClient.java:502)
	at com.alibaba.nacos.common.remote.client.RpcClient.lambda$start$2(RpcClient.java:343)
	at java.base/java.util.concurrent.Executors$RunnableAdapter.call(Executors.java:539)
	at java.base/java.util.concurrent.FutureTask.run(FutureTask.java:264)
	at java.base/java.util.concurrent.ScheduledThreadPoolExecutor$ScheduledFutureTask.run(ScheduledThreadPoolExecutor.java:304)
	at java.base/java.util.concurrent.ThreadPoolExecutor.runWorker(ThreadPoolExecutor.java:1136)
	at java.base/java.util.concurrent.ThreadPoolExecutor$Worker.run(ThreadPoolExecutor.java:635)
	at java.base/java.lang.Thread.run(Thread.java:842)
Caused by: com.alibaba.nacos.shaded.io.grpc.StatusRuntimeException: UNAVAILABLE: io exception
	at com.alibaba.nacos.shaded.io.grpc.Status.asRuntimeException(Status.java:539)
	at com.alibaba.nacos.shaded.io.grpc.stub.ClientCalls$UnaryStreamToFuture.onClose(ClientCalls.java:544)
	at com.alibaba.nacos.shaded.io.grpc.internal.DelayedClientCall$DelayedListener$3.run(DelayedClientCall.java:471)
	at com.alibaba.nacos.shaded.io.grpc.internal.DelayedClientCall$DelayedListener.delayOrExecute(DelayedClientCall.java:435)
	at com.alibaba.nacos.shaded.io.grpc.internal.DelayedClientCall$DelayedListener.onClose(DelayedClientCall.java:468)
	at com.alibaba.nacos.shaded.io.grpc.internal.ClientCallImpl.closeObserver(ClientCallImpl.java:563)
	at com.alibaba.nacos.shaded.io.grpc.internal.ClientCallImpl.access$300(ClientCallImpl.java:70)
	at com.alibaba.nacos.shaded.io.grpc.internal.ClientCallImpl$ClientStreamListenerImpl$1StreamClosed.runInternal(ClientCallImpl.java:744)
	at com.alibaba.nacos.shaded.io.grpc.internal.ClientCallImpl$ClientStreamListenerImpl$1StreamClosed.runInContext(ClientCallImpl.java:723)
	at com.alibaba.nacos.shaded.io.grpc.internal.ContextRunnable.run(ContextRunnable.java:37)
	at com.alibaba.nacos.shaded.io.grpc.internal.SerializingExecutor.run(SerializingExecutor.java:133)
	... 3 common frames omitted
Caused by: com.alibaba.nacos.shaded.io.grpc.netty.shaded.io.netty.channel.AbstractChannel$AnnotatedSocketException: Network is unreachable: no further information: /47.236.36.111:9848
Caused by: java.net.SocketException: Network is unreachable: no further information
	at java.base/sun.nio.ch.Net.pollConnect(Native Method)
	at java.base/sun.nio.ch.Net.pollConnectNow(Net.java:672)
	at java.base/sun.nio.ch.SocketChannelImpl.finishConnect(SocketChannelImpl.java:946)
	at com.alibaba.nacos.shaded.io.grpc.netty.shaded.io.netty.channel.socket.nio.NioSocketChannel.doFinishConnect(NioSocketChannel.java:337)
	at com.alibaba.nacos.shaded.io.grpc.netty.shaded.io.netty.channel.nio.AbstractNioChannel$AbstractNioUnsafe.finishConnect(AbstractNioChannel.java:334)
	at com.alibaba.nacos.shaded.io.grpc.netty.shaded.io.netty.channel.nio.NioEventLoop.processSelectedKey(NioEventLoop.java:710)
	at com.alibaba.nacos.shaded.io.grpc.netty.shaded.io.netty.channel.nio.NioEventLoop.processSelectedKeysOptimized(NioEventLoop.java:658)
	at com.alibaba.nacos.shaded.io.grpc.netty.shaded.io.netty.channel.nio.NioEventLoop.processSelectedKeys(NioEventLoop.java:584)
	at com.alibaba.nacos.shaded.io.grpc.netty.shaded.io.netty.channel.nio.NioEventLoop.run(NioEventLoop.java:496)
	at com.alibaba.nacos.shaded.io.grpc.netty.shaded.io.netty.util.concurrent.SingleThreadEventExecutor$4.run(SingleThreadEventExecutor.java:997)
	at com.alibaba.nacos.shaded.io.grpc.netty.shaded.io.netty.util.internal.ThreadExecutorMap$2.run(ThreadExecutorMap.java:74)
	at com.alibaba.nacos.shaded.io.grpc.netty.shaded.io.netty.util.concurrent.FastThreadLocalRunnable.run(FastThreadLocalRunnable.java:30)
	at java.base/java.lang.Thread.run(Thread.java:842)
2025-09-15 11:47:51.200 [com.alibaba.nacos.client.remote.worker] INFO  com.alibaba.nacos.common.remote.client - [b2061751-d338-4f8e-bcba-447c23e4aea5] Fail to connect server, after trying 4 times, last try server is {serverIp = '47.236.36.111', server main port = 8848}, error = unknown
2025-09-15 11:47:51.708 [com.alibaba.nacos.client.remote.worker] INFO  c.a.nacos.common.remote.client.grpc.GrpcClient - grpc client connection server:47.236.36.111 ip,serverPort:9848,grpcTslConfig:{"sslProvider":"OPENSSL","enableTls":false,"mutualAuthEnable":false,"trustAll":false}
2025-09-15 11:47:51.716 [com.alibaba.nacos.client.remote.worker] ERROR c.a.nacos.common.remote.client.grpc.GrpcClient - Server check fail, please check server 47.236.36.111 ,port 9848 is available , error ={}
java.util.concurrent.ExecutionException: com.alibaba.nacos.shaded.io.grpc.StatusRuntimeException: UNAVAILABLE: io exception
	at com.alibaba.nacos.shaded.com.google.common.util.concurrent.AbstractFuture.getDoneValue(AbstractFuture.java:566)
	at com.alibaba.nacos.shaded.com.google.common.util.concurrent.AbstractFuture.get(AbstractFuture.java:445)
	at com.alibaba.nacos.common.remote.client.grpc.GrpcClient.serverCheck(GrpcClient.java:218)
	at com.alibaba.nacos.common.remote.client.grpc.GrpcClient.connectToServer(GrpcClient.java:329)
	at com.alibaba.nacos.common.remote.client.RpcClient.reconnect(RpcClient.java:502)
	at com.alibaba.nacos.common.remote.client.RpcClient.lambda$start$2(RpcClient.java:343)
	at java.base/java.util.concurrent.Executors$RunnableAdapter.call(Executors.java:539)
	at java.base/java.util.concurrent.FutureTask.run(FutureTask.java:264)
	at java.base/java.util.concurrent.ScheduledThreadPoolExecutor$ScheduledFutureTask.run(ScheduledThreadPoolExecutor.java:304)
	at java.base/java.util.concurrent.ThreadPoolExecutor.runWorker(ThreadPoolExecutor.java:1136)
	at java.base/java.util.concurrent.ThreadPoolExecutor$Worker.run(ThreadPoolExecutor.java:635)
	at java.base/java.lang.Thread.run(Thread.java:842)
Caused by: com.alibaba.nacos.shaded.io.grpc.StatusRuntimeException: UNAVAILABLE: io exception
	at com.alibaba.nacos.shaded.io.grpc.Status.asRuntimeException(Status.java:539)
	at com.alibaba.nacos.shaded.io.grpc.stub.ClientCalls$UnaryStreamToFuture.onClose(ClientCalls.java:544)
	at com.alibaba.nacos.shaded.io.grpc.internal.DelayedClientCall$DelayedListener$3.run(DelayedClientCall.java:471)
	at com.alibaba.nacos.shaded.io.grpc.internal.DelayedClientCall$DelayedListener.delayOrExecute(DelayedClientCall.java:435)
	at com.alibaba.nacos.shaded.io.grpc.internal.DelayedClientCall$DelayedListener.onClose(DelayedClientCall.java:468)
	at com.alibaba.nacos.shaded.io.grpc.internal.ClientCallImpl.closeObserver(ClientCallImpl.java:563)
	at com.alibaba.nacos.shaded.io.grpc.internal.ClientCallImpl.access$300(ClientCallImpl.java:70)
	at com.alibaba.nacos.shaded.io.grpc.internal.ClientCallImpl$ClientStreamListenerImpl$1StreamClosed.runInternal(ClientCallImpl.java:744)
	at com.alibaba.nacos.shaded.io.grpc.internal.ClientCallImpl$ClientStreamListenerImpl$1StreamClosed.runInContext(ClientCallImpl.java:723)
	at com.alibaba.nacos.shaded.io.grpc.internal.ContextRunnable.run(ContextRunnable.java:37)
	at com.alibaba.nacos.shaded.io.grpc.internal.SerializingExecutor.run(SerializingExecutor.java:133)
	... 3 common frames omitted
Caused by: com.alibaba.nacos.shaded.io.grpc.netty.shaded.io.netty.channel.AbstractChannel$AnnotatedSocketException: Network is unreachable: no further information: /47.236.36.111:9848
Caused by: java.net.SocketException: Network is unreachable: no further information
	at java.base/sun.nio.ch.Net.pollConnect(Native Method)
	at java.base/sun.nio.ch.Net.pollConnectNow(Net.java:672)
	at java.base/sun.nio.ch.SocketChannelImpl.finishConnect(SocketChannelImpl.java:946)
	at com.alibaba.nacos.shaded.io.grpc.netty.shaded.io.netty.channel.socket.nio.NioSocketChannel.doFinishConnect(NioSocketChannel.java:337)
	at com.alibaba.nacos.shaded.io.grpc.netty.shaded.io.netty.channel.nio.AbstractNioChannel$AbstractNioUnsafe.finishConnect(AbstractNioChannel.java:334)
	at com.alibaba.nacos.shaded.io.grpc.netty.shaded.io.netty.channel.nio.NioEventLoop.processSelectedKey(NioEventLoop.java:710)
	at com.alibaba.nacos.shaded.io.grpc.netty.shaded.io.netty.channel.nio.NioEventLoop.processSelectedKeysOptimized(NioEventLoop.java:658)
	at com.alibaba.nacos.shaded.io.grpc.netty.shaded.io.netty.channel.nio.NioEventLoop.processSelectedKeys(NioEventLoop.java:584)
	at com.alibaba.nacos.shaded.io.grpc.netty.shaded.io.netty.channel.nio.NioEventLoop.run(NioEventLoop.java:496)
	at com.alibaba.nacos.shaded.io.grpc.netty.shaded.io.netty.util.concurrent.SingleThreadEventExecutor$4.run(SingleThreadEventExecutor.java:997)
	at com.alibaba.nacos.shaded.io.grpc.netty.shaded.io.netty.util.internal.ThreadExecutorMap$2.run(ThreadExecutorMap.java:74)
	at com.alibaba.nacos.shaded.io.grpc.netty.shaded.io.netty.util.concurrent.FastThreadLocalRunnable.run(FastThreadLocalRunnable.java:30)
	at java.base/java.lang.Thread.run(Thread.java:842)
2025-09-15 11:47:51.718 [com.alibaba.nacos.client.remote.worker] INFO  com.alibaba.nacos.common.remote.client - [b2061751-d338-4f8e-bcba-447c23e4aea5] Fail to connect server, after trying 5 times, last try server is {serverIp = '47.236.36.111', server main port = 8848}, error = unknown
2025-09-15 11:47:52.326 [com.alibaba.nacos.client.remote.worker] INFO  c.a.nacos.common.remote.client.grpc.GrpcClient - grpc client connection server:47.236.36.111 ip,serverPort:9848,grpcTslConfig:{"sslProvider":"OPENSSL","enableTls":false,"mutualAuthEnable":false,"trustAll":false}
2025-09-15 11:47:52.335 [com.alibaba.nacos.client.remote.worker] ERROR c.a.nacos.common.remote.client.grpc.GrpcClient - Server check fail, please check server 47.236.36.111 ,port 9848 is available , error ={}
java.util.concurrent.ExecutionException: com.alibaba.nacos.shaded.io.grpc.StatusRuntimeException: UNAVAILABLE: io exception
	at com.alibaba.nacos.shaded.com.google.common.util.concurrent.AbstractFuture.getDoneValue(AbstractFuture.java:566)
	at com.alibaba.nacos.shaded.com.google.common.util.concurrent.AbstractFuture.get(AbstractFuture.java:445)
	at com.alibaba.nacos.common.remote.client.grpc.GrpcClient.serverCheck(GrpcClient.java:218)
	at com.alibaba.nacos.common.remote.client.grpc.GrpcClient.connectToServer(GrpcClient.java:329)
	at com.alibaba.nacos.common.remote.client.RpcClient.reconnect(RpcClient.java:502)
	at com.alibaba.nacos.common.remote.client.RpcClient.lambda$start$2(RpcClient.java:343)
	at java.base/java.util.concurrent.Executors$RunnableAdapter.call(Executors.java:539)
	at java.base/java.util.concurrent.FutureTask.run(FutureTask.java:264)
	at java.base/java.util.concurrent.ScheduledThreadPoolExecutor$ScheduledFutureTask.run(ScheduledThreadPoolExecutor.java:304)
	at java.base/java.util.concurrent.ThreadPoolExecutor.runWorker(ThreadPoolExecutor.java:1136)
	at java.base/java.util.concurrent.ThreadPoolExecutor$Worker.run(ThreadPoolExecutor.java:635)
	at java.base/java.lang.Thread.run(Thread.java:842)
Caused by: com.alibaba.nacos.shaded.io.grpc.StatusRuntimeException: UNAVAILABLE: io exception
	at com.alibaba.nacos.shaded.io.grpc.Status.asRuntimeException(Status.java:539)
	at com.alibaba.nacos.shaded.io.grpc.stub.ClientCalls$UnaryStreamToFuture.onClose(ClientCalls.java:544)
	at com.alibaba.nacos.shaded.io.grpc.internal.DelayedClientCall$DelayedListener$3.run(DelayedClientCall.java:471)
	at com.alibaba.nacos.shaded.io.grpc.internal.DelayedClientCall$DelayedListener.delayOrExecute(DelayedClientCall.java:435)
	at com.alibaba.nacos.shaded.io.grpc.internal.DelayedClientCall$DelayedListener.onClose(DelayedClientCall.java:468)
	at com.alibaba.nacos.shaded.io.grpc.internal.ClientCallImpl.closeObserver(ClientCallImpl.java:563)
	at com.alibaba.nacos.shaded.io.grpc.internal.ClientCallImpl.access$300(ClientCallImpl.java:70)
	at com.alibaba.nacos.shaded.io.grpc.internal.ClientCallImpl$ClientStreamListenerImpl$1StreamClosed.runInternal(ClientCallImpl.java:744)
	at com.alibaba.nacos.shaded.io.grpc.internal.ClientCallImpl$ClientStreamListenerImpl$1StreamClosed.runInContext(ClientCallImpl.java:723)
	at com.alibaba.nacos.shaded.io.grpc.internal.ContextRunnable.run(ContextRunnable.java:37)
	at com.alibaba.nacos.shaded.io.grpc.internal.SerializingExecutor.run(SerializingExecutor.java:133)
	... 3 common frames omitted
Caused by: com.alibaba.nacos.shaded.io.grpc.netty.shaded.io.netty.channel.AbstractChannel$AnnotatedSocketException: Network is unreachable: no further information: /47.236.36.111:9848
Caused by: java.net.SocketException: Network is unreachable: no further information
	at java.base/sun.nio.ch.Net.pollConnect(Native Method)
	at java.base/sun.nio.ch.Net.pollConnectNow(Net.java:672)
	at java.base/sun.nio.ch.SocketChannelImpl.finishConnect(SocketChannelImpl.java:946)
	at com.alibaba.nacos.shaded.io.grpc.netty.shaded.io.netty.channel.socket.nio.NioSocketChannel.doFinishConnect(NioSocketChannel.java:337)
	at com.alibaba.nacos.shaded.io.grpc.netty.shaded.io.netty.channel.nio.AbstractNioChannel$AbstractNioUnsafe.finishConnect(AbstractNioChannel.java:334)
	at com.alibaba.nacos.shaded.io.grpc.netty.shaded.io.netty.channel.nio.NioEventLoop.processSelectedKey(NioEventLoop.java:710)
	at com.alibaba.nacos.shaded.io.grpc.netty.shaded.io.netty.channel.nio.NioEventLoop.processSelectedKeysOptimized(NioEventLoop.java:658)
	at com.alibaba.nacos.shaded.io.grpc.netty.shaded.io.netty.channel.nio.NioEventLoop.processSelectedKeys(NioEventLoop.java:584)
	at com.alibaba.nacos.shaded.io.grpc.netty.shaded.io.netty.channel.nio.NioEventLoop.run(NioEventLoop.java:496)
	at com.alibaba.nacos.shaded.io.grpc.netty.shaded.io.netty.util.concurrent.SingleThreadEventExecutor$4.run(SingleThreadEventExecutor.java:997)
	at com.alibaba.nacos.shaded.io.grpc.netty.shaded.io.netty.util.internal.ThreadExecutorMap$2.run(ThreadExecutorMap.java:74)
	at com.alibaba.nacos.shaded.io.grpc.netty.shaded.io.netty.util.concurrent.FastThreadLocalRunnable.run(FastThreadLocalRunnable.java:30)
	at java.base/java.lang.Thread.run(Thread.java:842)
2025-09-15 11:47:52.335 [com.alibaba.nacos.client.remote.worker] INFO  com.alibaba.nacos.common.remote.client - [b2061751-d338-4f8e-bcba-447c23e4aea5] Fail to connect server, after trying 6 times, last try server is {serverIp = '47.236.36.111', server main port = 8848}, error = unknown
2025-09-15 11:47:53.051 [com.alibaba.nacos.client.remote.worker] INFO  c.a.nacos.common.remote.client.grpc.GrpcClient - grpc client connection server:47.236.36.111 ip,serverPort:9848,grpcTslConfig:{"sslProvider":"OPENSSL","enableTls":false,"mutualAuthEnable":false,"trustAll":false}
2025-09-15 11:47:53.062 [com.alibaba.nacos.client.remote.worker] ERROR c.a.nacos.common.remote.client.grpc.GrpcClient - Server check fail, please check server 47.236.36.111 ,port 9848 is available , error ={}
java.util.concurrent.ExecutionException: com.alibaba.nacos.shaded.io.grpc.StatusRuntimeException: UNAVAILABLE: io exception
	at com.alibaba.nacos.shaded.com.google.common.util.concurrent.AbstractFuture.getDoneValue(AbstractFuture.java:566)
	at com.alibaba.nacos.shaded.com.google.common.util.concurrent.AbstractFuture.get(AbstractFuture.java:445)
	at com.alibaba.nacos.common.remote.client.grpc.GrpcClient.serverCheck(GrpcClient.java:218)
	at com.alibaba.nacos.common.remote.client.grpc.GrpcClient.connectToServer(GrpcClient.java:329)
	at com.alibaba.nacos.common.remote.client.RpcClient.reconnect(RpcClient.java:502)
	at com.alibaba.nacos.common.remote.client.RpcClient.lambda$start$2(RpcClient.java:343)
	at java.base/java.util.concurrent.Executors$RunnableAdapter.call(Executors.java:539)
	at java.base/java.util.concurrent.FutureTask.run(FutureTask.java:264)
	at java.base/java.util.concurrent.ScheduledThreadPoolExecutor$ScheduledFutureTask.run(ScheduledThreadPoolExecutor.java:304)
	at java.base/java.util.concurrent.ThreadPoolExecutor.runWorker(ThreadPoolExecutor.java:1136)
	at java.base/java.util.concurrent.ThreadPoolExecutor$Worker.run(ThreadPoolExecutor.java:635)
	at java.base/java.lang.Thread.run(Thread.java:842)
Caused by: com.alibaba.nacos.shaded.io.grpc.StatusRuntimeException: UNAVAILABLE: io exception
	at com.alibaba.nacos.shaded.io.grpc.Status.asRuntimeException(Status.java:539)
	at com.alibaba.nacos.shaded.io.grpc.stub.ClientCalls$UnaryStreamToFuture.onClose(ClientCalls.java:544)
	at com.alibaba.nacos.shaded.io.grpc.internal.DelayedClientCall$DelayedListener$3.run(DelayedClientCall.java:471)
	at com.alibaba.nacos.shaded.io.grpc.internal.DelayedClientCall$DelayedListener.delayOrExecute(DelayedClientCall.java:435)
	at com.alibaba.nacos.shaded.io.grpc.internal.DelayedClientCall$DelayedListener.onClose(DelayedClientCall.java:468)
	at com.alibaba.nacos.shaded.io.grpc.internal.ClientCallImpl.closeObserver(ClientCallImpl.java:563)
	at com.alibaba.nacos.shaded.io.grpc.internal.ClientCallImpl.access$300(ClientCallImpl.java:70)
	at com.alibaba.nacos.shaded.io.grpc.internal.ClientCallImpl$ClientStreamListenerImpl$1StreamClosed.runInternal(ClientCallImpl.java:744)
	at com.alibaba.nacos.shaded.io.grpc.internal.ClientCallImpl$ClientStreamListenerImpl$1StreamClosed.runInContext(ClientCallImpl.java:723)
	at com.alibaba.nacos.shaded.io.grpc.internal.ContextRunnable.run(ContextRunnable.java:37)
	at com.alibaba.nacos.shaded.io.grpc.internal.SerializingExecutor.run(SerializingExecutor.java:133)
	... 3 common frames omitted
Caused by: com.alibaba.nacos.shaded.io.grpc.netty.shaded.io.netty.channel.AbstractChannel$AnnotatedSocketException: Network is unreachable: no further information: /47.236.36.111:9848
Caused by: java.net.SocketException: Network is unreachable: no further information
	at java.base/sun.nio.ch.Net.pollConnect(Native Method)
	at java.base/sun.nio.ch.Net.pollConnectNow(Net.java:672)
	at java.base/sun.nio.ch.SocketChannelImpl.finishConnect(SocketChannelImpl.java:946)
	at com.alibaba.nacos.shaded.io.grpc.netty.shaded.io.netty.channel.socket.nio.NioSocketChannel.doFinishConnect(NioSocketChannel.java:337)
	at com.alibaba.nacos.shaded.io.grpc.netty.shaded.io.netty.channel.nio.AbstractNioChannel$AbstractNioUnsafe.finishConnect(AbstractNioChannel.java:334)
	at com.alibaba.nacos.shaded.io.grpc.netty.shaded.io.netty.channel.nio.NioEventLoop.processSelectedKey(NioEventLoop.java:710)
	at com.alibaba.nacos.shaded.io.grpc.netty.shaded.io.netty.channel.nio.NioEventLoop.processSelectedKeysOptimized(NioEventLoop.java:658)
	at com.alibaba.nacos.shaded.io.grpc.netty.shaded.io.netty.channel.nio.NioEventLoop.processSelectedKeys(NioEventLoop.java:584)
	at com.alibaba.nacos.shaded.io.grpc.netty.shaded.io.netty.channel.nio.NioEventLoop.run(NioEventLoop.java:496)
	at com.alibaba.nacos.shaded.io.grpc.netty.shaded.io.netty.util.concurrent.SingleThreadEventExecutor$4.run(SingleThreadEventExecutor.java:997)
	at com.alibaba.nacos.shaded.io.grpc.netty.shaded.io.netty.util.internal.ThreadExecutorMap$2.run(ThreadExecutorMap.java:74)
	at com.alibaba.nacos.shaded.io.grpc.netty.shaded.io.netty.util.concurrent.FastThreadLocalRunnable.run(FastThreadLocalRunnable.java:30)
	at java.base/java.lang.Thread.run(Thread.java:842)
2025-09-15 11:47:53.063 [com.alibaba.nacos.client.remote.worker] INFO  com.alibaba.nacos.common.remote.client - [b2061751-d338-4f8e-bcba-447c23e4aea5] Fail to connect server, after trying 7 times, last try server is {serverIp = '47.236.36.111', server main port = 8848}, error = unknown
2025-09-15 11:56:03.479 [com.alibaba.nacos.client.remote.worker] INFO  c.a.nacos.common.remote.client.grpc.GrpcClient - grpc client connection server:47.236.36.111 ip,serverPort:9848,grpcTslConfig:{"sslProvider":"OPENSSL","enableTls":false,"mutualAuthEnable":false,"trustAll":false}
2025-09-15 11:56:03.627 [com.alibaba.nacos.client.remote.worker] ERROR c.a.nacos.common.remote.client.grpc.GrpcClient - Server check fail, please check server 47.236.36.111 ,port 9848 is available , error ={}
java.util.concurrent.ExecutionException: com.alibaba.nacos.shaded.io.grpc.StatusRuntimeException: UNAVAILABLE: io exception
	at com.alibaba.nacos.shaded.com.google.common.util.concurrent.AbstractFuture.getDoneValue(AbstractFuture.java:566)
	at com.alibaba.nacos.shaded.com.google.common.util.concurrent.AbstractFuture.get(AbstractFuture.java:445)
	at com.alibaba.nacos.common.remote.client.grpc.GrpcClient.serverCheck(GrpcClient.java:218)
	at com.alibaba.nacos.common.remote.client.grpc.GrpcClient.connectToServer(GrpcClient.java:329)
	at com.alibaba.nacos.common.remote.client.RpcClient.reconnect(RpcClient.java:502)
	at com.alibaba.nacos.common.remote.client.RpcClient.lambda$start$2(RpcClient.java:343)
	at java.base/java.util.concurrent.Executors$RunnableAdapter.call(Executors.java:539)
	at java.base/java.util.concurrent.FutureTask.run(FutureTask.java:264)
	at java.base/java.util.concurrent.ScheduledThreadPoolExecutor$ScheduledFutureTask.run(ScheduledThreadPoolExecutor.java:304)
	at java.base/java.util.concurrent.ThreadPoolExecutor.runWorker(ThreadPoolExecutor.java:1136)
	at java.base/java.util.concurrent.ThreadPoolExecutor$Worker.run(ThreadPoolExecutor.java:635)
	at java.base/java.lang.Thread.run(Thread.java:842)
Caused by: com.alibaba.nacos.shaded.io.grpc.StatusRuntimeException: UNAVAILABLE: io exception
	at com.alibaba.nacos.shaded.io.grpc.Status.asRuntimeException(Status.java:539)
	at com.alibaba.nacos.shaded.io.grpc.stub.ClientCalls$UnaryStreamToFuture.onClose(ClientCalls.java:544)
	at com.alibaba.nacos.shaded.io.grpc.internal.DelayedClientCall$DelayedListener$3.run(DelayedClientCall.java:471)
	at com.alibaba.nacos.shaded.io.grpc.internal.DelayedClientCall$DelayedListener.delayOrExecute(DelayedClientCall.java:435)
	at com.alibaba.nacos.shaded.io.grpc.internal.DelayedClientCall$DelayedListener.onClose(DelayedClientCall.java:468)
	at com.alibaba.nacos.shaded.io.grpc.internal.ClientCallImpl.closeObserver(ClientCallImpl.java:563)
	at com.alibaba.nacos.shaded.io.grpc.internal.ClientCallImpl.access$300(ClientCallImpl.java:70)
	at com.alibaba.nacos.shaded.io.grpc.internal.ClientCallImpl$ClientStreamListenerImpl$1StreamClosed.runInternal(ClientCallImpl.java:744)
	at com.alibaba.nacos.shaded.io.grpc.internal.ClientCallImpl$ClientStreamListenerImpl$1StreamClosed.runInContext(ClientCallImpl.java:723)
	at com.alibaba.nacos.shaded.io.grpc.internal.ContextRunnable.run(ContextRunnable.java:37)
	at com.alibaba.nacos.shaded.io.grpc.internal.SerializingExecutor.run(SerializingExecutor.java:133)
	... 3 common frames omitted
Caused by: com.alibaba.nacos.shaded.io.grpc.netty.shaded.io.netty.channel.AbstractChannel$AnnotatedSocketException: Network is unreachable: no further information: /47.236.36.111:9848
Caused by: java.net.SocketException: Network is unreachable: no further information
	at java.base/sun.nio.ch.Net.pollConnect(Native Method)
	at java.base/sun.nio.ch.Net.pollConnectNow(Net.java:672)
	at java.base/sun.nio.ch.SocketChannelImpl.finishConnect(SocketChannelImpl.java:946)
	at com.alibaba.nacos.shaded.io.grpc.netty.shaded.io.netty.channel.socket.nio.NioSocketChannel.doFinishConnect(NioSocketChannel.java:337)
	at com.alibaba.nacos.shaded.io.grpc.netty.shaded.io.netty.channel.nio.AbstractNioChannel$AbstractNioUnsafe.finishConnect(AbstractNioChannel.java:334)
	at com.alibaba.nacos.shaded.io.grpc.netty.shaded.io.netty.channel.nio.NioEventLoop.processSelectedKey(NioEventLoop.java:710)
	at com.alibaba.nacos.shaded.io.grpc.netty.shaded.io.netty.channel.nio.NioEventLoop.processSelectedKeysOptimized(NioEventLoop.java:658)
	at com.alibaba.nacos.shaded.io.grpc.netty.shaded.io.netty.channel.nio.NioEventLoop.processSelectedKeys(NioEventLoop.java:584)
	at com.alibaba.nacos.shaded.io.grpc.netty.shaded.io.netty.channel.nio.NioEventLoop.run(NioEventLoop.java:496)
	at com.alibaba.nacos.shaded.io.grpc.netty.shaded.io.netty.util.concurrent.SingleThreadEventExecutor$4.run(SingleThreadEventExecutor.java:997)
	at com.alibaba.nacos.shaded.io.grpc.netty.shaded.io.netty.util.internal.ThreadExecutorMap$2.run(ThreadExecutorMap.java:74)
	at com.alibaba.nacos.shaded.io.grpc.netty.shaded.io.netty.util.concurrent.FastThreadLocalRunnable.run(FastThreadLocalRunnable.java:30)
	at java.base/java.lang.Thread.run(Thread.java:842)
2025-09-15 11:56:03.627 [com.alibaba.nacos.client.remote.worker] INFO  com.alibaba.nacos.common.remote.client - [b2061751-d338-4f8e-bcba-447c23e4aea5] Fail to connect server, after trying 8 times, last try server is {serverIp = '47.236.36.111', server main port = 8848}, error = unknown
2025-09-15 11:56:04.533 [com.alibaba.nacos.client.remote.worker] INFO  c.a.nacos.common.remote.client.grpc.GrpcClient - grpc client connection server:47.236.36.111 ip,serverPort:9848,grpcTslConfig:{"sslProvider":"OPENSSL","enableTls":false,"mutualAuthEnable":false,"trustAll":false}
2025-09-15 11:56:04.543 [com.alibaba.nacos.client.remote.worker] ERROR c.a.nacos.common.remote.client.grpc.GrpcClient - Server check fail, please check server 47.236.36.111 ,port 9848 is available , error ={}
java.util.concurrent.ExecutionException: com.alibaba.nacos.shaded.io.grpc.StatusRuntimeException: UNAVAILABLE: io exception
	at com.alibaba.nacos.shaded.com.google.common.util.concurrent.AbstractFuture.getDoneValue(AbstractFuture.java:566)
	at com.alibaba.nacos.shaded.com.google.common.util.concurrent.AbstractFuture.get(AbstractFuture.java:445)
	at com.alibaba.nacos.common.remote.client.grpc.GrpcClient.serverCheck(GrpcClient.java:218)
	at com.alibaba.nacos.common.remote.client.grpc.GrpcClient.connectToServer(GrpcClient.java:329)
	at com.alibaba.nacos.common.remote.client.RpcClient.reconnect(RpcClient.java:502)
	at com.alibaba.nacos.common.remote.client.RpcClient.lambda$start$2(RpcClient.java:343)
	at java.base/java.util.concurrent.Executors$RunnableAdapter.call(Executors.java:539)
	at java.base/java.util.concurrent.FutureTask.run(FutureTask.java:264)
	at java.base/java.util.concurrent.ScheduledThreadPoolExecutor$ScheduledFutureTask.run(ScheduledThreadPoolExecutor.java:304)
	at java.base/java.util.concurrent.ThreadPoolExecutor.runWorker(ThreadPoolExecutor.java:1136)
	at java.base/java.util.concurrent.ThreadPoolExecutor$Worker.run(ThreadPoolExecutor.java:635)
	at java.base/java.lang.Thread.run(Thread.java:842)
Caused by: com.alibaba.nacos.shaded.io.grpc.StatusRuntimeException: UNAVAILABLE: io exception
	at com.alibaba.nacos.shaded.io.grpc.Status.asRuntimeException(Status.java:539)
	at com.alibaba.nacos.shaded.io.grpc.stub.ClientCalls$UnaryStreamToFuture.onClose(ClientCalls.java:544)
	at com.alibaba.nacos.shaded.io.grpc.internal.DelayedClientCall$DelayedListener$3.run(DelayedClientCall.java:471)
	at com.alibaba.nacos.shaded.io.grpc.internal.DelayedClientCall$DelayedListener.drainPendingCallbacks(DelayedClientCall.java:510)
	at com.alibaba.nacos.shaded.io.grpc.internal.DelayedClientCall$1DrainListenerRunnable.runInContext(DelayedClientCall.java:299)
	at com.alibaba.nacos.shaded.io.grpc.internal.ContextRunnable.run(ContextRunnable.java:37)
	... 3 common frames omitted
Caused by: com.alibaba.nacos.shaded.io.grpc.netty.shaded.io.netty.channel.AbstractChannel$AnnotatedSocketException: Network is unreachable: no further information: /47.236.36.111:9848
Caused by: java.net.SocketException: Network is unreachable: no further information
	at java.base/sun.nio.ch.Net.pollConnect(Native Method)
	at java.base/sun.nio.ch.Net.pollConnectNow(Net.java:672)
	at java.base/sun.nio.ch.SocketChannelImpl.finishConnect(SocketChannelImpl.java:946)
	at com.alibaba.nacos.shaded.io.grpc.netty.shaded.io.netty.channel.socket.nio.NioSocketChannel.doFinishConnect(NioSocketChannel.java:337)
	at com.alibaba.nacos.shaded.io.grpc.netty.shaded.io.netty.channel.nio.AbstractNioChannel$AbstractNioUnsafe.finishConnect(AbstractNioChannel.java:334)
	at com.alibaba.nacos.shaded.io.grpc.netty.shaded.io.netty.channel.nio.NioEventLoop.processSelectedKey(NioEventLoop.java:710)
	at com.alibaba.nacos.shaded.io.grpc.netty.shaded.io.netty.channel.nio.NioEventLoop.processSelectedKeysOptimized(NioEventLoop.java:658)
	at com.alibaba.nacos.shaded.io.grpc.netty.shaded.io.netty.channel.nio.NioEventLoop.processSelectedKeys(NioEventLoop.java:584)
	at com.alibaba.nacos.shaded.io.grpc.netty.shaded.io.netty.channel.nio.NioEventLoop.run(NioEventLoop.java:496)
	at com.alibaba.nacos.shaded.io.grpc.netty.shaded.io.netty.util.concurrent.SingleThreadEventExecutor$4.run(SingleThreadEventExecutor.java:997)
	at com.alibaba.nacos.shaded.io.grpc.netty.shaded.io.netty.util.internal.ThreadExecutorMap$2.run(ThreadExecutorMap.java:74)
	at com.alibaba.nacos.shaded.io.grpc.netty.shaded.io.netty.util.concurrent.FastThreadLocalRunnable.run(FastThreadLocalRunnable.java:30)
	at java.base/java.lang.Thread.run(Thread.java:842)
2025-09-15 11:56:04.543 [com.alibaba.nacos.client.remote.worker] INFO  com.alibaba.nacos.common.remote.client - [b2061751-d338-4f8e-bcba-447c23e4aea5] Fail to connect server, after trying 9 times, last try server is {serverIp = '47.236.36.111', server main port = 8848}, error = unknown
2025-09-15 11:56:05.552 [com.alibaba.nacos.client.remote.worker] INFO  c.a.nacos.common.remote.client.grpc.GrpcClient - grpc client connection server:47.236.36.111 ip,serverPort:9848,grpcTslConfig:{"sslProvider":"OPENSSL","enableTls":false,"mutualAuthEnable":false,"trustAll":false}
2025-09-15 11:56:05.567 [com.alibaba.nacos.client.remote.worker] ERROR c.a.nacos.common.remote.client.grpc.GrpcClient - Server check fail, please check server 47.236.36.111 ,port 9848 is available , error ={}
java.util.concurrent.ExecutionException: com.alibaba.nacos.shaded.io.grpc.StatusRuntimeException: UNAVAILABLE: io exception
	at com.alibaba.nacos.shaded.com.google.common.util.concurrent.AbstractFuture.getDoneValue(AbstractFuture.java:566)
	at com.alibaba.nacos.shaded.com.google.common.util.concurrent.AbstractFuture.get(AbstractFuture.java:445)
	at com.alibaba.nacos.common.remote.client.grpc.GrpcClient.serverCheck(GrpcClient.java:218)
	at com.alibaba.nacos.common.remote.client.grpc.GrpcClient.connectToServer(GrpcClient.java:329)
	at com.alibaba.nacos.common.remote.client.RpcClient.reconnect(RpcClient.java:502)
	at com.alibaba.nacos.common.remote.client.RpcClient.lambda$start$2(RpcClient.java:343)
	at java.base/java.util.concurrent.Executors$RunnableAdapter.call(Executors.java:539)
	at java.base/java.util.concurrent.FutureTask.run(FutureTask.java:264)
	at java.base/java.util.concurrent.ScheduledThreadPoolExecutor$ScheduledFutureTask.run(ScheduledThreadPoolExecutor.java:304)
	at java.base/java.util.concurrent.ThreadPoolExecutor.runWorker(ThreadPoolExecutor.java:1136)
	at java.base/java.util.concurrent.ThreadPoolExecutor$Worker.run(ThreadPoolExecutor.java:635)
	at java.base/java.lang.Thread.run(Thread.java:842)
Caused by: com.alibaba.nacos.shaded.io.grpc.StatusRuntimeException: UNAVAILABLE: io exception
	at com.alibaba.nacos.shaded.io.grpc.Status.asRuntimeException(Status.java:539)
	at com.alibaba.nacos.shaded.io.grpc.stub.ClientCalls$UnaryStreamToFuture.onClose(ClientCalls.java:544)
	at com.alibaba.nacos.shaded.io.grpc.internal.DelayedClientCall$DelayedListener$3.run(DelayedClientCall.java:471)
	at com.alibaba.nacos.shaded.io.grpc.internal.DelayedClientCall$DelayedListener.delayOrExecute(DelayedClientCall.java:435)
	at com.alibaba.nacos.shaded.io.grpc.internal.DelayedClientCall$DelayedListener.onClose(DelayedClientCall.java:468)
	at com.alibaba.nacos.shaded.io.grpc.internal.ClientCallImpl.closeObserver(ClientCallImpl.java:563)
	at com.alibaba.nacos.shaded.io.grpc.internal.ClientCallImpl.access$300(ClientCallImpl.java:70)
	at com.alibaba.nacos.shaded.io.grpc.internal.ClientCallImpl$ClientStreamListenerImpl$1StreamClosed.runInternal(ClientCallImpl.java:744)
	at com.alibaba.nacos.shaded.io.grpc.internal.ClientCallImpl$ClientStreamListenerImpl$1StreamClosed.runInContext(ClientCallImpl.java:723)
	at com.alibaba.nacos.shaded.io.grpc.internal.ContextRunnable.run(ContextRunnable.java:37)
	at com.alibaba.nacos.shaded.io.grpc.internal.SerializingExecutor.run(SerializingExecutor.java:133)
	... 3 common frames omitted
Caused by: com.alibaba.nacos.shaded.io.grpc.netty.shaded.io.netty.channel.AbstractChannel$AnnotatedSocketException: Network is unreachable: no further information: /47.236.36.111:9848
Caused by: java.net.SocketException: Network is unreachable: no further information
	at java.base/sun.nio.ch.Net.pollConnect(Native Method)
	at java.base/sun.nio.ch.Net.pollConnectNow(Net.java:672)
	at java.base/sun.nio.ch.SocketChannelImpl.finishConnect(SocketChannelImpl.java:946)
	at com.alibaba.nacos.shaded.io.grpc.netty.shaded.io.netty.channel.socket.nio.NioSocketChannel.doFinishConnect(NioSocketChannel.java:337)
	at com.alibaba.nacos.shaded.io.grpc.netty.shaded.io.netty.channel.nio.AbstractNioChannel$AbstractNioUnsafe.finishConnect(AbstractNioChannel.java:334)
	at com.alibaba.nacos.shaded.io.grpc.netty.shaded.io.netty.channel.nio.NioEventLoop.processSelectedKey(NioEventLoop.java:710)
	at com.alibaba.nacos.shaded.io.grpc.netty.shaded.io.netty.channel.nio.NioEventLoop.processSelectedKeysOptimized(NioEventLoop.java:658)
	at com.alibaba.nacos.shaded.io.grpc.netty.shaded.io.netty.channel.nio.NioEventLoop.processSelectedKeys(NioEventLoop.java:584)
	at com.alibaba.nacos.shaded.io.grpc.netty.shaded.io.netty.channel.nio.NioEventLoop.run(NioEventLoop.java:496)
	at com.alibaba.nacos.shaded.io.grpc.netty.shaded.io.netty.util.concurrent.SingleThreadEventExecutor$4.run(SingleThreadEventExecutor.java:997)
	at com.alibaba.nacos.shaded.io.grpc.netty.shaded.io.netty.util.internal.ThreadExecutorMap$2.run(ThreadExecutorMap.java:74)
	at com.alibaba.nacos.shaded.io.grpc.netty.shaded.io.netty.util.concurrent.FastThreadLocalRunnable.run(FastThreadLocalRunnable.java:30)
	at java.base/java.lang.Thread.run(Thread.java:842)
2025-09-15 11:56:05.568 [com.alibaba.nacos.client.remote.worker] INFO  com.alibaba.nacos.common.remote.client - [b2061751-d338-4f8e-bcba-447c23e4aea5] Fail to connect server, after trying 10 times, last try server is {serverIp = '47.236.36.111', server main port = 8848}, error = unknown
2025-09-15 11:56:06.678 [com.alibaba.nacos.client.remote.worker] INFO  c.a.nacos.common.remote.client.grpc.GrpcClient - grpc client connection server:47.236.36.111 ip,serverPort:9848,grpcTslConfig:{"sslProvider":"OPENSSL","enableTls":false,"mutualAuthEnable":false,"trustAll":false}
2025-09-15 11:56:06.688 [com.alibaba.nacos.client.remote.worker] ERROR c.a.nacos.common.remote.client.grpc.GrpcClient - Server check fail, please check server 47.236.36.111 ,port 9848 is available , error ={}
java.util.concurrent.ExecutionException: com.alibaba.nacos.shaded.io.grpc.StatusRuntimeException: UNAVAILABLE: io exception
	at com.alibaba.nacos.shaded.com.google.common.util.concurrent.AbstractFuture.getDoneValue(AbstractFuture.java:566)
	at com.alibaba.nacos.shaded.com.google.common.util.concurrent.AbstractFuture.get(AbstractFuture.java:445)
	at com.alibaba.nacos.common.remote.client.grpc.GrpcClient.serverCheck(GrpcClient.java:218)
	at com.alibaba.nacos.common.remote.client.grpc.GrpcClient.connectToServer(GrpcClient.java:329)
	at com.alibaba.nacos.common.remote.client.RpcClient.reconnect(RpcClient.java:502)
	at com.alibaba.nacos.common.remote.client.RpcClient.lambda$start$2(RpcClient.java:343)
	at java.base/java.util.concurrent.Executors$RunnableAdapter.call(Executors.java:539)
	at java.base/java.util.concurrent.FutureTask.run(FutureTask.java:264)
	at java.base/java.util.concurrent.ScheduledThreadPoolExecutor$ScheduledFutureTask.run(ScheduledThreadPoolExecutor.java:304)
	at java.base/java.util.concurrent.ThreadPoolExecutor.runWorker(ThreadPoolExecutor.java:1136)
	at java.base/java.util.concurrent.ThreadPoolExecutor$Worker.run(ThreadPoolExecutor.java:635)
	at java.base/java.lang.Thread.run(Thread.java:842)
Caused by: com.alibaba.nacos.shaded.io.grpc.StatusRuntimeException: UNAVAILABLE: io exception
	at com.alibaba.nacos.shaded.io.grpc.Status.asRuntimeException(Status.java:539)
	at com.alibaba.nacos.shaded.io.grpc.stub.ClientCalls$UnaryStreamToFuture.onClose(ClientCalls.java:544)
	at com.alibaba.nacos.shaded.io.grpc.internal.DelayedClientCall$DelayedListener$3.run(DelayedClientCall.java:471)
	at com.alibaba.nacos.shaded.io.grpc.internal.DelayedClientCall$DelayedListener.delayOrExecute(DelayedClientCall.java:435)
	at com.alibaba.nacos.shaded.io.grpc.internal.DelayedClientCall$DelayedListener.onClose(DelayedClientCall.java:468)
	at com.alibaba.nacos.shaded.io.grpc.internal.ClientCallImpl.closeObserver(ClientCallImpl.java:563)
	at com.alibaba.nacos.shaded.io.grpc.internal.ClientCallImpl.access$300(ClientCallImpl.java:70)
	at com.alibaba.nacos.shaded.io.grpc.internal.ClientCallImpl$ClientStreamListenerImpl$1StreamClosed.runInternal(ClientCallImpl.java:744)
	at com.alibaba.nacos.shaded.io.grpc.internal.ClientCallImpl$ClientStreamListenerImpl$1StreamClosed.runInContext(ClientCallImpl.java:723)
	at com.alibaba.nacos.shaded.io.grpc.internal.ContextRunnable.run(ContextRunnable.java:37)
	at com.alibaba.nacos.shaded.io.grpc.internal.SerializingExecutor.run(SerializingExecutor.java:133)
	... 3 common frames omitted
Caused by: com.alibaba.nacos.shaded.io.grpc.netty.shaded.io.netty.channel.AbstractChannel$AnnotatedSocketException: Network is unreachable: no further information: /47.236.36.111:9848
Caused by: java.net.SocketException: Network is unreachable: no further information
	at java.base/sun.nio.ch.Net.pollConnect(Native Method)
	at java.base/sun.nio.ch.Net.pollConnectNow(Net.java:672)
	at java.base/sun.nio.ch.SocketChannelImpl.finishConnect(SocketChannelImpl.java:946)
	at com.alibaba.nacos.shaded.io.grpc.netty.shaded.io.netty.channel.socket.nio.NioSocketChannel.doFinishConnect(NioSocketChannel.java:337)
	at com.alibaba.nacos.shaded.io.grpc.netty.shaded.io.netty.channel.nio.AbstractNioChannel$AbstractNioUnsafe.finishConnect(AbstractNioChannel.java:334)
	at com.alibaba.nacos.shaded.io.grpc.netty.shaded.io.netty.channel.nio.NioEventLoop.processSelectedKey(NioEventLoop.java:710)
	at com.alibaba.nacos.shaded.io.grpc.netty.shaded.io.netty.channel.nio.NioEventLoop.processSelectedKeysOptimized(NioEventLoop.java:658)
	at com.alibaba.nacos.shaded.io.grpc.netty.shaded.io.netty.channel.nio.NioEventLoop.processSelectedKeys(NioEventLoop.java:584)
	at com.alibaba.nacos.shaded.io.grpc.netty.shaded.io.netty.channel.nio.NioEventLoop.run(NioEventLoop.java:496)
	at com.alibaba.nacos.shaded.io.grpc.netty.shaded.io.netty.util.concurrent.SingleThreadEventExecutor$4.run(SingleThreadEventExecutor.java:997)
	at com.alibaba.nacos.shaded.io.grpc.netty.shaded.io.netty.util.internal.ThreadExecutorMap$2.run(ThreadExecutorMap.java:74)
	at com.alibaba.nacos.shaded.io.grpc.netty.shaded.io.netty.util.concurrent.FastThreadLocalRunnable.run(FastThreadLocalRunnable.java:30)
	at java.base/java.lang.Thread.run(Thread.java:842)
2025-09-15 11:56:06.689 [com.alibaba.nacos.client.remote.worker] INFO  com.alibaba.nacos.common.remote.client - [b2061751-d338-4f8e-bcba-447c23e4aea5] Fail to connect server, after trying 11 times, last try server is {serverIp = '47.236.36.111', server main port = 8848}, error = unknown
2025-09-15 11:56:07.903 [com.alibaba.nacos.client.remote.worker] INFO  c.a.nacos.common.remote.client.grpc.GrpcClient - grpc client connection server:47.236.36.111 ip,serverPort:9848,grpcTslConfig:{"sslProvider":"OPENSSL","enableTls":false,"mutualAuthEnable":false,"trustAll":false}
2025-09-15 11:56:07.912 [com.alibaba.nacos.client.remote.worker] ERROR c.a.nacos.common.remote.client.grpc.GrpcClient - Server check fail, please check server 47.236.36.111 ,port 9848 is available , error ={}
java.util.concurrent.ExecutionException: com.alibaba.nacos.shaded.io.grpc.StatusRuntimeException: UNAVAILABLE: io exception
	at com.alibaba.nacos.shaded.com.google.common.util.concurrent.AbstractFuture.getDoneValue(AbstractFuture.java:566)
	at com.alibaba.nacos.shaded.com.google.common.util.concurrent.AbstractFuture.get(AbstractFuture.java:445)
	at com.alibaba.nacos.common.remote.client.grpc.GrpcClient.serverCheck(GrpcClient.java:218)
	at com.alibaba.nacos.common.remote.client.grpc.GrpcClient.connectToServer(GrpcClient.java:329)
	at com.alibaba.nacos.common.remote.client.RpcClient.reconnect(RpcClient.java:502)
	at com.alibaba.nacos.common.remote.client.RpcClient.lambda$start$2(RpcClient.java:343)
	at java.base/java.util.concurrent.Executors$RunnableAdapter.call(Executors.java:539)
	at java.base/java.util.concurrent.FutureTask.run(FutureTask.java:264)
	at java.base/java.util.concurrent.ScheduledThreadPoolExecutor$ScheduledFutureTask.run(ScheduledThreadPoolExecutor.java:304)
	at java.base/java.util.concurrent.ThreadPoolExecutor.runWorker(ThreadPoolExecutor.java:1136)
	at java.base/java.util.concurrent.ThreadPoolExecutor$Worker.run(ThreadPoolExecutor.java:635)
	at java.base/java.lang.Thread.run(Thread.java:842)
Caused by: com.alibaba.nacos.shaded.io.grpc.StatusRuntimeException: UNAVAILABLE: io exception
	at com.alibaba.nacos.shaded.io.grpc.Status.asRuntimeException(Status.java:539)
	at com.alibaba.nacos.shaded.io.grpc.stub.ClientCalls$UnaryStreamToFuture.onClose(ClientCalls.java:544)
	at com.alibaba.nacos.shaded.io.grpc.internal.DelayedClientCall$DelayedListener$3.run(DelayedClientCall.java:471)
	at com.alibaba.nacos.shaded.io.grpc.internal.DelayedClientCall$DelayedListener.delayOrExecute(DelayedClientCall.java:435)
	at com.alibaba.nacos.shaded.io.grpc.internal.DelayedClientCall$DelayedListener.onClose(DelayedClientCall.java:468)
	at com.alibaba.nacos.shaded.io.grpc.internal.ClientCallImpl.closeObserver(ClientCallImpl.java:563)
	at com.alibaba.nacos.shaded.io.grpc.internal.ClientCallImpl.access$300(ClientCallImpl.java:70)
	at com.alibaba.nacos.shaded.io.grpc.internal.ClientCallImpl$ClientStreamListenerImpl$1StreamClosed.runInternal(ClientCallImpl.java:744)
	at com.alibaba.nacos.shaded.io.grpc.internal.ClientCallImpl$ClientStreamListenerImpl$1StreamClosed.runInContext(ClientCallImpl.java:723)
	at com.alibaba.nacos.shaded.io.grpc.internal.ContextRunnable.run(ContextRunnable.java:37)
	at com.alibaba.nacos.shaded.io.grpc.internal.SerializingExecutor.run(SerializingExecutor.java:133)
	... 3 common frames omitted
Caused by: com.alibaba.nacos.shaded.io.grpc.netty.shaded.io.netty.channel.AbstractChannel$AnnotatedSocketException: Network is unreachable: no further information: /47.236.36.111:9848
Caused by: java.net.SocketException: Network is unreachable: no further information
	at java.base/sun.nio.ch.Net.pollConnect(Native Method)
	at java.base/sun.nio.ch.Net.pollConnectNow(Net.java:672)
	at java.base/sun.nio.ch.SocketChannelImpl.finishConnect(SocketChannelImpl.java:946)
	at com.alibaba.nacos.shaded.io.grpc.netty.shaded.io.netty.channel.socket.nio.NioSocketChannel.doFinishConnect(NioSocketChannel.java:337)
	at com.alibaba.nacos.shaded.io.grpc.netty.shaded.io.netty.channel.nio.AbstractNioChannel$AbstractNioUnsafe.finishConnect(AbstractNioChannel.java:334)
	at com.alibaba.nacos.shaded.io.grpc.netty.shaded.io.netty.channel.nio.NioEventLoop.processSelectedKey(NioEventLoop.java:710)
	at com.alibaba.nacos.shaded.io.grpc.netty.shaded.io.netty.channel.nio.NioEventLoop.processSelectedKeysOptimized(NioEventLoop.java:658)
	at com.alibaba.nacos.shaded.io.grpc.netty.shaded.io.netty.channel.nio.NioEventLoop.processSelectedKeys(NioEventLoop.java:584)
	at com.alibaba.nacos.shaded.io.grpc.netty.shaded.io.netty.channel.nio.NioEventLoop.run(NioEventLoop.java:496)
	at com.alibaba.nacos.shaded.io.grpc.netty.shaded.io.netty.util.concurrent.SingleThreadEventExecutor$4.run(SingleThreadEventExecutor.java:997)
	at com.alibaba.nacos.shaded.io.grpc.netty.shaded.io.netty.util.internal.ThreadExecutorMap$2.run(ThreadExecutorMap.java:74)
	at com.alibaba.nacos.shaded.io.grpc.netty.shaded.io.netty.util.concurrent.FastThreadLocalRunnable.run(FastThreadLocalRunnable.java:30)
	at java.base/java.lang.Thread.run(Thread.java:842)
2025-09-15 11:56:07.913 [com.alibaba.nacos.client.remote.worker] INFO  com.alibaba.nacos.common.remote.client - [b2061751-d338-4f8e-bcba-447c23e4aea5] Fail to connect server, after trying 12 times, last try server is {serverIp = '47.236.36.111', server main port = 8848}, error = unknown
2025-09-15 12:07:59.952 [com.alibaba.nacos.client.remote.worker] INFO  c.a.nacos.common.remote.client.grpc.GrpcClient - grpc client connection server:47.236.36.111 ip,serverPort:9848,grpcTslConfig:{"sslProvider":"OPENSSL","enableTls":false,"mutualAuthEnable":false,"trustAll":false}
2025-09-15 12:08:00.015 [com.alibaba.nacos.client.remote.worker] ERROR c.a.nacos.common.remote.client.grpc.GrpcClient - Server check fail, please check server 47.236.36.111 ,port 9848 is available , error ={}
java.util.concurrent.ExecutionException: com.alibaba.nacos.shaded.io.grpc.StatusRuntimeException: UNAVAILABLE: io exception
	at com.alibaba.nacos.shaded.com.google.common.util.concurrent.AbstractFuture.getDoneValue(AbstractFuture.java:566)
	at com.alibaba.nacos.shaded.com.google.common.util.concurrent.AbstractFuture.get(AbstractFuture.java:445)
	at com.alibaba.nacos.common.remote.client.grpc.GrpcClient.serverCheck(GrpcClient.java:218)
	at com.alibaba.nacos.common.remote.client.grpc.GrpcClient.connectToServer(GrpcClient.java:329)
	at com.alibaba.nacos.common.remote.client.RpcClient.reconnect(RpcClient.java:502)
	at com.alibaba.nacos.common.remote.client.RpcClient.lambda$start$2(RpcClient.java:343)
	at java.base/java.util.concurrent.Executors$RunnableAdapter.call(Executors.java:539)
	at java.base/java.util.concurrent.FutureTask.run(FutureTask.java:264)
	at java.base/java.util.concurrent.ScheduledThreadPoolExecutor$ScheduledFutureTask.run(ScheduledThreadPoolExecutor.java:304)
	at java.base/java.util.concurrent.ThreadPoolExecutor.runWorker(ThreadPoolExecutor.java:1136)
	at java.base/java.util.concurrent.ThreadPoolExecutor$Worker.run(ThreadPoolExecutor.java:635)
	at java.base/java.lang.Thread.run(Thread.java:842)
Caused by: com.alibaba.nacos.shaded.io.grpc.StatusRuntimeException: UNAVAILABLE: io exception
	at com.alibaba.nacos.shaded.io.grpc.Status.asRuntimeException(Status.java:539)
	at com.alibaba.nacos.shaded.io.grpc.stub.ClientCalls$UnaryStreamToFuture.onClose(ClientCalls.java:544)
	at com.alibaba.nacos.shaded.io.grpc.internal.DelayedClientCall$DelayedListener$3.run(DelayedClientCall.java:471)
	at com.alibaba.nacos.shaded.io.grpc.internal.DelayedClientCall$DelayedListener.delayOrExecute(DelayedClientCall.java:435)
	at com.alibaba.nacos.shaded.io.grpc.internal.DelayedClientCall$DelayedListener.onClose(DelayedClientCall.java:468)
	at com.alibaba.nacos.shaded.io.grpc.internal.ClientCallImpl.closeObserver(ClientCallImpl.java:563)
	at com.alibaba.nacos.shaded.io.grpc.internal.ClientCallImpl.access$300(ClientCallImpl.java:70)
	at com.alibaba.nacos.shaded.io.grpc.internal.ClientCallImpl$ClientStreamListenerImpl$1StreamClosed.runInternal(ClientCallImpl.java:744)
	at com.alibaba.nacos.shaded.io.grpc.internal.ClientCallImpl$ClientStreamListenerImpl$1StreamClosed.runInContext(ClientCallImpl.java:723)
	at com.alibaba.nacos.shaded.io.grpc.internal.ContextRunnable.run(ContextRunnable.java:37)
	at com.alibaba.nacos.shaded.io.grpc.internal.SerializingExecutor.run(SerializingExecutor.java:133)
	... 3 common frames omitted
Caused by: com.alibaba.nacos.shaded.io.grpc.netty.shaded.io.netty.channel.AbstractChannel$AnnotatedSocketException: Network is unreachable: no further information: /47.236.36.111:9848
Caused by: java.net.SocketException: Network is unreachable: no further information
	at java.base/sun.nio.ch.Net.pollConnect(Native Method)
	at java.base/sun.nio.ch.Net.pollConnectNow(Net.java:672)
	at java.base/sun.nio.ch.SocketChannelImpl.finishConnect(SocketChannelImpl.java:946)
	at com.alibaba.nacos.shaded.io.grpc.netty.shaded.io.netty.channel.socket.nio.NioSocketChannel.doFinishConnect(NioSocketChannel.java:337)
	at com.alibaba.nacos.shaded.io.grpc.netty.shaded.io.netty.channel.nio.AbstractNioChannel$AbstractNioUnsafe.finishConnect(AbstractNioChannel.java:334)
	at com.alibaba.nacos.shaded.io.grpc.netty.shaded.io.netty.channel.nio.NioEventLoop.processSelectedKey(NioEventLoop.java:710)
	at com.alibaba.nacos.shaded.io.grpc.netty.shaded.io.netty.channel.nio.NioEventLoop.processSelectedKeysOptimized(NioEventLoop.java:658)
	at com.alibaba.nacos.shaded.io.grpc.netty.shaded.io.netty.channel.nio.NioEventLoop.processSelectedKeys(NioEventLoop.java:584)
	at com.alibaba.nacos.shaded.io.grpc.netty.shaded.io.netty.channel.nio.NioEventLoop.run(NioEventLoop.java:496)
	at com.alibaba.nacos.shaded.io.grpc.netty.shaded.io.netty.util.concurrent.SingleThreadEventExecutor$4.run(SingleThreadEventExecutor.java:997)
	at com.alibaba.nacos.shaded.io.grpc.netty.shaded.io.netty.util.internal.ThreadExecutorMap$2.run(ThreadExecutorMap.java:74)
	at com.alibaba.nacos.shaded.io.grpc.netty.shaded.io.netty.util.concurrent.FastThreadLocalRunnable.run(FastThreadLocalRunnable.java:30)
	at java.base/java.lang.Thread.run(Thread.java:842)
2025-09-15 12:08:00.016 [com.alibaba.nacos.client.remote.worker] INFO  com.alibaba.nacos.common.remote.client - [b2061751-d338-4f8e-bcba-447c23e4aea5] Fail to connect server, after trying 13 times, last try server is {serverIp = '47.236.36.111', server main port = 8848}, error = unknown
2025-09-15 12:08:01.427 [com.alibaba.nacos.client.remote.worker] INFO  c.a.nacos.common.remote.client.grpc.GrpcClient - grpc client connection server:47.236.36.111 ip,serverPort:9848,grpcTslConfig:{"sslProvider":"OPENSSL","enableTls":false,"mutualAuthEnable":false,"trustAll":false}
2025-09-15 12:08:01.747 [com.alibaba.nacos.client.remote.worker] INFO  com.alibaba.nacos.common.remote.client - [b2061751-d338-4f8e-bcba-447c23e4aea5] Success to connect a server [47.236.36.111:8848], connectionId = 1757909281372_112.94.129.68_13060
2025-09-15 12:08:01.747 [com.alibaba.nacos.client.remote.worker] INFO  com.alibaba.nacos.common.remote.client - [b2061751-d338-4f8e-bcba-447c23e4aea5] Abandon prev connection, server is 47.236.36.111:8848, connectionId is 1757904469270_120.85.130.202_5510
2025-09-15 12:08:01.747 [com.alibaba.nacos.client.remote.worker] INFO  com.alibaba.nacos.common.remote.client - Close current connection 1757904469270_120.85.130.202_5510
2025-09-15 12:08:01.748 [com.alibaba.nacos.client.remote.worker] INFO  com.alibaba.nacos.common.remote.client - [b2061751-d338-4f8e-bcba-447c23e4aea5] Notify disconnected event to listeners
2025-09-15 12:08:01.748 [com.alibaba.nacos.client.remote.worker] WARN  com.alibaba.nacos.client.naming - Grpc connection disconnect, mark to redo
2025-09-15 12:08:01.751 [com.alibaba.nacos.client.remote.worker] WARN  com.alibaba.nacos.client.naming - mark to redo completed
2025-09-15 12:08:01.752 [com.alibaba.nacos.client.remote.worker] INFO  com.alibaba.nacos.common.remote.client - [b2061751-d338-4f8e-bcba-447c23e4aea5] Notify connected event to listeners.
2025-09-15 12:08:01.752 [com.alibaba.nacos.client.remote.worker] INFO  com.alibaba.nacos.client.naming - Grpc connection connect
2025-09-15 12:08:02.310 [com.alibaba.nacos.client.naming.grpc.redo.0] INFO  com.alibaba.nacos.client.naming - Redo instance operation REGISTER for DEFAULT_GROUP@@xiaohongshu-count
2025-09-15 12:12:08.783 [Thread-20] WARN  com.alibaba.nacos.common.notify.NotifyCenter - [NotifyCenter] Start destroying Publisher
2025-09-15 12:12:08.783 [Thread-23] WARN  c.alibaba.nacos.common.http.HttpClientBeanHolder - [HttpClientBeanHolder] Start destroying common HttpClient
2025-09-15 12:12:08.783 [Thread-20] WARN  com.alibaba.nacos.common.notify.NotifyCenter - [NotifyCenter] Destruction of the end
2025-09-15 12:12:08.784 [Thread-23] WARN  c.alibaba.nacos.common.http.HttpClientBeanHolder - [HttpClientBeanHolder] Destruction of the end
2025-09-15 12:12:35.053 [main] WARN  com.alibaba.nacos.client.logging.NacosLogging - Load Logback Configuration of Nacos fail, message: Could not initialize Logback Nacos logging from classpath:nacos-logback.xml
2025-09-15 12:12:35.123 [main] WARN  com.alibaba.nacos.client.logging.NacosLogging - Load Logback Configuration of Nacos fail, message: Could not initialize Logback Nacos logging from classpath:nacos-logback.xml
2025-09-15 12:12:35.849 [main] WARN  com.alibaba.nacos.client.logging.NacosLogging - Load Logback Configuration of Nacos fail, message: Could not initialize Logback Nacos logging from classpath:nacos-logback.xml
2025-09-15 12:12:35.865 [main] WARN  com.alibaba.nacos.client.logging.NacosLogging - Load Logback Configuration of Nacos fail, message: Could not initialize Logback Nacos logging from classpath:nacos-logback.xml
2025-09-15 12:12:35.866 [main] INFO  c.z.x.count.biz.XiaohongshuCountBizApplication - The following 1 profile is active: "dev"
2025-09-15 12:12:36.589 [main] INFO  o.s.d.r.config.RepositoryConfigurationDelegate - Multiple Spring Data modules found, entering strict repository configuration mode
2025-09-15 12:12:36.593 [main] INFO  o.s.d.r.config.RepositoryConfigurationDelegate - Bootstrapping Spring Data Redis repositories in DEFAULT mode.
2025-09-15 12:12:36.623 [main] INFO  o.s.d.r.config.RepositoryConfigurationDelegate - Finished Spring Data repository scanning in 14 ms. Found 0 Redis repository interfaces.
2025-09-15 12:12:36.872 [main] INFO  o.springframework.cloud.context.scope.GenericScope - BeanFactory id=7d4f728d-bc4d-3392-a608-a86b370d5ca1
2025-09-15 12:12:37.190 [main] INFO  o.s.c.s.PostProcessorRegistrationDelegate$BeanPostProcessorChecker - Bean 'org.apache.rocketmq.spring.autoconfigure.MessageConverterConfiguration' of type [org.apache.rocketmq.spring.autoconfigure.MessageConverterConfiguration$$SpringCGLIB$$0] is not eligible for getting processed by all BeanPostProcessors (for example: not eligible for auto-proxying)
2025-09-15 12:12:37.251 [main] INFO  o.s.c.s.PostProcessorRegistrationDelegate$BeanPostProcessorChecker - Bean 'createRocketMQMessageConverter' of type [org.apache.rocketmq.spring.support.RocketMQMessageConverter] is not eligible for getting processed by all BeanPostProcessors (for example: not eligible for auto-proxying)
2025-09-15 12:12:37.255 [main] INFO  o.s.c.s.PostProcessorRegistrationDelegate$BeanPostProcessorChecker - Bean 'org.springframework.cloud.commons.config.CommonsConfigAutoConfiguration' of type [org.springframework.cloud.commons.config.CommonsConfigAutoConfiguration] is not eligible for getting processed by all BeanPostProcessors (for example: not eligible for auto-proxying)
2025-09-15 12:12:37.259 [main] INFO  o.s.c.s.PostProcessorRegistrationDelegate$BeanPostProcessorChecker - Bean 'org.springframework.cloud.client.loadbalancer.LoadBalancerDefaultMappingsProviderAutoConfiguration' of type [org.springframework.cloud.client.loadbalancer.LoadBalancerDefaultMappingsProviderAutoConfiguration] is not eligible for getting processed by all BeanPostProcessors (for example: not eligible for auto-proxying)
2025-09-15 12:12:37.260 [main] INFO  o.s.c.s.PostProcessorRegistrationDelegate$BeanPostProcessorChecker - Bean 'loadBalancerClientsDefaultsMappingsProvider' of type [org.springframework.cloud.client.loadbalancer.LoadBalancerDefaultMappingsProviderAutoConfiguration$$Lambda$724/0x000002332550dc38] is not eligible for getting processed by all BeanPostProcessors (for example: not eligible for auto-proxying)
2025-09-15 12:12:37.262 [main] INFO  o.s.c.s.PostProcessorRegistrationDelegate$BeanPostProcessorChecker - Bean 'defaultsBindHandlerAdvisor' of type [org.springframework.cloud.commons.config.DefaultsBindHandlerAdvisor] is not eligible for getting processed by all BeanPostProcessors (for example: not eligible for auto-proxying)
2025-09-15 12:12:37.273 [main] INFO  o.s.c.s.PostProcessorRegistrationDelegate$BeanPostProcessorChecker - Bean 'rocketmq-org.apache.rocketmq.spring.autoconfigure.RocketMQProperties' of type [org.apache.rocketmq.spring.autoconfigure.RocketMQProperties] is not eligible for getting processed by all BeanPostProcessors (for example: not eligible for auto-proxying)
2025-09-15 12:12:37.275 [main] INFO  o.s.c.s.PostProcessorRegistrationDelegate$BeanPostProcessorChecker - Bean 'org.apache.rocketmq.spring.autoconfigure.ListenerContainerConfiguration' of type [org.apache.rocketmq.spring.autoconfigure.ListenerContainerConfiguration$$SpringCGLIB$$0] is not eligible for getting processed by all BeanPostProcessors (for example: not eligible for auto-proxying)
2025-09-15 12:12:37.570 [main] INFO  o.s.boot.web.embedded.tomcat.TomcatWebServer - Tomcat initialized with port(s): 8090 (http)
2025-09-15 12:12:37.571 [main] INFO  org.apache.catalina.core.AprLifecycleListener - Loaded Apache Tomcat Native library [2.0.3] using APR version [1.7.2].
2025-09-15 12:12:37.575 [main] INFO  org.apache.catalina.core.AprLifecycleListener - OpenSSL successfully initialized [OpenSSL 3.0.8 7 Feb 2023]
2025-09-15 12:12:37.587 [main] INFO  org.apache.catalina.core.StandardService - Starting service [Tomcat]
2025-09-15 12:12:37.588 [main] INFO  org.apache.catalina.core.StandardEngine - Starting Servlet engine: [Apache Tomcat/10.1.5]
2025-09-15 12:12:37.704 [main] INFO  o.a.c.core.ContainerBase.[Tomcat].[localhost].[/] - Initializing Spring embedded WebApplicationContext
2025-09-15 12:12:37.705 [main] INFO  o.s.b.w.s.c.ServletWebServerApplicationContext - Root WebApplicationContext: initialization completed in 1816 ms
2025-09-15 12:12:37.817 [main] INFO  c.a.d.s.b.a.DruidDataSourceAutoConfigure - Init DruidDataSource
2025-09-15 12:12:38.217 [main] INFO  com.alibaba.druid.pool.DruidDataSource - {dataSource-1} inited
2025-09-15 12:12:39.083 [main] INFO  o.a.r.s.support.DefaultRocketMQListenerContainer - running container: DefaultRocketMQListenerContainer{consumerGroup='xiaohongshu_group_CountFans2DBTopic', namespace='', nameServer='127.0.0.1:9876', topic='CountFans2DBTopic', consumeMode=CONCURRENTLY, selectorType=TAG, selectorExpression='*', messageModel=CLUSTERING', tlsEnable=false, instanceName=DEFAULT}
2025-09-15 12:12:39.083 [main] INFO  o.a.r.s.a.ListenerContainerConfiguration - Register the listener to container, listenerBeanName:countFans2DBConsumer, containerBeanName:org.apache.rocketmq.spring.support.DefaultRocketMQListenerContainer_1
2025-09-15 12:12:39.559 [main] INFO  o.a.r.s.autoconfigure.RocketMQAutoConfiguration - a producer (xiaohongshu_group) init on namesrv 127.0.0.1:9876
2025-09-15 12:12:39.737 [main] INFO  o.a.r.s.support.DefaultRocketMQListenerContainer - running container: DefaultRocketMQListenerContainer{consumerGroup='xiaohongshu_group_CountFansTopic', namespace='', nameServer='127.0.0.1:9876', topic='CountFansTopic', consumeMode=CONCURRENTLY, selectorType=TAG, selectorExpression='*', messageModel=CLUSTERING', tlsEnable=false, instanceName=DEFAULT}
2025-09-15 12:12:39.738 [main] INFO  o.a.r.s.a.ListenerContainerConfiguration - Register the listener to container, listenerBeanName:countFansConsumer, containerBeanName:org.apache.rocketmq.spring.support.DefaultRocketMQListenerContainer_2
2025-09-15 12:12:39.844 [main] INFO  o.a.r.s.support.DefaultRocketMQListenerContainer - running container: DefaultRocketMQListenerContainer{consumerGroup='xiaohongshu_group_CountFollowing2DBTopic', namespace='', nameServer='127.0.0.1:9876', topic='CountFollowing2DBTopic', consumeMode=CONCURRENTLY, selectorType=TAG, selectorExpression='*', messageModel=CLUSTERING', tlsEnable=false, instanceName=DEFAULT}
2025-09-15 12:12:39.845 [main] INFO  o.a.r.s.a.ListenerContainerConfiguration - Register the listener to container, listenerBeanName:countFollowing2DBConsumer, containerBeanName:org.apache.rocketmq.spring.support.DefaultRocketMQListenerContainer_3
2025-09-15 12:12:39.936 [main] INFO  o.a.r.s.support.DefaultRocketMQListenerContainer - running container: DefaultRocketMQListenerContainer{consumerGroup='xiaohongshu_group_CountFollowingTopic', namespace='', nameServer='127.0.0.1:9876', topic='CountFollowingTopic', consumeMode=CONCURRENTLY, selectorType=TAG, selectorExpression='*', messageModel=CLUSTERING', tlsEnable=false, instanceName=DEFAULT}
2025-09-15 12:12:39.936 [main] INFO  o.a.r.s.a.ListenerContainerConfiguration - Register the listener to container, listenerBeanName:countFollowingConsumer, containerBeanName:org.apache.rocketmq.spring.support.DefaultRocketMQListenerContainer_4
2025-09-15 12:12:40.023 [main] INFO  o.a.r.s.support.DefaultRocketMQListenerContainer - running container: DefaultRocketMQListenerContainer{consumerGroup='xiaohongshu_group_child_comment_totalCountNoteCommentTopic', namespace='', nameServer='127.0.0.1:9876', topic='CountNoteCommentTopic', consumeMode=CONCURRENTLY, selectorType=TAG, selectorExpression='*', messageModel=CLUSTERING', tlsEnable=false, instanceName=DEFAULT}
2025-09-15 12:12:40.023 [main] INFO  o.a.r.s.a.ListenerContainerConfiguration - Register the listener to container, listenerBeanName:countNoteChildCommentConsumer, containerBeanName:org.apache.rocketmq.spring.support.DefaultRocketMQListenerContainer_5
2025-09-15 12:12:40.142 [main] INFO  o.a.r.s.support.DefaultRocketMQListenerContainer - running container: DefaultRocketMQListenerContainer{consumerGroup='xiaohongshu_group_CountNoteCollect2DBTTopic', namespace='', nameServer='127.0.0.1:9876', topic='CountNoteCollect2DBTTopic', consumeMode=CONCURRENTLY, selectorType=TAG, selectorExpression='*', messageModel=CLUSTERING', tlsEnable=false, instanceName=DEFAULT}
2025-09-15 12:12:40.143 [main] INFO  o.a.r.s.a.ListenerContainerConfiguration - Register the listener to container, listenerBeanName:countNoteCollect2DBConsumer, containerBeanName:org.apache.rocketmq.spring.support.DefaultRocketMQListenerContainer_6
2025-09-15 12:12:40.233 [main] INFO  o.a.r.s.support.DefaultRocketMQListenerContainer - running container: DefaultRocketMQListenerContainer{consumerGroup='xiaohongshu_group_CountNoteCollectTopic', namespace='', nameServer='127.0.0.1:9876', topic='CountNoteCollectTopic', consumeMode=CONCURRENTLY, selectorType=TAG, selectorExpression='*', messageModel=CLUSTERING', tlsEnable=false, instanceName=DEFAULT}
2025-09-15 12:12:40.233 [main] INFO  o.a.r.s.a.ListenerContainerConfiguration - Register the listener to container, listenerBeanName:countNoteCollectConsumer, containerBeanName:org.apache.rocketmq.spring.support.DefaultRocketMQListenerContainer_7
2025-09-15 12:12:40.309 [main] INFO  o.a.r.s.support.DefaultRocketMQListenerContainer - running container: DefaultRocketMQListenerContainer{consumerGroup='xiaohongshu_group_CountNoteCommentTopic', namespace='', nameServer='127.0.0.1:9876', topic='CountNoteCommentTopic', consumeMode=CONCURRENTLY, selectorType=TAG, selectorExpression='*', messageModel=CLUSTERING', tlsEnable=false, instanceName=DEFAULT}
2025-09-15 12:12:40.310 [main] INFO  o.a.r.s.a.ListenerContainerConfiguration - Register the listener to container, listenerBeanName:countNoteCommentConsumer, containerBeanName:org.apache.rocketmq.spring.support.DefaultRocketMQListenerContainer_8
2025-09-15 12:12:40.392 [main] INFO  o.a.r.s.support.DefaultRocketMQListenerContainer - running container: DefaultRocketMQListenerContainer{consumerGroup='xiaohongshu_group_CountNoteLike2DBTTopic', namespace='', nameServer='127.0.0.1:9876', topic='CountNoteLike2DBTTopic', consumeMode=CONCURRENTLY, selectorType=TAG, selectorExpression='*', messageModel=CLUSTERING', tlsEnable=false, instanceName=DEFAULT}
2025-09-15 12:12:40.392 [main] INFO  o.a.r.s.a.ListenerContainerConfiguration - Register the listener to container, listenerBeanName:countNoteLike2DBConsumer, containerBeanName:org.apache.rocketmq.spring.support.DefaultRocketMQListenerContainer_9
2025-09-15 12:12:40.468 [main] INFO  o.a.r.s.support.DefaultRocketMQListenerContainer - running container: DefaultRocketMQListenerContainer{consumerGroup='xiaohongshu_group_NoteOperateTopic', namespace='', nameServer='127.0.0.1:9876', topic='NoteOperateTopic', consumeMode=CONCURRENTLY, selectorType=TAG, selectorExpression='*', messageModel=CLUSTERING', tlsEnable=false, instanceName=DEFAULT}
2025-09-15 12:12:40.468 [main] INFO  o.a.r.s.a.ListenerContainerConfiguration - Register the listener to container, listenerBeanName:countNotePublishConsumer, containerBeanName:org.apache.rocketmq.spring.support.DefaultRocketMQListenerContainer_10
2025-09-15 12:12:41.861 [main] INFO  o.s.boot.web.embedded.tomcat.TomcatWebServer - Tomcat started on port(s): 8090 (http) with context path ''
2025-09-15 12:12:41.873 [main] WARN  com.alibaba.nacos.client.logging.NacosLogging - Load Logback Configuration of Nacos fail, message: Could not initialize Logback Nacos logging from classpath:nacos-logback.xml
2025-09-15 12:12:41.874 [main] INFO  com.alibaba.nacos.client.naming - initializer namespace from ans.namespace attribute : null
2025-09-15 12:12:41.875 [main] INFO  com.alibaba.nacos.client.naming - initializer namespace from ALIBABA_ALIWARE_NAMESPACE attribute :null
2025-09-15 12:12:41.876 [main] INFO  com.alibaba.nacos.client.naming - initializer namespace from namespace attribute :null
2025-09-15 12:12:41.911 [main] INFO  com.alibaba.nacos.client.utils.ParamUtil - [settings] [req-serv] nacos-server port:8848
2025-09-15 12:12:41.911 [main] INFO  com.alibaba.nacos.client.utils.ParamUtil - [settings] [http-client] connect timeout:1000
2025-09-15 12:12:41.913 [main] INFO  com.alibaba.nacos.client.utils.ParamUtil - PER_TASK_CONFIG_SIZE: 3000.0
2025-09-15 12:12:41.918 [main] INFO  c.a.n.p.auth.spi.client.ClientAuthPluginManager - [ClientAuthPluginManager] Load ClientAuthService com.alibaba.nacos.client.auth.impl.NacosClientAuthServiceImpl success.
2025-09-15 12:12:41.918 [main] INFO  c.a.n.p.auth.spi.client.ClientAuthPluginManager - [ClientAuthPluginManager] Load ClientAuthService com.alibaba.nacos.client.auth.ram.RamClientAuthServiceImpl success.
2025-09-15 12:12:41.922 [main] INFO  c.a.n.client.auth.ram.identify.CredentialWatcher - null No credential found
2025-09-15 12:12:41.935 [main] INFO  com.alibaba.nacos.common.remote.client - [RpcClientFactory] create a new rpc client of 37a0cdac-aeb5-4a36-9f61-de1c1b33e874
2025-09-15 12:12:41.961 [main] INFO  com.alibaba.nacos.common.remote.client - [37a0cdac-aeb5-4a36-9f61-de1c1b33e874] RpcClient init, ServerListFactory = com.alibaba.nacos.client.naming.core.ServerListManager
2025-09-15 12:12:41.961 [main] INFO  com.alibaba.nacos.common.remote.client - [37a0cdac-aeb5-4a36-9f61-de1c1b33e874] Registry connection listener to current client:com.alibaba.nacos.client.naming.remote.gprc.redo.NamingGrpcRedoService
2025-09-15 12:12:41.961 [main] INFO  com.alibaba.nacos.common.remote.client - [37a0cdac-aeb5-4a36-9f61-de1c1b33e874] Register server push request handler:com.alibaba.nacos.client.naming.remote.gprc.NamingPushRequestHandler
2025-09-15 12:12:41.967 [main] INFO  com.alibaba.nacos.common.remote.client - [37a0cdac-aeb5-4a36-9f61-de1c1b33e874] Try to connect to server on start up, server: {serverIp = '47.236.36.111', server main port = 8848}
2025-09-15 12:12:41.997 [main] INFO  c.a.nacos.common.remote.client.grpc.GrpcClient - grpc client connection server:47.236.36.111 ip,serverPort:9848,grpcTslConfig:{"sslProvider":"OPENSSL","enableTls":false,"mutualAuthEnable":false,"trustAll":false}
2025-09-15 12:12:43.274 [main] INFO  com.alibaba.nacos.common.remote.client - [37a0cdac-aeb5-4a36-9f61-de1c1b33e874] Success to connect to server [47.236.36.111:8848] on start up, connectionId = 1757909562895_112.94.129.68_12313
2025-09-15 12:12:43.275 [com.alibaba.nacos.client.remote.worker] INFO  com.alibaba.nacos.common.remote.client - [37a0cdac-aeb5-4a36-9f61-de1c1b33e874] Notify connected event to listeners.
2025-09-15 12:12:43.275 [com.alibaba.nacos.client.remote.worker] INFO  com.alibaba.nacos.client.naming - Grpc connection connect
2025-09-15 12:12:43.275 [main] INFO  com.alibaba.nacos.common.remote.client - [37a0cdac-aeb5-4a36-9f61-de1c1b33e874] Register server push request handler:com.alibaba.nacos.common.remote.client.RpcClient$ConnectResetRequestHandler
2025-09-15 12:12:43.275 [main] INFO  com.alibaba.nacos.common.remote.client - [37a0cdac-aeb5-4a36-9f61-de1c1b33e874] Register server push request handler:com.alibaba.nacos.common.remote.client.RpcClient$$Lambda$1246/0x0000023325986060
2025-09-15 12:12:43.276 [main] INFO  com.alibaba.nacos.client.naming - [REGISTER-SERVICE] xiaohongshu registering service xiaohongshu-count with instance Instance{instanceId='null', ip='10.2.66.68', port=8090, weight=1.0, healthy=true, enabled=true, ephemeral=true, clusterName='DEFAULT', serviceName='null', metadata={IPv6=null, preserved.register.source=SPRING_CLOUD}}
2025-09-15 12:12:43.348 [main] INFO  c.a.cloud.nacos.registry.NacosServiceRegistry - nacos registry, DEFAULT_GROUP xiaohongshu-count 10.2.66.68:8090 register finished
2025-09-15 12:12:43.605 [main] INFO  c.z.x.count.biz.XiaohongshuCountBizApplication - Started XiaohongshuCountBizApplication in 9.436 seconds (process running for 10.482)
2025-09-15 12:25:39.850 [pool-batch-consume-blocking-queue-thread-0] INFO  c.z.x.c.biz.consumer.CountNoteChildCommentConsumer - ==> 【笔记二级评论数】聚合消息, size: 2
2025-09-15 12:25:39.850 [pool-batch-consume-blocking-queue-thread-0] INFO  c.z.x.count.biz.consumer.CountNoteCommentConsumer - ==> 【笔记评论数】聚合消息, size: 2
2025-09-15 12:25:39.852 [pool-batch-consume-blocking-queue-thread-0] INFO  c.z.x.c.biz.consumer.CountNoteChildCommentConsumer - ==> 【笔记二级评论数】聚合消息, ["[{\"noteId\":1862481582414102049,\"commentId\":4003,\"level\":2,\"parentId\":6}]","[{\"noteId\":1862481582414102049,\"commentId\":4004,\"level\":2,\"parentId\":6}]"]
2025-09-15 12:25:39.852 [pool-batch-consume-blocking-queue-thread-0] INFO  c.z.x.count.biz.consumer.CountNoteCommentConsumer - ==> 【笔记评论数】聚合消息, ["[{\"noteId\":1862481582414102049,\"commentId\":4003,\"level\":2,\"parentId\":6}]","[{\"noteId\":1862481582414102049,\"commentId\":4004,\"level\":2,\"parentId\":6}]"]
2025-09-15 12:25:40.086 [NettyClientPublicExecutor_1] INFO  c.z.x.c.biz.consumer.CountNoteChildCommentConsumer - ==> 【评论热度值更新】MQ 发送成功，SendResult: SendResult [sendStatus=SEND_OK, msgId=7F000001948063947C6B4AC3B5EC0000, offsetMsgId=0A02424400002A9F0000000000F16F40, messageQueue=MessageQueue [topic=CommentHeatUpdateTopic, brokerName=broker-a, queueId=0], queueOffset=1]
2025-09-15 12:25:53.082 [pool-batch-consume-blocking-queue-thread-0] INFO  c.z.x.c.biz.consumer.CountNoteChildCommentConsumer - ==> 【笔记二级评论数】聚合消息, size: 1
2025-09-15 12:25:53.082 [pool-batch-consume-blocking-queue-thread-0] INFO  c.z.x.c.biz.consumer.CountNoteChildCommentConsumer - ==> 【笔记二级评论数】聚合消息, ["[{\"noteId\":1862481582414102049,\"commentId\":4002,\"level\":2,\"parentId\":6}]"]
2025-09-15 12:25:53.092 [NettyClientPublicExecutor_2] INFO  c.z.x.c.biz.consumer.CountNoteChildCommentConsumer - ==> 【评论热度值更新】MQ 发送成功，SendResult: SendResult [sendStatus=SEND_OK, msgId=7F000001948063947C6B4AC3E8C00001, offsetMsgId=0A02424400002A9F0000000000F17540, messageQueue=MessageQueue [topic=CommentHeatUpdateTopic, brokerName=broker-a, queueId=0], queueOffset=2]
2025-09-15 12:25:53.116 [pool-batch-consume-blocking-queue-thread-0] INFO  c.z.x.count.biz.consumer.CountNoteCommentConsumer - ==> 【笔记评论数】聚合消息, size: 1
2025-09-15 12:25:53.116 [pool-batch-consume-blocking-queue-thread-0] INFO  c.z.x.count.biz.consumer.CountNoteCommentConsumer - ==> 【笔记评论数】聚合消息, ["[{\"noteId\":1862481582414102049,\"commentId\":4002,\"level\":2,\"parentId\":6}]"]
2025-09-15 12:27:09.153 [pool-batch-consume-blocking-queue-thread-0] INFO  c.z.x.c.biz.consumer.CountNoteChildCommentConsumer - ==> 【笔记二级评论数】聚合消息, size: 1
2025-09-15 12:27:09.153 [pool-batch-consume-blocking-queue-thread-0] INFO  c.z.x.c.biz.consumer.CountNoteChildCommentConsumer - ==> 【笔记二级评论数】聚合消息, ["[{\"noteId\":1862481582414102049,\"commentId\":12,\"level\":2,\"parentId\":6}]"]
2025-09-15 12:27:09.167 [NettyClientPublicExecutor_3] INFO  c.z.x.c.biz.consumer.CountNoteChildCommentConsumer - ==> 【评论热度值更新】MQ 发送成功，SendResult: SendResult [sendStatus=SEND_OK, msgId=7F000001948063947C6B4AC511EA0002, offsetMsgId=0A02424400002A9F0000000000F17AD9, messageQueue=MessageQueue [topic=CommentHeatUpdateTopic, brokerName=broker-a, queueId=0], queueOffset=3]
2025-09-15 12:27:09.185 [pool-batch-consume-blocking-queue-thread-0] INFO  c.z.x.count.biz.consumer.CountNoteCommentConsumer - ==> 【笔记评论数】聚合消息, size: 1
2025-09-15 12:27:09.185 [pool-batch-consume-blocking-queue-thread-0] INFO  c.z.x.count.biz.consumer.CountNoteCommentConsumer - ==> 【笔记评论数】聚合消息, ["[{\"noteId\":1862481582414102049,\"commentId\":12,\"level\":2,\"parentId\":6}]"]
2025-09-15 12:27:32.181 [pool-batch-consume-blocking-queue-thread-0] INFO  c.z.x.c.biz.consumer.CountNoteChildCommentConsumer - ==> 【笔记二级评论数】聚合消息, size: 1
2025-09-15 12:27:32.181 [pool-batch-consume-blocking-queue-thread-0] INFO  c.z.x.c.biz.consumer.CountNoteChildCommentConsumer - ==> 【笔记二级评论数】聚合消息, ["[{\"noteId\":1862481582414102049,\"commentId\":4005,\"level\":2,\"parentId\":6}]"]
2025-09-15 12:27:32.192 [NettyClientPublicExecutor_4] INFO  c.z.x.c.biz.consumer.CountNoteChildCommentConsumer - ==> 【评论热度值更新】MQ 发送成功，SendResult: SendResult [sendStatus=SEND_OK, msgId=7F000001948063947C6B4AC56BDB0003, offsetMsgId=0A02424400002A9F0000000000F17FBD, messageQueue=MessageQueue [topic=CommentHeatUpdateTopic, brokerName=broker-a, queueId=0], queueOffset=4]
2025-09-15 12:27:32.210 [pool-batch-consume-blocking-queue-thread-0] INFO  c.z.x.count.biz.consumer.CountNoteCommentConsumer - ==> 【笔记评论数】聚合消息, size: 1
2025-09-15 12:27:32.210 [pool-batch-consume-blocking-queue-thread-0] INFO  c.z.x.count.biz.consumer.CountNoteCommentConsumer - ==> 【笔记评论数】聚合消息, ["[{\"noteId\":1862481582414102049,\"commentId\":4005,\"level\":2,\"parentId\":6}]"]
2025-09-15 12:28:24.547 [pool-batch-consume-blocking-queue-thread-0] INFO  c.z.x.c.biz.consumer.CountNoteChildCommentConsumer - ==> 【笔记二级评论数】聚合消息, size: 1
2025-09-15 12:28:24.548 [pool-batch-consume-blocking-queue-thread-0] INFO  c.z.x.c.biz.consumer.CountNoteChildCommentConsumer - ==> 【笔记二级评论数】聚合消息, ["[{\"noteId\":1862481582414102049,\"commentId\":2003,\"level\":2,\"parentId\":6}]"]
2025-09-15 12:28:24.558 [NettyClientPublicExecutor_5] INFO  c.z.x.c.biz.consumer.CountNoteChildCommentConsumer - ==> 【评论热度值更新】MQ 发送成功，SendResult: SendResult [sendStatus=SEND_OK, msgId=7F000001948063947C6B4AC6386B0004, offsetMsgId=0A02424400002A9F0000000000F18559, messageQueue=MessageQueue [topic=CommentHeatUpdateTopic, brokerName=broker-a, queueId=1], queueOffset=0]
2025-09-15 12:28:24.562 [pool-batch-consume-blocking-queue-thread-0] INFO  c.z.x.count.biz.consumer.CountNoteCommentConsumer - ==> 【笔记评论数】聚合消息, size: 1
2025-09-15 12:28:24.562 [pool-batch-consume-blocking-queue-thread-0] INFO  c.z.x.count.biz.consumer.CountNoteCommentConsumer - ==> 【笔记评论数】聚合消息, ["[{\"noteId\":1862481582414102049,\"commentId\":2003,\"level\":2,\"parentId\":6}]"]
2025-09-15 12:29:07.941 [pool-batch-consume-blocking-queue-thread-0] INFO  c.z.x.c.biz.consumer.CountNoteChildCommentConsumer - ==> 【笔记二级评论数】聚合消息, size: 1
2025-09-15 12:29:07.941 [pool-batch-consume-blocking-queue-thread-0] INFO  c.z.x.count.biz.consumer.CountNoteCommentConsumer - ==> 【笔记评论数】聚合消息, size: 1
2025-09-15 12:29:07.942 [pool-batch-consume-blocking-queue-thread-0] INFO  c.z.x.count.biz.consumer.CountNoteCommentConsumer - ==> 【笔记评论数】聚合消息, ["[{\"noteId\":1862481582414102049,\"commentId\":4001,\"level\":2,\"parentId\":6}]"]
2025-09-15 12:29:07.942 [pool-batch-consume-blocking-queue-thread-0] INFO  c.z.x.c.biz.consumer.CountNoteChildCommentConsumer - ==> 【笔记二级评论数】聚合消息, ["[{\"noteId\":1862481582414102049,\"commentId\":4001,\"level\":2,\"parentId\":6}]"]
2025-09-15 12:29:07.954 [NettyClientPublicExecutor_6] INFO  c.z.x.c.biz.consumer.CountNoteChildCommentConsumer - ==> 【评论热度值更新】MQ 发送成功，SendResult: SendResult [sendStatus=SEND_OK, msgId=7F000001948063947C6B4AC6E1EF0005, offsetMsgId=0A02424400002A9F0000000000F18DB7, messageQueue=MessageQueue [topic=CommentHeatUpdateTopic, brokerName=broker-a, queueId=1], queueOffset=1]
2025-09-15 12:35:40.059 [pool-batch-consume-blocking-queue-thread-0] INFO  c.z.x.count.biz.consumer.CountNoteCommentConsumer - ==> 【笔记评论数】聚合消息, size: 1
2025-09-15 12:35:40.059 [pool-batch-consume-blocking-queue-thread-0] INFO  c.z.x.count.biz.consumer.CountNoteCommentConsumer - ==> 【笔记评论数】聚合消息, ["[{\"noteId\":1862481582414102049,\"commentId\":4006,\"level\":1,\"parentId\":1862481582414102049}]"]
2025-09-15 12:35:40.060 [pool-batch-consume-blocking-queue-thread-0] INFO  c.z.x.c.biz.consumer.CountNoteChildCommentConsumer - ==> 【笔记二级评论数】聚合消息, size: 1
2025-09-15 12:35:40.060 [pool-batch-consume-blocking-queue-thread-0] INFO  c.z.x.c.biz.consumer.CountNoteChildCommentConsumer - ==> 【笔记二级评论数】聚合消息, ["[{\"noteId\":1862481582414102049,\"commentId\":4006,\"level\":1,\"parentId\":1862481582414102049}]"]
2025-09-15 13:15:58.487 [pool-batch-consume-blocking-queue-thread-0] INFO  c.z.x.count.biz.consumer.CountNoteCommentConsumer - ==> 【笔记评论数】聚合消息, size: 1
2025-09-15 13:15:58.487 [pool-batch-consume-blocking-queue-thread-0] INFO  c.z.x.c.biz.consumer.CountNoteChildCommentConsumer - ==> 【笔记二级评论数】聚合消息, size: 1
2025-09-15 13:15:58.493 [pool-batch-consume-blocking-queue-thread-0] INFO  c.z.x.c.biz.consumer.CountNoteChildCommentConsumer - ==> 【笔记二级评论数】聚合消息, ["[{\"noteId\":1862481582414102049,\"commentId\":4007,\"level\":2,\"parentId\":6}]"]
2025-09-15 13:15:58.493 [pool-batch-consume-blocking-queue-thread-0] INFO  c.z.x.count.biz.consumer.CountNoteCommentConsumer - ==> 【笔记评论数】聚合消息, ["[{\"noteId\":1862481582414102049,\"commentId\":4007,\"level\":2,\"parentId\":6}]"]
2025-09-15 13:15:58.561 [NettyClientPublicExecutor_7] INFO  c.z.x.c.biz.consumer.CountNoteChildCommentConsumer - ==> 【评论热度值更新】MQ 发送成功，SendResult: SendResult [sendStatus=SEND_OK, msgId=7F000001948063947C6B4AF1C4DB0006, offsetMsgId=0A02424400002A9F0000000000F1990A, messageQueue=MessageQueue [topic=CommentHeatUpdateTopic, brokerName=broker-a, queueId=0], queueOffset=5]
2025-09-15 13:16:01.556 [pool-batch-consume-blocking-queue-thread-0] INFO  c.z.x.count.biz.consumer.CountNoteCommentConsumer - ==> 【笔记评论数】聚合消息, size: 1
2025-09-15 13:16:01.556 [pool-batch-consume-blocking-queue-thread-0] INFO  c.z.x.count.biz.consumer.CountNoteCommentConsumer - ==> 【笔记评论数】聚合消息, ["[{\"noteId\":1862481582414102049,\"commentId\":4008,\"level\":2,\"parentId\":6}]"]
2025-09-15 13:16:01.558 [pool-batch-consume-blocking-queue-thread-0] INFO  c.z.x.c.biz.consumer.CountNoteChildCommentConsumer - ==> 【笔记二级评论数】聚合消息, size: 1
2025-09-15 13:16:01.558 [pool-batch-consume-blocking-queue-thread-0] INFO  c.z.x.c.biz.consumer.CountNoteChildCommentConsumer - ==> 【笔记二级评论数】聚合消息, ["[{\"noteId\":1862481582414102049,\"commentId\":4008,\"level\":2,\"parentId\":6}]"]
2025-09-15 13:16:01.569 [NettyClientPublicExecutor_8] INFO  c.z.x.c.biz.consumer.CountNoteChildCommentConsumer - ==> 【评论热度值更新】MQ 发送成功，SendResult: SendResult [sendStatus=SEND_OK, msgId=7F000001948063947C6B4AF1D09D0007, offsetMsgId=0A02424400002A9F0000000000F19DEE, messageQueue=MessageQueue [topic=CommentHeatUpdateTopic, brokerName=broker-a, queueId=1], queueOffset=2]
2025-09-15 13:27:01.543 [pool-batch-consume-blocking-queue-thread-0] INFO  c.z.x.c.biz.consumer.CountNoteChildCommentConsumer - ==> 【笔记二级评论数】聚合消息, size: 1
2025-09-15 13:27:01.543 [pool-batch-consume-blocking-queue-thread-0] INFO  c.z.x.count.biz.consumer.CountNoteCommentConsumer - ==> 【笔记评论数】聚合消息, size: 1
2025-09-15 13:27:01.543 [pool-batch-consume-blocking-queue-thread-0] INFO  c.z.x.c.biz.consumer.CountNoteChildCommentConsumer - ==> 【笔记二级评论数】聚合消息, ["[{\"noteId\":1862481582414102049,\"commentId\":4009,\"level\":2,\"parentId\":6}]"]
2025-09-15 13:27:01.544 [pool-batch-consume-blocking-queue-thread-0] INFO  c.z.x.count.biz.consumer.CountNoteCommentConsumer - ==> 【笔记评论数】聚合消息, ["[{\"noteId\":1862481582414102049,\"commentId\":4009,\"level\":2,\"parentId\":6}]"]
2025-09-15 13:27:01.554 [NettyClientPublicExecutor_9] INFO  c.z.x.c.biz.consumer.CountNoteChildCommentConsumer - ==> 【评论热度值更新】MQ 发送成功，SendResult: SendResult [sendStatus=SEND_OK, msgId=7F000001948063947C6B4AFBE2AE0008, offsetMsgId=0A02424400002A9F0000000000F1A2D2, messageQueue=MessageQueue [topic=CommentHeatUpdateTopic, brokerName=broker-a, queueId=0], queueOffset=6]
2025-09-15 13:27:16.560 [pool-batch-consume-blocking-queue-thread-0] INFO  c.z.x.c.biz.consumer.CountNoteChildCommentConsumer - ==> 【笔记二级评论数】聚合消息, size: 1
2025-09-15 13:27:16.560 [pool-batch-consume-blocking-queue-thread-0] INFO  c.z.x.c.biz.consumer.CountNoteChildCommentConsumer - ==> 【笔记二级评论数】聚合消息, ["[{\"noteId\":1862481582414102049,\"commentId\":4010,\"level\":1,\"parentId\":1862481582414102049}]"]
2025-09-15 13:27:16.563 [pool-batch-consume-blocking-queue-thread-0] INFO  c.z.x.count.biz.consumer.CountNoteCommentConsumer - ==> 【笔记评论数】聚合消息, size: 1
2025-09-15 13:27:16.563 [pool-batch-consume-blocking-queue-thread-0] INFO  c.z.x.count.biz.consumer.CountNoteCommentConsumer - ==> 【笔记评论数】聚合消息, ["[{\"noteId\":1862481582414102049,\"commentId\":4010,\"level\":1,\"parentId\":1862481582414102049}]"]
2025-09-15 13:27:17.562 [pool-batch-consume-blocking-queue-thread-0] INFO  c.z.x.c.biz.consumer.CountNoteChildCommentConsumer - ==> 【笔记二级评论数】聚合消息, size: 1
2025-09-15 13:27:17.562 [pool-batch-consume-blocking-queue-thread-0] INFO  c.z.x.c.biz.consumer.CountNoteChildCommentConsumer - ==> 【笔记二级评论数】聚合消息, ["[{\"noteId\":1862481582414102049,\"commentId\":4011,\"level\":1,\"parentId\":1862481582414102049}]"]
2025-09-15 13:27:17.571 [pool-batch-consume-blocking-queue-thread-0] INFO  c.z.x.count.biz.consumer.CountNoteCommentConsumer - ==> 【笔记评论数】聚合消息, size: 1
2025-09-15 13:27:17.571 [pool-batch-consume-blocking-queue-thread-0] INFO  c.z.x.count.biz.consumer.CountNoteCommentConsumer - ==> 【笔记评论数】聚合消息, ["[{\"noteId\":1862481582414102049,\"commentId\":4011,\"level\":1,\"parentId\":1862481582414102049}]"]
2025-09-15 13:27:18.563 [pool-batch-consume-blocking-queue-thread-0] INFO  c.z.x.c.biz.consumer.CountNoteChildCommentConsumer - ==> 【笔记二级评论数】聚合消息, size: 1
2025-09-15 13:27:18.563 [pool-batch-consume-blocking-queue-thread-0] INFO  c.z.x.c.biz.consumer.CountNoteChildCommentConsumer - ==> 【笔记二级评论数】聚合消息, ["[{\"noteId\":1862481582414102049,\"commentId\":4012,\"level\":1,\"parentId\":1862481582414102049}]"]
2025-09-15 13:27:18.576 [pool-batch-consume-blocking-queue-thread-0] INFO  c.z.x.count.biz.consumer.CountNoteCommentConsumer - ==> 【笔记评论数】聚合消息, size: 1
2025-09-15 13:27:18.576 [pool-batch-consume-blocking-queue-thread-0] INFO  c.z.x.count.biz.consumer.CountNoteCommentConsumer - ==> 【笔记评论数】聚合消息, ["[{\"noteId\":1862481582414102049,\"commentId\":4012,\"level\":1,\"parentId\":1862481582414102049}]"]
2025-09-15 13:27:32.947 [Thread-20] WARN  com.alibaba.nacos.common.notify.NotifyCenter - [NotifyCenter] Start destroying Publisher
2025-09-15 13:27:32.947 [Thread-23] WARN  c.alibaba.nacos.common.http.HttpClientBeanHolder - [HttpClientBeanHolder] Start destroying common HttpClient
2025-09-15 13:27:32.948 [Thread-20] WARN  com.alibaba.nacos.common.notify.NotifyCenter - [NotifyCenter] Destruction of the end
2025-09-15 13:27:32.957 [Thread-23] WARN  c.alibaba.nacos.common.http.HttpClientBeanHolder - [HttpClientBeanHolder] Destruction of the end
2025-09-15 13:27:33.167 [SpringApplicationShutdownHook] INFO  c.a.cloud.nacos.registry.NacosServiceRegistry - De-registering from Nacos Server now...
2025-09-15 13:27:33.170 [SpringApplicationShutdownHook] INFO  com.alibaba.nacos.client.naming - [DEREGISTER-SERVICE] xiaohongshu deregistering service xiaohongshu-count with instance: Instance{instanceId='null', ip='10.2.66.68', port=8090, weight=1.0, healthy=true, enabled=true, ephemeral=true, clusterName='DEFAULT', serviceName='null', metadata={}}
2025-09-15 13:27:33.266 [SpringApplicationShutdownHook] INFO  c.a.cloud.nacos.registry.NacosServiceRegistry - De-registration finished.
2025-09-15 13:27:33.267 [SpringApplicationShutdownHook] INFO  com.alibaba.nacos.client.naming - com.alibaba.nacos.client.naming.cache.ServiceInfoHolder do shutdown begin
2025-09-15 13:27:33.267 [SpringApplicationShutdownHook] INFO  com.alibaba.nacos.client.naming - com.alibaba.nacos.client.naming.backups.FailoverReactor do shutdown begin
2025-09-15 13:27:33.267 [SpringApplicationShutdownHook] INFO  com.alibaba.nacos.client.naming - com.alibaba.nacos.client.naming.backups.FailoverReactor do shutdown stop
2025-09-15 13:27:33.267 [SpringApplicationShutdownHook] INFO  com.alibaba.nacos.client.naming - com.alibaba.nacos.client.naming.cache.ServiceInfoHolder do shutdown stop
2025-09-15 13:27:33.267 [SpringApplicationShutdownHook] INFO  com.alibaba.nacos.client.naming - com.alibaba.nacos.client.naming.remote.NamingClientProxyDelegate do shutdown begin
2025-09-15 13:27:33.268 [SpringApplicationShutdownHook] INFO  com.alibaba.nacos.client.naming - com.alibaba.nacos.client.naming.core.ServiceInfoUpdateService do shutdown begin
2025-09-15 13:27:33.268 [SpringApplicationShutdownHook] INFO  com.alibaba.nacos.client.naming - com.alibaba.nacos.client.naming.core.ServiceInfoUpdateService do shutdown stop
2025-09-15 13:27:33.268 [SpringApplicationShutdownHook] INFO  com.alibaba.nacos.client.naming - com.alibaba.nacos.client.naming.core.ServerListManager do shutdown begin
2025-09-15 13:27:33.268 [SpringApplicationShutdownHook] WARN  com.alibaba.nacos.client.naming - [NamingHttpClientManager] Start destroying NacosRestTemplate
2025-09-15 13:27:33.269 [SpringApplicationShutdownHook] WARN  com.alibaba.nacos.client.naming - [NamingHttpClientManager] Destruction of the end
2025-09-15 13:27:33.269 [SpringApplicationShutdownHook] INFO  com.alibaba.nacos.client.naming - com.alibaba.nacos.client.naming.core.ServerListManager do shutdown stop
2025-09-15 13:27:33.269 [SpringApplicationShutdownHook] INFO  com.alibaba.nacos.client.naming - com.alibaba.nacos.client.naming.remote.http.NamingHttpClientProxy do shutdown begin
2025-09-15 13:27:33.269 [SpringApplicationShutdownHook] WARN  com.alibaba.nacos.client.naming - [NamingHttpClientManager] Start destroying NacosRestTemplate
2025-09-15 13:27:33.269 [SpringApplicationShutdownHook] WARN  com.alibaba.nacos.client.naming - [NamingHttpClientManager] Destruction of the end
2025-09-15 13:27:33.269 [SpringApplicationShutdownHook] INFO  com.alibaba.nacos.client.naming - com.alibaba.nacos.client.naming.remote.http.NamingHttpClientProxy do shutdown stop
2025-09-15 13:27:33.269 [SpringApplicationShutdownHook] INFO  com.alibaba.nacos.common.remote.client - Shutdown rpc client, set status to shutdown
2025-09-15 13:27:33.269 [SpringApplicationShutdownHook] INFO  com.alibaba.nacos.common.remote.client - Shutdown client event executor java.util.concurrent.ScheduledThreadPoolExecutor@20bc4f75[Running, pool size = 2, active threads = 2, queued tasks = 0, completed tasks = 0]
2025-09-15 13:27:33.269 [SpringApplicationShutdownHook] INFO  com.alibaba.nacos.common.remote.client - Close current connection 1757909562895_112.94.129.68_12313
2025-09-15 13:27:33.284 [nacos-grpc-client-executor-47.236.36.111-926] WARN  c.a.nacos.common.remote.client.grpc.GrpcClient - [1757909562895_112.94.129.68_12313]Ignore error event,isRunning:false,isAbandon=false
2025-09-15 13:27:33.293 [SpringApplicationShutdownHook] INFO  c.a.nacos.common.remote.client.grpc.GrpcClient - Shutdown grpc executor java.util.concurrent.ThreadPoolExecutor@364fd8d[Running, pool size = 4, active threads = 0, queued tasks = 0, completed tasks = 927]
2025-09-15 13:27:33.293 [SpringApplicationShutdownHook] INFO  com.alibaba.nacos.client.naming - Shutdown grpc redo service executor java.util.concurrent.ScheduledThreadPoolExecutor@443b1856[Running, pool size = 1, active threads = 0, queued tasks = 1, completed tasks = 1495]
2025-09-15 13:27:33.294 [SpringApplicationShutdownHook] INFO  c.a.n.client.auth.ram.identify.CredentialWatcher - [null] CredentialWatcher is stopped
2025-09-15 13:27:33.294 [SpringApplicationShutdownHook] INFO  c.a.n.client.auth.ram.identify.CredentialService - [null] CredentialService is freed
2025-09-15 13:27:33.294 [SpringApplicationShutdownHook] INFO  com.alibaba.nacos.client.naming - com.alibaba.nacos.client.naming.remote.NamingClientProxyDelegate do shutdown stop
2025-09-15 13:27:33.303 [SpringApplicationShutdownHook] INFO  o.a.r.s.support.DefaultRocketMQListenerContainer - container destroyed, DefaultRocketMQListenerContainer{consumerGroup='xiaohongshu_group_NoteOperateTopic', namespace='', nameServer='127.0.0.1:9876', topic='NoteOperateTopic', consumeMode=CONCURRENTLY, selectorType=TAG, selectorExpression='*', messageModel=CLUSTERING', tlsEnable=false, instanceName=DEFAULT}
2025-09-15 13:27:33.303 [SpringApplicationShutdownHook] INFO  o.a.r.s.support.DefaultRocketMQListenerContainer - container destroyed, DefaultRocketMQListenerContainer{consumerGroup='xiaohongshu_group_CountNoteLike2DBTTopic', namespace='', nameServer='127.0.0.1:9876', topic='CountNoteLike2DBTTopic', consumeMode=CONCURRENTLY, selectorType=TAG, selectorExpression='*', messageModel=CLUSTERING', tlsEnable=false, instanceName=DEFAULT}
2025-09-15 13:27:33.303 [SpringApplicationShutdownHook] INFO  o.a.r.s.support.DefaultRocketMQListenerContainer - container destroyed, DefaultRocketMQListenerContainer{consumerGroup='xiaohongshu_group_CountNoteCommentTopic', namespace='', nameServer='127.0.0.1:9876', topic='CountNoteCommentTopic', consumeMode=CONCURRENTLY, selectorType=TAG, selectorExpression='*', messageModel=CLUSTERING', tlsEnable=false, instanceName=DEFAULT}
2025-09-15 13:27:33.303 [SpringApplicationShutdownHook] INFO  o.a.r.s.support.DefaultRocketMQListenerContainer - container destroyed, DefaultRocketMQListenerContainer{consumerGroup='xiaohongshu_group_CountNoteCollectTopic', namespace='', nameServer='127.0.0.1:9876', topic='CountNoteCollectTopic', consumeMode=CONCURRENTLY, selectorType=TAG, selectorExpression='*', messageModel=CLUSTERING', tlsEnable=false, instanceName=DEFAULT}
2025-09-15 13:27:33.303 [SpringApplicationShutdownHook] INFO  o.a.r.s.support.DefaultRocketMQListenerContainer - container destroyed, DefaultRocketMQListenerContainer{consumerGroup='xiaohongshu_group_CountNoteCollect2DBTTopic', namespace='', nameServer='127.0.0.1:9876', topic='CountNoteCollect2DBTTopic', consumeMode=CONCURRENTLY, selectorType=TAG, selectorExpression='*', messageModel=CLUSTERING', tlsEnable=false, instanceName=DEFAULT}
2025-09-15 13:27:33.303 [SpringApplicationShutdownHook] INFO  o.a.r.s.support.DefaultRocketMQListenerContainer - container destroyed, DefaultRocketMQListenerContainer{consumerGroup='xiaohongshu_group_child_comment_totalCountNoteCommentTopic', namespace='', nameServer='127.0.0.1:9876', topic='CountNoteCommentTopic', consumeMode=CONCURRENTLY, selectorType=TAG, selectorExpression='*', messageModel=CLUSTERING', tlsEnable=false, instanceName=DEFAULT}
2025-09-15 13:27:33.303 [SpringApplicationShutdownHook] INFO  o.a.r.s.support.DefaultRocketMQListenerContainer - container destroyed, DefaultRocketMQListenerContainer{consumerGroup='xiaohongshu_group_CountFollowingTopic', namespace='', nameServer='127.0.0.1:9876', topic='CountFollowingTopic', consumeMode=CONCURRENTLY, selectorType=TAG, selectorExpression='*', messageModel=CLUSTERING', tlsEnable=false, instanceName=DEFAULT}
2025-09-15 13:27:33.303 [SpringApplicationShutdownHook] INFO  o.a.r.s.support.DefaultRocketMQListenerContainer - container destroyed, DefaultRocketMQListenerContainer{consumerGroup='xiaohongshu_group_CountFollowing2DBTopic', namespace='', nameServer='127.0.0.1:9876', topic='CountFollowing2DBTopic', consumeMode=CONCURRENTLY, selectorType=TAG, selectorExpression='*', messageModel=CLUSTERING', tlsEnable=false, instanceName=DEFAULT}
2025-09-15 13:27:33.303 [SpringApplicationShutdownHook] INFO  o.a.r.s.support.DefaultRocketMQListenerContainer - container destroyed, DefaultRocketMQListenerContainer{consumerGroup='xiaohongshu_group_CountFansTopic', namespace='', nameServer='127.0.0.1:9876', topic='CountFansTopic', consumeMode=CONCURRENTLY, selectorType=TAG, selectorExpression='*', messageModel=CLUSTERING', tlsEnable=false, instanceName=DEFAULT}
2025-09-15 13:27:33.364 [SpringApplicationShutdownHook] INFO  o.a.r.s.support.DefaultRocketMQListenerContainer - container destroyed, DefaultRocketMQListenerContainer{consumerGroup='xiaohongshu_group_CountFans2DBTopic', namespace='', nameServer='127.0.0.1:9876', topic='CountFans2DBTopic', consumeMode=CONCURRENTLY, selectorType=TAG, selectorExpression='*', messageModel=CLUSTERING', tlsEnable=false, instanceName=DEFAULT}
2025-09-15 13:27:33.366 [SpringApplicationShutdownHook] INFO  com.alibaba.druid.pool.DruidDataSource - {dataSource-1} closing ...
2025-09-15 13:27:33.372 [SpringApplicationShutdownHook] INFO  com.alibaba.druid.pool.DruidDataSource - {dataSource-1} closed
2025-09-15 14:20:07.442 [main] WARN  com.alibaba.nacos.client.logging.NacosLogging - Load Logback Configuration of Nacos fail, message: Could not initialize Logback Nacos logging from classpath:nacos-logback.xml
2025-09-15 14:20:07.517 [main] WARN  com.alibaba.nacos.client.logging.NacosLogging - Load Logback Configuration of Nacos fail, message: Could not initialize Logback Nacos logging from classpath:nacos-logback.xml
2025-09-15 14:20:08.271 [main] WARN  com.alibaba.nacos.client.logging.NacosLogging - Load Logback Configuration of Nacos fail, message: Could not initialize Logback Nacos logging from classpath:nacos-logback.xml
2025-09-15 14:20:08.287 [main] WARN  com.alibaba.nacos.client.logging.NacosLogging - Load Logback Configuration of Nacos fail, message: Could not initialize Logback Nacos logging from classpath:nacos-logback.xml
2025-09-15 14:20:08.288 [main] INFO  c.z.x.count.biz.XiaohongshuCountBizApplication - The following 1 profile is active: "dev"
2025-09-15 14:20:09.087 [main] INFO  o.s.d.r.config.RepositoryConfigurationDelegate - Multiple Spring Data modules found, entering strict repository configuration mode
2025-09-15 14:20:09.090 [main] INFO  o.s.d.r.config.RepositoryConfigurationDelegate - Bootstrapping Spring Data Redis repositories in DEFAULT mode.
2025-09-15 14:20:09.121 [main] INFO  o.s.d.r.config.RepositoryConfigurationDelegate - Finished Spring Data repository scanning in 13 ms. Found 0 Redis repository interfaces.
2025-09-15 14:20:09.386 [main] INFO  o.springframework.cloud.context.scope.GenericScope - BeanFactory id=7d4f728d-bc4d-3392-a608-a86b370d5ca1
2025-09-15 14:20:09.809 [main] INFO  o.s.c.s.PostProcessorRegistrationDelegate$BeanPostProcessorChecker - Bean 'org.apache.rocketmq.spring.autoconfigure.MessageConverterConfiguration' of type [org.apache.rocketmq.spring.autoconfigure.MessageConverterConfiguration$$SpringCGLIB$$0] is not eligible for getting processed by all BeanPostProcessors (for example: not eligible for auto-proxying)
2025-09-15 14:20:09.901 [main] INFO  o.s.c.s.PostProcessorRegistrationDelegate$BeanPostProcessorChecker - Bean 'createRocketMQMessageConverter' of type [org.apache.rocketmq.spring.support.RocketMQMessageConverter] is not eligible for getting processed by all BeanPostProcessors (for example: not eligible for auto-proxying)
2025-09-15 14:20:09.905 [main] INFO  o.s.c.s.PostProcessorRegistrationDelegate$BeanPostProcessorChecker - Bean 'org.springframework.cloud.commons.config.CommonsConfigAutoConfiguration' of type [org.springframework.cloud.commons.config.CommonsConfigAutoConfiguration] is not eligible for getting processed by all BeanPostProcessors (for example: not eligible for auto-proxying)
2025-09-15 14:20:09.910 [main] INFO  o.s.c.s.PostProcessorRegistrationDelegate$BeanPostProcessorChecker - Bean 'org.springframework.cloud.client.loadbalancer.LoadBalancerDefaultMappingsProviderAutoConfiguration' of type [org.springframework.cloud.client.loadbalancer.LoadBalancerDefaultMappingsProviderAutoConfiguration] is not eligible for getting processed by all BeanPostProcessors (for example: not eligible for auto-proxying)
2025-09-15 14:20:09.911 [main] INFO  o.s.c.s.PostProcessorRegistrationDelegate$BeanPostProcessorChecker - Bean 'loadBalancerClientsDefaultsMappingsProvider' of type [org.springframework.cloud.client.loadbalancer.LoadBalancerDefaultMappingsProviderAutoConfiguration$$Lambda$724/0x000002b60b50c780] is not eligible for getting processed by all BeanPostProcessors (for example: not eligible for auto-proxying)
2025-09-15 14:20:09.916 [main] INFO  o.s.c.s.PostProcessorRegistrationDelegate$BeanPostProcessorChecker - Bean 'defaultsBindHandlerAdvisor' of type [org.springframework.cloud.commons.config.DefaultsBindHandlerAdvisor] is not eligible for getting processed by all BeanPostProcessors (for example: not eligible for auto-proxying)
2025-09-15 14:20:09.932 [main] INFO  o.s.c.s.PostProcessorRegistrationDelegate$BeanPostProcessorChecker - Bean 'rocketmq-org.apache.rocketmq.spring.autoconfigure.RocketMQProperties' of type [org.apache.rocketmq.spring.autoconfigure.RocketMQProperties] is not eligible for getting processed by all BeanPostProcessors (for example: not eligible for auto-proxying)
2025-09-15 14:20:09.935 [main] INFO  o.s.c.s.PostProcessorRegistrationDelegate$BeanPostProcessorChecker - Bean 'org.apache.rocketmq.spring.autoconfigure.ListenerContainerConfiguration' of type [org.apache.rocketmq.spring.autoconfigure.ListenerContainerConfiguration$$SpringCGLIB$$0] is not eligible for getting processed by all BeanPostProcessors (for example: not eligible for auto-proxying)
2025-09-15 14:20:10.311 [main] INFO  o.s.boot.web.embedded.tomcat.TomcatWebServer - Tomcat initialized with port(s): 8090 (http)
2025-09-15 14:20:10.314 [main] INFO  org.apache.catalina.core.AprLifecycleListener - Loaded Apache Tomcat Native library [2.0.3] using APR version [1.7.2].
2025-09-15 14:20:10.319 [main] INFO  org.apache.catalina.core.AprLifecycleListener - OpenSSL successfully initialized [OpenSSL 3.0.8 7 Feb 2023]
2025-09-15 14:20:10.333 [main] INFO  org.apache.catalina.core.StandardService - Starting service [Tomcat]
2025-09-15 14:20:10.333 [main] INFO  org.apache.catalina.core.StandardEngine - Starting Servlet engine: [Apache Tomcat/10.1.5]
2025-09-15 14:20:10.472 [main] INFO  o.a.c.core.ContainerBase.[Tomcat].[localhost].[/] - Initializing Spring embedded WebApplicationContext
2025-09-15 14:20:10.472 [main] INFO  o.s.b.w.s.c.ServletWebServerApplicationContext - Root WebApplicationContext: initialization completed in 2163 ms
2025-09-15 14:20:10.608 [main] INFO  c.a.d.s.b.a.DruidDataSourceAutoConfigure - Init DruidDataSource
2025-09-15 14:20:11.135 [main] INFO  com.alibaba.druid.pool.DruidDataSource - {dataSource-1} inited
2025-09-15 14:20:11.995 [main] INFO  o.a.r.s.support.DefaultRocketMQListenerContainer - running container: DefaultRocketMQListenerContainer{consumerGroup='xiaohongshu_group_CountFans2DBTopic', namespace='', nameServer='127.0.0.1:9876', topic='CountFans2DBTopic', consumeMode=CONCURRENTLY, selectorType=TAG, selectorExpression='*', messageModel=CLUSTERING', tlsEnable=false, instanceName=DEFAULT}
2025-09-15 14:20:11.995 [main] INFO  o.a.r.s.a.ListenerContainerConfiguration - Register the listener to container, listenerBeanName:countFans2DBConsumer, containerBeanName:org.apache.rocketmq.spring.support.DefaultRocketMQListenerContainer_1
2025-09-15 14:20:12.341 [main] INFO  o.a.r.s.autoconfigure.RocketMQAutoConfiguration - a producer (xiaohongshu_group) init on namesrv 127.0.0.1:9876
2025-09-15 14:20:12.483 [main] INFO  o.a.r.s.support.DefaultRocketMQListenerContainer - running container: DefaultRocketMQListenerContainer{consumerGroup='xiaohongshu_group_CountFansTopic', namespace='', nameServer='127.0.0.1:9876', topic='CountFansTopic', consumeMode=CONCURRENTLY, selectorType=TAG, selectorExpression='*', messageModel=CLUSTERING', tlsEnable=false, instanceName=DEFAULT}
2025-09-15 14:20:12.483 [main] INFO  o.a.r.s.a.ListenerContainerConfiguration - Register the listener to container, listenerBeanName:countFansConsumer, containerBeanName:org.apache.rocketmq.spring.support.DefaultRocketMQListenerContainer_2
2025-09-15 14:20:12.570 [main] INFO  o.a.r.s.support.DefaultRocketMQListenerContainer - running container: DefaultRocketMQListenerContainer{consumerGroup='xiaohongshu_group_CountFollowing2DBTopic', namespace='', nameServer='127.0.0.1:9876', topic='CountFollowing2DBTopic', consumeMode=CONCURRENTLY, selectorType=TAG, selectorExpression='*', messageModel=CLUSTERING', tlsEnable=false, instanceName=DEFAULT}
2025-09-15 14:20:12.571 [main] INFO  o.a.r.s.a.ListenerContainerConfiguration - Register the listener to container, listenerBeanName:countFollowing2DBConsumer, containerBeanName:org.apache.rocketmq.spring.support.DefaultRocketMQListenerContainer_3
2025-09-15 14:20:12.654 [main] INFO  o.a.r.s.support.DefaultRocketMQListenerContainer - running container: DefaultRocketMQListenerContainer{consumerGroup='xiaohongshu_group_CountFollowingTopic', namespace='', nameServer='127.0.0.1:9876', topic='CountFollowingTopic', consumeMode=CONCURRENTLY, selectorType=TAG, selectorExpression='*', messageModel=CLUSTERING', tlsEnable=false, instanceName=DEFAULT}
2025-09-15 14:20:12.654 [main] INFO  o.a.r.s.a.ListenerContainerConfiguration - Register the listener to container, listenerBeanName:countFollowingConsumer, containerBeanName:org.apache.rocketmq.spring.support.DefaultRocketMQListenerContainer_4
2025-09-15 14:20:12.742 [main] INFO  o.a.r.s.support.DefaultRocketMQListenerContainer - running container: DefaultRocketMQListenerContainer{consumerGroup='xiaohongshu_group_child_comment_totalCountNoteCommentTopic', namespace='', nameServer='127.0.0.1:9876', topic='CountNoteCommentTopic', consumeMode=CONCURRENTLY, selectorType=TAG, selectorExpression='*', messageModel=CLUSTERING', tlsEnable=false, instanceName=DEFAULT}
2025-09-15 14:20:12.742 [main] INFO  o.a.r.s.a.ListenerContainerConfiguration - Register the listener to container, listenerBeanName:countNoteChildCommentConsumer, containerBeanName:org.apache.rocketmq.spring.support.DefaultRocketMQListenerContainer_5
2025-09-15 14:20:12.843 [main] INFO  o.a.r.s.support.DefaultRocketMQListenerContainer - running container: DefaultRocketMQListenerContainer{consumerGroup='xiaohongshu_group_CountNoteCollect2DBTTopic', namespace='', nameServer='127.0.0.1:9876', topic='CountNoteCollect2DBTTopic', consumeMode=CONCURRENTLY, selectorType=TAG, selectorExpression='*', messageModel=CLUSTERING', tlsEnable=false, instanceName=DEFAULT}
2025-09-15 14:20:12.844 [main] INFO  o.a.r.s.a.ListenerContainerConfiguration - Register the listener to container, listenerBeanName:countNoteCollect2DBConsumer, containerBeanName:org.apache.rocketmq.spring.support.DefaultRocketMQListenerContainer_6
2025-09-15 14:20:12.926 [main] INFO  o.a.r.s.support.DefaultRocketMQListenerContainer - running container: DefaultRocketMQListenerContainer{consumerGroup='xiaohongshu_group_CountNoteCollectTopic', namespace='', nameServer='127.0.0.1:9876', topic='CountNoteCollectTopic', consumeMode=CONCURRENTLY, selectorType=TAG, selectorExpression='*', messageModel=CLUSTERING', tlsEnable=false, instanceName=DEFAULT}
2025-09-15 14:20:12.926 [main] INFO  o.a.r.s.a.ListenerContainerConfiguration - Register the listener to container, listenerBeanName:countNoteCollectConsumer, containerBeanName:org.apache.rocketmq.spring.support.DefaultRocketMQListenerContainer_7
2025-09-15 14:20:13.001 [main] INFO  o.a.r.s.support.DefaultRocketMQListenerContainer - running container: DefaultRocketMQListenerContainer{consumerGroup='xiaohongshu_group_CountNoteCommentTopic', namespace='', nameServer='127.0.0.1:9876', topic='CountNoteCommentTopic', consumeMode=CONCURRENTLY, selectorType=TAG, selectorExpression='*', messageModel=CLUSTERING', tlsEnable=false, instanceName=DEFAULT}
2025-09-15 14:20:13.001 [main] INFO  o.a.r.s.a.ListenerContainerConfiguration - Register the listener to container, listenerBeanName:countNoteCommentConsumer, containerBeanName:org.apache.rocketmq.spring.support.DefaultRocketMQListenerContainer_8
2025-09-15 14:20:13.077 [main] INFO  o.a.r.s.support.DefaultRocketMQListenerContainer - running container: DefaultRocketMQListenerContainer{consumerGroup='xiaohongshu_group_CountNoteLike2DBTTopic', namespace='', nameServer='127.0.0.1:9876', topic='CountNoteLike2DBTTopic', consumeMode=CONCURRENTLY, selectorType=TAG, selectorExpression='*', messageModel=CLUSTERING', tlsEnable=false, instanceName=DEFAULT}
2025-09-15 14:20:13.077 [main] INFO  o.a.r.s.a.ListenerContainerConfiguration - Register the listener to container, listenerBeanName:countNoteLike2DBConsumer, containerBeanName:org.apache.rocketmq.spring.support.DefaultRocketMQListenerContainer_9
2025-09-15 14:20:13.150 [main] INFO  o.a.r.s.support.DefaultRocketMQListenerContainer - running container: DefaultRocketMQListenerContainer{consumerGroup='xiaohongshu_group_NoteOperateTopic', namespace='', nameServer='127.0.0.1:9876', topic='NoteOperateTopic', consumeMode=CONCURRENTLY, selectorType=TAG, selectorExpression='*', messageModel=CLUSTERING', tlsEnable=false, instanceName=DEFAULT}
2025-09-15 14:20:13.150 [main] INFO  o.a.r.s.a.ListenerContainerConfiguration - Register the listener to container, listenerBeanName:countNotePublishConsumer, containerBeanName:org.apache.rocketmq.spring.support.DefaultRocketMQListenerContainer_10
2025-09-15 14:20:15.276 [main] INFO  o.s.boot.web.embedded.tomcat.TomcatWebServer - Tomcat started on port(s): 8090 (http) with context path ''
2025-09-15 14:20:15.288 [main] WARN  com.alibaba.nacos.client.logging.NacosLogging - Load Logback Configuration of Nacos fail, message: Could not initialize Logback Nacos logging from classpath:nacos-logback.xml
2025-09-15 14:20:15.288 [main] INFO  com.alibaba.nacos.client.naming - initializer namespace from ans.namespace attribute : null
2025-09-15 14:20:15.290 [main] INFO  com.alibaba.nacos.client.naming - initializer namespace from ALIBABA_ALIWARE_NAMESPACE attribute :null
2025-09-15 14:20:15.292 [main] INFO  com.alibaba.nacos.client.naming - initializer namespace from namespace attribute :null
2025-09-15 14:20:15.357 [main] INFO  com.alibaba.nacos.client.utils.ParamUtil - [settings] [req-serv] nacos-server port:8848
2025-09-15 14:20:15.357 [main] INFO  com.alibaba.nacos.client.utils.ParamUtil - [settings] [http-client] connect timeout:1000
2025-09-15 14:20:15.359 [main] INFO  com.alibaba.nacos.client.utils.ParamUtil - PER_TASK_CONFIG_SIZE: 3000.0
2025-09-15 14:20:15.369 [main] INFO  c.a.n.p.auth.spi.client.ClientAuthPluginManager - [ClientAuthPluginManager] Load ClientAuthService com.alibaba.nacos.client.auth.impl.NacosClientAuthServiceImpl success.
2025-09-15 14:20:15.370 [main] INFO  c.a.n.p.auth.spi.client.ClientAuthPluginManager - [ClientAuthPluginManager] Load ClientAuthService com.alibaba.nacos.client.auth.ram.RamClientAuthServiceImpl success.
2025-09-15 14:20:15.377 [main] INFO  c.a.n.client.auth.ram.identify.CredentialWatcher - null No credential found
2025-09-15 14:20:15.399 [main] INFO  com.alibaba.nacos.common.remote.client - [RpcClientFactory] create a new rpc client of bbfffcb2-7ae0-42b1-9126-503fd55cbd0c
2025-09-15 14:20:15.446 [main] INFO  com.alibaba.nacos.common.remote.client - [bbfffcb2-7ae0-42b1-9126-503fd55cbd0c] RpcClient init, ServerListFactory = com.alibaba.nacos.client.naming.core.ServerListManager
2025-09-15 14:20:15.446 [main] INFO  com.alibaba.nacos.common.remote.client - [bbfffcb2-7ae0-42b1-9126-503fd55cbd0c] Registry connection listener to current client:com.alibaba.nacos.client.naming.remote.gprc.redo.NamingGrpcRedoService
2025-09-15 14:20:15.448 [main] INFO  com.alibaba.nacos.common.remote.client - [bbfffcb2-7ae0-42b1-9126-503fd55cbd0c] Register server push request handler:com.alibaba.nacos.client.naming.remote.gprc.NamingPushRequestHandler
2025-09-15 14:20:15.452 [main] INFO  com.alibaba.nacos.common.remote.client - [bbfffcb2-7ae0-42b1-9126-503fd55cbd0c] Try to connect to server on start up, server: {serverIp = '47.236.36.111', server main port = 8848}
2025-09-15 14:20:15.512 [main] INFO  c.a.nacos.common.remote.client.grpc.GrpcClient - grpc client connection server:47.236.36.111 ip,serverPort:9848,grpcTslConfig:{"sslProvider":"OPENSSL","enableTls":false,"mutualAuthEnable":false,"trustAll":false}
2025-09-15 14:20:17.538 [main] INFO  com.alibaba.nacos.common.remote.client - [bbfffcb2-7ae0-42b1-9126-503fd55cbd0c] Success to connect to server [47.236.36.111:8848] on start up, connectionId = 1757917217215_112.94.129.68_13234
2025-09-15 14:20:17.538 [com.alibaba.nacos.client.remote.worker] INFO  com.alibaba.nacos.common.remote.client - [bbfffcb2-7ae0-42b1-9126-503fd55cbd0c] Notify connected event to listeners.
2025-09-15 14:20:17.538 [com.alibaba.nacos.client.remote.worker] INFO  com.alibaba.nacos.client.naming - Grpc connection connect
2025-09-15 14:20:17.538 [main] INFO  com.alibaba.nacos.common.remote.client - [bbfffcb2-7ae0-42b1-9126-503fd55cbd0c] Register server push request handler:com.alibaba.nacos.common.remote.client.RpcClient$ConnectResetRequestHandler
2025-09-15 14:20:17.539 [main] INFO  com.alibaba.nacos.common.remote.client - [bbfffcb2-7ae0-42b1-9126-503fd55cbd0c] Register server push request handler:com.alibaba.nacos.common.remote.client.RpcClient$$Lambda$1246/0x000002b60b982fe0
2025-09-15 14:20:17.540 [main] INFO  com.alibaba.nacos.client.naming - [REGISTER-SERVICE] xiaohongshu registering service xiaohongshu-count with instance Instance{instanceId='null', ip='10.2.66.68', port=8090, weight=1.0, healthy=true, enabled=true, ephemeral=true, clusterName='DEFAULT', serviceName='null', metadata={IPv6=null, preserved.register.source=SPRING_CLOUD}}
2025-09-15 14:20:17.616 [main] INFO  c.a.cloud.nacos.registry.NacosServiceRegistry - nacos registry, DEFAULT_GROUP xiaohongshu-count 10.2.66.68:8090 register finished
2025-09-15 14:20:18.099 [main] INFO  c.z.x.count.biz.XiaohongshuCountBizApplication - Started XiaohongshuCountBizApplication in 11.59 seconds (process running for 12.489)
2025-09-15 14:21:33.723 [pool-batch-consume-blocking-queue-thread-0] INFO  c.z.x.c.biz.consumer.CountNoteChildCommentConsumer - ==> 【笔记二级评论数】聚合消息, size: 1
2025-09-15 14:21:33.723 [pool-batch-consume-blocking-queue-thread-0] INFO  c.z.x.count.biz.consumer.CountNoteCommentConsumer - ==> 【笔记评论数】聚合消息, size: 1
2025-09-15 14:21:33.724 [pool-batch-consume-blocking-queue-thread-0] INFO  c.z.x.c.biz.consumer.CountNoteChildCommentConsumer - ==> 【笔记二级评论数】聚合消息, ["[{\"noteId\":1862481582414102049,\"commentId\":6001,\"level\":2,\"parentId\":4006}]"]
2025-09-15 14:21:33.724 [pool-batch-consume-blocking-queue-thread-0] INFO  c.z.x.count.biz.consumer.CountNoteCommentConsumer - ==> 【笔记评论数】聚合消息, ["[{\"noteId\":1862481582414102049,\"commentId\":6001,\"level\":2,\"parentId\":4006}]"]
2025-09-15 14:21:34.026 [NettyClientPublicExecutor_1] INFO  c.z.x.c.biz.consumer.CountNoteChildCommentConsumer - ==> 【评论热度值更新】MQ 发送成功，SendResult: SendResult [sendStatus=SEND_OK, msgId=7F000001798063947C6B4B2DD1C00000, offsetMsgId=0A02424400002A9F0000000000F1B2C6, messageQueue=MessageQueue [topic=CommentHeatUpdateTopic, brokerName=broker-a, queueId=1], queueOffset=3]
