2025-10-24 16:27:24.286 [main] WARN  com.alibaba.nacos.client.logging.NacosLogging - Load Logback Configuration of Nacos fail, message: Could not initialize Logback Nacos logging from classpath:nacos-logback.xml
2025-10-24 16:27:24.360 [main] WARN  com.alibaba.nacos.client.logging.NacosLogging - Load Logback Configuration of Nacos fail, message: Could not initialize Logback Nacos logging from classpath:nacos-logback.xml
2025-10-24 16:27:24.968 [main] WARN  com.alibaba.nacos.client.logging.NacosLogging - Load Logback Configuration of Nacos fail, message: Could not initialize Logback Nacos logging from classpath:nacos-logback.xml
2025-10-24 16:27:24.988 [main] WARN  com.alibaba.nacos.client.logging.NacosLogging - Load Logback Configuration of Nacos fail, message: Could not initialize Logback Nacos logging from classpath:nacos-logback.xml
2025-10-24 16:27:24.988 [main] INFO  c.z.x.count.biz.XiaohongshuCountBizApplication - The following 1 profile is active: "dev"
2025-10-24 16:27:25.942 [main] INFO  o.s.d.r.config.RepositoryConfigurationDelegate - Multiple Spring Data modules found, entering strict repository configuration mode
2025-10-24 16:27:25.947 [main] INFO  o.s.d.r.config.RepositoryConfigurationDelegate - Bootstrapping Spring Data Redis repositories in DEFAULT mode.
2025-10-24 16:27:25.983 [main] INFO  o.s.d.r.config.RepositoryConfigurationDelegate - Finished Spring Data repository scanning in 16 ms. Found 0 Redis repository interfaces.
2025-10-24 16:27:26.260 [main] INFO  o.springframework.cloud.context.scope.GenericScope - BeanFactory id=998a0c8b-0835-3617-b765-04d211cdd71c
2025-10-24 16:27:26.594 [main] INFO  o.s.c.s.PostProcessorRegistrationDelegate$BeanPostProcessorChecker - Bean 'org.apache.rocketmq.spring.autoconfigure.MessageConverterConfiguration' of type [org.apache.rocketmq.spring.autoconfigure.MessageConverterConfiguration$$SpringCGLIB$$0] is not eligible for getting processed by all BeanPostProcessors (for example: not eligible for auto-proxying)
2025-10-24 16:27:26.651 [main] INFO  o.s.c.s.PostProcessorRegistrationDelegate$BeanPostProcessorChecker - Bean 'createRocketMQMessageConverter' of type [org.apache.rocketmq.spring.support.RocketMQMessageConverter] is not eligible for getting processed by all BeanPostProcessors (for example: not eligible for auto-proxying)
2025-10-24 16:27:26.653 [main] INFO  o.s.c.s.PostProcessorRegistrationDelegate$BeanPostProcessorChecker - Bean 'org.springframework.cloud.commons.config.CommonsConfigAutoConfiguration' of type [org.springframework.cloud.commons.config.CommonsConfigAutoConfiguration] is not eligible for getting processed by all BeanPostProcessors (for example: not eligible for auto-proxying)
2025-10-24 16:27:26.658 [main] INFO  o.s.c.s.PostProcessorRegistrationDelegate$BeanPostProcessorChecker - Bean 'org.springframework.cloud.client.loadbalancer.LoadBalancerDefaultMappingsProviderAutoConfiguration' of type [org.springframework.cloud.client.loadbalancer.LoadBalancerDefaultMappingsProviderAutoConfiguration] is not eligible for getting processed by all BeanPostProcessors (for example: not eligible for auto-proxying)
2025-10-24 16:27:26.659 [main] INFO  o.s.c.s.PostProcessorRegistrationDelegate$BeanPostProcessorChecker - Bean 'loadBalancerClientsDefaultsMappingsProvider' of type [org.springframework.cloud.client.loadbalancer.LoadBalancerDefaultMappingsProviderAutoConfiguration$$Lambda$712/0x0000016c814f2a58] is not eligible for getting processed by all BeanPostProcessors (for example: not eligible for auto-proxying)
2025-10-24 16:27:26.661 [main] INFO  o.s.c.s.PostProcessorRegistrationDelegate$BeanPostProcessorChecker - Bean 'defaultsBindHandlerAdvisor' of type [org.springframework.cloud.commons.config.DefaultsBindHandlerAdvisor] is not eligible for getting processed by all BeanPostProcessors (for example: not eligible for auto-proxying)
2025-10-24 16:27:26.665 [main] INFO  o.s.c.s.PostProcessorRegistrationDelegate$BeanPostProcessorChecker - Bean 'rocketmq-org.apache.rocketmq.spring.autoconfigure.RocketMQProperties' of type [org.apache.rocketmq.spring.autoconfigure.RocketMQProperties] is not eligible for getting processed by all BeanPostProcessors (for example: not eligible for auto-proxying)
2025-10-24 16:27:26.666 [main] INFO  o.s.c.s.PostProcessorRegistrationDelegate$BeanPostProcessorChecker - Bean 'org.apache.rocketmq.spring.autoconfigure.ListenerContainerConfiguration' of type [org.apache.rocketmq.spring.autoconfigure.ListenerContainerConfiguration$$SpringCGLIB$$0] is not eligible for getting processed by all BeanPostProcessors (for example: not eligible for auto-proxying)
2025-10-24 16:27:27.099 [main] INFO  o.s.boot.web.embedded.tomcat.TomcatWebServer - Tomcat initialized with port(s): 8090 (http)
2025-10-24 16:27:27.100 [main] INFO  org.apache.catalina.core.AprLifecycleListener - Loaded Apache Tomcat Native library [2.0.3] using APR version [1.7.2].
2025-10-24 16:27:27.114 [main] INFO  org.apache.catalina.core.AprLifecycleListener - OpenSSL successfully initialized [OpenSSL 3.0.8 7 Feb 2023]
2025-10-24 16:27:27.124 [main] INFO  org.apache.catalina.core.StandardService - Starting service [Tomcat]
2025-10-24 16:27:27.124 [main] INFO  org.apache.catalina.core.StandardEngine - Starting Servlet engine: [Apache Tomcat/10.1.5]
2025-10-24 16:27:27.263 [main] INFO  o.a.c.core.ContainerBase.[Tomcat].[localhost].[/] - Initializing Spring embedded WebApplicationContext
2025-10-24 16:27:27.264 [main] INFO  o.s.b.w.s.c.ServletWebServerApplicationContext - Root WebApplicationContext: initialization completed in 2258 ms
2025-10-24 16:27:27.397 [main] INFO  c.a.d.s.b.a.DruidDataSourceAutoConfigure - Init DruidDataSource
2025-10-24 16:27:27.914 [main] INFO  com.alibaba.druid.pool.DruidDataSource - {dataSource-1} inited
2025-10-24 16:27:28.780 [main] INFO  o.a.r.s.support.DefaultRocketMQListenerContainer - running container: DefaultRocketMQListenerContainer{consumerGroup='xiaohongshu_group_CountCommentLike2DBTTopic', namespace='', nameServer='127.0.0.1:9876', topic='CountCommentLike2DBTTopic', consumeMode=CONCURRENTLY, selectorType=TAG, selectorExpression='*', messageModel=CLUSTERING', tlsEnable=false, instanceName=DEFAULT}
2025-10-24 16:27:28.781 [main] INFO  o.a.r.s.a.ListenerContainerConfiguration - Register the listener to container, listenerBeanName:countCommentLike2DBConsumer, containerBeanName:org.apache.rocketmq.spring.support.DefaultRocketMQListenerContainer_1
2025-10-24 16:27:29.155 [main] INFO  o.a.r.s.autoconfigure.RocketMQAutoConfiguration - a producer (xiaohongshu_group) init on namesrv 127.0.0.1:9876
2025-10-24 16:27:29.249 [main] INFO  o.a.r.s.support.DefaultRocketMQListenerContainer - running container: DefaultRocketMQListenerContainer{consumerGroup='xiaohongshu_group_count_CommentLikeUnlikeTopic', namespace='', nameServer='127.0.0.1:9876', topic='CommentLikeUnlikeTopic', consumeMode=CONCURRENTLY, selectorType=TAG, selectorExpression='*', messageModel=CLUSTERING', tlsEnable=false, instanceName=DEFAULT}
2025-10-24 16:27:29.249 [main] INFO  o.a.r.s.a.ListenerContainerConfiguration - Register the listener to container, listenerBeanName:countCommentLikeConsumer, containerBeanName:org.apache.rocketmq.spring.support.DefaultRocketMQListenerContainer_2
2025-10-24 16:27:29.318 [main] INFO  o.a.r.s.support.DefaultRocketMQListenerContainer - running container: DefaultRocketMQListenerContainer{consumerGroup='xiaohongshu_group_CountFans2DBTopic', namespace='', nameServer='127.0.0.1:9876', topic='CountFans2DBTopic', consumeMode=CONCURRENTLY, selectorType=TAG, selectorExpression='*', messageModel=CLUSTERING', tlsEnable=false, instanceName=DEFAULT}
2025-10-24 16:27:29.318 [main] INFO  o.a.r.s.a.ListenerContainerConfiguration - Register the listener to container, listenerBeanName:countFans2DBConsumer, containerBeanName:org.apache.rocketmq.spring.support.DefaultRocketMQListenerContainer_3
2025-10-24 16:27:29.376 [main] INFO  o.a.r.s.support.DefaultRocketMQListenerContainer - running container: DefaultRocketMQListenerContainer{consumerGroup='xiaohongshu_group_CountFansTopic', namespace='', nameServer='127.0.0.1:9876', topic='CountFansTopic', consumeMode=CONCURRENTLY, selectorType=TAG, selectorExpression='*', messageModel=CLUSTERING', tlsEnable=false, instanceName=DEFAULT}
2025-10-24 16:27:29.377 [main] INFO  o.a.r.s.a.ListenerContainerConfiguration - Register the listener to container, listenerBeanName:countFansConsumer, containerBeanName:org.apache.rocketmq.spring.support.DefaultRocketMQListenerContainer_4
2025-10-24 16:27:29.456 [main] INFO  o.a.r.s.support.DefaultRocketMQListenerContainer - running container: DefaultRocketMQListenerContainer{consumerGroup='xiaohongshu_group_CountFollowing2DBTopic', namespace='', nameServer='127.0.0.1:9876', topic='CountFollowing2DBTopic', consumeMode=CONCURRENTLY, selectorType=TAG, selectorExpression='*', messageModel=CLUSTERING', tlsEnable=false, instanceName=DEFAULT}
2025-10-24 16:27:29.457 [main] INFO  o.a.r.s.a.ListenerContainerConfiguration - Register the listener to container, listenerBeanName:countFollowing2DBConsumer, containerBeanName:org.apache.rocketmq.spring.support.DefaultRocketMQListenerContainer_5
2025-10-24 16:27:29.519 [main] INFO  o.a.r.s.support.DefaultRocketMQListenerContainer - running container: DefaultRocketMQListenerContainer{consumerGroup='xiaohongshu_group_CountFollowingTopic', namespace='', nameServer='127.0.0.1:9876', topic='CountFollowingTopic', consumeMode=CONCURRENTLY, selectorType=TAG, selectorExpression='*', messageModel=CLUSTERING', tlsEnable=false, instanceName=DEFAULT}
2025-10-24 16:27:29.520 [main] INFO  o.a.r.s.a.ListenerContainerConfiguration - Register the listener to container, listenerBeanName:countFollowingConsumer, containerBeanName:org.apache.rocketmq.spring.support.DefaultRocketMQListenerContainer_6
2025-10-24 16:27:29.580 [main] INFO  o.a.r.s.support.DefaultRocketMQListenerContainer - running container: DefaultRocketMQListenerContainer{consumerGroup='xiaohongshu_group_child_comment_totalCountNoteCommentTopic', namespace='', nameServer='127.0.0.1:9876', topic='CountNoteCommentTopic', consumeMode=CONCURRENTLY, selectorType=TAG, selectorExpression='*', messageModel=CLUSTERING', tlsEnable=false, instanceName=DEFAULT}
2025-10-24 16:27:29.580 [main] INFO  o.a.r.s.a.ListenerContainerConfiguration - Register the listener to container, listenerBeanName:countNoteChildCommentConsumer, containerBeanName:org.apache.rocketmq.spring.support.DefaultRocketMQListenerContainer_7
2025-10-24 16:27:29.657 [main] INFO  o.a.r.s.support.DefaultRocketMQListenerContainer - running container: DefaultRocketMQListenerContainer{consumerGroup='xiaohongshu_group_CountNoteCollect2DBTTopic', namespace='', nameServer='127.0.0.1:9876', topic='CountNoteCollect2DBTTopic', consumeMode=CONCURRENTLY, selectorType=TAG, selectorExpression='*', messageModel=CLUSTERING', tlsEnable=false, instanceName=DEFAULT}
2025-10-24 16:27:29.657 [main] INFO  o.a.r.s.a.ListenerContainerConfiguration - Register the listener to container, listenerBeanName:countNoteCollect2DBConsumer, containerBeanName:org.apache.rocketmq.spring.support.DefaultRocketMQListenerContainer_8
2025-10-24 16:27:29.723 [main] INFO  o.a.r.s.support.DefaultRocketMQListenerContainer - running container: DefaultRocketMQListenerContainer{consumerGroup='xiaohongshu_group_CountNoteCollectTopic', namespace='', nameServer='127.0.0.1:9876', topic='CountNoteCollectTopic', consumeMode=CONCURRENTLY, selectorType=TAG, selectorExpression='*', messageModel=CLUSTERING', tlsEnable=false, instanceName=DEFAULT}
2025-10-24 16:27:29.723 [main] INFO  o.a.r.s.a.ListenerContainerConfiguration - Register the listener to container, listenerBeanName:countNoteCollectConsumer, containerBeanName:org.apache.rocketmq.spring.support.DefaultRocketMQListenerContainer_9
2025-10-24 16:27:29.781 [main] INFO  o.a.r.s.support.DefaultRocketMQListenerContainer - running container: DefaultRocketMQListenerContainer{consumerGroup='xiaohongshu_group_CountNoteCommentTopic', namespace='', nameServer='127.0.0.1:9876', topic='CountNoteCommentTopic', consumeMode=CONCURRENTLY, selectorType=TAG, selectorExpression='*', messageModel=CLUSTERING', tlsEnable=false, instanceName=DEFAULT}
2025-10-24 16:27:29.781 [main] INFO  o.a.r.s.a.ListenerContainerConfiguration - Register the listener to container, listenerBeanName:countNoteCommentConsumer, containerBeanName:org.apache.rocketmq.spring.support.DefaultRocketMQListenerContainer_10
2025-10-24 16:27:29.835 [main] INFO  o.a.r.s.support.DefaultRocketMQListenerContainer - running container: DefaultRocketMQListenerContainer{consumerGroup='xiaohongshu_group_CountNoteLike2DBTTopic', namespace='', nameServer='127.0.0.1:9876', topic='CountNoteLike2DBTTopic', consumeMode=CONCURRENTLY, selectorType=TAG, selectorExpression='*', messageModel=CLUSTERING', tlsEnable=false, instanceName=DEFAULT}
2025-10-24 16:27:29.835 [main] INFO  o.a.r.s.a.ListenerContainerConfiguration - Register the listener to container, listenerBeanName:countNoteLike2DBConsumer, containerBeanName:org.apache.rocketmq.spring.support.DefaultRocketMQListenerContainer_11
2025-10-24 16:27:29.901 [main] INFO  o.a.r.s.support.DefaultRocketMQListenerContainer - running container: DefaultRocketMQListenerContainer{consumerGroup='xiaohongshu_group_LikeUnlikeTopic', namespace='', nameServer='127.0.0.1:9876', topic='LikeUnlikeTopic', consumeMode=CONCURRENTLY, selectorType=TAG, selectorExpression='*', messageModel=CLUSTERING', tlsEnable=false, instanceName=DEFAULT}
2025-10-24 16:27:29.902 [main] INFO  o.a.r.s.a.ListenerContainerConfiguration - Register the listener to container, listenerBeanName:countNoteLikeConsumer, containerBeanName:org.apache.rocketmq.spring.support.DefaultRocketMQListenerContainer_12
2025-10-24 16:27:29.970 [main] INFO  o.a.r.s.support.DefaultRocketMQListenerContainer - running container: DefaultRocketMQListenerContainer{consumerGroup='xiaohongshu_group_NoteOperateTopic', namespace='', nameServer='127.0.0.1:9876', topic='NoteOperateTopic', consumeMode=CONCURRENTLY, selectorType=TAG, selectorExpression='*', messageModel=CLUSTERING', tlsEnable=false, instanceName=DEFAULT}
2025-10-24 16:27:29.971 [main] INFO  o.a.r.s.a.ListenerContainerConfiguration - Register the listener to container, listenerBeanName:countNotePublishConsumer, containerBeanName:org.apache.rocketmq.spring.support.DefaultRocketMQListenerContainer_13
2025-10-24 16:27:31.285 [main] WARN  o.s.c.l.c.LoadBalancerCacheAutoConfiguration$LoadBalancerCaffeineWarnLogger - Spring Cloud LoadBalancer is currently working with the default cache. While this cache implementation is useful for development and tests, it's recommended to use Caffeine cache in production.You can switch to using Caffeine cache, by adding it and org.springframework.cache.caffeine.CaffeineCacheManager to the classpath.
2025-10-24 16:27:31.419 [main] INFO  o.s.boot.web.embedded.tomcat.TomcatWebServer - Tomcat started on port(s): 8090 (http) with context path ''
2025-10-24 16:27:31.427 [main] WARN  com.alibaba.nacos.client.logging.NacosLogging - Load Logback Configuration of Nacos fail, message: Could not initialize Logback Nacos logging from classpath:nacos-logback.xml
2025-10-24 16:27:31.427 [main] INFO  com.alibaba.nacos.client.naming - initializer namespace from ans.namespace attribute : null
2025-10-24 16:27:31.428 [main] INFO  com.alibaba.nacos.client.naming - initializer namespace from ALIBABA_ALIWARE_NAMESPACE attribute :null
2025-10-24 16:27:31.429 [main] INFO  com.alibaba.nacos.client.naming - initializer namespace from namespace attribute :null
2025-10-24 16:27:31.460 [main] INFO  com.alibaba.nacos.client.utils.ParamUtil - [settings] [req-serv] nacos-server port:8848
2025-10-24 16:27:31.460 [main] INFO  com.alibaba.nacos.client.utils.ParamUtil - [settings] [http-client] connect timeout:1000
2025-10-24 16:27:31.460 [main] INFO  com.alibaba.nacos.client.utils.ParamUtil - PER_TASK_CONFIG_SIZE: 3000.0
2025-10-24 16:27:31.466 [main] INFO  c.a.n.p.auth.spi.client.ClientAuthPluginManager - [ClientAuthPluginManager] Load ClientAuthService com.alibaba.nacos.client.auth.impl.NacosClientAuthServiceImpl success.
2025-10-24 16:27:31.466 [main] INFO  c.a.n.p.auth.spi.client.ClientAuthPluginManager - [ClientAuthPluginManager] Load ClientAuthService com.alibaba.nacos.client.auth.ram.RamClientAuthServiceImpl success.
2025-10-24 16:27:31.471 [main] INFO  c.a.n.client.auth.ram.identify.CredentialWatcher - null No credential found
2025-10-24 16:27:31.485 [main] INFO  com.alibaba.nacos.common.remote.client - [RpcClientFactory] create a new rpc client of 23b940d4-bfc6-4bd5-b2ae-778cdef50147
2025-10-24 16:27:31.514 [main] INFO  com.alibaba.nacos.common.remote.client - [23b940d4-bfc6-4bd5-b2ae-778cdef50147] RpcClient init, ServerListFactory = com.alibaba.nacos.client.naming.core.ServerListManager
2025-10-24 16:27:31.515 [main] INFO  com.alibaba.nacos.common.remote.client - [23b940d4-bfc6-4bd5-b2ae-778cdef50147] Registry connection listener to current client:com.alibaba.nacos.client.naming.remote.gprc.redo.NamingGrpcRedoService
2025-10-24 16:27:31.515 [main] INFO  com.alibaba.nacos.common.remote.client - [23b940d4-bfc6-4bd5-b2ae-778cdef50147] Register server push request handler:com.alibaba.nacos.client.naming.remote.gprc.NamingPushRequestHandler
2025-10-24 16:27:31.517 [main] INFO  com.alibaba.nacos.common.remote.client - [23b940d4-bfc6-4bd5-b2ae-778cdef50147] Try to connect to server on start up, server: {serverIp = '8.134.88.169', server main port = 8848}
2025-10-24 16:27:31.549 [main] INFO  c.a.nacos.common.remote.client.grpc.GrpcClient - grpc client connection server:8.134.88.169 ip,serverPort:9848,grpcTslConfig:{"sslProvider":"OPENSSL","enableTls":false,"mutualAuthEnable":false,"trustAll":false}
2025-10-24 16:27:31.602 [ConsumeMessageThread_xiaohongshu_group_NoteOperateTopic_1] INFO  c.z.x.count.biz.consumer.CountNotePublishConsumer - ==> CountNotePublishConsumer 消费了消息 {"creatorId":100,"noteId":1978012132934971457,"type":0}, tags: deleteNote
2025-10-24 16:27:32.606 [main] INFO  com.alibaba.nacos.common.remote.client - [23b940d4-bfc6-4bd5-b2ae-778cdef50147] Success to connect to server [8.134.88.169:8848] on start up, connectionId = 1761294452426_112.94.129.21_7738
2025-10-24 16:27:32.607 [com.alibaba.nacos.client.remote.worker] INFO  com.alibaba.nacos.common.remote.client - [23b940d4-bfc6-4bd5-b2ae-778cdef50147] Notify connected event to listeners.
2025-10-24 16:27:32.607 [com.alibaba.nacos.client.remote.worker] INFO  com.alibaba.nacos.client.naming - Grpc connection connect
2025-10-24 16:27:32.607 [main] INFO  com.alibaba.nacos.common.remote.client - [23b940d4-bfc6-4bd5-b2ae-778cdef50147] Register server push request handler:com.alibaba.nacos.common.remote.client.RpcClient$ConnectResetRequestHandler
2025-10-24 16:27:32.607 [main] INFO  com.alibaba.nacos.common.remote.client - [23b940d4-bfc6-4bd5-b2ae-778cdef50147] Register server push request handler:com.alibaba.nacos.common.remote.client.RpcClient$$Lambda$1326/0x0000016c81a8b300
2025-10-24 16:27:32.609 [main] INFO  com.alibaba.nacos.client.naming - [REGISTER-SERVICE] xiaohongshu registering service xiaohongshu-count with instance Instance{instanceId='null', ip='10.2.66.25', port=8090, weight=1.0, healthy=true, enabled=true, ephemeral=true, clusterName='DEFAULT', serviceName='null', metadata={IPv6=null, preserved.register.source=SPRING_CLOUD}}
2025-10-24 16:27:32.631 [main] INFO  c.a.cloud.nacos.registry.NacosServiceRegistry - nacos registry, DEFAULT_GROUP xiaohongshu-count 10.2.66.25:8090 register finished
2025-10-24 16:27:32.817 [main] INFO  c.z.x.count.biz.XiaohongshuCountBizApplication - Started XiaohongshuCountBizApplication in 9.343 seconds (process running for 28.121)
2025-10-24 16:27:50.217 [http-nio-8090-exec-2] INFO  o.a.c.core.ContainerBase.[Tomcat].[localhost].[/] - Initializing Spring DispatcherServlet 'dispatcherServlet'
2025-10-24 16:27:50.218 [http-nio-8090-exec-2] INFO  org.springframework.web.servlet.DispatcherServlet - Initializing Servlet 'dispatcherServlet'
2025-10-24 16:27:50.220 [http-nio-8090-exec-2] INFO  org.springframework.web.servlet.DispatcherServlet - Completed initialization in 2 ms
2025-10-24 16:27:50.226 [http-nio-8090-exec-1] INFO  c.z.f.b.context.filter.HeaderUserId2ContextFilter - ## HeaderUserId2ContextFilter, 用户 ID: 100
2025-10-24 16:27:50.226 [http-nio-8090-exec-2] INFO  c.z.f.b.context.filter.HeaderUserId2ContextFilter - ## HeaderUserId2ContextFilter, 用户 ID: 100
2025-10-24 16:27:50.358 [http-nio-8090-exec-2] INFO  c.z.f.b.operationlog.aspect.ApiOperationLogAspect - ====== 请求开始: [获取用户计数数据], 入参: {"userId":100}, 请求类: UserCountController, 请求方法: findUserCountData =================================== 
2025-10-24 16:27:50.359 [http-nio-8090-exec-1] INFO  c.z.f.b.operationlog.aspect.ApiOperationLogAspect - ====== 请求开始: [获取用户计数数据], 入参: {"userId":100}, 请求类: UserCountController, 请求方法: findUserCountData =================================== 
2025-10-24 16:27:50.432 [http-nio-8090-exec-1] INFO  c.z.f.b.operationlog.aspect.ApiOperationLogAspect - ====== 请求结束: [获取用户计数数据], 耗时: 71ms, 出参: {"success":true,"message":null,"errorCode":null,"data":{"userId":100,"fansTotal":0,"followingTotal":3,"noteTotal":12,"likeTotal":1,"collectTotal":0}} =================================== 
2025-10-24 16:27:50.433 [http-nio-8090-exec-2] INFO  c.z.f.b.operationlog.aspect.ApiOperationLogAspect - ====== 请求结束: [获取用户计数数据], 耗时: 71ms, 出参: {"success":true,"message":null,"errorCode":null,"data":{"userId":100,"fansTotal":0,"followingTotal":3,"noteTotal":12,"likeTotal":1,"collectTotal":0}} =================================== 
2025-10-24 16:27:50.454 [http-nio-8090-exec-1] INFO  c.z.f.b.context.filter.HeaderUserId2ContextFilter - ===== 删除 ThreadLocal， userId: 100
2025-10-24 16:27:50.454 [http-nio-8090-exec-2] INFO  c.z.f.b.context.filter.HeaderUserId2ContextFilter - ===== 删除 ThreadLocal， userId: 100
2025-10-24 16:29:02.978 [http-nio-8090-exec-6] INFO  c.z.f.b.context.filter.HeaderUserId2ContextFilter - ## HeaderUserId2ContextFilter, 用户 ID: 100
2025-10-24 16:29:02.978 [http-nio-8090-exec-5] INFO  c.z.f.b.context.filter.HeaderUserId2ContextFilter - ## HeaderUserId2ContextFilter, 用户 ID: 100
2025-10-24 16:29:02.994 [http-nio-8090-exec-6] INFO  c.z.f.b.operationlog.aspect.ApiOperationLogAspect - ====== 请求开始: [获取用户计数数据], 入参: {"userId":100}, 请求类: UserCountController, 请求方法: findUserCountData =================================== 
2025-10-24 16:29:02.994 [http-nio-8090-exec-5] INFO  c.z.f.b.operationlog.aspect.ApiOperationLogAspect - ====== 请求开始: [获取用户计数数据], 入参: {"userId":100}, 请求类: UserCountController, 请求方法: findUserCountData =================================== 
2025-10-24 16:29:03.005 [http-nio-8090-exec-6] INFO  c.z.f.b.operationlog.aspect.ApiOperationLogAspect - ====== 请求结束: [获取用户计数数据], 耗时: 11ms, 出参: {"success":true,"message":null,"errorCode":null,"data":{"userId":100,"fansTotal":0,"followingTotal":3,"noteTotal":12,"likeTotal":1,"collectTotal":0}} =================================== 
2025-10-24 16:29:03.005 [http-nio-8090-exec-5] INFO  c.z.f.b.operationlog.aspect.ApiOperationLogAspect - ====== 请求结束: [获取用户计数数据], 耗时: 11ms, 出参: {"success":true,"message":null,"errorCode":null,"data":{"userId":100,"fansTotal":0,"followingTotal":3,"noteTotal":12,"likeTotal":1,"collectTotal":0}} =================================== 
2025-10-24 16:29:03.010 [http-nio-8090-exec-5] INFO  c.z.f.b.context.filter.HeaderUserId2ContextFilter - ===== 删除 ThreadLocal， userId: 100
2025-10-24 16:29:03.010 [http-nio-8090-exec-6] INFO  c.z.f.b.context.filter.HeaderUserId2ContextFilter - ===== 删除 ThreadLocal， userId: 100
2025-10-24 16:32:38.350 [http-nio-8090-exec-4] INFO  c.z.f.b.context.filter.HeaderUserId2ContextFilter - ## HeaderUserId2ContextFilter, 用户 ID: 100
2025-10-24 16:32:38.350 [http-nio-8090-exec-10] INFO  c.z.f.b.context.filter.HeaderUserId2ContextFilter - ## HeaderUserId2ContextFilter, 用户 ID: 100
2025-10-24 16:32:38.362 [http-nio-8090-exec-10] INFO  c.z.f.b.operationlog.aspect.ApiOperationLogAspect - ====== 请求开始: [获取用户计数数据], 入参: {"userId":100}, 请求类: UserCountController, 请求方法: findUserCountData =================================== 
2025-10-24 16:32:38.362 [http-nio-8090-exec-4] INFO  c.z.f.b.operationlog.aspect.ApiOperationLogAspect - ====== 请求开始: [获取用户计数数据], 入参: {"userId":100}, 请求类: UserCountController, 请求方法: findUserCountData =================================== 
2025-10-24 16:32:38.368 [http-nio-8090-exec-4] INFO  c.z.f.b.operationlog.aspect.ApiOperationLogAspect - ====== 请求结束: [获取用户计数数据], 耗时: 6ms, 出参: {"success":true,"message":null,"errorCode":null,"data":{"userId":100,"fansTotal":0,"followingTotal":3,"noteTotal":12,"likeTotal":1,"collectTotal":0}} =================================== 
2025-10-24 16:32:38.368 [http-nio-8090-exec-10] INFO  c.z.f.b.operationlog.aspect.ApiOperationLogAspect - ====== 请求结束: [获取用户计数数据], 耗时: 6ms, 出参: {"success":true,"message":null,"errorCode":null,"data":{"userId":100,"fansTotal":0,"followingTotal":3,"noteTotal":12,"likeTotal":1,"collectTotal":0}} =================================== 
2025-10-24 16:32:38.373 [http-nio-8090-exec-10] INFO  c.z.f.b.context.filter.HeaderUserId2ContextFilter - ===== 删除 ThreadLocal， userId: 100
2025-10-24 16:32:38.373 [http-nio-8090-exec-4] INFO  c.z.f.b.context.filter.HeaderUserId2ContextFilter - ===== 删除 ThreadLocal， userId: 100
2025-10-24 16:32:40.518 [http-nio-8090-exec-2] INFO  c.z.f.b.context.filter.HeaderUserId2ContextFilter - ## HeaderUserId2ContextFilter, 用户 ID: 100
2025-10-24 16:32:40.518 [http-nio-8090-exec-1] INFO  c.z.f.b.context.filter.HeaderUserId2ContextFilter - ## HeaderUserId2ContextFilter, 用户 ID: 100
2025-10-24 16:32:40.519 [http-nio-8090-exec-1] INFO  c.z.f.b.operationlog.aspect.ApiOperationLogAspect - ====== 请求开始: [获取用户计数数据], 入参: {"userId":100}, 请求类: UserCountController, 请求方法: findUserCountData =================================== 
2025-10-24 16:32:40.519 [http-nio-8090-exec-2] INFO  c.z.f.b.operationlog.aspect.ApiOperationLogAspect - ====== 请求开始: [获取用户计数数据], 入参: {"userId":100}, 请求类: UserCountController, 请求方法: findUserCountData =================================== 
2025-10-24 16:32:40.521 [http-nio-8090-exec-1] INFO  c.z.f.b.operationlog.aspect.ApiOperationLogAspect - ====== 请求结束: [获取用户计数数据], 耗时: 2ms, 出参: {"success":true,"message":null,"errorCode":null,"data":{"userId":100,"fansTotal":0,"followingTotal":3,"noteTotal":12,"likeTotal":1,"collectTotal":0}} =================================== 
2025-10-24 16:32:40.521 [http-nio-8090-exec-2] INFO  c.z.f.b.operationlog.aspect.ApiOperationLogAspect - ====== 请求结束: [获取用户计数数据], 耗时: 2ms, 出参: {"success":true,"message":null,"errorCode":null,"data":{"userId":100,"fansTotal":0,"followingTotal":3,"noteTotal":12,"likeTotal":1,"collectTotal":0}} =================================== 
2025-10-24 16:32:40.523 [http-nio-8090-exec-2] INFO  c.z.f.b.context.filter.HeaderUserId2ContextFilter - ===== 删除 ThreadLocal， userId: 100
2025-10-24 16:32:40.523 [http-nio-8090-exec-1] INFO  c.z.f.b.context.filter.HeaderUserId2ContextFilter - ===== 删除 ThreadLocal， userId: 100
2025-10-24 16:32:59.498 [http-nio-8090-exec-9] INFO  c.z.f.b.context.filter.HeaderUserId2ContextFilter - ## HeaderUserId2ContextFilter, 用户 ID: 100
2025-10-24 16:32:59.498 [http-nio-8090-exec-3] INFO  c.z.f.b.context.filter.HeaderUserId2ContextFilter - ## HeaderUserId2ContextFilter, 用户 ID: 100
2025-10-24 16:32:59.500 [http-nio-8090-exec-9] INFO  c.z.f.b.operationlog.aspect.ApiOperationLogAspect - ====== 请求开始: [获取用户计数数据], 入参: {"userId":100}, 请求类: UserCountController, 请求方法: findUserCountData =================================== 
2025-10-24 16:32:59.507 [http-nio-8090-exec-3] INFO  c.z.f.b.operationlog.aspect.ApiOperationLogAspect - ====== 请求开始: [获取用户计数数据], 入参: {"userId":100}, 请求类: UserCountController, 请求方法: findUserCountData =================================== 
2025-10-24 16:32:59.522 [http-nio-8090-exec-3] INFO  c.z.f.b.operationlog.aspect.ApiOperationLogAspect - ====== 请求结束: [获取用户计数数据], 耗时: 5ms, 出参: {"success":true,"message":null,"errorCode":null,"data":{"userId":100,"fansTotal":0,"followingTotal":3,"noteTotal":12,"likeTotal":1,"collectTotal":0}} =================================== 
2025-10-24 16:32:59.524 [http-nio-8090-exec-9] INFO  c.z.f.b.operationlog.aspect.ApiOperationLogAspect - ====== 请求结束: [获取用户计数数据], 耗时: 3ms, 出参: {"success":true,"message":null,"errorCode":null,"data":{"userId":100,"fansTotal":0,"followingTotal":3,"noteTotal":12,"likeTotal":1,"collectTotal":0}} =================================== 
2025-10-24 16:32:59.526 [http-nio-8090-exec-9] INFO  c.z.f.b.context.filter.HeaderUserId2ContextFilter - ===== 删除 ThreadLocal， userId: 100
2025-10-24 16:32:59.528 [http-nio-8090-exec-3] INFO  c.z.f.b.context.filter.HeaderUserId2ContextFilter - ===== 删除 ThreadLocal， userId: 100
2025-10-24 16:33:01.355 [http-nio-8090-exec-5] INFO  c.z.f.b.context.filter.HeaderUserId2ContextFilter - ## HeaderUserId2ContextFilter, 用户 ID: 100
2025-10-24 16:33:01.355 [http-nio-8090-exec-6] INFO  c.z.f.b.context.filter.HeaderUserId2ContextFilter - ## HeaderUserId2ContextFilter, 用户 ID: 100
2025-10-24 16:33:01.356 [http-nio-8090-exec-6] INFO  c.z.f.b.operationlog.aspect.ApiOperationLogAspect - ====== 请求开始: [获取用户计数数据], 入参: {"userId":100}, 请求类: UserCountController, 请求方法: findUserCountData =================================== 
2025-10-24 16:33:01.356 [http-nio-8090-exec-5] INFO  c.z.f.b.operationlog.aspect.ApiOperationLogAspect - ====== 请求开始: [获取用户计数数据], 入参: {"userId":100}, 请求类: UserCountController, 请求方法: findUserCountData =================================== 
2025-10-24 16:33:01.359 [http-nio-8090-exec-5] INFO  c.z.f.b.operationlog.aspect.ApiOperationLogAspect - ====== 请求结束: [获取用户计数数据], 耗时: 3ms, 出参: {"success":true,"message":null,"errorCode":null,"data":{"userId":100,"fansTotal":0,"followingTotal":3,"noteTotal":12,"likeTotal":1,"collectTotal":0}} =================================== 
2025-10-24 16:33:01.359 [http-nio-8090-exec-6] INFO  c.z.f.b.operationlog.aspect.ApiOperationLogAspect - ====== 请求结束: [获取用户计数数据], 耗时: 3ms, 出参: {"success":true,"message":null,"errorCode":null,"data":{"userId":100,"fansTotal":0,"followingTotal":3,"noteTotal":12,"likeTotal":1,"collectTotal":0}} =================================== 
2025-10-24 16:33:01.360 [http-nio-8090-exec-6] INFO  c.z.f.b.context.filter.HeaderUserId2ContextFilter - ===== 删除 ThreadLocal， userId: 100
2025-10-24 16:33:01.360 [http-nio-8090-exec-5] INFO  c.z.f.b.context.filter.HeaderUserId2ContextFilter - ===== 删除 ThreadLocal， userId: 100
2025-10-24 16:33:26.326 [http-nio-8090-exec-7] INFO  c.z.f.b.context.filter.HeaderUserId2ContextFilter - ## HeaderUserId2ContextFilter, 用户 ID: 100
2025-10-24 16:33:26.327 [http-nio-8090-exec-7] INFO  c.z.f.b.operationlog.aspect.ApiOperationLogAspect - ====== 请求开始: [获取用户计数数据], 入参: {"userId":100}, 请求类: UserCountController, 请求方法: findUserCountData =================================== 
2025-10-24 16:33:26.328 [http-nio-8090-exec-8] INFO  c.z.f.b.context.filter.HeaderUserId2ContextFilter - ## HeaderUserId2ContextFilter, 用户 ID: 100
2025-10-24 16:33:26.329 [http-nio-8090-exec-8] INFO  c.z.f.b.operationlog.aspect.ApiOperationLogAspect - ====== 请求开始: [获取用户计数数据], 入参: {"userId":100}, 请求类: UserCountController, 请求方法: findUserCountData =================================== 
2025-10-24 16:33:26.329 [http-nio-8090-exec-7] INFO  c.z.f.b.operationlog.aspect.ApiOperationLogAspect - ====== 请求结束: [获取用户计数数据], 耗时: 2ms, 出参: {"success":true,"message":null,"errorCode":null,"data":{"userId":100,"fansTotal":0,"followingTotal":3,"noteTotal":12,"likeTotal":1,"collectTotal":0}} =================================== 
2025-10-24 16:33:26.331 [http-nio-8090-exec-7] INFO  c.z.f.b.context.filter.HeaderUserId2ContextFilter - ===== 删除 ThreadLocal， userId: 100
2025-10-24 16:33:26.332 [http-nio-8090-exec-8] INFO  c.z.f.b.operationlog.aspect.ApiOperationLogAspect - ====== 请求结束: [获取用户计数数据], 耗时: 2ms, 出参: {"success":true,"message":null,"errorCode":null,"data":{"userId":100,"fansTotal":0,"followingTotal":3,"noteTotal":12,"likeTotal":1,"collectTotal":0}} =================================== 
2025-10-24 16:33:26.332 [http-nio-8090-exec-8] INFO  c.z.f.b.context.filter.HeaderUserId2ContextFilter - ===== 删除 ThreadLocal， userId: 100
2025-10-24 16:33:29.002 [http-nio-8090-exec-10] INFO  c.z.f.b.context.filter.HeaderUserId2ContextFilter - ## HeaderUserId2ContextFilter, 用户 ID: 100
2025-10-24 16:33:29.002 [http-nio-8090-exec-4] INFO  c.z.f.b.context.filter.HeaderUserId2ContextFilter - ## HeaderUserId2ContextFilter, 用户 ID: 100
2025-10-24 16:33:29.003 [http-nio-8090-exec-4] INFO  c.z.f.b.operationlog.aspect.ApiOperationLogAspect - ====== 请求开始: [获取用户计数数据], 入参: {"userId":100}, 请求类: UserCountController, 请求方法: findUserCountData =================================== 
2025-10-24 16:33:29.003 [http-nio-8090-exec-10] INFO  c.z.f.b.operationlog.aspect.ApiOperationLogAspect - ====== 请求开始: [获取用户计数数据], 入参: {"userId":100}, 请求类: UserCountController, 请求方法: findUserCountData =================================== 
2025-10-24 16:33:29.006 [http-nio-8090-exec-10] INFO  c.z.f.b.operationlog.aspect.ApiOperationLogAspect - ====== 请求结束: [获取用户计数数据], 耗时: 3ms, 出参: {"success":true,"message":null,"errorCode":null,"data":{"userId":100,"fansTotal":0,"followingTotal":3,"noteTotal":12,"likeTotal":1,"collectTotal":0}} =================================== 
2025-10-24 16:33:29.006 [http-nio-8090-exec-4] INFO  c.z.f.b.operationlog.aspect.ApiOperationLogAspect - ====== 请求结束: [获取用户计数数据], 耗时: 3ms, 出参: {"success":true,"message":null,"errorCode":null,"data":{"userId":100,"fansTotal":0,"followingTotal":3,"noteTotal":12,"likeTotal":1,"collectTotal":0}} =================================== 
2025-10-24 16:33:29.008 [http-nio-8090-exec-10] INFO  c.z.f.b.context.filter.HeaderUserId2ContextFilter - ===== 删除 ThreadLocal， userId: 100
2025-10-24 16:33:29.008 [http-nio-8090-exec-4] INFO  c.z.f.b.context.filter.HeaderUserId2ContextFilter - ===== 删除 ThreadLocal， userId: 100
2025-10-24 16:58:12.855 [Thread-26] WARN  c.alibaba.nacos.common.http.HttpClientBeanHolder - [HttpClientBeanHolder] Start destroying common HttpClient
2025-10-24 16:58:12.855 [Thread-23] WARN  com.alibaba.nacos.common.notify.NotifyCenter - [NotifyCenter] Start destroying Publisher
2025-10-24 16:58:12.861 [Thread-23] WARN  com.alibaba.nacos.common.notify.NotifyCenter - [NotifyCenter] Destruction of the end
2025-10-24 16:58:12.864 [Thread-26] WARN  c.alibaba.nacos.common.http.HttpClientBeanHolder - [HttpClientBeanHolder] Destruction of the end
2025-10-24 16:58:13.175 [SpringApplicationShutdownHook] INFO  c.a.cloud.nacos.registry.NacosServiceRegistry - De-registering from Nacos Server now...
2025-10-24 16:58:13.175 [SpringApplicationShutdownHook] INFO  com.alibaba.nacos.client.naming - [DEREGISTER-SERVICE] xiaohongshu deregistering service xiaohongshu-count with instance: Instance{instanceId='null', ip='10.2.66.25', port=8090, weight=1.0, healthy=true, enabled=true, ephemeral=true, clusterName='DEFAULT', serviceName='null', metadata={}}
2025-10-24 16:58:13.189 [SpringApplicationShutdownHook] INFO  c.a.cloud.nacos.registry.NacosServiceRegistry - De-registration finished.
2025-10-24 16:58:13.190 [SpringApplicationShutdownHook] INFO  com.alibaba.nacos.client.naming - com.alibaba.nacos.client.naming.cache.ServiceInfoHolder do shutdown begin
2025-10-24 16:58:13.190 [SpringApplicationShutdownHook] INFO  com.alibaba.nacos.client.naming - com.alibaba.nacos.client.naming.backups.FailoverReactor do shutdown begin
2025-10-24 16:58:13.190 [SpringApplicationShutdownHook] INFO  com.alibaba.nacos.client.naming - com.alibaba.nacos.client.naming.backups.FailoverReactor do shutdown stop
2025-10-24 16:58:13.191 [SpringApplicationShutdownHook] INFO  com.alibaba.nacos.client.naming - com.alibaba.nacos.client.naming.cache.ServiceInfoHolder do shutdown stop
2025-10-24 16:58:13.191 [SpringApplicationShutdownHook] INFO  com.alibaba.nacos.client.naming - com.alibaba.nacos.client.naming.remote.NamingClientProxyDelegate do shutdown begin
2025-10-24 16:58:13.191 [SpringApplicationShutdownHook] INFO  com.alibaba.nacos.client.naming - com.alibaba.nacos.client.naming.core.ServiceInfoUpdateService do shutdown begin
2025-10-24 16:58:13.191 [SpringApplicationShutdownHook] INFO  com.alibaba.nacos.client.naming - com.alibaba.nacos.client.naming.core.ServiceInfoUpdateService do shutdown stop
2025-10-24 16:58:13.191 [SpringApplicationShutdownHook] INFO  com.alibaba.nacos.client.naming - com.alibaba.nacos.client.naming.core.ServerListManager do shutdown begin
2025-10-24 16:58:13.191 [SpringApplicationShutdownHook] WARN  com.alibaba.nacos.client.naming - [NamingHttpClientManager] Start destroying NacosRestTemplate
2025-10-24 16:58:13.191 [SpringApplicationShutdownHook] WARN  com.alibaba.nacos.client.naming - [NamingHttpClientManager] Destruction of the end
2025-10-24 16:58:13.191 [SpringApplicationShutdownHook] INFO  com.alibaba.nacos.client.naming - com.alibaba.nacos.client.naming.core.ServerListManager do shutdown stop
2025-10-24 16:58:13.191 [SpringApplicationShutdownHook] INFO  com.alibaba.nacos.client.naming - com.alibaba.nacos.client.naming.remote.http.NamingHttpClientProxy do shutdown begin
2025-10-24 16:58:13.191 [SpringApplicationShutdownHook] WARN  com.alibaba.nacos.client.naming - [NamingHttpClientManager] Start destroying NacosRestTemplate
2025-10-24 16:58:13.191 [SpringApplicationShutdownHook] WARN  com.alibaba.nacos.client.naming - [NamingHttpClientManager] Destruction of the end
2025-10-24 16:58:13.191 [SpringApplicationShutdownHook] INFO  com.alibaba.nacos.client.naming - com.alibaba.nacos.client.naming.remote.http.NamingHttpClientProxy do shutdown stop
2025-10-24 16:58:13.192 [SpringApplicationShutdownHook] INFO  com.alibaba.nacos.common.remote.client - Shutdown rpc client, set status to shutdown
2025-10-24 16:58:13.192 [SpringApplicationShutdownHook] INFO  com.alibaba.nacos.common.remote.client - Shutdown client event executor java.util.concurrent.ScheduledThreadPoolExecutor@7ac9d4d1[Running, pool size = 2, active threads = 2, queued tasks = 0, completed tasks = 0]
2025-10-24 16:58:13.192 [SpringApplicationShutdownHook] INFO  com.alibaba.nacos.common.remote.client - Close current connection 1761294452426_112.94.129.21_7738
2025-10-24 16:58:13.201 [nacos-grpc-client-executor-8.134.88.169-389] WARN  c.a.nacos.common.remote.client.grpc.GrpcClient - [1761294452426_112.94.129.21_7738]Ignore error event,isRunning:false,isAbandon=false
2025-10-24 16:58:13.207 [SpringApplicationShutdownHook] INFO  c.a.nacos.common.remote.client.grpc.GrpcClient - Shutdown grpc executor java.util.concurrent.ThreadPoolExecutor@6fb85298[Running, pool size = 4, active threads = 0, queued tasks = 0, completed tasks = 390]
2025-10-24 16:58:13.207 [SpringApplicationShutdownHook] INFO  com.alibaba.nacos.client.naming - Shutdown grpc redo service executor java.util.concurrent.ScheduledThreadPoolExecutor@3b7cef42[Running, pool size = 1, active threads = 0, queued tasks = 1, completed tasks = 613]
2025-10-24 16:58:13.208 [SpringApplicationShutdownHook] INFO  c.a.n.client.auth.ram.identify.CredentialWatcher - [null] CredentialWatcher is stopped
2025-10-24 16:58:13.208 [SpringApplicationShutdownHook] INFO  c.a.n.client.auth.ram.identify.CredentialService - [null] CredentialService is freed
2025-10-24 16:58:13.208 [SpringApplicationShutdownHook] INFO  com.alibaba.nacos.client.naming - com.alibaba.nacos.client.naming.remote.NamingClientProxyDelegate do shutdown stop
2025-10-24 16:58:13.213 [SpringApplicationShutdownHook] INFO  o.a.r.s.support.DefaultRocketMQListenerContainer - container destroyed, DefaultRocketMQListenerContainer{consumerGroup='xiaohongshu_group_NoteOperateTopic', namespace='', nameServer='127.0.0.1:9876', topic='NoteOperateTopic', consumeMode=CONCURRENTLY, selectorType=TAG, selectorExpression='*', messageModel=CLUSTERING', tlsEnable=false, instanceName=DEFAULT}
2025-10-24 16:58:13.214 [SpringApplicationShutdownHook] INFO  o.a.r.s.support.DefaultRocketMQListenerContainer - container destroyed, DefaultRocketMQListenerContainer{consumerGroup='xiaohongshu_group_LikeUnlikeTopic', namespace='', nameServer='127.0.0.1:9876', topic='LikeUnlikeTopic', consumeMode=CONCURRENTLY, selectorType=TAG, selectorExpression='*', messageModel=CLUSTERING', tlsEnable=false, instanceName=DEFAULT}
2025-10-24 16:58:13.214 [SpringApplicationShutdownHook] INFO  o.a.r.s.support.DefaultRocketMQListenerContainer - container destroyed, DefaultRocketMQListenerContainer{consumerGroup='xiaohongshu_group_CountNoteLike2DBTTopic', namespace='', nameServer='127.0.0.1:9876', topic='CountNoteLike2DBTTopic', consumeMode=CONCURRENTLY, selectorType=TAG, selectorExpression='*', messageModel=CLUSTERING', tlsEnable=false, instanceName=DEFAULT}
2025-10-24 16:58:13.214 [SpringApplicationShutdownHook] INFO  o.a.r.s.support.DefaultRocketMQListenerContainer - container destroyed, DefaultRocketMQListenerContainer{consumerGroup='xiaohongshu_group_CountNoteCommentTopic', namespace='', nameServer='127.0.0.1:9876', topic='CountNoteCommentTopic', consumeMode=CONCURRENTLY, selectorType=TAG, selectorExpression='*', messageModel=CLUSTERING', tlsEnable=false, instanceName=DEFAULT}
2025-10-24 16:58:13.214 [SpringApplicationShutdownHook] INFO  o.a.r.s.support.DefaultRocketMQListenerContainer - container destroyed, DefaultRocketMQListenerContainer{consumerGroup='xiaohongshu_group_CountNoteCollectTopic', namespace='', nameServer='127.0.0.1:9876', topic='CountNoteCollectTopic', consumeMode=CONCURRENTLY, selectorType=TAG, selectorExpression='*', messageModel=CLUSTERING', tlsEnable=false, instanceName=DEFAULT}
2025-10-24 16:58:13.214 [SpringApplicationShutdownHook] INFO  o.a.r.s.support.DefaultRocketMQListenerContainer - container destroyed, DefaultRocketMQListenerContainer{consumerGroup='xiaohongshu_group_CountNoteCollect2DBTTopic', namespace='', nameServer='127.0.0.1:9876', topic='CountNoteCollect2DBTTopic', consumeMode=CONCURRENTLY, selectorType=TAG, selectorExpression='*', messageModel=CLUSTERING', tlsEnable=false, instanceName=DEFAULT}
2025-10-24 16:58:13.214 [SpringApplicationShutdownHook] INFO  o.a.r.s.support.DefaultRocketMQListenerContainer - container destroyed, DefaultRocketMQListenerContainer{consumerGroup='xiaohongshu_group_child_comment_totalCountNoteCommentTopic', namespace='', nameServer='127.0.0.1:9876', topic='CountNoteCommentTopic', consumeMode=CONCURRENTLY, selectorType=TAG, selectorExpression='*', messageModel=CLUSTERING', tlsEnable=false, instanceName=DEFAULT}
2025-10-24 16:58:13.214 [SpringApplicationShutdownHook] INFO  o.a.r.s.support.DefaultRocketMQListenerContainer - container destroyed, DefaultRocketMQListenerContainer{consumerGroup='xiaohongshu_group_CountFollowingTopic', namespace='', nameServer='127.0.0.1:9876', topic='CountFollowingTopic', consumeMode=CONCURRENTLY, selectorType=TAG, selectorExpression='*', messageModel=CLUSTERING', tlsEnable=false, instanceName=DEFAULT}
2025-10-24 16:58:13.214 [SpringApplicationShutdownHook] INFO  o.a.r.s.support.DefaultRocketMQListenerContainer - container destroyed, DefaultRocketMQListenerContainer{consumerGroup='xiaohongshu_group_CountFollowing2DBTopic', namespace='', nameServer='127.0.0.1:9876', topic='CountFollowing2DBTopic', consumeMode=CONCURRENTLY, selectorType=TAG, selectorExpression='*', messageModel=CLUSTERING', tlsEnable=false, instanceName=DEFAULT}
2025-10-24 16:58:13.215 [SpringApplicationShutdownHook] INFO  o.a.r.s.support.DefaultRocketMQListenerContainer - container destroyed, DefaultRocketMQListenerContainer{consumerGroup='xiaohongshu_group_CountFansTopic', namespace='', nameServer='127.0.0.1:9876', topic='CountFansTopic', consumeMode=CONCURRENTLY, selectorType=TAG, selectorExpression='*', messageModel=CLUSTERING', tlsEnable=false, instanceName=DEFAULT}
2025-10-24 16:58:13.215 [SpringApplicationShutdownHook] INFO  o.a.r.s.support.DefaultRocketMQListenerContainer - container destroyed, DefaultRocketMQListenerContainer{consumerGroup='xiaohongshu_group_CountFans2DBTopic', namespace='', nameServer='127.0.0.1:9876', topic='CountFans2DBTopic', consumeMode=CONCURRENTLY, selectorType=TAG, selectorExpression='*', messageModel=CLUSTERING', tlsEnable=false, instanceName=DEFAULT}
2025-10-24 16:58:13.215 [SpringApplicationShutdownHook] INFO  o.a.r.s.support.DefaultRocketMQListenerContainer - container destroyed, DefaultRocketMQListenerContainer{consumerGroup='xiaohongshu_group_count_CommentLikeUnlikeTopic', namespace='', nameServer='127.0.0.1:9876', topic='CommentLikeUnlikeTopic', consumeMode=CONCURRENTLY, selectorType=TAG, selectorExpression='*', messageModel=CLUSTERING', tlsEnable=false, instanceName=DEFAULT}
2025-10-24 16:58:13.378 [SpringApplicationShutdownHook] INFO  o.a.r.s.support.DefaultRocketMQListenerContainer - container destroyed, DefaultRocketMQListenerContainer{consumerGroup='xiaohongshu_group_CountCommentLike2DBTTopic', namespace='', nameServer='127.0.0.1:9876', topic='CountCommentLike2DBTTopic', consumeMode=CONCURRENTLY, selectorType=TAG, selectorExpression='*', messageModel=CLUSTERING', tlsEnable=false, instanceName=DEFAULT}
2025-10-24 16:58:13.379 [SpringApplicationShutdownHook] INFO  com.alibaba.druid.pool.DruidDataSource - {dataSource-1} closing ...
2025-10-24 16:58:13.382 [SpringApplicationShutdownHook] INFO  com.alibaba.druid.pool.DruidDataSource - {dataSource-1} closed
2025-10-24 17:01:20.213 [main] WARN  com.alibaba.nacos.client.logging.NacosLogging - Load Logback Configuration of Nacos fail, message: Could not initialize Logback Nacos logging from classpath:nacos-logback.xml
2025-10-24 17:01:20.298 [main] WARN  com.alibaba.nacos.client.logging.NacosLogging - Load Logback Configuration of Nacos fail, message: Could not initialize Logback Nacos logging from classpath:nacos-logback.xml
2025-10-24 17:01:20.861 [main] WARN  com.alibaba.nacos.client.logging.NacosLogging - Load Logback Configuration of Nacos fail, message: Could not initialize Logback Nacos logging from classpath:nacos-logback.xml
2025-10-24 17:01:20.879 [main] WARN  com.alibaba.nacos.client.logging.NacosLogging - Load Logback Configuration of Nacos fail, message: Could not initialize Logback Nacos logging from classpath:nacos-logback.xml
2025-10-24 17:01:20.880 [main] INFO  c.z.x.count.biz.XiaohongshuCountBizApplication - The following 1 profile is active: "dev"
2025-10-24 17:01:21.722 [main] INFO  o.s.d.r.config.RepositoryConfigurationDelegate - Multiple Spring Data modules found, entering strict repository configuration mode
2025-10-24 17:01:21.726 [main] INFO  o.s.d.r.config.RepositoryConfigurationDelegate - Bootstrapping Spring Data Redis repositories in DEFAULT mode.
2025-10-24 17:01:21.763 [main] INFO  o.s.d.r.config.RepositoryConfigurationDelegate - Finished Spring Data repository scanning in 17 ms. Found 0 Redis repository interfaces.
2025-10-24 17:01:22.058 [main] INFO  o.springframework.cloud.context.scope.GenericScope - BeanFactory id=998a0c8b-0835-3617-b765-04d211cdd71c
2025-10-24 17:01:22.460 [main] INFO  o.s.c.s.PostProcessorRegistrationDelegate$BeanPostProcessorChecker - Bean 'org.apache.rocketmq.spring.autoconfigure.MessageConverterConfiguration' of type [org.apache.rocketmq.spring.autoconfigure.MessageConverterConfiguration$$SpringCGLIB$$0] is not eligible for getting processed by all BeanPostProcessors (for example: not eligible for auto-proxying)
2025-10-24 17:01:22.545 [main] INFO  o.s.c.s.PostProcessorRegistrationDelegate$BeanPostProcessorChecker - Bean 'createRocketMQMessageConverter' of type [org.apache.rocketmq.spring.support.RocketMQMessageConverter] is not eligible for getting processed by all BeanPostProcessors (for example: not eligible for auto-proxying)
2025-10-24 17:01:22.550 [main] INFO  o.s.c.s.PostProcessorRegistrationDelegate$BeanPostProcessorChecker - Bean 'org.springframework.cloud.commons.config.CommonsConfigAutoConfiguration' of type [org.springframework.cloud.commons.config.CommonsConfigAutoConfiguration] is not eligible for getting processed by all BeanPostProcessors (for example: not eligible for auto-proxying)
2025-10-24 17:01:22.555 [main] INFO  o.s.c.s.PostProcessorRegistrationDelegate$BeanPostProcessorChecker - Bean 'org.springframework.cloud.client.loadbalancer.LoadBalancerDefaultMappingsProviderAutoConfiguration' of type [org.springframework.cloud.client.loadbalancer.LoadBalancerDefaultMappingsProviderAutoConfiguration] is not eligible for getting processed by all BeanPostProcessors (for example: not eligible for auto-proxying)
2025-10-24 17:01:22.557 [main] INFO  o.s.c.s.PostProcessorRegistrationDelegate$BeanPostProcessorChecker - Bean 'loadBalancerClientsDefaultsMappingsProvider' of type [org.springframework.cloud.client.loadbalancer.LoadBalancerDefaultMappingsProviderAutoConfiguration$$Lambda$724/0x00000246ba51aea0] is not eligible for getting processed by all BeanPostProcessors (for example: not eligible for auto-proxying)
2025-10-24 17:01:22.560 [main] INFO  o.s.c.s.PostProcessorRegistrationDelegate$BeanPostProcessorChecker - Bean 'defaultsBindHandlerAdvisor' of type [org.springframework.cloud.commons.config.DefaultsBindHandlerAdvisor] is not eligible for getting processed by all BeanPostProcessors (for example: not eligible for auto-proxying)
2025-10-24 17:01:22.576 [main] INFO  o.s.c.s.PostProcessorRegistrationDelegate$BeanPostProcessorChecker - Bean 'rocketmq-org.apache.rocketmq.spring.autoconfigure.RocketMQProperties' of type [org.apache.rocketmq.spring.autoconfigure.RocketMQProperties] is not eligible for getting processed by all BeanPostProcessors (for example: not eligible for auto-proxying)
2025-10-24 17:01:22.577 [main] INFO  o.s.c.s.PostProcessorRegistrationDelegate$BeanPostProcessorChecker - Bean 'org.apache.rocketmq.spring.autoconfigure.ListenerContainerConfiguration' of type [org.apache.rocketmq.spring.autoconfigure.ListenerContainerConfiguration$$SpringCGLIB$$0] is not eligible for getting processed by all BeanPostProcessors (for example: not eligible for auto-proxying)
2025-10-24 17:01:22.912 [main] INFO  o.s.boot.web.embedded.tomcat.TomcatWebServer - Tomcat initialized with port(s): 8090 (http)
2025-10-24 17:01:22.913 [main] INFO  org.apache.catalina.core.AprLifecycleListener - Loaded Apache Tomcat Native library [2.0.3] using APR version [1.7.2].
2025-10-24 17:01:22.933 [main] INFO  org.apache.catalina.core.AprLifecycleListener - OpenSSL successfully initialized [OpenSSL 3.0.8 7 Feb 2023]
2025-10-24 17:01:22.948 [main] INFO  org.apache.catalina.core.StandardService - Starting service [Tomcat]
2025-10-24 17:01:22.949 [main] INFO  org.apache.catalina.core.StandardEngine - Starting Servlet engine: [Apache Tomcat/10.1.5]
2025-10-24 17:01:23.090 [main] INFO  o.a.c.core.ContainerBase.[Tomcat].[localhost].[/] - Initializing Spring embedded WebApplicationContext
2025-10-24 17:01:23.091 [main] INFO  o.s.b.w.s.c.ServletWebServerApplicationContext - Root WebApplicationContext: initialization completed in 2191 ms
2025-10-24 17:01:23.237 [main] INFO  c.a.d.s.b.a.DruidDataSourceAutoConfigure - Init DruidDataSource
2025-10-24 17:01:23.814 [main] INFO  com.alibaba.druid.pool.DruidDataSource - {dataSource-1} inited
2025-10-24 17:01:24.851 [main] INFO  o.a.r.s.support.DefaultRocketMQListenerContainer - running container: DefaultRocketMQListenerContainer{consumerGroup='xiaohongshu_group_CountCommentLike2DBTTopic', namespace='', nameServer='127.0.0.1:9876', topic='CountCommentLike2DBTTopic', consumeMode=CONCURRENTLY, selectorType=TAG, selectorExpression='*', messageModel=CLUSTERING', tlsEnable=false, instanceName=DEFAULT}
2025-10-24 17:01:24.851 [main] INFO  o.a.r.s.a.ListenerContainerConfiguration - Register the listener to container, listenerBeanName:countCommentLike2DBConsumer, containerBeanName:org.apache.rocketmq.spring.support.DefaultRocketMQListenerContainer_1
2025-10-24 17:01:25.234 [main] INFO  o.a.r.s.autoconfigure.RocketMQAutoConfiguration - a producer (xiaohongshu_group) init on namesrv 127.0.0.1:9876
2025-10-24 17:01:25.355 [main] INFO  o.a.r.s.support.DefaultRocketMQListenerContainer - running container: DefaultRocketMQListenerContainer{consumerGroup='xiaohongshu_group_count_CommentLikeUnlikeTopic', namespace='', nameServer='127.0.0.1:9876', topic='CommentLikeUnlikeTopic', consumeMode=CONCURRENTLY, selectorType=TAG, selectorExpression='*', messageModel=CLUSTERING', tlsEnable=false, instanceName=DEFAULT}
2025-10-24 17:01:25.355 [main] INFO  o.a.r.s.a.ListenerContainerConfiguration - Register the listener to container, listenerBeanName:countCommentLikeConsumer, containerBeanName:org.apache.rocketmq.spring.support.DefaultRocketMQListenerContainer_2
2025-10-24 17:01:25.464 [main] INFO  o.a.r.s.support.DefaultRocketMQListenerContainer - running container: DefaultRocketMQListenerContainer{consumerGroup='xiaohongshu_group_CountFans2DBTopic', namespace='', nameServer='127.0.0.1:9876', topic='CountFans2DBTopic', consumeMode=CONCURRENTLY, selectorType=TAG, selectorExpression='*', messageModel=CLUSTERING', tlsEnable=false, instanceName=DEFAULT}
2025-10-24 17:01:25.465 [main] INFO  o.a.r.s.a.ListenerContainerConfiguration - Register the listener to container, listenerBeanName:countFans2DBConsumer, containerBeanName:org.apache.rocketmq.spring.support.DefaultRocketMQListenerContainer_3
2025-10-24 17:01:25.549 [main] INFO  o.a.r.s.support.DefaultRocketMQListenerContainer - running container: DefaultRocketMQListenerContainer{consumerGroup='xiaohongshu_group_CountFansTopic', namespace='', nameServer='127.0.0.1:9876', topic='CountFansTopic', consumeMode=CONCURRENTLY, selectorType=TAG, selectorExpression='*', messageModel=CLUSTERING', tlsEnable=false, instanceName=DEFAULT}
2025-10-24 17:01:25.549 [main] INFO  o.a.r.s.a.ListenerContainerConfiguration - Register the listener to container, listenerBeanName:countFansConsumer, containerBeanName:org.apache.rocketmq.spring.support.DefaultRocketMQListenerContainer_4
2025-10-24 17:01:25.636 [main] INFO  o.a.r.s.support.DefaultRocketMQListenerContainer - running container: DefaultRocketMQListenerContainer{consumerGroup='xiaohongshu_group_CountFollowing2DBTopic', namespace='', nameServer='127.0.0.1:9876', topic='CountFollowing2DBTopic', consumeMode=CONCURRENTLY, selectorType=TAG, selectorExpression='*', messageModel=CLUSTERING', tlsEnable=false, instanceName=DEFAULT}
2025-10-24 17:01:25.636 [main] INFO  o.a.r.s.a.ListenerContainerConfiguration - Register the listener to container, listenerBeanName:countFollowing2DBConsumer, containerBeanName:org.apache.rocketmq.spring.support.DefaultRocketMQListenerContainer_5
2025-10-24 17:01:25.706 [main] INFO  o.a.r.s.support.DefaultRocketMQListenerContainer - running container: DefaultRocketMQListenerContainer{consumerGroup='xiaohongshu_group_CountFollowingTopic', namespace='', nameServer='127.0.0.1:9876', topic='CountFollowingTopic', consumeMode=CONCURRENTLY, selectorType=TAG, selectorExpression='*', messageModel=CLUSTERING', tlsEnable=false, instanceName=DEFAULT}
2025-10-24 17:01:25.707 [main] INFO  o.a.r.s.a.ListenerContainerConfiguration - Register the listener to container, listenerBeanName:countFollowingConsumer, containerBeanName:org.apache.rocketmq.spring.support.DefaultRocketMQListenerContainer_6
2025-10-24 17:01:25.773 [main] INFO  o.a.r.s.support.DefaultRocketMQListenerContainer - running container: DefaultRocketMQListenerContainer{consumerGroup='xiaohongshu_group_child_comment_totalCountNoteCommentTopic', namespace='', nameServer='127.0.0.1:9876', topic='CountNoteCommentTopic', consumeMode=CONCURRENTLY, selectorType=TAG, selectorExpression='*', messageModel=CLUSTERING', tlsEnable=false, instanceName=DEFAULT}
2025-10-24 17:01:25.773 [main] INFO  o.a.r.s.a.ListenerContainerConfiguration - Register the listener to container, listenerBeanName:countNoteChildCommentConsumer, containerBeanName:org.apache.rocketmq.spring.support.DefaultRocketMQListenerContainer_7
2025-10-24 17:01:25.855 [main] INFO  o.a.r.s.support.DefaultRocketMQListenerContainer - running container: DefaultRocketMQListenerContainer{consumerGroup='xiaohongshu_group_CountNoteCollect2DBTTopic', namespace='', nameServer='127.0.0.1:9876', topic='CountNoteCollect2DBTTopic', consumeMode=CONCURRENTLY, selectorType=TAG, selectorExpression='*', messageModel=CLUSTERING', tlsEnable=false, instanceName=DEFAULT}
2025-10-24 17:01:25.855 [main] INFO  o.a.r.s.a.ListenerContainerConfiguration - Register the listener to container, listenerBeanName:countNoteCollect2DBConsumer, containerBeanName:org.apache.rocketmq.spring.support.DefaultRocketMQListenerContainer_8
2025-10-24 17:01:25.916 [main] INFO  o.a.r.s.support.DefaultRocketMQListenerContainer - running container: DefaultRocketMQListenerContainer{consumerGroup='xiaohongshu_group_CountNoteCollectTopic', namespace='', nameServer='127.0.0.1:9876', topic='CountNoteCollectTopic', consumeMode=CONCURRENTLY, selectorType=TAG, selectorExpression='*', messageModel=CLUSTERING', tlsEnable=false, instanceName=DEFAULT}
2025-10-24 17:01:25.916 [main] INFO  o.a.r.s.a.ListenerContainerConfiguration - Register the listener to container, listenerBeanName:countNoteCollectConsumer, containerBeanName:org.apache.rocketmq.spring.support.DefaultRocketMQListenerContainer_9
2025-10-24 17:01:25.996 [main] INFO  o.a.r.s.support.DefaultRocketMQListenerContainer - running container: DefaultRocketMQListenerContainer{consumerGroup='xiaohongshu_group_CountNoteCommentTopic', namespace='', nameServer='127.0.0.1:9876', topic='CountNoteCommentTopic', consumeMode=CONCURRENTLY, selectorType=TAG, selectorExpression='*', messageModel=CLUSTERING', tlsEnable=false, instanceName=DEFAULT}
2025-10-24 17:01:25.996 [main] INFO  o.a.r.s.a.ListenerContainerConfiguration - Register the listener to container, listenerBeanName:countNoteCommentConsumer, containerBeanName:org.apache.rocketmq.spring.support.DefaultRocketMQListenerContainer_10
2025-10-24 17:01:26.062 [main] INFO  o.a.r.s.support.DefaultRocketMQListenerContainer - running container: DefaultRocketMQListenerContainer{consumerGroup='xiaohongshu_group_CountNoteLike2DBTTopic', namespace='', nameServer='127.0.0.1:9876', topic='CountNoteLike2DBTTopic', consumeMode=CONCURRENTLY, selectorType=TAG, selectorExpression='*', messageModel=CLUSTERING', tlsEnable=false, instanceName=DEFAULT}
2025-10-24 17:01:26.062 [main] INFO  o.a.r.s.a.ListenerContainerConfiguration - Register the listener to container, listenerBeanName:countNoteLike2DBConsumer, containerBeanName:org.apache.rocketmq.spring.support.DefaultRocketMQListenerContainer_11
2025-10-24 17:01:26.125 [main] INFO  o.a.r.s.support.DefaultRocketMQListenerContainer - running container: DefaultRocketMQListenerContainer{consumerGroup='xiaohongshu_group_LikeUnlikeTopic', namespace='', nameServer='127.0.0.1:9876', topic='LikeUnlikeTopic', consumeMode=CONCURRENTLY, selectorType=TAG, selectorExpression='*', messageModel=CLUSTERING', tlsEnable=false, instanceName=DEFAULT}
2025-10-24 17:01:26.125 [main] INFO  o.a.r.s.a.ListenerContainerConfiguration - Register the listener to container, listenerBeanName:countNoteLikeConsumer, containerBeanName:org.apache.rocketmq.spring.support.DefaultRocketMQListenerContainer_12
2025-10-24 17:01:26.198 [main] INFO  o.a.r.s.support.DefaultRocketMQListenerContainer - running container: DefaultRocketMQListenerContainer{consumerGroup='xiaohongshu_group_NoteOperateTopic', namespace='', nameServer='127.0.0.1:9876', topic='NoteOperateTopic', consumeMode=CONCURRENTLY, selectorType=TAG, selectorExpression='*', messageModel=CLUSTERING', tlsEnable=false, instanceName=DEFAULT}
2025-10-24 17:01:26.199 [main] INFO  o.a.r.s.a.ListenerContainerConfiguration - Register the listener to container, listenerBeanName:countNotePublishConsumer, containerBeanName:org.apache.rocketmq.spring.support.DefaultRocketMQListenerContainer_13
2025-10-24 17:01:27.544 [main] WARN  o.s.c.l.c.LoadBalancerCacheAutoConfiguration$LoadBalancerCaffeineWarnLogger - Spring Cloud LoadBalancer is currently working with the default cache. While this cache implementation is useful for development and tests, it's recommended to use Caffeine cache in production.You can switch to using Caffeine cache, by adding it and org.springframework.cache.caffeine.CaffeineCacheManager to the classpath.
2025-10-24 17:01:27.817 [main] INFO  o.s.boot.web.embedded.tomcat.TomcatWebServer - Tomcat started on port(s): 8090 (http) with context path ''
2025-10-24 17:01:27.831 [main] WARN  com.alibaba.nacos.client.logging.NacosLogging - Load Logback Configuration of Nacos fail, message: Could not initialize Logback Nacos logging from classpath:nacos-logback.xml
2025-10-24 17:01:27.832 [main] INFO  com.alibaba.nacos.client.naming - initializer namespace from ans.namespace attribute : null
2025-10-24 17:01:27.833 [main] INFO  com.alibaba.nacos.client.naming - initializer namespace from ALIBABA_ALIWARE_NAMESPACE attribute :null
2025-10-24 17:01:27.835 [main] INFO  com.alibaba.nacos.client.naming - initializer namespace from namespace attribute :null
2025-10-24 17:01:27.896 [main] INFO  com.alibaba.nacos.client.utils.ParamUtil - [settings] [req-serv] nacos-server port:8848
2025-10-24 17:01:27.896 [main] INFO  com.alibaba.nacos.client.utils.ParamUtil - [settings] [http-client] connect timeout:1000
2025-10-24 17:01:27.899 [main] INFO  com.alibaba.nacos.client.utils.ParamUtil - PER_TASK_CONFIG_SIZE: 3000.0
2025-10-24 17:01:27.909 [main] INFO  c.a.n.p.auth.spi.client.ClientAuthPluginManager - [ClientAuthPluginManager] Load ClientAuthService com.alibaba.nacos.client.auth.impl.NacosClientAuthServiceImpl success.
2025-10-24 17:01:27.910 [main] INFO  c.a.n.p.auth.spi.client.ClientAuthPluginManager - [ClientAuthPluginManager] Load ClientAuthService com.alibaba.nacos.client.auth.ram.RamClientAuthServiceImpl success.
2025-10-24 17:01:27.919 [main] INFO  c.a.n.client.auth.ram.identify.CredentialWatcher - null No credential found
2025-10-24 17:01:27.939 [main] INFO  com.alibaba.nacos.common.remote.client - [RpcClientFactory] create a new rpc client of 5918ac1a-8928-4ce2-b4cd-ee16e86a0e7d
2025-10-24 17:01:27.986 [main] INFO  com.alibaba.nacos.common.remote.client - [5918ac1a-8928-4ce2-b4cd-ee16e86a0e7d] RpcClient init, ServerListFactory = com.alibaba.nacos.client.naming.core.ServerListManager
2025-10-24 17:01:27.986 [main] INFO  com.alibaba.nacos.common.remote.client - [5918ac1a-8928-4ce2-b4cd-ee16e86a0e7d] Registry connection listener to current client:com.alibaba.nacos.client.naming.remote.gprc.redo.NamingGrpcRedoService
2025-10-24 17:01:27.987 [main] INFO  com.alibaba.nacos.common.remote.client - [5918ac1a-8928-4ce2-b4cd-ee16e86a0e7d] Register server push request handler:com.alibaba.nacos.client.naming.remote.gprc.NamingPushRequestHandler
2025-10-24 17:01:27.993 [main] INFO  com.alibaba.nacos.common.remote.client - [5918ac1a-8928-4ce2-b4cd-ee16e86a0e7d] Try to connect to server on start up, server: {serverIp = '8.134.88.169', server main port = 8848}
2025-10-24 17:01:28.051 [main] INFO  c.a.nacos.common.remote.client.grpc.GrpcClient - grpc client connection server:8.134.88.169 ip,serverPort:9848,grpcTslConfig:{"sslProvider":"OPENSSL","enableTls":false,"mutualAuthEnable":false,"trustAll":false}
2025-10-24 17:01:29.780 [main] INFO  com.alibaba.nacos.common.remote.client - [5918ac1a-8928-4ce2-b4cd-ee16e86a0e7d] Success to connect to server [8.134.88.169:8848] on start up, connectionId = 1761296489522_112.94.129.21_7220
2025-10-24 17:01:29.781 [com.alibaba.nacos.client.remote.worker] INFO  com.alibaba.nacos.common.remote.client - [5918ac1a-8928-4ce2-b4cd-ee16e86a0e7d] Notify connected event to listeners.
2025-10-24 17:01:29.781 [com.alibaba.nacos.client.remote.worker] INFO  com.alibaba.nacos.client.naming - Grpc connection connect
2025-10-24 17:01:29.783 [main] INFO  com.alibaba.nacos.common.remote.client - [5918ac1a-8928-4ce2-b4cd-ee16e86a0e7d] Register server push request handler:com.alibaba.nacos.common.remote.client.RpcClient$ConnectResetRequestHandler
2025-10-24 17:01:29.786 [main] INFO  com.alibaba.nacos.common.remote.client - [5918ac1a-8928-4ce2-b4cd-ee16e86a0e7d] Register server push request handler:com.alibaba.nacos.common.remote.client.RpcClient$$Lambda$1251/0x00000246ba9a4cc8
2025-10-24 17:01:29.790 [main] INFO  com.alibaba.nacos.client.naming - [REGISTER-SERVICE] xiaohongshu registering service xiaohongshu-count with instance Instance{instanceId='null', ip='10.2.66.25', port=8090, weight=1.0, healthy=true, enabled=true, ephemeral=true, clusterName='DEFAULT', serviceName='null', metadata={IPv6=null, preserved.register.source=SPRING_CLOUD}}
2025-10-24 17:01:29.836 [main] INFO  c.a.cloud.nacos.registry.NacosServiceRegistry - nacos registry, DEFAULT_GROUP xiaohongshu-count 10.2.66.25:8090 register finished
2025-10-24 17:01:30.144 [main] INFO  c.z.x.count.biz.XiaohongshuCountBizApplication - Started XiaohongshuCountBizApplication in 10.74 seconds (process running for 11.971)
2025-10-24 17:07:27.673 [http-nio-8090-exec-1] INFO  o.a.c.core.ContainerBase.[Tomcat].[localhost].[/] - Initializing Spring DispatcherServlet 'dispatcherServlet'
2025-10-24 17:07:27.678 [http-nio-8090-exec-1] INFO  org.springframework.web.servlet.DispatcherServlet - Initializing Servlet 'dispatcherServlet'
2025-10-24 17:07:27.692 [http-nio-8090-exec-1] INFO  org.springframework.web.servlet.DispatcherServlet - Completed initialization in 13 ms
2025-10-24 17:07:27.710 [http-nio-8090-exec-1] INFO  c.z.f.b.context.filter.HeaderUserId2ContextFilter - ## HeaderUserId2ContextFilter, 用户 ID: 100
2025-10-24 17:07:27.710 [http-nio-8090-exec-2] INFO  c.z.f.b.context.filter.HeaderUserId2ContextFilter - ## HeaderUserId2ContextFilter, 用户 ID: 100
2025-10-24 17:07:27.987 [http-nio-8090-exec-1] INFO  c.z.f.b.operationlog.aspect.ApiOperationLogAspect - ====== 请求开始: [获取用户计数数据], 入参: {"userId":100}, 请求类: UserCountController, 请求方法: findUserCountData =================================== 
2025-10-24 17:07:27.987 [http-nio-8090-exec-2] INFO  c.z.f.b.operationlog.aspect.ApiOperationLogAspect - ====== 请求开始: [获取用户计数数据], 入参: {"userId":100}, 请求类: UserCountController, 请求方法: findUserCountData =================================== 
2025-10-24 17:07:28.594 [http-nio-8090-exec-2] INFO  c.z.f.b.operationlog.aspect.ApiOperationLogAspect - ====== 请求结束: [获取用户计数数据], 耗时: 606ms, 出参: {"success":true,"message":null,"errorCode":null,"data":{"userId":100,"fansTotal":0,"followingTotal":3,"noteTotal":12,"likeTotal":1,"collectTotal":0}} =================================== 
2025-10-24 17:07:28.594 [http-nio-8090-exec-1] INFO  c.z.f.b.operationlog.aspect.ApiOperationLogAspect - ====== 请求结束: [获取用户计数数据], 耗时: 606ms, 出参: {"success":true,"message":null,"errorCode":null,"data":{"userId":100,"fansTotal":0,"followingTotal":3,"noteTotal":12,"likeTotal":1,"collectTotal":0}} =================================== 
2025-10-24 17:07:28.629 [http-nio-8090-exec-1] INFO  c.z.f.b.context.filter.HeaderUserId2ContextFilter - ===== 删除 ThreadLocal， userId: 100
2025-10-24 17:07:28.629 [http-nio-8090-exec-2] INFO  c.z.f.b.context.filter.HeaderUserId2ContextFilter - ===== 删除 ThreadLocal， userId: 100
2025-10-24 17:07:32.193 [http-nio-8090-exec-4] INFO  c.z.f.b.context.filter.HeaderUserId2ContextFilter - ## HeaderUserId2ContextFilter, 用户 ID: 100
2025-10-24 17:07:32.193 [http-nio-8090-exec-3] INFO  c.z.f.b.context.filter.HeaderUserId2ContextFilter - ## HeaderUserId2ContextFilter, 用户 ID: 100
2025-10-24 17:07:32.197 [http-nio-8090-exec-3] INFO  c.z.f.b.operationlog.aspect.ApiOperationLogAspect - ====== 请求开始: [获取用户计数数据], 入参: {"userId":100}, 请求类: UserCountController, 请求方法: findUserCountData =================================== 
2025-10-24 17:07:32.197 [http-nio-8090-exec-4] INFO  c.z.f.b.operationlog.aspect.ApiOperationLogAspect - ====== 请求开始: [获取用户计数数据], 入参: {"userId":100}, 请求类: UserCountController, 请求方法: findUserCountData =================================== 
2025-10-24 17:07:32.200 [http-nio-8090-exec-3] INFO  c.z.f.b.operationlog.aspect.ApiOperationLogAspect - ====== 请求结束: [获取用户计数数据], 耗时: 3ms, 出参: {"success":true,"message":null,"errorCode":null,"data":{"userId":100,"fansTotal":0,"followingTotal":3,"noteTotal":12,"likeTotal":1,"collectTotal":0}} =================================== 
2025-10-24 17:07:32.200 [http-nio-8090-exec-4] INFO  c.z.f.b.operationlog.aspect.ApiOperationLogAspect - ====== 请求结束: [获取用户计数数据], 耗时: 3ms, 出参: {"success":true,"message":null,"errorCode":null,"data":{"userId":100,"fansTotal":0,"followingTotal":3,"noteTotal":12,"likeTotal":1,"collectTotal":0}} =================================== 
2025-10-24 17:07:32.202 [http-nio-8090-exec-4] INFO  c.z.f.b.context.filter.HeaderUserId2ContextFilter - ===== 删除 ThreadLocal， userId: 100
2025-10-24 17:07:32.202 [http-nio-8090-exec-3] INFO  c.z.f.b.context.filter.HeaderUserId2ContextFilter - ===== 删除 ThreadLocal， userId: 100
2025-10-24 17:07:39.610 [http-nio-8090-exec-5] INFO  c.z.f.b.context.filter.HeaderUserId2ContextFilter - ## HeaderUserId2ContextFilter, 用户 ID: 100
2025-10-24 17:07:39.613 [http-nio-8090-exec-5] INFO  c.z.f.b.operationlog.aspect.ApiOperationLogAspect - ====== 请求开始: [获取用户计数数据], 入参: {"userId":100}, 请求类: UserCountController, 请求方法: findUserCountData =================================== 
2025-10-24 17:07:39.616 [http-nio-8090-exec-5] INFO  c.z.f.b.operationlog.aspect.ApiOperationLogAspect - ====== 请求结束: [获取用户计数数据], 耗时: 3ms, 出参: {"success":true,"message":null,"errorCode":null,"data":{"userId":100,"fansTotal":0,"followingTotal":3,"noteTotal":12,"likeTotal":1,"collectTotal":0}} =================================== 
2025-10-24 17:07:39.618 [http-nio-8090-exec-5] INFO  c.z.f.b.context.filter.HeaderUserId2ContextFilter - ===== 删除 ThreadLocal， userId: 100
2025-10-24 17:07:39.624 [http-nio-8090-exec-6] INFO  c.z.f.b.context.filter.HeaderUserId2ContextFilter - ## HeaderUserId2ContextFilter, 用户 ID: 100
2025-10-24 17:07:39.626 [http-nio-8090-exec-6] INFO  c.z.f.b.operationlog.aspect.ApiOperationLogAspect - ====== 请求开始: [获取用户计数数据], 入参: {"userId":100}, 请求类: UserCountController, 请求方法: findUserCountData =================================== 
2025-10-24 17:07:39.629 [http-nio-8090-exec-6] INFO  c.z.f.b.operationlog.aspect.ApiOperationLogAspect - ====== 请求结束: [获取用户计数数据], 耗时: 3ms, 出参: {"success":true,"message":null,"errorCode":null,"data":{"userId":100,"fansTotal":0,"followingTotal":3,"noteTotal":12,"likeTotal":1,"collectTotal":0}} =================================== 
2025-10-24 17:07:39.630 [http-nio-8090-exec-6] INFO  c.z.f.b.context.filter.HeaderUserId2ContextFilter - ===== 删除 ThreadLocal， userId: 100
2025-10-24 17:07:43.209 [http-nio-8090-exec-8] INFO  c.z.f.b.context.filter.HeaderUserId2ContextFilter - ## HeaderUserId2ContextFilter, 用户 ID: 100
2025-10-24 17:07:43.209 [http-nio-8090-exec-7] INFO  c.z.f.b.context.filter.HeaderUserId2ContextFilter - ## HeaderUserId2ContextFilter, 用户 ID: 100
2025-10-24 17:07:43.212 [http-nio-8090-exec-8] INFO  c.z.f.b.operationlog.aspect.ApiOperationLogAspect - ====== 请求开始: [获取用户计数数据], 入参: {"userId":100}, 请求类: UserCountController, 请求方法: findUserCountData =================================== 
2025-10-24 17:07:43.213 [http-nio-8090-exec-7] INFO  c.z.f.b.operationlog.aspect.ApiOperationLogAspect - ====== 请求开始: [获取用户计数数据], 入参: {"userId":100}, 请求类: UserCountController, 请求方法: findUserCountData =================================== 
2025-10-24 17:07:43.217 [http-nio-8090-exec-7] INFO  c.z.f.b.operationlog.aspect.ApiOperationLogAspect - ====== 请求结束: [获取用户计数数据], 耗时: 5ms, 出参: {"success":true,"message":null,"errorCode":null,"data":{"userId":100,"fansTotal":0,"followingTotal":3,"noteTotal":12,"likeTotal":1,"collectTotal":0}} =================================== 
2025-10-24 17:07:43.217 [http-nio-8090-exec-8] INFO  c.z.f.b.operationlog.aspect.ApiOperationLogAspect - ====== 请求结束: [获取用户计数数据], 耗时: 7ms, 出参: {"success":true,"message":null,"errorCode":null,"data":{"userId":100,"fansTotal":0,"followingTotal":3,"noteTotal":12,"likeTotal":1,"collectTotal":0}} =================================== 
2025-10-24 17:07:43.219 [http-nio-8090-exec-8] INFO  c.z.f.b.context.filter.HeaderUserId2ContextFilter - ===== 删除 ThreadLocal， userId: 100
2025-10-24 17:07:43.219 [http-nio-8090-exec-7] INFO  c.z.f.b.context.filter.HeaderUserId2ContextFilter - ===== 删除 ThreadLocal， userId: 100
2025-10-24 17:07:46.159 [http-nio-8090-exec-10] INFO  c.z.f.b.context.filter.HeaderUserId2ContextFilter - ## HeaderUserId2ContextFilter, 用户 ID: 100
2025-10-24 17:07:46.158 [http-nio-8090-exec-9] INFO  c.z.f.b.context.filter.HeaderUserId2ContextFilter - ## HeaderUserId2ContextFilter, 用户 ID: 100
2025-10-24 17:07:46.162 [http-nio-8090-exec-9] INFO  c.z.f.b.operationlog.aspect.ApiOperationLogAspect - ====== 请求开始: [获取用户计数数据], 入参: {"userId":100}, 请求类: UserCountController, 请求方法: findUserCountData =================================== 
2025-10-24 17:07:46.162 [http-nio-8090-exec-10] INFO  c.z.f.b.operationlog.aspect.ApiOperationLogAspect - ====== 请求开始: [获取用户计数数据], 入参: {"userId":100}, 请求类: UserCountController, 请求方法: findUserCountData =================================== 
2025-10-24 17:07:46.173 [http-nio-8090-exec-9] INFO  c.z.f.b.operationlog.aspect.ApiOperationLogAspect - ====== 请求结束: [获取用户计数数据], 耗时: 9ms, 出参: {"success":true,"message":null,"errorCode":null,"data":{"userId":100,"fansTotal":0,"followingTotal":3,"noteTotal":12,"likeTotal":1,"collectTotal":0}} =================================== 
2025-10-24 17:07:46.173 [http-nio-8090-exec-10] INFO  c.z.f.b.operationlog.aspect.ApiOperationLogAspect - ====== 请求结束: [获取用户计数数据], 耗时: 8ms, 出参: {"success":true,"message":null,"errorCode":null,"data":{"userId":100,"fansTotal":0,"followingTotal":3,"noteTotal":12,"likeTotal":1,"collectTotal":0}} =================================== 
2025-10-24 17:07:46.176 [http-nio-8090-exec-10] INFO  c.z.f.b.context.filter.HeaderUserId2ContextFilter - ===== 删除 ThreadLocal， userId: 100
2025-10-24 17:07:46.176 [http-nio-8090-exec-9] INFO  c.z.f.b.context.filter.HeaderUserId2ContextFilter - ===== 删除 ThreadLocal， userId: 100
2025-10-24 17:07:50.564 [http-nio-8090-exec-2] INFO  c.z.f.b.context.filter.HeaderUserId2ContextFilter - ## HeaderUserId2ContextFilter, 用户 ID: 100
2025-10-24 17:07:50.566 [http-nio-8090-exec-3] INFO  c.z.f.b.context.filter.HeaderUserId2ContextFilter - ## HeaderUserId2ContextFilter, 用户 ID: 100
2025-10-24 17:07:50.567 [http-nio-8090-exec-2] INFO  c.z.f.b.operationlog.aspect.ApiOperationLogAspect - ====== 请求开始: [获取用户计数数据], 入参: {"userId":100}, 请求类: UserCountController, 请求方法: findUserCountData =================================== 
2025-10-24 17:07:50.567 [http-nio-8090-exec-3] INFO  c.z.f.b.operationlog.aspect.ApiOperationLogAspect - ====== 请求开始: [获取用户计数数据], 入参: {"userId":100}, 请求类: UserCountController, 请求方法: findUserCountData =================================== 
2025-10-24 17:07:50.571 [http-nio-8090-exec-3] INFO  c.z.f.b.operationlog.aspect.ApiOperationLogAspect - ====== 请求结束: [获取用户计数数据], 耗时: 3ms, 出参: {"success":true,"message":null,"errorCode":null,"data":{"userId":100,"fansTotal":0,"followingTotal":3,"noteTotal":12,"likeTotal":1,"collectTotal":0}} =================================== 
2025-10-24 17:07:50.570 [http-nio-8090-exec-2] INFO  c.z.f.b.operationlog.aspect.ApiOperationLogAspect - ====== 请求结束: [获取用户计数数据], 耗时: 3ms, 出参: {"success":true,"message":null,"errorCode":null,"data":{"userId":100,"fansTotal":0,"followingTotal":3,"noteTotal":12,"likeTotal":1,"collectTotal":0}} =================================== 
2025-10-24 17:07:50.572 [http-nio-8090-exec-3] INFO  c.z.f.b.context.filter.HeaderUserId2ContextFilter - ===== 删除 ThreadLocal， userId: 100
2025-10-24 17:07:50.572 [http-nio-8090-exec-2] INFO  c.z.f.b.context.filter.HeaderUserId2ContextFilter - ===== 删除 ThreadLocal， userId: 100
2025-10-24 17:07:56.193 [http-nio-8090-exec-4] INFO  c.z.f.b.context.filter.HeaderUserId2ContextFilter - ## HeaderUserId2ContextFilter, 用户 ID: 100
2025-10-24 17:07:56.193 [http-nio-8090-exec-5] INFO  c.z.f.b.context.filter.HeaderUserId2ContextFilter - ## HeaderUserId2ContextFilter, 用户 ID: 100
2025-10-24 17:07:56.194 [http-nio-8090-exec-5] INFO  c.z.f.b.operationlog.aspect.ApiOperationLogAspect - ====== 请求开始: [获取用户计数数据], 入参: {"userId":100}, 请求类: UserCountController, 请求方法: findUserCountData =================================== 
2025-10-24 17:07:56.194 [http-nio-8090-exec-4] INFO  c.z.f.b.operationlog.aspect.ApiOperationLogAspect - ====== 请求开始: [获取用户计数数据], 入参: {"userId":100}, 请求类: UserCountController, 请求方法: findUserCountData =================================== 
2025-10-24 17:07:56.196 [http-nio-8090-exec-5] INFO  c.z.f.b.operationlog.aspect.ApiOperationLogAspect - ====== 请求结束: [获取用户计数数据], 耗时: 2ms, 出参: {"success":true,"message":null,"errorCode":null,"data":{"userId":100,"fansTotal":0,"followingTotal":3,"noteTotal":12,"likeTotal":1,"collectTotal":0}} =================================== 
2025-10-24 17:07:56.197 [http-nio-8090-exec-4] INFO  c.z.f.b.operationlog.aspect.ApiOperationLogAspect - ====== 请求结束: [获取用户计数数据], 耗时: 2ms, 出参: {"success":true,"message":null,"errorCode":null,"data":{"userId":100,"fansTotal":0,"followingTotal":3,"noteTotal":12,"likeTotal":1,"collectTotal":0}} =================================== 
2025-10-24 17:07:56.198 [http-nio-8090-exec-5] INFO  c.z.f.b.context.filter.HeaderUserId2ContextFilter - ===== 删除 ThreadLocal， userId: 100
2025-10-24 17:07:56.198 [http-nio-8090-exec-4] INFO  c.z.f.b.context.filter.HeaderUserId2ContextFilter - ===== 删除 ThreadLocal， userId: 100
2025-10-24 17:08:01.117 [http-nio-8090-exec-6] INFO  c.z.f.b.context.filter.HeaderUserId2ContextFilter - ## HeaderUserId2ContextFilter, 用户 ID: 100
2025-10-24 17:08:01.117 [http-nio-8090-exec-7] INFO  c.z.f.b.context.filter.HeaderUserId2ContextFilter - ## HeaderUserId2ContextFilter, 用户 ID: 100
2025-10-24 17:08:01.118 [http-nio-8090-exec-7] INFO  c.z.f.b.operationlog.aspect.ApiOperationLogAspect - ====== 请求开始: [获取用户计数数据], 入参: {"userId":100}, 请求类: UserCountController, 请求方法: findUserCountData =================================== 
2025-10-24 17:08:01.118 [http-nio-8090-exec-6] INFO  c.z.f.b.operationlog.aspect.ApiOperationLogAspect - ====== 请求开始: [获取用户计数数据], 入参: {"userId":100}, 请求类: UserCountController, 请求方法: findUserCountData =================================== 
2025-10-24 17:08:01.121 [http-nio-8090-exec-7] INFO  c.z.f.b.operationlog.aspect.ApiOperationLogAspect - ====== 请求结束: [获取用户计数数据], 耗时: 3ms, 出参: {"success":true,"message":null,"errorCode":null,"data":{"userId":100,"fansTotal":0,"followingTotal":3,"noteTotal":12,"likeTotal":1,"collectTotal":0}} =================================== 
2025-10-24 17:08:01.121 [http-nio-8090-exec-6] INFO  c.z.f.b.operationlog.aspect.ApiOperationLogAspect - ====== 请求结束: [获取用户计数数据], 耗时: 3ms, 出参: {"success":true,"message":null,"errorCode":null,"data":{"userId":100,"fansTotal":0,"followingTotal":3,"noteTotal":12,"likeTotal":1,"collectTotal":0}} =================================== 
2025-10-24 17:08:01.122 [http-nio-8090-exec-7] INFO  c.z.f.b.context.filter.HeaderUserId2ContextFilter - ===== 删除 ThreadLocal， userId: 100
2025-10-24 17:08:01.122 [http-nio-8090-exec-6] INFO  c.z.f.b.context.filter.HeaderUserId2ContextFilter - ===== 删除 ThreadLocal， userId: 100
2025-10-24 17:08:04.169 [http-nio-8090-exec-8] INFO  c.z.f.b.context.filter.HeaderUserId2ContextFilter - ## HeaderUserId2ContextFilter, 用户 ID: 100
2025-10-24 17:08:04.169 [http-nio-8090-exec-10] INFO  c.z.f.b.context.filter.HeaderUserId2ContextFilter - ## HeaderUserId2ContextFilter, 用户 ID: 100
2025-10-24 17:08:04.171 [http-nio-8090-exec-10] INFO  c.z.f.b.operationlog.aspect.ApiOperationLogAspect - ====== 请求开始: [获取用户计数数据], 入参: {"userId":100}, 请求类: UserCountController, 请求方法: findUserCountData =================================== 
2025-10-24 17:08:04.171 [http-nio-8090-exec-8] INFO  c.z.f.b.operationlog.aspect.ApiOperationLogAspect - ====== 请求开始: [获取用户计数数据], 入参: {"userId":100}, 请求类: UserCountController, 请求方法: findUserCountData =================================== 
2025-10-24 17:08:04.173 [http-nio-8090-exec-10] INFO  c.z.f.b.operationlog.aspect.ApiOperationLogAspect - ====== 请求结束: [获取用户计数数据], 耗时: 3ms, 出参: {"success":true,"message":null,"errorCode":null,"data":{"userId":100,"fansTotal":0,"followingTotal":3,"noteTotal":12,"likeTotal":1,"collectTotal":0}} =================================== 
2025-10-24 17:08:04.173 [http-nio-8090-exec-8] INFO  c.z.f.b.operationlog.aspect.ApiOperationLogAspect - ====== 请求结束: [获取用户计数数据], 耗时: 2ms, 出参: {"success":true,"message":null,"errorCode":null,"data":{"userId":100,"fansTotal":0,"followingTotal":3,"noteTotal":12,"likeTotal":1,"collectTotal":0}} =================================== 
2025-10-24 17:08:04.175 [http-nio-8090-exec-8] INFO  c.z.f.b.context.filter.HeaderUserId2ContextFilter - ===== 删除 ThreadLocal， userId: 100
2025-10-24 17:08:04.175 [http-nio-8090-exec-10] INFO  c.z.f.b.context.filter.HeaderUserId2ContextFilter - ===== 删除 ThreadLocal， userId: 100
2025-10-24 17:08:31.512 [http-nio-8090-exec-1] INFO  c.z.f.b.context.filter.HeaderUserId2ContextFilter - ## HeaderUserId2ContextFilter, 用户 ID: 100
2025-10-24 17:08:31.512 [http-nio-8090-exec-9] INFO  c.z.f.b.context.filter.HeaderUserId2ContextFilter - ## HeaderUserId2ContextFilter, 用户 ID: 100
2025-10-24 17:08:31.513 [http-nio-8090-exec-1] INFO  c.z.f.b.operationlog.aspect.ApiOperationLogAspect - ====== 请求开始: [获取用户计数数据], 入参: {"userId":100}, 请求类: UserCountController, 请求方法: findUserCountData =================================== 
2025-10-24 17:08:31.513 [http-nio-8090-exec-9] INFO  c.z.f.b.operationlog.aspect.ApiOperationLogAspect - ====== 请求开始: [获取用户计数数据], 入参: {"userId":100}, 请求类: UserCountController, 请求方法: findUserCountData =================================== 
2025-10-24 17:08:31.516 [http-nio-8090-exec-9] INFO  c.z.f.b.operationlog.aspect.ApiOperationLogAspect - ====== 请求结束: [获取用户计数数据], 耗时: 3ms, 出参: {"success":true,"message":null,"errorCode":null,"data":{"userId":100,"fansTotal":0,"followingTotal":3,"noteTotal":12,"likeTotal":1,"collectTotal":0}} =================================== 
2025-10-24 17:08:31.516 [http-nio-8090-exec-1] INFO  c.z.f.b.operationlog.aspect.ApiOperationLogAspect - ====== 请求结束: [获取用户计数数据], 耗时: 3ms, 出参: {"success":true,"message":null,"errorCode":null,"data":{"userId":100,"fansTotal":0,"followingTotal":3,"noteTotal":12,"likeTotal":1,"collectTotal":0}} =================================== 
2025-10-24 17:08:31.517 [http-nio-8090-exec-1] INFO  c.z.f.b.context.filter.HeaderUserId2ContextFilter - ===== 删除 ThreadLocal， userId: 100
2025-10-24 17:08:31.517 [http-nio-8090-exec-9] INFO  c.z.f.b.context.filter.HeaderUserId2ContextFilter - ===== 删除 ThreadLocal， userId: 100
2025-10-24 17:08:34.084 [http-nio-8090-exec-2] INFO  c.z.f.b.context.filter.HeaderUserId2ContextFilter - ## HeaderUserId2ContextFilter, 用户 ID: 100
2025-10-24 17:08:34.084 [http-nio-8090-exec-3] INFO  c.z.f.b.context.filter.HeaderUserId2ContextFilter - ## HeaderUserId2ContextFilter, 用户 ID: 100
2025-10-24 17:08:34.085 [http-nio-8090-exec-3] INFO  c.z.f.b.operationlog.aspect.ApiOperationLogAspect - ====== 请求开始: [获取用户计数数据], 入参: {"userId":100}, 请求类: UserCountController, 请求方法: findUserCountData =================================== 
2025-10-24 17:08:34.085 [http-nio-8090-exec-2] INFO  c.z.f.b.operationlog.aspect.ApiOperationLogAspect - ====== 请求开始: [获取用户计数数据], 入参: {"userId":100}, 请求类: UserCountController, 请求方法: findUserCountData =================================== 
2025-10-24 17:08:34.088 [http-nio-8090-exec-3] INFO  c.z.f.b.operationlog.aspect.ApiOperationLogAspect - ====== 请求结束: [获取用户计数数据], 耗时: 3ms, 出参: {"success":true,"message":null,"errorCode":null,"data":{"userId":100,"fansTotal":0,"followingTotal":3,"noteTotal":12,"likeTotal":1,"collectTotal":0}} =================================== 
2025-10-24 17:08:34.088 [http-nio-8090-exec-2] INFO  c.z.f.b.operationlog.aspect.ApiOperationLogAspect - ====== 请求结束: [获取用户计数数据], 耗时: 3ms, 出参: {"success":true,"message":null,"errorCode":null,"data":{"userId":100,"fansTotal":0,"followingTotal":3,"noteTotal":12,"likeTotal":1,"collectTotal":0}} =================================== 
2025-10-24 17:08:34.089 [http-nio-8090-exec-3] INFO  c.z.f.b.context.filter.HeaderUserId2ContextFilter - ===== 删除 ThreadLocal， userId: 100
2025-10-24 17:08:34.089 [http-nio-8090-exec-2] INFO  c.z.f.b.context.filter.HeaderUserId2ContextFilter - ===== 删除 ThreadLocal， userId: 100
2025-10-24 17:08:40.464 [http-nio-8090-exec-4] INFO  c.z.f.b.context.filter.HeaderUserId2ContextFilter - ## HeaderUserId2ContextFilter, 用户 ID: 100
2025-10-24 17:08:40.464 [http-nio-8090-exec-5] INFO  c.z.f.b.context.filter.HeaderUserId2ContextFilter - ## HeaderUserId2ContextFilter, 用户 ID: 100
2025-10-24 17:08:40.466 [http-nio-8090-exec-4] INFO  c.z.f.b.operationlog.aspect.ApiOperationLogAspect - ====== 请求开始: [获取用户计数数据], 入参: {"userId":100}, 请求类: UserCountController, 请求方法: findUserCountData =================================== 
2025-10-24 17:08:40.466 [http-nio-8090-exec-5] INFO  c.z.f.b.operationlog.aspect.ApiOperationLogAspect - ====== 请求开始: [获取用户计数数据], 入参: {"userId":100}, 请求类: UserCountController, 请求方法: findUserCountData =================================== 
2025-10-24 17:08:40.470 [http-nio-8090-exec-5] INFO  c.z.f.b.operationlog.aspect.ApiOperationLogAspect - ====== 请求结束: [获取用户计数数据], 耗时: 4ms, 出参: {"success":true,"message":null,"errorCode":null,"data":{"userId":100,"fansTotal":0,"followingTotal":3,"noteTotal":12,"likeTotal":1,"collectTotal":0}} =================================== 
2025-10-24 17:08:40.470 [http-nio-8090-exec-4] INFO  c.z.f.b.operationlog.aspect.ApiOperationLogAspect - ====== 请求结束: [获取用户计数数据], 耗时: 4ms, 出参: {"success":true,"message":null,"errorCode":null,"data":{"userId":100,"fansTotal":0,"followingTotal":3,"noteTotal":12,"likeTotal":1,"collectTotal":0}} =================================== 
2025-10-24 17:08:40.472 [http-nio-8090-exec-5] INFO  c.z.f.b.context.filter.HeaderUserId2ContextFilter - ===== 删除 ThreadLocal， userId: 100
2025-10-24 17:08:40.472 [http-nio-8090-exec-4] INFO  c.z.f.b.context.filter.HeaderUserId2ContextFilter - ===== 删除 ThreadLocal， userId: 100
2025-10-24 17:08:43.492 [http-nio-8090-exec-7] INFO  c.z.f.b.context.filter.HeaderUserId2ContextFilter - ## HeaderUserId2ContextFilter, 用户 ID: 100
2025-10-24 17:08:43.492 [http-nio-8090-exec-6] INFO  c.z.f.b.context.filter.HeaderUserId2ContextFilter - ## HeaderUserId2ContextFilter, 用户 ID: 100
2025-10-24 17:08:43.493 [http-nio-8090-exec-7] INFO  c.z.f.b.operationlog.aspect.ApiOperationLogAspect - ====== 请求开始: [获取用户计数数据], 入参: {"userId":100}, 请求类: UserCountController, 请求方法: findUserCountData =================================== 
2025-10-24 17:08:43.493 [http-nio-8090-exec-6] INFO  c.z.f.b.operationlog.aspect.ApiOperationLogAspect - ====== 请求开始: [获取用户计数数据], 入参: {"userId":100}, 请求类: UserCountController, 请求方法: findUserCountData =================================== 
2025-10-24 17:08:43.496 [http-nio-8090-exec-6] INFO  c.z.f.b.operationlog.aspect.ApiOperationLogAspect - ====== 请求结束: [获取用户计数数据], 耗时: 3ms, 出参: {"success":true,"message":null,"errorCode":null,"data":{"userId":100,"fansTotal":0,"followingTotal":3,"noteTotal":12,"likeTotal":1,"collectTotal":0}} =================================== 
2025-10-24 17:08:43.496 [http-nio-8090-exec-7] INFO  c.z.f.b.operationlog.aspect.ApiOperationLogAspect - ====== 请求结束: [获取用户计数数据], 耗时: 3ms, 出参: {"success":true,"message":null,"errorCode":null,"data":{"userId":100,"fansTotal":0,"followingTotal":3,"noteTotal":12,"likeTotal":1,"collectTotal":0}} =================================== 
2025-10-24 17:08:43.497 [http-nio-8090-exec-7] INFO  c.z.f.b.context.filter.HeaderUserId2ContextFilter - ===== 删除 ThreadLocal， userId: 100
2025-10-24 17:08:43.497 [http-nio-8090-exec-6] INFO  c.z.f.b.context.filter.HeaderUserId2ContextFilter - ===== 删除 ThreadLocal， userId: 100
2025-10-24 17:08:45.288 [http-nio-8090-exec-10] INFO  c.z.f.b.context.filter.HeaderUserId2ContextFilter - ## HeaderUserId2ContextFilter, 用户 ID: 100
2025-10-24 17:08:45.288 [http-nio-8090-exec-8] INFO  c.z.f.b.context.filter.HeaderUserId2ContextFilter - ## HeaderUserId2ContextFilter, 用户 ID: 100
2025-10-24 17:08:45.289 [http-nio-8090-exec-10] INFO  c.z.f.b.operationlog.aspect.ApiOperationLogAspect - ====== 请求开始: [获取用户计数数据], 入参: {"userId":100}, 请求类: UserCountController, 请求方法: findUserCountData =================================== 
2025-10-24 17:08:45.289 [http-nio-8090-exec-8] INFO  c.z.f.b.operationlog.aspect.ApiOperationLogAspect - ====== 请求开始: [获取用户计数数据], 入参: {"userId":100}, 请求类: UserCountController, 请求方法: findUserCountData =================================== 
2025-10-24 17:08:45.292 [http-nio-8090-exec-10] INFO  c.z.f.b.operationlog.aspect.ApiOperationLogAspect - ====== 请求结束: [获取用户计数数据], 耗时: 3ms, 出参: {"success":true,"message":null,"errorCode":null,"data":{"userId":100,"fansTotal":0,"followingTotal":3,"noteTotal":12,"likeTotal":1,"collectTotal":0}} =================================== 
2025-10-24 17:08:45.292 [http-nio-8090-exec-8] INFO  c.z.f.b.operationlog.aspect.ApiOperationLogAspect - ====== 请求结束: [获取用户计数数据], 耗时: 3ms, 出参: {"success":true,"message":null,"errorCode":null,"data":{"userId":100,"fansTotal":0,"followingTotal":3,"noteTotal":12,"likeTotal":1,"collectTotal":0}} =================================== 
2025-10-24 17:08:45.293 [http-nio-8090-exec-10] INFO  c.z.f.b.context.filter.HeaderUserId2ContextFilter - ===== 删除 ThreadLocal， userId: 100
2025-10-24 17:08:45.293 [http-nio-8090-exec-8] INFO  c.z.f.b.context.filter.HeaderUserId2ContextFilter - ===== 删除 ThreadLocal， userId: 100
2025-10-24 17:15:17.376 [http-nio-8090-exec-3] INFO  c.z.f.b.context.filter.HeaderUserId2ContextFilter - ## HeaderUserId2ContextFilter, 用户 ID: 100
2025-10-24 17:15:17.986 [http-nio-8090-exec-3] INFO  c.z.f.b.operationlog.aspect.ApiOperationLogAspect - ====== 请求开始: [批量获取笔记计数数据], 入参: {"noteIds":[1978412653927759930,1978024632262881367,1978023801027326005,1977992974486761529,1977210311236677641,1977209490918895715,1977208188813996056,1977206438811955287]}, 请求类: NoteCountController, 请求方法: findNotesCountData =================================== 
2025-10-24 17:15:19.315 [http-nio-8090-exec-3] INFO  c.z.f.b.operationlog.aspect.ApiOperationLogAspect - ====== 请求结束: [批量获取笔记计数数据], 耗时: 1352ms, 出参: {"success":true,"message":null,"errorCode":null,"data":[{"noteId":1978412653927759930,"likeTotal":0,"collectTotal":0,"commentTotal":0},{"noteId":1978024632262881367,"likeTotal":0,"collectTotal":0,"commentTotal":0},{"noteId":1978023801027326005,"likeTotal":0,"collectTotal":0,"commentTotal":0},{"noteId":1977992974486761529,"likeTotal":0,"collectTotal":0,"commentTotal":0},{"noteId":1977210311236677641,"likeTotal":0,"collectTotal":0,"commentTotal":0},{"noteId":1977209490918895715,"likeTotal":0,"collectTotal":0,"commentTotal":0},{"noteId":1977208188813996056,"likeTotal":0,"collectTotal":0,"commentTotal":0},{"noteId":1977206438811955287,"likeTotal":1,"collectTotal":0,"commentTotal":0}]} =================================== 
2025-10-24 17:15:19.332 [http-nio-8090-exec-3] INFO  c.z.f.b.context.filter.HeaderUserId2ContextFilter - ===== 删除 ThreadLocal， userId: 100
2025-10-24 17:15:42.729 [http-nio-8090-exec-2] INFO  c.z.f.b.context.filter.HeaderUserId2ContextFilter - ## HeaderUserId2ContextFilter, 用户 ID: 100
2025-10-24 17:15:42.730 [http-nio-8090-exec-2] INFO  c.z.f.b.operationlog.aspect.ApiOperationLogAspect - ====== 请求开始: [批量获取笔记计数数据], 入参: {"noteIds":[1978412653927759930,1978024632262881367,1978023801027326005,1977992974486761529,1977210311236677641,1977209490918895715,1977208188813996056,1977206438811955287]}, 请求类: NoteCountController, 请求方法: findNotesCountData =================================== 
2025-10-24 17:15:42.737 [http-nio-8090-exec-2] INFO  c.z.f.b.operationlog.aspect.ApiOperationLogAspect - ====== 请求结束: [批量获取笔记计数数据], 耗时: 6ms, 出参: {"success":true,"message":null,"errorCode":null,"data":[{"noteId":1978412653927759930,"likeTotal":0,"collectTotal":0,"commentTotal":0},{"noteId":1978024632262881367,"likeTotal":0,"collectTotal":0,"commentTotal":0},{"noteId":1978023801027326005,"likeTotal":0,"collectTotal":0,"commentTotal":0},{"noteId":1977992974486761529,"likeTotal":0,"collectTotal":0,"commentTotal":0},{"noteId":1977210311236677641,"likeTotal":0,"collectTotal":0,"commentTotal":0},{"noteId":1977209490918895715,"likeTotal":0,"collectTotal":0,"commentTotal":0},{"noteId":1977208188813996056,"likeTotal":0,"collectTotal":0,"commentTotal":0},{"noteId":1977206438811955287,"likeTotal":1,"collectTotal":0,"commentTotal":0}]} =================================== 
2025-10-24 17:15:42.738 [http-nio-8090-exec-2] INFO  c.z.f.b.context.filter.HeaderUserId2ContextFilter - ===== 删除 ThreadLocal， userId: 100
2025-10-24 17:18:44.163 [http-nio-8090-exec-5] INFO  c.z.f.b.context.filter.HeaderUserId2ContextFilter - ## HeaderUserId2ContextFilter, 用户 ID: 100
2025-10-24 17:18:44.260 [http-nio-8090-exec-5] INFO  c.z.f.b.operationlog.aspect.ApiOperationLogAspect - ====== 请求开始: [批量获取笔记计数数据], 入参: {"noteIds":[1978412653927759930,1978024632262881367,1978023801027326005,1977992974486761529,1977210311236677641,1977209490918895715,1977208188813996056,1977206438811955287]}, 请求类: NoteCountController, 请求方法: findNotesCountData =================================== 
2025-10-24 17:18:44.335 [http-nio-8090-exec-5] INFO  c.z.f.b.operationlog.aspect.ApiOperationLogAspect - ====== 请求结束: [批量获取笔记计数数据], 耗时: 79ms, 出参: {"success":true,"message":null,"errorCode":null,"data":[{"noteId":1978412653927759930,"likeTotal":0,"collectTotal":0,"commentTotal":0},{"noteId":1978024632262881367,"likeTotal":0,"collectTotal":0,"commentTotal":0},{"noteId":1978023801027326005,"likeTotal":0,"collectTotal":0,"commentTotal":0},{"noteId":1977992974486761529,"likeTotal":0,"collectTotal":0,"commentTotal":0},{"noteId":1977210311236677641,"likeTotal":0,"collectTotal":0,"commentTotal":0},{"noteId":1977209490918895715,"likeTotal":0,"collectTotal":0,"commentTotal":0},{"noteId":1977208188813996056,"likeTotal":0,"collectTotal":0,"commentTotal":0},{"noteId":1977206438811955287,"likeTotal":1,"collectTotal":0,"commentTotal":0}]} =================================== 
2025-10-24 17:18:44.368 [http-nio-8090-exec-5] INFO  c.z.f.b.context.filter.HeaderUserId2ContextFilter - ===== 删除 ThreadLocal， userId: 100
2025-10-24 17:19:10.063 [http-nio-8090-exec-7] INFO  c.z.f.b.context.filter.HeaderUserId2ContextFilter - ## HeaderUserId2ContextFilter, 用户 ID: 100
2025-10-24 17:19:10.065 [http-nio-8090-exec-7] INFO  c.z.f.b.operationlog.aspect.ApiOperationLogAspect - ====== 请求开始: [批量获取笔记计数数据], 入参: {"noteIds":[1978412653927759930,1978024632262881367,1978023801027326005,1977992974486761529,1977210311236677641,1977209490918895715,1977208188813996056,1977206438811955287]}, 请求类: NoteCountController, 请求方法: findNotesCountData =================================== 
2025-10-24 17:19:10.070 [http-nio-8090-exec-7] INFO  c.z.f.b.operationlog.aspect.ApiOperationLogAspect - ====== 请求结束: [批量获取笔记计数数据], 耗时: 5ms, 出参: {"success":true,"message":null,"errorCode":null,"data":[{"noteId":1978412653927759930,"likeTotal":0,"collectTotal":0,"commentTotal":0},{"noteId":1978024632262881367,"likeTotal":0,"collectTotal":0,"commentTotal":0},{"noteId":1978023801027326005,"likeTotal":0,"collectTotal":0,"commentTotal":0},{"noteId":1977992974486761529,"likeTotal":0,"collectTotal":0,"commentTotal":0},{"noteId":1977210311236677641,"likeTotal":0,"collectTotal":0,"commentTotal":0},{"noteId":1977209490918895715,"likeTotal":0,"collectTotal":0,"commentTotal":0},{"noteId":1977208188813996056,"likeTotal":0,"collectTotal":0,"commentTotal":0},{"noteId":1977206438811955287,"likeTotal":1,"collectTotal":0,"commentTotal":0}]} =================================== 
2025-10-24 17:19:10.072 [http-nio-8090-exec-7] INFO  c.z.f.b.context.filter.HeaderUserId2ContextFilter - ===== 删除 ThreadLocal， userId: 100
2025-10-24 17:19:35.724 [http-nio-8090-exec-6] INFO  c.z.f.b.context.filter.HeaderUserId2ContextFilter - ## HeaderUserId2ContextFilter, 用户 ID: 100
2025-10-24 17:19:35.726 [http-nio-8090-exec-6] INFO  c.z.f.b.operationlog.aspect.ApiOperationLogAspect - ====== 请求开始: [批量获取笔记计数数据], 入参: {"noteIds":[1978412653927759930,1978024632262881367,1978023801027326005,1977992974486761529,1977210311236677641,1977209490918895715,1977208188813996056,1977206438811955287]}, 请求类: NoteCountController, 请求方法: findNotesCountData =================================== 
2025-10-24 17:19:35.730 [http-nio-8090-exec-6] INFO  c.z.f.b.operationlog.aspect.ApiOperationLogAspect - ====== 请求结束: [批量获取笔记计数数据], 耗时: 3ms, 出参: {"success":true,"message":null,"errorCode":null,"data":[{"noteId":1978412653927759930,"likeTotal":0,"collectTotal":0,"commentTotal":0},{"noteId":1978024632262881367,"likeTotal":0,"collectTotal":0,"commentTotal":0},{"noteId":1978023801027326005,"likeTotal":0,"collectTotal":0,"commentTotal":0},{"noteId":1977992974486761529,"likeTotal":0,"collectTotal":0,"commentTotal":0},{"noteId":1977210311236677641,"likeTotal":0,"collectTotal":0,"commentTotal":0},{"noteId":1977209490918895715,"likeTotal":0,"collectTotal":0,"commentTotal":0},{"noteId":1977208188813996056,"likeTotal":0,"collectTotal":0,"commentTotal":0},{"noteId":1977206438811955287,"likeTotal":1,"collectTotal":0,"commentTotal":0}]} =================================== 
2025-10-24 17:19:35.731 [http-nio-8090-exec-6] INFO  c.z.f.b.context.filter.HeaderUserId2ContextFilter - ===== 删除 ThreadLocal， userId: 100
2025-10-24 17:20:25.087 [http-nio-8090-exec-10] INFO  c.z.f.b.context.filter.HeaderUserId2ContextFilter - ## HeaderUserId2ContextFilter, 用户 ID: 100
2025-10-24 17:20:25.090 [http-nio-8090-exec-10] INFO  c.z.f.b.operationlog.aspect.ApiOperationLogAspect - ====== 请求开始: [批量获取笔记计数数据], 入参: {"noteIds":[1978412653927759930,1978024632262881367,1978023801027326005,1977992974486761529,1977210311236677641,1977209490918895715,1977208188813996056,1977206438811955287]}, 请求类: NoteCountController, 请求方法: findNotesCountData =================================== 
2025-10-24 17:20:25.094 [http-nio-8090-exec-10] INFO  c.z.f.b.operationlog.aspect.ApiOperationLogAspect - ====== 请求结束: [批量获取笔记计数数据], 耗时: 3ms, 出参: {"success":true,"message":null,"errorCode":null,"data":[{"noteId":1978412653927759930,"likeTotal":0,"collectTotal":0,"commentTotal":0},{"noteId":1978024632262881367,"likeTotal":0,"collectTotal":0,"commentTotal":0},{"noteId":1978023801027326005,"likeTotal":0,"collectTotal":0,"commentTotal":0},{"noteId":1977992974486761529,"likeTotal":0,"collectTotal":0,"commentTotal":0},{"noteId":1977210311236677641,"likeTotal":0,"collectTotal":0,"commentTotal":0},{"noteId":1977209490918895715,"likeTotal":0,"collectTotal":0,"commentTotal":0},{"noteId":1977208188813996056,"likeTotal":0,"collectTotal":0,"commentTotal":0},{"noteId":1977206438811955287,"likeTotal":1,"collectTotal":0,"commentTotal":0}]} =================================== 
2025-10-24 17:20:25.096 [http-nio-8090-exec-10] INFO  c.z.f.b.context.filter.HeaderUserId2ContextFilter - ===== 删除 ThreadLocal， userId: 100
2025-10-24 17:21:25.042 [http-nio-8090-exec-8] INFO  c.z.f.b.context.filter.HeaderUserId2ContextFilter - ## HeaderUserId2ContextFilter, 用户 ID: 100
2025-10-24 17:21:25.051 [http-nio-8090-exec-8] INFO  c.z.f.b.operationlog.aspect.ApiOperationLogAspect - ====== 请求开始: [批量获取笔记计数数据], 入参: {"noteIds":[1978412653927759930,1978024632262881367,1978023801027326005,1977992974486761529,1977210311236677641,1977209490918895715,1977208188813996056,1977206438811955287]}, 请求类: NoteCountController, 请求方法: findNotesCountData =================================== 
2025-10-24 17:21:25.059 [http-nio-8090-exec-8] INFO  c.z.f.b.operationlog.aspect.ApiOperationLogAspect - ====== 请求结束: [批量获取笔记计数数据], 耗时: 9ms, 出参: {"success":true,"message":null,"errorCode":null,"data":[{"noteId":1978412653927759930,"likeTotal":0,"collectTotal":0,"commentTotal":0},{"noteId":1978024632262881367,"likeTotal":0,"collectTotal":0,"commentTotal":0},{"noteId":1978023801027326005,"likeTotal":0,"collectTotal":0,"commentTotal":0},{"noteId":1977992974486761529,"likeTotal":0,"collectTotal":0,"commentTotal":0},{"noteId":1977210311236677641,"likeTotal":0,"collectTotal":0,"commentTotal":0},{"noteId":1977209490918895715,"likeTotal":0,"collectTotal":0,"commentTotal":0},{"noteId":1977208188813996056,"likeTotal":0,"collectTotal":0,"commentTotal":0},{"noteId":1977206438811955287,"likeTotal":1,"collectTotal":0,"commentTotal":0}]} =================================== 
2025-10-24 17:21:25.062 [http-nio-8090-exec-8] INFO  c.z.f.b.context.filter.HeaderUserId2ContextFilter - ===== 删除 ThreadLocal， userId: 100
2025-10-24 17:21:26.536 [http-nio-8090-exec-1] INFO  c.z.f.b.context.filter.HeaderUserId2ContextFilter - ## HeaderUserId2ContextFilter, 用户 ID: 100
2025-10-24 17:21:26.539 [http-nio-8090-exec-1] INFO  c.z.f.b.operationlog.aspect.ApiOperationLogAspect - ====== 请求开始: [批量获取笔记计数数据], 入参: {"noteIds":[1978412653927759930,1978024632262881367,1978023801027326005,1977992974486761529,1977210311236677641,1977209490918895715,1977208188813996056,1977206438811955287]}, 请求类: NoteCountController, 请求方法: findNotesCountData =================================== 
2025-10-24 17:21:26.577 [http-nio-8090-exec-1] INFO  c.z.f.b.operationlog.aspect.ApiOperationLogAspect - ====== 请求结束: [批量获取笔记计数数据], 耗时: 38ms, 出参: {"success":true,"message":null,"errorCode":null,"data":[{"noteId":1978412653927759930,"likeTotal":0,"collectTotal":0,"commentTotal":0},{"noteId":1978024632262881367,"likeTotal":0,"collectTotal":0,"commentTotal":0},{"noteId":1978023801027326005,"likeTotal":0,"collectTotal":0,"commentTotal":0},{"noteId":1977992974486761529,"likeTotal":0,"collectTotal":0,"commentTotal":0},{"noteId":1977210311236677641,"likeTotal":0,"collectTotal":0,"commentTotal":0},{"noteId":1977209490918895715,"likeTotal":0,"collectTotal":0,"commentTotal":0},{"noteId":1977208188813996056,"likeTotal":0,"collectTotal":0,"commentTotal":0},{"noteId":1977206438811955287,"likeTotal":1,"collectTotal":0,"commentTotal":0}]} =================================== 
2025-10-24 17:21:26.579 [http-nio-8090-exec-1] INFO  c.z.f.b.context.filter.HeaderUserId2ContextFilter - ===== 删除 ThreadLocal， userId: 100
2025-10-24 17:21:31.641 [http-nio-8090-exec-9] INFO  c.z.f.b.context.filter.HeaderUserId2ContextFilter - ## HeaderUserId2ContextFilter, 用户 ID: 100
2025-10-24 17:21:31.648 [http-nio-8090-exec-9] INFO  c.z.f.b.operationlog.aspect.ApiOperationLogAspect - ====== 请求开始: [批量获取笔记计数数据], 入参: {"noteIds":[1978412653927759930,1978024632262881367,1978023801027326005,1977992974486761529,1977210311236677641,1977209490918895715,1977208188813996056,1977206438811955287]}, 请求类: NoteCountController, 请求方法: findNotesCountData =================================== 
2025-10-24 17:21:31.651 [http-nio-8090-exec-9] INFO  c.z.f.b.operationlog.aspect.ApiOperationLogAspect - ====== 请求结束: [批量获取笔记计数数据], 耗时: 3ms, 出参: {"success":true,"message":null,"errorCode":null,"data":[{"noteId":1978412653927759930,"likeTotal":0,"collectTotal":0,"commentTotal":0},{"noteId":1978024632262881367,"likeTotal":0,"collectTotal":0,"commentTotal":0},{"noteId":1978023801027326005,"likeTotal":0,"collectTotal":0,"commentTotal":0},{"noteId":1977992974486761529,"likeTotal":0,"collectTotal":0,"commentTotal":0},{"noteId":1977210311236677641,"likeTotal":0,"collectTotal":0,"commentTotal":0},{"noteId":1977209490918895715,"likeTotal":0,"collectTotal":0,"commentTotal":0},{"noteId":1977208188813996056,"likeTotal":0,"collectTotal":0,"commentTotal":0},{"noteId":1977206438811955287,"likeTotal":1,"collectTotal":0,"commentTotal":0}]} =================================== 
2025-10-24 17:21:31.652 [http-nio-8090-exec-9] INFO  c.z.f.b.context.filter.HeaderUserId2ContextFilter - ===== 删除 ThreadLocal， userId: 100
2025-10-24 17:21:33.304 [http-nio-8090-exec-3] INFO  c.z.f.b.context.filter.HeaderUserId2ContextFilter - ## HeaderUserId2ContextFilter, 用户 ID: 100
2025-10-24 17:21:33.307 [http-nio-8090-exec-3] INFO  c.z.f.b.operationlog.aspect.ApiOperationLogAspect - ====== 请求开始: [批量获取笔记计数数据], 入参: {"noteIds":[1978412653927759930,1978024632262881367,1978023801027326005,1977992974486761529,1977210311236677641,1977209490918895715,1977208188813996056,1977206438811955287]}, 请求类: NoteCountController, 请求方法: findNotesCountData =================================== 
2025-10-24 17:21:33.313 [http-nio-8090-exec-3] INFO  c.z.f.b.operationlog.aspect.ApiOperationLogAspect - ====== 请求结束: [批量获取笔记计数数据], 耗时: 6ms, 出参: {"success":true,"message":null,"errorCode":null,"data":[{"noteId":1978412653927759930,"likeTotal":0,"collectTotal":0,"commentTotal":0},{"noteId":1978024632262881367,"likeTotal":0,"collectTotal":0,"commentTotal":0},{"noteId":1978023801027326005,"likeTotal":0,"collectTotal":0,"commentTotal":0},{"noteId":1977992974486761529,"likeTotal":0,"collectTotal":0,"commentTotal":0},{"noteId":1977210311236677641,"likeTotal":0,"collectTotal":0,"commentTotal":0},{"noteId":1977209490918895715,"likeTotal":0,"collectTotal":0,"commentTotal":0},{"noteId":1977208188813996056,"likeTotal":0,"collectTotal":0,"commentTotal":0},{"noteId":1977206438811955287,"likeTotal":1,"collectTotal":0,"commentTotal":0}]} =================================== 
2025-10-24 17:21:33.315 [http-nio-8090-exec-3] INFO  c.z.f.b.context.filter.HeaderUserId2ContextFilter - ===== 删除 ThreadLocal， userId: 100
2025-10-24 17:21:41.677 [http-nio-8090-exec-2] INFO  c.z.f.b.context.filter.HeaderUserId2ContextFilter - ## HeaderUserId2ContextFilter, 用户 ID: 100
2025-10-24 17:21:41.680 [http-nio-8090-exec-2] INFO  c.z.f.b.operationlog.aspect.ApiOperationLogAspect - ====== 请求开始: [批量获取笔记计数数据], 入参: {"noteIds":[1978412653927759930,1978024632262881367,1978023801027326005,1977992974486761529,1977210311236677641,1977209490918895715,1977208188813996056,1977206438811955287]}, 请求类: NoteCountController, 请求方法: findNotesCountData =================================== 
2025-10-24 17:21:41.684 [http-nio-8090-exec-2] INFO  c.z.f.b.operationlog.aspect.ApiOperationLogAspect - ====== 请求结束: [批量获取笔记计数数据], 耗时: 5ms, 出参: {"success":true,"message":null,"errorCode":null,"data":[{"noteId":1978412653927759930,"likeTotal":0,"collectTotal":0,"commentTotal":0},{"noteId":1978024632262881367,"likeTotal":0,"collectTotal":0,"commentTotal":0},{"noteId":1978023801027326005,"likeTotal":0,"collectTotal":0,"commentTotal":0},{"noteId":1977992974486761529,"likeTotal":0,"collectTotal":0,"commentTotal":0},{"noteId":1977210311236677641,"likeTotal":0,"collectTotal":0,"commentTotal":0},{"noteId":1977209490918895715,"likeTotal":0,"collectTotal":0,"commentTotal":0},{"noteId":1977208188813996056,"likeTotal":0,"collectTotal":0,"commentTotal":0},{"noteId":1977206438811955287,"likeTotal":1,"collectTotal":0,"commentTotal":0}]} =================================== 
2025-10-24 17:21:41.686 [http-nio-8090-exec-2] INFO  c.z.f.b.context.filter.HeaderUserId2ContextFilter - ===== 删除 ThreadLocal， userId: 100
2025-10-24 17:21:46.376 [http-nio-8090-exec-4] INFO  c.z.f.b.context.filter.HeaderUserId2ContextFilter - ## HeaderUserId2ContextFilter, 用户 ID: 100
2025-10-24 17:21:46.378 [http-nio-8090-exec-4] INFO  c.z.f.b.operationlog.aspect.ApiOperationLogAspect - ====== 请求开始: [批量获取笔记计数数据], 入参: {"noteIds":[1978412653927759930,1978024632262881367,1978023801027326005,1977992974486761529,1977210311236677641,1977209490918895715,1977208188813996056,1977206438811955287]}, 请求类: NoteCountController, 请求方法: findNotesCountData =================================== 
2025-10-24 17:21:46.382 [http-nio-8090-exec-4] INFO  c.z.f.b.operationlog.aspect.ApiOperationLogAspect - ====== 请求结束: [批量获取笔记计数数据], 耗时: 4ms, 出参: {"success":true,"message":null,"errorCode":null,"data":[{"noteId":1978412653927759930,"likeTotal":0,"collectTotal":0,"commentTotal":0},{"noteId":1978024632262881367,"likeTotal":0,"collectTotal":0,"commentTotal":0},{"noteId":1978023801027326005,"likeTotal":0,"collectTotal":0,"commentTotal":0},{"noteId":1977992974486761529,"likeTotal":0,"collectTotal":0,"commentTotal":0},{"noteId":1977210311236677641,"likeTotal":0,"collectTotal":0,"commentTotal":0},{"noteId":1977209490918895715,"likeTotal":0,"collectTotal":0,"commentTotal":0},{"noteId":1977208188813996056,"likeTotal":0,"collectTotal":0,"commentTotal":0},{"noteId":1977206438811955287,"likeTotal":1,"collectTotal":0,"commentTotal":0}]} =================================== 
2025-10-24 17:21:46.384 [http-nio-8090-exec-4] INFO  c.z.f.b.context.filter.HeaderUserId2ContextFilter - ===== 删除 ThreadLocal， userId: 100
2025-10-24 17:21:59.867 [http-nio-8090-exec-5] INFO  c.z.f.b.context.filter.HeaderUserId2ContextFilter - ## HeaderUserId2ContextFilter, 用户 ID: 100
2025-10-24 17:21:59.868 [http-nio-8090-exec-5] INFO  c.z.f.b.operationlog.aspect.ApiOperationLogAspect - ====== 请求开始: [批量获取笔记计数数据], 入参: {"noteIds":[1978412653927759930,1978024632262881367,1978023801027326005,1977992974486761529,1977210311236677641,1977209490918895715,1977208188813996056,1977206438811955287]}, 请求类: NoteCountController, 请求方法: findNotesCountData =================================== 
2025-10-24 17:21:59.871 [http-nio-8090-exec-5] INFO  c.z.f.b.operationlog.aspect.ApiOperationLogAspect - ====== 请求结束: [批量获取笔记计数数据], 耗时: 3ms, 出参: {"success":true,"message":null,"errorCode":null,"data":[{"noteId":1978412653927759930,"likeTotal":0,"collectTotal":0,"commentTotal":0},{"noteId":1978024632262881367,"likeTotal":0,"collectTotal":0,"commentTotal":0},{"noteId":1978023801027326005,"likeTotal":0,"collectTotal":0,"commentTotal":0},{"noteId":1977992974486761529,"likeTotal":0,"collectTotal":0,"commentTotal":0},{"noteId":1977210311236677641,"likeTotal":0,"collectTotal":0,"commentTotal":0},{"noteId":1977209490918895715,"likeTotal":0,"collectTotal":0,"commentTotal":0},{"noteId":1977208188813996056,"likeTotal":0,"collectTotal":0,"commentTotal":0},{"noteId":1977206438811955287,"likeTotal":1,"collectTotal":0,"commentTotal":0}]} =================================== 
2025-10-24 17:21:59.872 [http-nio-8090-exec-5] INFO  c.z.f.b.context.filter.HeaderUserId2ContextFilter - ===== 删除 ThreadLocal， userId: 100
2025-10-24 17:22:04.729 [http-nio-8090-exec-7] INFO  c.z.f.b.context.filter.HeaderUserId2ContextFilter - ## HeaderUserId2ContextFilter, 用户 ID: 100
2025-10-24 17:22:04.732 [http-nio-8090-exec-7] INFO  c.z.f.b.operationlog.aspect.ApiOperationLogAspect - ====== 请求开始: [批量获取笔记计数数据], 入参: {"noteIds":[1978412653927759930,1978024632262881367,1978023801027326005,1977992974486761529,1977210311236677641,1977209490918895715,1977208188813996056,1977206438811955287]}, 请求类: NoteCountController, 请求方法: findNotesCountData =================================== 
2025-10-24 17:22:04.736 [http-nio-8090-exec-7] INFO  c.z.f.b.operationlog.aspect.ApiOperationLogAspect - ====== 请求结束: [批量获取笔记计数数据], 耗时: 3ms, 出参: {"success":true,"message":null,"errorCode":null,"data":[{"noteId":1978412653927759930,"likeTotal":0,"collectTotal":0,"commentTotal":0},{"noteId":1978024632262881367,"likeTotal":0,"collectTotal":0,"commentTotal":0},{"noteId":1978023801027326005,"likeTotal":0,"collectTotal":0,"commentTotal":0},{"noteId":1977992974486761529,"likeTotal":0,"collectTotal":0,"commentTotal":0},{"noteId":1977210311236677641,"likeTotal":0,"collectTotal":0,"commentTotal":0},{"noteId":1977209490918895715,"likeTotal":0,"collectTotal":0,"commentTotal":0},{"noteId":1977208188813996056,"likeTotal":0,"collectTotal":0,"commentTotal":0},{"noteId":1977206438811955287,"likeTotal":1,"collectTotal":0,"commentTotal":0}]} =================================== 
2025-10-24 17:22:04.737 [http-nio-8090-exec-7] INFO  c.z.f.b.context.filter.HeaderUserId2ContextFilter - ===== 删除 ThreadLocal， userId: 100
2025-10-24 17:22:09.159 [http-nio-8090-exec-6] INFO  c.z.f.b.context.filter.HeaderUserId2ContextFilter - ## HeaderUserId2ContextFilter, 用户 ID: 100
2025-10-24 17:22:09.162 [http-nio-8090-exec-6] INFO  c.z.f.b.operationlog.aspect.ApiOperationLogAspect - ====== 请求开始: [批量获取笔记计数数据], 入参: {"noteIds":[1978412653927759930,1978024632262881367,1978023801027326005,1977992974486761529,1977210311236677641,1977209490918895715,1977208188813996056,1977206438811955287]}, 请求类: NoteCountController, 请求方法: findNotesCountData =================================== 
2025-10-24 17:22:09.186 [http-nio-8090-exec-6] INFO  c.z.f.b.operationlog.aspect.ApiOperationLogAspect - ====== 请求结束: [批量获取笔记计数数据], 耗时: 24ms, 出参: {"success":true,"message":null,"errorCode":null,"data":[{"noteId":1978412653927759930,"likeTotal":0,"collectTotal":0,"commentTotal":0},{"noteId":1978024632262881367,"likeTotal":0,"collectTotal":0,"commentTotal":0},{"noteId":1978023801027326005,"likeTotal":0,"collectTotal":0,"commentTotal":0},{"noteId":1977992974486761529,"likeTotal":0,"collectTotal":0,"commentTotal":0},{"noteId":1977210311236677641,"likeTotal":0,"collectTotal":0,"commentTotal":0},{"noteId":1977209490918895715,"likeTotal":0,"collectTotal":0,"commentTotal":0},{"noteId":1977208188813996056,"likeTotal":0,"collectTotal":0,"commentTotal":0},{"noteId":1977206438811955287,"likeTotal":1,"collectTotal":0,"commentTotal":0}]} =================================== 
2025-10-24 17:22:09.187 [http-nio-8090-exec-6] INFO  c.z.f.b.context.filter.HeaderUserId2ContextFilter - ===== 删除 ThreadLocal， userId: 100
2025-10-24 17:22:17.495 [http-nio-8090-exec-10] INFO  c.z.f.b.context.filter.HeaderUserId2ContextFilter - ## HeaderUserId2ContextFilter, 用户 ID: 100
2025-10-24 17:22:17.509 [http-nio-8090-exec-10] INFO  c.z.f.b.operationlog.aspect.ApiOperationLogAspect - ====== 请求开始: [批量获取笔记计数数据], 入参: {"noteIds":[1978412653927759930,1978024632262881367,1978023801027326005,1977992974486761529,1977210311236677641,1977209490918895715,1977208188813996056,1977206438811955287]}, 请求类: NoteCountController, 请求方法: findNotesCountData =================================== 
2025-10-24 17:22:17.514 [http-nio-8090-exec-10] INFO  c.z.f.b.operationlog.aspect.ApiOperationLogAspect - ====== 请求结束: [批量获取笔记计数数据], 耗时: 10ms, 出参: {"success":true,"message":null,"errorCode":null,"data":[{"noteId":1978412653927759930,"likeTotal":0,"collectTotal":0,"commentTotal":0},{"noteId":1978024632262881367,"likeTotal":0,"collectTotal":0,"commentTotal":0},{"noteId":1978023801027326005,"likeTotal":0,"collectTotal":0,"commentTotal":0},{"noteId":1977992974486761529,"likeTotal":0,"collectTotal":0,"commentTotal":0},{"noteId":1977210311236677641,"likeTotal":0,"collectTotal":0,"commentTotal":0},{"noteId":1977209490918895715,"likeTotal":0,"collectTotal":0,"commentTotal":0},{"noteId":1977208188813996056,"likeTotal":0,"collectTotal":0,"commentTotal":0},{"noteId":1977206438811955287,"likeTotal":1,"collectTotal":0,"commentTotal":0}]} =================================== 
2025-10-24 17:22:17.516 [http-nio-8090-exec-10] INFO  c.z.f.b.context.filter.HeaderUserId2ContextFilter - ===== 删除 ThreadLocal， userId: 100
2025-10-24 17:22:21.781 [http-nio-8090-exec-8] INFO  c.z.f.b.context.filter.HeaderUserId2ContextFilter - ## HeaderUserId2ContextFilter, 用户 ID: 100
2025-10-24 17:22:21.784 [http-nio-8090-exec-8] INFO  c.z.f.b.operationlog.aspect.ApiOperationLogAspect - ====== 请求开始: [批量获取笔记计数数据], 入参: {"noteIds":[1978412653927759930,1978024632262881367,1978023801027326005,1977992974486761529,1977210311236677641,1977209490918895715,1977208188813996056,1977206438811955287]}, 请求类: NoteCountController, 请求方法: findNotesCountData =================================== 
2025-10-24 17:22:21.787 [http-nio-8090-exec-8] INFO  c.z.f.b.operationlog.aspect.ApiOperationLogAspect - ====== 请求结束: [批量获取笔记计数数据], 耗时: 5ms, 出参: {"success":true,"message":null,"errorCode":null,"data":[{"noteId":1978412653927759930,"likeTotal":0,"collectTotal":0,"commentTotal":0},{"noteId":1978024632262881367,"likeTotal":0,"collectTotal":0,"commentTotal":0},{"noteId":1978023801027326005,"likeTotal":0,"collectTotal":0,"commentTotal":0},{"noteId":1977992974486761529,"likeTotal":0,"collectTotal":0,"commentTotal":0},{"noteId":1977210311236677641,"likeTotal":0,"collectTotal":0,"commentTotal":0},{"noteId":1977209490918895715,"likeTotal":0,"collectTotal":0,"commentTotal":0},{"noteId":1977208188813996056,"likeTotal":0,"collectTotal":0,"commentTotal":0},{"noteId":1977206438811955287,"likeTotal":1,"collectTotal":0,"commentTotal":0}]} =================================== 
2025-10-24 17:22:21.789 [http-nio-8090-exec-8] INFO  c.z.f.b.context.filter.HeaderUserId2ContextFilter - ===== 删除 ThreadLocal， userId: 100
2025-10-24 17:24:25.246 [http-nio-8090-exec-9] INFO  c.z.f.b.context.filter.HeaderUserId2ContextFilter - ## HeaderUserId2ContextFilter, 用户 ID: 100
2025-10-24 17:24:25.309 [http-nio-8090-exec-9] INFO  c.z.f.b.operationlog.aspect.ApiOperationLogAspect - ====== 请求开始: [批量获取笔记计数数据], 入参: {"noteIds":[1978412653927759930,1978024632262881367,1978023801027326005,1977992974486761529,1977210311236677641,1977209490918895715,1977208188813996056,1977206438811955287]}, 请求类: NoteCountController, 请求方法: findNotesCountData =================================== 
2025-10-24 17:24:25.323 [http-nio-8090-exec-9] INFO  c.z.f.b.operationlog.aspect.ApiOperationLogAspect - ====== 请求结束: [批量获取笔记计数数据], 耗时: 14ms, 出参: {"success":true,"message":null,"errorCode":null,"data":[{"noteId":1978412653927759930,"likeTotal":0,"collectTotal":0,"commentTotal":0},{"noteId":1978024632262881367,"likeTotal":0,"collectTotal":0,"commentTotal":0},{"noteId":1978023801027326005,"likeTotal":0,"collectTotal":0,"commentTotal":0},{"noteId":1977992974486761529,"likeTotal":0,"collectTotal":0,"commentTotal":0},{"noteId":1977210311236677641,"likeTotal":0,"collectTotal":0,"commentTotal":0},{"noteId":1977209490918895715,"likeTotal":0,"collectTotal":0,"commentTotal":0},{"noteId":1977208188813996056,"likeTotal":0,"collectTotal":0,"commentTotal":0},{"noteId":1977206438811955287,"likeTotal":1,"collectTotal":0,"commentTotal":0}]} =================================== 
2025-10-24 17:24:25.357 [http-nio-8090-exec-9] INFO  c.z.f.b.context.filter.HeaderUserId2ContextFilter - ===== 删除 ThreadLocal， userId: 100
2025-10-24 17:25:44.846 [http-nio-8090-exec-2] INFO  c.z.f.b.context.filter.HeaderUserId2ContextFilter - ## HeaderUserId2ContextFilter, 用户 ID: 100
2025-10-24 17:25:44.861 [http-nio-8090-exec-2] INFO  c.z.f.b.operationlog.aspect.ApiOperationLogAspect - ====== 请求开始: [批量获取笔记计数数据], 入参: {"noteIds":[1978412653927759930,1978024632262881367,1978023801027326005,1977992974486761529,1977210311236677641,1977209490918895715,1977208188813996056,1977206438811955287]}, 请求类: NoteCountController, 请求方法: findNotesCountData =================================== 
2025-10-24 17:25:44.873 [http-nio-8090-exec-2] INFO  c.z.f.b.operationlog.aspect.ApiOperationLogAspect - ====== 请求结束: [批量获取笔记计数数据], 耗时: 13ms, 出参: {"success":true,"message":null,"errorCode":null,"data":[{"noteId":1978412653927759930,"likeTotal":0,"collectTotal":0,"commentTotal":0},{"noteId":1978024632262881367,"likeTotal":0,"collectTotal":0,"commentTotal":0},{"noteId":1978023801027326005,"likeTotal":0,"collectTotal":0,"commentTotal":0},{"noteId":1977992974486761529,"likeTotal":0,"collectTotal":0,"commentTotal":0},{"noteId":1977210311236677641,"likeTotal":0,"collectTotal":0,"commentTotal":0},{"noteId":1977209490918895715,"likeTotal":0,"collectTotal":0,"commentTotal":0},{"noteId":1977208188813996056,"likeTotal":0,"collectTotal":0,"commentTotal":0},{"noteId":1977206438811955287,"likeTotal":1,"collectTotal":0,"commentTotal":0}]} =================================== 
2025-10-24 17:25:44.877 [http-nio-8090-exec-2] INFO  c.z.f.b.context.filter.HeaderUserId2ContextFilter - ===== 删除 ThreadLocal， userId: 100
2025-10-24 17:26:23.752 [http-nio-8090-exec-4] INFO  c.z.f.b.context.filter.HeaderUserId2ContextFilter - ## HeaderUserId2ContextFilter, 用户 ID: 100
2025-10-24 17:26:23.754 [http-nio-8090-exec-4] INFO  c.z.f.b.operationlog.aspect.ApiOperationLogAspect - ====== 请求开始: [批量获取笔记计数数据], 入参: {"noteIds":[1978412653927759930,1978024632262881367,1978023801027326005,1977992974486761529,1977210311236677641,1977209490918895715,1977208188813996056,1977206438811955287]}, 请求类: NoteCountController, 请求方法: findNotesCountData =================================== 
2025-10-24 17:26:23.758 [http-nio-8090-exec-4] INFO  c.z.f.b.operationlog.aspect.ApiOperationLogAspect - ====== 请求结束: [批量获取笔记计数数据], 耗时: 3ms, 出参: {"success":true,"message":null,"errorCode":null,"data":[{"noteId":1978412653927759930,"likeTotal":0,"collectTotal":0,"commentTotal":0},{"noteId":1978024632262881367,"likeTotal":0,"collectTotal":0,"commentTotal":0},{"noteId":1978023801027326005,"likeTotal":0,"collectTotal":0,"commentTotal":0},{"noteId":1977992974486761529,"likeTotal":0,"collectTotal":0,"commentTotal":0},{"noteId":1977210311236677641,"likeTotal":0,"collectTotal":0,"commentTotal":0},{"noteId":1977209490918895715,"likeTotal":0,"collectTotal":0,"commentTotal":0},{"noteId":1977208188813996056,"likeTotal":0,"collectTotal":0,"commentTotal":0},{"noteId":1977206438811955287,"likeTotal":1,"collectTotal":0,"commentTotal":0}]} =================================== 
2025-10-24 17:26:23.760 [http-nio-8090-exec-4] INFO  c.z.f.b.context.filter.HeaderUserId2ContextFilter - ===== 删除 ThreadLocal， userId: 100
2025-10-24 17:26:26.503 [http-nio-8090-exec-5] INFO  c.z.f.b.context.filter.HeaderUserId2ContextFilter - ## HeaderUserId2ContextFilter, 用户 ID: 100
2025-10-24 17:26:26.505 [http-nio-8090-exec-5] INFO  c.z.f.b.operationlog.aspect.ApiOperationLogAspect - ====== 请求开始: [批量获取笔记计数数据], 入参: {"noteIds":[1978412653927759930,1978024632262881367,1978023801027326005,1977992974486761529,1977210311236677641,1977209490918895715,1977208188813996056,1977206438811955287]}, 请求类: NoteCountController, 请求方法: findNotesCountData =================================== 
2025-10-24 17:26:26.538 [http-nio-8090-exec-5] INFO  c.z.f.b.operationlog.aspect.ApiOperationLogAspect - ====== 请求结束: [批量获取笔记计数数据], 耗时: 32ms, 出参: {"success":true,"message":null,"errorCode":null,"data":[{"noteId":1978412653927759930,"likeTotal":0,"collectTotal":0,"commentTotal":0},{"noteId":1978024632262881367,"likeTotal":0,"collectTotal":0,"commentTotal":0},{"noteId":1978023801027326005,"likeTotal":0,"collectTotal":0,"commentTotal":0},{"noteId":1977992974486761529,"likeTotal":0,"collectTotal":0,"commentTotal":0},{"noteId":1977210311236677641,"likeTotal":0,"collectTotal":0,"commentTotal":0},{"noteId":1977209490918895715,"likeTotal":0,"collectTotal":0,"commentTotal":0},{"noteId":1977208188813996056,"likeTotal":0,"collectTotal":0,"commentTotal":0},{"noteId":1977206438811955287,"likeTotal":1,"collectTotal":0,"commentTotal":0}]} =================================== 
2025-10-24 17:26:26.539 [http-nio-8090-exec-5] INFO  c.z.f.b.context.filter.HeaderUserId2ContextFilter - ===== 删除 ThreadLocal， userId: 100
2025-10-24 17:26:30.649 [http-nio-8090-exec-7] INFO  c.z.f.b.context.filter.HeaderUserId2ContextFilter - ## HeaderUserId2ContextFilter, 用户 ID: 100
2025-10-24 17:26:30.651 [http-nio-8090-exec-7] INFO  c.z.f.b.operationlog.aspect.ApiOperationLogAspect - ====== 请求开始: [批量获取笔记计数数据], 入参: {"noteIds":[1978412653927759930,1978024632262881367,1978023801027326005,1977992974486761529,1977210311236677641,1977209490918895715,1977208188813996056,1977206438811955287]}, 请求类: NoteCountController, 请求方法: findNotesCountData =================================== 
2025-10-24 17:26:30.655 [http-nio-8090-exec-7] INFO  c.z.f.b.operationlog.aspect.ApiOperationLogAspect - ====== 请求结束: [批量获取笔记计数数据], 耗时: 4ms, 出参: {"success":true,"message":null,"errorCode":null,"data":[{"noteId":1978412653927759930,"likeTotal":0,"collectTotal":0,"commentTotal":0},{"noteId":1978024632262881367,"likeTotal":0,"collectTotal":0,"commentTotal":0},{"noteId":1978023801027326005,"likeTotal":0,"collectTotal":0,"commentTotal":0},{"noteId":1977992974486761529,"likeTotal":0,"collectTotal":0,"commentTotal":0},{"noteId":1977210311236677641,"likeTotal":0,"collectTotal":0,"commentTotal":0},{"noteId":1977209490918895715,"likeTotal":0,"collectTotal":0,"commentTotal":0},{"noteId":1977208188813996056,"likeTotal":0,"collectTotal":0,"commentTotal":0},{"noteId":1977206438811955287,"likeTotal":1,"collectTotal":0,"commentTotal":0}]} =================================== 
2025-10-24 17:26:30.658 [http-nio-8090-exec-7] INFO  c.z.f.b.context.filter.HeaderUserId2ContextFilter - ===== 删除 ThreadLocal， userId: 100
2025-10-24 17:26:32.951 [http-nio-8090-exec-6] INFO  c.z.f.b.context.filter.HeaderUserId2ContextFilter - ## HeaderUserId2ContextFilter, 用户 ID: 100
2025-10-24 17:26:32.952 [http-nio-8090-exec-6] INFO  c.z.f.b.operationlog.aspect.ApiOperationLogAspect - ====== 请求开始: [批量获取笔记计数数据], 入参: {"noteIds":[1978412653927759930,1978024632262881367,1978023801027326005,1977992974486761529,1977210311236677641,1977209490918895715,1977208188813996056,1977206438811955287]}, 请求类: NoteCountController, 请求方法: findNotesCountData =================================== 
2025-10-24 17:26:32.955 [http-nio-8090-exec-6] INFO  c.z.f.b.operationlog.aspect.ApiOperationLogAspect - ====== 请求结束: [批量获取笔记计数数据], 耗时: 3ms, 出参: {"success":true,"message":null,"errorCode":null,"data":[{"noteId":1978412653927759930,"likeTotal":0,"collectTotal":0,"commentTotal":0},{"noteId":1978024632262881367,"likeTotal":0,"collectTotal":0,"commentTotal":0},{"noteId":1978023801027326005,"likeTotal":0,"collectTotal":0,"commentTotal":0},{"noteId":1977992974486761529,"likeTotal":0,"collectTotal":0,"commentTotal":0},{"noteId":1977210311236677641,"likeTotal":0,"collectTotal":0,"commentTotal":0},{"noteId":1977209490918895715,"likeTotal":0,"collectTotal":0,"commentTotal":0},{"noteId":1977208188813996056,"likeTotal":0,"collectTotal":0,"commentTotal":0},{"noteId":1977206438811955287,"likeTotal":1,"collectTotal":0,"commentTotal":0}]} =================================== 
2025-10-24 17:26:32.959 [http-nio-8090-exec-6] INFO  c.z.f.b.context.filter.HeaderUserId2ContextFilter - ===== 删除 ThreadLocal， userId: 100
2025-10-24 17:26:40.552 [http-nio-8090-exec-10] INFO  c.z.f.b.context.filter.HeaderUserId2ContextFilter - ## HeaderUserId2ContextFilter, 用户 ID: 100
2025-10-24 17:26:40.555 [http-nio-8090-exec-10] INFO  c.z.f.b.operationlog.aspect.ApiOperationLogAspect - ====== 请求开始: [批量获取笔记计数数据], 入参: {"noteIds":[1978412653927759930,1978024632262881367,1978023801027326005,1977992974486761529,1977210311236677641,1977209490918895715,1977208188813996056,1977206438811955287]}, 请求类: NoteCountController, 请求方法: findNotesCountData =================================== 
2025-10-24 17:26:40.560 [http-nio-8090-exec-10] INFO  c.z.f.b.operationlog.aspect.ApiOperationLogAspect - ====== 请求结束: [批量获取笔记计数数据], 耗时: 5ms, 出参: {"success":true,"message":null,"errorCode":null,"data":[{"noteId":1978412653927759930,"likeTotal":0,"collectTotal":0,"commentTotal":0},{"noteId":1978024632262881367,"likeTotal":0,"collectTotal":0,"commentTotal":0},{"noteId":1978023801027326005,"likeTotal":0,"collectTotal":0,"commentTotal":0},{"noteId":1977992974486761529,"likeTotal":0,"collectTotal":0,"commentTotal":0},{"noteId":1977210311236677641,"likeTotal":0,"collectTotal":0,"commentTotal":0},{"noteId":1977209490918895715,"likeTotal":0,"collectTotal":0,"commentTotal":0},{"noteId":1977208188813996056,"likeTotal":0,"collectTotal":0,"commentTotal":0},{"noteId":1977206438811955287,"likeTotal":1,"collectTotal":0,"commentTotal":0}]} =================================== 
2025-10-24 17:26:40.562 [http-nio-8090-exec-10] INFO  c.z.f.b.context.filter.HeaderUserId2ContextFilter - ===== 删除 ThreadLocal， userId: 100
2025-10-24 17:27:01.016 [http-nio-8090-exec-8] INFO  c.z.f.b.context.filter.HeaderUserId2ContextFilter - ## HeaderUserId2ContextFilter, 用户 ID: 100
2025-10-24 17:27:01.017 [http-nio-8090-exec-8] INFO  c.z.f.b.operationlog.aspect.ApiOperationLogAspect - ====== 请求开始: [批量获取笔记计数数据], 入参: {"noteIds":[1978412653927759930,1978024632262881367,1978023801027326005,1977992974486761529,1977210311236677641,1977209490918895715,1977208188813996056,1977206438811955287]}, 请求类: NoteCountController, 请求方法: findNotesCountData =================================== 
2025-10-24 17:27:01.020 [http-nio-8090-exec-8] INFO  c.z.f.b.operationlog.aspect.ApiOperationLogAspect - ====== 请求结束: [批量获取笔记计数数据], 耗时: 3ms, 出参: {"success":true,"message":null,"errorCode":null,"data":[{"noteId":1978412653927759930,"likeTotal":0,"collectTotal":0,"commentTotal":0},{"noteId":1978024632262881367,"likeTotal":0,"collectTotal":0,"commentTotal":0},{"noteId":1978023801027326005,"likeTotal":0,"collectTotal":0,"commentTotal":0},{"noteId":1977992974486761529,"likeTotal":0,"collectTotal":0,"commentTotal":0},{"noteId":1977210311236677641,"likeTotal":0,"collectTotal":0,"commentTotal":0},{"noteId":1977209490918895715,"likeTotal":0,"collectTotal":0,"commentTotal":0},{"noteId":1977208188813996056,"likeTotal":0,"collectTotal":0,"commentTotal":0},{"noteId":1977206438811955287,"likeTotal":1,"collectTotal":0,"commentTotal":0}]} =================================== 
2025-10-24 17:27:01.021 [http-nio-8090-exec-8] INFO  c.z.f.b.context.filter.HeaderUserId2ContextFilter - ===== 删除 ThreadLocal， userId: 100
2025-10-24 17:27:16.815 [http-nio-8090-exec-1] INFO  c.z.f.b.context.filter.HeaderUserId2ContextFilter - ## HeaderUserId2ContextFilter, 用户 ID: 100
2025-10-24 17:27:16.817 [http-nio-8090-exec-1] INFO  c.z.f.b.operationlog.aspect.ApiOperationLogAspect - ====== 请求开始: [批量获取笔记计数数据], 入参: {"noteIds":[1978412653927759930,1978024632262881367,1978023801027326005,1977992974486761529,1977210311236677641,1977209490918895715,1977208188813996056,1977206438811955287]}, 请求类: NoteCountController, 请求方法: findNotesCountData =================================== 
2025-10-24 17:27:16.821 [http-nio-8090-exec-1] INFO  c.z.f.b.operationlog.aspect.ApiOperationLogAspect - ====== 请求结束: [批量获取笔记计数数据], 耗时: 5ms, 出参: {"success":true,"message":null,"errorCode":null,"data":[{"noteId":1978412653927759930,"likeTotal":0,"collectTotal":0,"commentTotal":0},{"noteId":1978024632262881367,"likeTotal":0,"collectTotal":0,"commentTotal":0},{"noteId":1978023801027326005,"likeTotal":0,"collectTotal":0,"commentTotal":0},{"noteId":1977992974486761529,"likeTotal":0,"collectTotal":0,"commentTotal":0},{"noteId":1977210311236677641,"likeTotal":0,"collectTotal":0,"commentTotal":0},{"noteId":1977209490918895715,"likeTotal":0,"collectTotal":0,"commentTotal":0},{"noteId":1977208188813996056,"likeTotal":0,"collectTotal":0,"commentTotal":0},{"noteId":1977206438811955287,"likeTotal":1,"collectTotal":0,"commentTotal":0}]} =================================== 
2025-10-24 17:27:16.823 [http-nio-8090-exec-1] INFO  c.z.f.b.context.filter.HeaderUserId2ContextFilter - ===== 删除 ThreadLocal， userId: 100
2025-10-24 17:27:20.057 [http-nio-8090-exec-9] INFO  c.z.f.b.context.filter.HeaderUserId2ContextFilter - ## HeaderUserId2ContextFilter, 用户 ID: 100
2025-10-24 17:27:20.059 [http-nio-8090-exec-9] INFO  c.z.f.b.operationlog.aspect.ApiOperationLogAspect - ====== 请求开始: [批量获取笔记计数数据], 入参: {"noteIds":[1978412653927759930,1978024632262881367,1978023801027326005,1977992974486761529,1977210311236677641,1977209490918895715,1977208188813996056,1977206438811955287]}, 请求类: NoteCountController, 请求方法: findNotesCountData =================================== 
2025-10-24 17:27:20.068 [http-nio-8090-exec-9] INFO  c.z.f.b.operationlog.aspect.ApiOperationLogAspect - ====== 请求结束: [批量获取笔记计数数据], 耗时: 9ms, 出参: {"success":true,"message":null,"errorCode":null,"data":[{"noteId":1978412653927759930,"likeTotal":0,"collectTotal":0,"commentTotal":0},{"noteId":1978024632262881367,"likeTotal":0,"collectTotal":0,"commentTotal":0},{"noteId":1978023801027326005,"likeTotal":0,"collectTotal":0,"commentTotal":0},{"noteId":1977992974486761529,"likeTotal":0,"collectTotal":0,"commentTotal":0},{"noteId":1977210311236677641,"likeTotal":0,"collectTotal":0,"commentTotal":0},{"noteId":1977209490918895715,"likeTotal":0,"collectTotal":0,"commentTotal":0},{"noteId":1977208188813996056,"likeTotal":0,"collectTotal":0,"commentTotal":0},{"noteId":1977206438811955287,"likeTotal":1,"collectTotal":0,"commentTotal":0}]} =================================== 
2025-10-24 17:27:20.072 [http-nio-8090-exec-9] INFO  c.z.f.b.context.filter.HeaderUserId2ContextFilter - ===== 删除 ThreadLocal， userId: 100
2025-10-24 17:27:31.366 [http-nio-8090-exec-3] INFO  c.z.f.b.context.filter.HeaderUserId2ContextFilter - ## HeaderUserId2ContextFilter, 用户 ID: 100
2025-10-24 17:27:31.367 [http-nio-8090-exec-3] INFO  c.z.f.b.operationlog.aspect.ApiOperationLogAspect - ====== 请求开始: [批量获取笔记计数数据], 入参: {"noteIds":[1978412653927759930,1978024632262881367,1978023801027326005,1977992974486761529,1977210311236677641,1977209490918895715,1977208188813996056,1977206438811955287]}, 请求类: NoteCountController, 请求方法: findNotesCountData =================================== 
2025-10-24 17:27:31.374 [http-nio-8090-exec-3] INFO  c.z.f.b.operationlog.aspect.ApiOperationLogAspect - ====== 请求结束: [批量获取笔记计数数据], 耗时: 7ms, 出参: {"success":true,"message":null,"errorCode":null,"data":[{"noteId":1978412653927759930,"likeTotal":0,"collectTotal":0,"commentTotal":0},{"noteId":1978024632262881367,"likeTotal":0,"collectTotal":0,"commentTotal":0},{"noteId":1978023801027326005,"likeTotal":0,"collectTotal":0,"commentTotal":0},{"noteId":1977992974486761529,"likeTotal":0,"collectTotal":0,"commentTotal":0},{"noteId":1977210311236677641,"likeTotal":0,"collectTotal":0,"commentTotal":0},{"noteId":1977209490918895715,"likeTotal":0,"collectTotal":0,"commentTotal":0},{"noteId":1977208188813996056,"likeTotal":0,"collectTotal":0,"commentTotal":0},{"noteId":1977206438811955287,"likeTotal":1,"collectTotal":0,"commentTotal":0}]} =================================== 
2025-10-24 17:27:31.377 [http-nio-8090-exec-3] INFO  c.z.f.b.context.filter.HeaderUserId2ContextFilter - ===== 删除 ThreadLocal， userId: 100
2025-10-24 17:27:44.751 [http-nio-8090-exec-2] INFO  c.z.f.b.context.filter.HeaderUserId2ContextFilter - ## HeaderUserId2ContextFilter, 用户 ID: 100
2025-10-24 17:27:44.752 [http-nio-8090-exec-2] INFO  c.z.f.b.operationlog.aspect.ApiOperationLogAspect - ====== 请求开始: [批量获取笔记计数数据], 入参: {"noteIds":[1978412653927759930,1978024632262881367,1978023801027326005,1977992974486761529,1977210311236677641,1977209490918895715,1977208188813996056,1977206438811955287]}, 请求类: NoteCountController, 请求方法: findNotesCountData =================================== 
2025-10-24 17:27:44.757 [http-nio-8090-exec-2] INFO  c.z.f.b.operationlog.aspect.ApiOperationLogAspect - ====== 请求结束: [批量获取笔记计数数据], 耗时: 5ms, 出参: {"success":true,"message":null,"errorCode":null,"data":[{"noteId":1978412653927759930,"likeTotal":0,"collectTotal":0,"commentTotal":0},{"noteId":1978024632262881367,"likeTotal":0,"collectTotal":0,"commentTotal":0},{"noteId":1978023801027326005,"likeTotal":0,"collectTotal":0,"commentTotal":0},{"noteId":1977992974486761529,"likeTotal":0,"collectTotal":0,"commentTotal":0},{"noteId":1977210311236677641,"likeTotal":0,"collectTotal":0,"commentTotal":0},{"noteId":1977209490918895715,"likeTotal":0,"collectTotal":0,"commentTotal":0},{"noteId":1977208188813996056,"likeTotal":0,"collectTotal":0,"commentTotal":0},{"noteId":1977206438811955287,"likeTotal":1,"collectTotal":0,"commentTotal":0}]} =================================== 
2025-10-24 17:27:44.758 [http-nio-8090-exec-2] INFO  c.z.f.b.context.filter.HeaderUserId2ContextFilter - ===== 删除 ThreadLocal， userId: 100
2025-10-24 17:27:49.332 [http-nio-8090-exec-4] INFO  c.z.f.b.context.filter.HeaderUserId2ContextFilter - ## HeaderUserId2ContextFilter, 用户 ID: 100
2025-10-24 17:27:49.333 [http-nio-8090-exec-4] INFO  c.z.f.b.operationlog.aspect.ApiOperationLogAspect - ====== 请求开始: [批量获取笔记计数数据], 入参: {"noteIds":[1978412653927759930,1978024632262881367,1978023801027326005,1977992974486761529,1977210311236677641,1977209490918895715,1977208188813996056,1977206438811955287]}, 请求类: NoteCountController, 请求方法: findNotesCountData =================================== 
2025-10-24 17:27:49.337 [http-nio-8090-exec-4] INFO  c.z.f.b.operationlog.aspect.ApiOperationLogAspect - ====== 请求结束: [批量获取笔记计数数据], 耗时: 4ms, 出参: {"success":true,"message":null,"errorCode":null,"data":[{"noteId":1978412653927759930,"likeTotal":0,"collectTotal":0,"commentTotal":0},{"noteId":1978024632262881367,"likeTotal":0,"collectTotal":0,"commentTotal":0},{"noteId":1978023801027326005,"likeTotal":0,"collectTotal":0,"commentTotal":0},{"noteId":1977992974486761529,"likeTotal":0,"collectTotal":0,"commentTotal":0},{"noteId":1977210311236677641,"likeTotal":0,"collectTotal":0,"commentTotal":0},{"noteId":1977209490918895715,"likeTotal":0,"collectTotal":0,"commentTotal":0},{"noteId":1977208188813996056,"likeTotal":0,"collectTotal":0,"commentTotal":0},{"noteId":1977206438811955287,"likeTotal":1,"collectTotal":0,"commentTotal":0}]} =================================== 
2025-10-24 17:27:49.338 [http-nio-8090-exec-4] INFO  c.z.f.b.context.filter.HeaderUserId2ContextFilter - ===== 删除 ThreadLocal， userId: 100
2025-10-24 17:27:53.174 [http-nio-8090-exec-5] INFO  c.z.f.b.context.filter.HeaderUserId2ContextFilter - ## HeaderUserId2ContextFilter, 用户 ID: 100
2025-10-24 17:27:53.175 [http-nio-8090-exec-5] INFO  c.z.f.b.operationlog.aspect.ApiOperationLogAspect - ====== 请求开始: [批量获取笔记计数数据], 入参: {"noteIds":[1978412653927759930,1978024632262881367,1978023801027326005,1977992974486761529,1977210311236677641,1977209490918895715,1977208188813996056,1977206438811955287]}, 请求类: NoteCountController, 请求方法: findNotesCountData =================================== 
2025-10-24 17:27:53.178 [http-nio-8090-exec-5] INFO  c.z.f.b.operationlog.aspect.ApiOperationLogAspect - ====== 请求结束: [批量获取笔记计数数据], 耗时: 3ms, 出参: {"success":true,"message":null,"errorCode":null,"data":[{"noteId":1978412653927759930,"likeTotal":0,"collectTotal":0,"commentTotal":0},{"noteId":1978024632262881367,"likeTotal":0,"collectTotal":0,"commentTotal":0},{"noteId":1978023801027326005,"likeTotal":0,"collectTotal":0,"commentTotal":0},{"noteId":1977992974486761529,"likeTotal":0,"collectTotal":0,"commentTotal":0},{"noteId":1977210311236677641,"likeTotal":0,"collectTotal":0,"commentTotal":0},{"noteId":1977209490918895715,"likeTotal":0,"collectTotal":0,"commentTotal":0},{"noteId":1977208188813996056,"likeTotal":0,"collectTotal":0,"commentTotal":0},{"noteId":1977206438811955287,"likeTotal":1,"collectTotal":0,"commentTotal":0}]} =================================== 
2025-10-24 17:27:53.179 [http-nio-8090-exec-5] INFO  c.z.f.b.context.filter.HeaderUserId2ContextFilter - ===== 删除 ThreadLocal， userId: 100
2025-10-24 17:27:57.683 [http-nio-8090-exec-7] INFO  c.z.f.b.context.filter.HeaderUserId2ContextFilter - ## HeaderUserId2ContextFilter, 用户 ID: 100
2025-10-24 17:27:57.684 [http-nio-8090-exec-7] INFO  c.z.f.b.operationlog.aspect.ApiOperationLogAspect - ====== 请求开始: [批量获取笔记计数数据], 入参: {"noteIds":[1978412653927759930,1978024632262881367,1978023801027326005,1977992974486761529,1977210311236677641,1977209490918895715,1977208188813996056,1977206438811955287]}, 请求类: NoteCountController, 请求方法: findNotesCountData =================================== 
2025-10-24 17:27:57.687 [http-nio-8090-exec-7] INFO  c.z.f.b.operationlog.aspect.ApiOperationLogAspect - ====== 请求结束: [批量获取笔记计数数据], 耗时: 3ms, 出参: {"success":true,"message":null,"errorCode":null,"data":[{"noteId":1978412653927759930,"likeTotal":0,"collectTotal":0,"commentTotal":0},{"noteId":1978024632262881367,"likeTotal":0,"collectTotal":0,"commentTotal":0},{"noteId":1978023801027326005,"likeTotal":0,"collectTotal":0,"commentTotal":0},{"noteId":1977992974486761529,"likeTotal":0,"collectTotal":0,"commentTotal":0},{"noteId":1977210311236677641,"likeTotal":0,"collectTotal":0,"commentTotal":0},{"noteId":1977209490918895715,"likeTotal":0,"collectTotal":0,"commentTotal":0},{"noteId":1977208188813996056,"likeTotal":0,"collectTotal":0,"commentTotal":0},{"noteId":1977206438811955287,"likeTotal":1,"collectTotal":0,"commentTotal":0}]} =================================== 
2025-10-24 17:27:57.689 [http-nio-8090-exec-7] INFO  c.z.f.b.context.filter.HeaderUserId2ContextFilter - ===== 删除 ThreadLocal， userId: 100
2025-10-24 17:28:08.917 [http-nio-8090-exec-6] INFO  c.z.f.b.context.filter.HeaderUserId2ContextFilter - ## HeaderUserId2ContextFilter, 用户 ID: 100
2025-10-24 17:28:08.921 [http-nio-8090-exec-6] INFO  c.z.f.b.operationlog.aspect.ApiOperationLogAspect - ====== 请求开始: [批量获取笔记计数数据], 入参: {"noteIds":[1978412653927759930,1978024632262881367,1978023801027326005,1977992974486761529,1977210311236677641,1977209490918895715,1977208188813996056,1977206438811955287]}, 请求类: NoteCountController, 请求方法: findNotesCountData =================================== 
2025-10-24 17:28:08.925 [http-nio-8090-exec-6] INFO  c.z.f.b.operationlog.aspect.ApiOperationLogAspect - ====== 请求结束: [批量获取笔记计数数据], 耗时: 4ms, 出参: {"success":true,"message":null,"errorCode":null,"data":[{"noteId":1978412653927759930,"likeTotal":0,"collectTotal":0,"commentTotal":0},{"noteId":1978024632262881367,"likeTotal":0,"collectTotal":0,"commentTotal":0},{"noteId":1978023801027326005,"likeTotal":0,"collectTotal":0,"commentTotal":0},{"noteId":1977992974486761529,"likeTotal":0,"collectTotal":0,"commentTotal":0},{"noteId":1977210311236677641,"likeTotal":0,"collectTotal":0,"commentTotal":0},{"noteId":1977209490918895715,"likeTotal":0,"collectTotal":0,"commentTotal":0},{"noteId":1977208188813996056,"likeTotal":0,"collectTotal":0,"commentTotal":0},{"noteId":1977206438811955287,"likeTotal":1,"collectTotal":0,"commentTotal":0}]} =================================== 
2025-10-24 17:28:08.926 [http-nio-8090-exec-6] INFO  c.z.f.b.context.filter.HeaderUserId2ContextFilter - ===== 删除 ThreadLocal， userId: 100
2025-10-24 17:30:15.255 [http-nio-8090-exec-8] INFO  c.z.f.b.context.filter.HeaderUserId2ContextFilter - ## HeaderUserId2ContextFilter, 用户 ID: 100
2025-10-24 17:30:15.256 [http-nio-8090-exec-8] INFO  c.z.f.b.operationlog.aspect.ApiOperationLogAspect - ====== 请求开始: [批量获取笔记计数数据], 入参: {"noteIds":[1978412653927759930,1978024632262881367,1978023801027326005,1977992974486761529,1977210311236677641,1977209490918895715,1977208188813996056,1977206438811955287]}, 请求类: NoteCountController, 请求方法: findNotesCountData =================================== 
2025-10-24 17:30:15.259 [http-nio-8090-exec-8] INFO  c.z.f.b.operationlog.aspect.ApiOperationLogAspect - ====== 请求结束: [批量获取笔记计数数据], 耗时: 3ms, 出参: {"success":true,"message":null,"errorCode":null,"data":[{"noteId":1978412653927759930,"likeTotal":0,"collectTotal":0,"commentTotal":0},{"noteId":1978024632262881367,"likeTotal":0,"collectTotal":0,"commentTotal":0},{"noteId":1978023801027326005,"likeTotal":0,"collectTotal":0,"commentTotal":0},{"noteId":1977992974486761529,"likeTotal":0,"collectTotal":0,"commentTotal":0},{"noteId":1977210311236677641,"likeTotal":0,"collectTotal":0,"commentTotal":0},{"noteId":1977209490918895715,"likeTotal":0,"collectTotal":0,"commentTotal":0},{"noteId":1977208188813996056,"likeTotal":0,"collectTotal":0,"commentTotal":0},{"noteId":1977206438811955287,"likeTotal":1,"collectTotal":0,"commentTotal":0}]} =================================== 
2025-10-24 17:30:15.260 [http-nio-8090-exec-8] INFO  c.z.f.b.context.filter.HeaderUserId2ContextFilter - ===== 删除 ThreadLocal， userId: 100
2025-10-24 17:30:17.760 [http-nio-8090-exec-1] INFO  c.z.f.b.context.filter.HeaderUserId2ContextFilter - ## HeaderUserId2ContextFilter, 用户 ID: 100
2025-10-24 17:30:17.762 [http-nio-8090-exec-1] INFO  c.z.f.b.operationlog.aspect.ApiOperationLogAspect - ====== 请求开始: [批量获取笔记计数数据], 入参: {"noteIds":[1978412653927759930,1978024632262881367,1978023801027326005,1977992974486761529,1977210311236677641,1977209490918895715,1977208188813996056,1977206438811955287]}, 请求类: NoteCountController, 请求方法: findNotesCountData =================================== 
2025-10-24 17:30:17.764 [http-nio-8090-exec-1] INFO  c.z.f.b.operationlog.aspect.ApiOperationLogAspect - ====== 请求结束: [批量获取笔记计数数据], 耗时: 4ms, 出参: {"success":true,"message":null,"errorCode":null,"data":[{"noteId":1978412653927759930,"likeTotal":0,"collectTotal":0,"commentTotal":0},{"noteId":1978024632262881367,"likeTotal":0,"collectTotal":0,"commentTotal":0},{"noteId":1978023801027326005,"likeTotal":0,"collectTotal":0,"commentTotal":0},{"noteId":1977992974486761529,"likeTotal":0,"collectTotal":0,"commentTotal":0},{"noteId":1977210311236677641,"likeTotal":0,"collectTotal":0,"commentTotal":0},{"noteId":1977209490918895715,"likeTotal":0,"collectTotal":0,"commentTotal":0},{"noteId":1977208188813996056,"likeTotal":0,"collectTotal":0,"commentTotal":0},{"noteId":1977206438811955287,"likeTotal":1,"collectTotal":0,"commentTotal":0}]} =================================== 
2025-10-24 17:30:17.765 [http-nio-8090-exec-1] INFO  c.z.f.b.context.filter.HeaderUserId2ContextFilter - ===== 删除 ThreadLocal， userId: 100
2025-10-24 17:30:21.358 [http-nio-8090-exec-9] INFO  c.z.f.b.context.filter.HeaderUserId2ContextFilter - ## HeaderUserId2ContextFilter, 用户 ID: 100
2025-10-24 17:30:21.359 [http-nio-8090-exec-9] INFO  c.z.f.b.operationlog.aspect.ApiOperationLogAspect - ====== 请求开始: [批量获取笔记计数数据], 入参: {"noteIds":[1978412653927759930,1978024632262881367,1978023801027326005,1977992974486761529,1977210311236677641,1977209490918895715,1977208188813996056,1977206438811955287]}, 请求类: NoteCountController, 请求方法: findNotesCountData =================================== 
2025-10-24 17:30:21.364 [http-nio-8090-exec-9] INFO  c.z.f.b.operationlog.aspect.ApiOperationLogAspect - ====== 请求结束: [批量获取笔记计数数据], 耗时: 5ms, 出参: {"success":true,"message":null,"errorCode":null,"data":[{"noteId":1978412653927759930,"likeTotal":0,"collectTotal":0,"commentTotal":0},{"noteId":1978024632262881367,"likeTotal":0,"collectTotal":0,"commentTotal":0},{"noteId":1978023801027326005,"likeTotal":0,"collectTotal":0,"commentTotal":0},{"noteId":1977992974486761529,"likeTotal":0,"collectTotal":0,"commentTotal":0},{"noteId":1977210311236677641,"likeTotal":0,"collectTotal":0,"commentTotal":0},{"noteId":1977209490918895715,"likeTotal":0,"collectTotal":0,"commentTotal":0},{"noteId":1977208188813996056,"likeTotal":0,"collectTotal":0,"commentTotal":0},{"noteId":1977206438811955287,"likeTotal":1,"collectTotal":0,"commentTotal":0}]} =================================== 
2025-10-24 17:30:21.365 [http-nio-8090-exec-9] INFO  c.z.f.b.context.filter.HeaderUserId2ContextFilter - ===== 删除 ThreadLocal， userId: 100
2025-10-24 17:30:27.573 [http-nio-8090-exec-3] INFO  c.z.f.b.context.filter.HeaderUserId2ContextFilter - ## HeaderUserId2ContextFilter, 用户 ID: 100
2025-10-24 17:30:27.575 [http-nio-8090-exec-3] INFO  c.z.f.b.operationlog.aspect.ApiOperationLogAspect - ====== 请求开始: [批量获取笔记计数数据], 入参: {"noteIds":[1978412653927759930,1978024632262881367,1978023801027326005,1977992974486761529,1977210311236677641,1977209490918895715,1977208188813996056,1977206438811955287]}, 请求类: NoteCountController, 请求方法: findNotesCountData =================================== 
2025-10-24 17:30:27.579 [http-nio-8090-exec-3] INFO  c.z.f.b.operationlog.aspect.ApiOperationLogAspect - ====== 请求结束: [批量获取笔记计数数据], 耗时: 4ms, 出参: {"success":true,"message":null,"errorCode":null,"data":[{"noteId":1978412653927759930,"likeTotal":0,"collectTotal":0,"commentTotal":0},{"noteId":1978024632262881367,"likeTotal":0,"collectTotal":0,"commentTotal":0},{"noteId":1978023801027326005,"likeTotal":0,"collectTotal":0,"commentTotal":0},{"noteId":1977992974486761529,"likeTotal":0,"collectTotal":0,"commentTotal":0},{"noteId":1977210311236677641,"likeTotal":0,"collectTotal":0,"commentTotal":0},{"noteId":1977209490918895715,"likeTotal":0,"collectTotal":0,"commentTotal":0},{"noteId":1977208188813996056,"likeTotal":0,"collectTotal":0,"commentTotal":0},{"noteId":1977206438811955287,"likeTotal":1,"collectTotal":0,"commentTotal":0}]} =================================== 
2025-10-24 17:30:27.581 [http-nio-8090-exec-3] INFO  c.z.f.b.context.filter.HeaderUserId2ContextFilter - ===== 删除 ThreadLocal， userId: 100
2025-10-24 17:35:06.437 [http-nio-8090-exec-4] INFO  c.z.f.b.context.filter.HeaderUserId2ContextFilter - ## HeaderUserId2ContextFilter, 用户 ID: 100
2025-10-24 17:35:06.437 [http-nio-8090-exec-5] INFO  c.z.f.b.context.filter.HeaderUserId2ContextFilter - ## HeaderUserId2ContextFilter, 用户 ID: 100
2025-10-24 17:35:06.564 [http-nio-8090-exec-7] INFO  c.z.f.b.context.filter.HeaderUserId2ContextFilter - ## HeaderUserId2ContextFilter, 用户 ID: 100
2025-10-24 17:35:06.572 [http-nio-8090-exec-5] INFO  c.z.f.b.operationlog.aspect.ApiOperationLogAspect - ====== 请求开始: [批量获取笔记计数数据], 入参: {"noteIds":[1978412653927759930,1978024632262881367,1978023801027326005,1977992974486761529,1977210311236677641,1977209490918895715,1977208188813996056,1977206438811955287]}, 请求类: NoteCountController, 请求方法: findNotesCountData =================================== 
2025-10-24 17:35:06.572 [http-nio-8090-exec-4] INFO  c.z.f.b.operationlog.aspect.ApiOperationLogAspect - ====== 请求开始: [批量获取笔记计数数据], 入参: {"noteIds":[1978412653927759930,1978024632262881367,1978023801027326005,1977992974486761529,1977210311236677641,1977209490918895715,1977208188813996056,1977206438811955287]}, 请求类: NoteCountController, 请求方法: findNotesCountData =================================== 
2025-10-24 17:35:06.572 [http-nio-8090-exec-7] INFO  c.z.f.b.operationlog.aspect.ApiOperationLogAspect - ====== 请求开始: [批量获取笔记计数数据], 入参: {"noteIds":[1978412653927759930,1978024632262881367,1978023801027326005,1977992974486761529,1977210311236677641,1977209490918895715,1977208188813996056,1977206438811955287]}, 请求类: NoteCountController, 请求方法: findNotesCountData =================================== 
2025-10-24 17:35:06.627 [http-nio-8090-exec-5] INFO  c.z.f.b.operationlog.aspect.ApiOperationLogAspect - ====== 请求结束: [批量获取笔记计数数据], 耗时: 62ms, 出参: {"success":true,"message":null,"errorCode":null,"data":[{"noteId":1978412653927759930,"likeTotal":0,"collectTotal":0,"commentTotal":0},{"noteId":1978024632262881367,"likeTotal":0,"collectTotal":0,"commentTotal":0},{"noteId":1978023801027326005,"likeTotal":0,"collectTotal":0,"commentTotal":0},{"noteId":1977992974486761529,"likeTotal":0,"collectTotal":0,"commentTotal":0},{"noteId":1977210311236677641,"likeTotal":0,"collectTotal":0,"commentTotal":0},{"noteId":1977209490918895715,"likeTotal":0,"collectTotal":0,"commentTotal":0},{"noteId":1977208188813996056,"likeTotal":0,"collectTotal":0,"commentTotal":0},{"noteId":1977206438811955287,"likeTotal":1,"collectTotal":0,"commentTotal":0}]} =================================== 
2025-10-24 17:35:06.656 [http-nio-8090-exec-5] INFO  c.z.f.b.context.filter.HeaderUserId2ContextFilter - ===== 删除 ThreadLocal， userId: 100
2025-10-24 17:35:06.827 [http-nio-8090-exec-7] INFO  c.z.f.b.operationlog.aspect.ApiOperationLogAspect - ====== 请求结束: [批量获取笔记计数数据], 耗时: 260ms, 出参: {"success":true,"message":null,"errorCode":null,"data":[{"noteId":1978412653927759930,"likeTotal":0,"collectTotal":0,"commentTotal":0},{"noteId":1978024632262881367,"likeTotal":0,"collectTotal":0,"commentTotal":0},{"noteId":1978023801027326005,"likeTotal":0,"collectTotal":0,"commentTotal":0},{"noteId":1977992974486761529,"likeTotal":0,"collectTotal":0,"commentTotal":0},{"noteId":1977210311236677641,"likeTotal":0,"collectTotal":0,"commentTotal":0},{"noteId":1977209490918895715,"likeTotal":0,"collectTotal":0,"commentTotal":0},{"noteId":1977208188813996056,"likeTotal":0,"collectTotal":0,"commentTotal":0},{"noteId":1977206438811955287,"likeTotal":1,"collectTotal":0,"commentTotal":0}]} =================================== 
2025-10-24 17:35:06.828 [http-nio-8090-exec-7] INFO  c.z.f.b.context.filter.HeaderUserId2ContextFilter - ===== 删除 ThreadLocal， userId: 100
2025-10-24 17:35:06.882 [http-nio-8090-exec-4] INFO  c.z.f.b.operationlog.aspect.ApiOperationLogAspect - ====== 请求结束: [批量获取笔记计数数据], 耗时: 320ms, 出参: {"success":true,"message":null,"errorCode":null,"data":[{"noteId":1978412653927759930,"likeTotal":0,"collectTotal":0,"commentTotal":0},{"noteId":1978024632262881367,"likeTotal":0,"collectTotal":0,"commentTotal":0},{"noteId":1978023801027326005,"likeTotal":0,"collectTotal":0,"commentTotal":0},{"noteId":1977992974486761529,"likeTotal":0,"collectTotal":0,"commentTotal":0},{"noteId":1977210311236677641,"likeTotal":0,"collectTotal":0,"commentTotal":0},{"noteId":1977209490918895715,"likeTotal":0,"collectTotal":0,"commentTotal":0},{"noteId":1977208188813996056,"likeTotal":0,"collectTotal":0,"commentTotal":0},{"noteId":1977206438811955287,"likeTotal":1,"collectTotal":0,"commentTotal":0}]} =================================== 
2025-10-24 17:35:06.884 [http-nio-8090-exec-4] INFO  c.z.f.b.context.filter.HeaderUserId2ContextFilter - ===== 删除 ThreadLocal， userId: 100
2025-10-24 17:35:15.458 [http-nio-8090-exec-6] INFO  c.z.f.b.context.filter.HeaderUserId2ContextFilter - ## HeaderUserId2ContextFilter, 用户 ID: 100
2025-10-24 17:35:15.460 [http-nio-8090-exec-6] INFO  c.z.f.b.operationlog.aspect.ApiOperationLogAspect - ====== 请求开始: [批量获取笔记计数数据], 入参: {"noteIds":[1978412653927759930,1978024632262881367,1978023801027326005,1977992974486761529,1977210311236677641,1977209490918895715,1977208188813996056,1977206438811955287]}, 请求类: NoteCountController, 请求方法: findNotesCountData =================================== 
2025-10-24 17:35:15.464 [http-nio-8090-exec-6] INFO  c.z.f.b.operationlog.aspect.ApiOperationLogAspect - ====== 请求结束: [批量获取笔记计数数据], 耗时: 4ms, 出参: {"success":true,"message":null,"errorCode":null,"data":[{"noteId":1978412653927759930,"likeTotal":0,"collectTotal":0,"commentTotal":0},{"noteId":1978024632262881367,"likeTotal":0,"collectTotal":0,"commentTotal":0},{"noteId":1978023801027326005,"likeTotal":0,"collectTotal":0,"commentTotal":0},{"noteId":1977992974486761529,"likeTotal":0,"collectTotal":0,"commentTotal":0},{"noteId":1977210311236677641,"likeTotal":0,"collectTotal":0,"commentTotal":0},{"noteId":1977209490918895715,"likeTotal":0,"collectTotal":0,"commentTotal":0},{"noteId":1977208188813996056,"likeTotal":0,"collectTotal":0,"commentTotal":0},{"noteId":1977206438811955287,"likeTotal":1,"collectTotal":0,"commentTotal":0}]} =================================== 
2025-10-24 17:35:15.465 [http-nio-8090-exec-6] INFO  c.z.f.b.context.filter.HeaderUserId2ContextFilter - ===== 删除 ThreadLocal， userId: 100
2025-10-24 17:35:16.899 [http-nio-8090-exec-10] INFO  c.z.f.b.context.filter.HeaderUserId2ContextFilter - ## HeaderUserId2ContextFilter, 用户 ID: 100
2025-10-24 17:35:16.900 [http-nio-8090-exec-10] INFO  c.z.f.b.operationlog.aspect.ApiOperationLogAspect - ====== 请求开始: [批量获取笔记计数数据], 入参: {"noteIds":[1978412653927759930,1978024632262881367,1978023801027326005,1977992974486761529,1977210311236677641,1977209490918895715,1977208188813996056,1977206438811955287]}, 请求类: NoteCountController, 请求方法: findNotesCountData =================================== 
2025-10-24 17:35:16.904 [http-nio-8090-exec-10] INFO  c.z.f.b.operationlog.aspect.ApiOperationLogAspect - ====== 请求结束: [批量获取笔记计数数据], 耗时: 4ms, 出参: {"success":true,"message":null,"errorCode":null,"data":[{"noteId":1978412653927759930,"likeTotal":0,"collectTotal":0,"commentTotal":0},{"noteId":1978024632262881367,"likeTotal":0,"collectTotal":0,"commentTotal":0},{"noteId":1978023801027326005,"likeTotal":0,"collectTotal":0,"commentTotal":0},{"noteId":1977992974486761529,"likeTotal":0,"collectTotal":0,"commentTotal":0},{"noteId":1977210311236677641,"likeTotal":0,"collectTotal":0,"commentTotal":0},{"noteId":1977209490918895715,"likeTotal":0,"collectTotal":0,"commentTotal":0},{"noteId":1977208188813996056,"likeTotal":0,"collectTotal":0,"commentTotal":0},{"noteId":1977206438811955287,"likeTotal":1,"collectTotal":0,"commentTotal":0}]} =================================== 
2025-10-24 17:35:16.905 [http-nio-8090-exec-10] INFO  c.z.f.b.context.filter.HeaderUserId2ContextFilter - ===== 删除 ThreadLocal， userId: 100
2025-10-24 17:35:22.953 [http-nio-8090-exec-8] INFO  c.z.f.b.context.filter.HeaderUserId2ContextFilter - ## HeaderUserId2ContextFilter, 用户 ID: 100
2025-10-24 17:35:22.955 [http-nio-8090-exec-8] INFO  c.z.f.b.operationlog.aspect.ApiOperationLogAspect - ====== 请求开始: [批量获取笔记计数数据], 入参: {"noteIds":[1978412653927759930,1978024632262881367,1978023801027326005,1977992974486761529,1977210311236677641,1977209490918895715,1977208188813996056,1977206438811955287]}, 请求类: NoteCountController, 请求方法: findNotesCountData =================================== 
2025-10-24 17:35:22.959 [http-nio-8090-exec-8] INFO  c.z.f.b.operationlog.aspect.ApiOperationLogAspect - ====== 请求结束: [批量获取笔记计数数据], 耗时: 3ms, 出参: {"success":true,"message":null,"errorCode":null,"data":[{"noteId":1978412653927759930,"likeTotal":0,"collectTotal":0,"commentTotal":0},{"noteId":1978024632262881367,"likeTotal":0,"collectTotal":0,"commentTotal":0},{"noteId":1978023801027326005,"likeTotal":0,"collectTotal":0,"commentTotal":0},{"noteId":1977992974486761529,"likeTotal":0,"collectTotal":0,"commentTotal":0},{"noteId":1977210311236677641,"likeTotal":0,"collectTotal":0,"commentTotal":0},{"noteId":1977209490918895715,"likeTotal":0,"collectTotal":0,"commentTotal":0},{"noteId":1977208188813996056,"likeTotal":0,"collectTotal":0,"commentTotal":0},{"noteId":1977206438811955287,"likeTotal":1,"collectTotal":0,"commentTotal":0}]} =================================== 
2025-10-24 17:35:22.961 [http-nio-8090-exec-8] INFO  c.z.f.b.context.filter.HeaderUserId2ContextFilter - ===== 删除 ThreadLocal， userId: 100
2025-10-24 17:36:21.754 [http-nio-8090-exec-3] INFO  c.z.f.b.context.filter.HeaderUserId2ContextFilter - ## HeaderUserId2ContextFilter, 用户 ID: 100
2025-10-24 17:36:21.756 [http-nio-8090-exec-3] INFO  c.z.f.b.operationlog.aspect.ApiOperationLogAspect - ====== 请求开始: [批量获取笔记计数数据], 入参: {"noteIds":[1978412653927759930,1978024632262881367,1978023801027326005,1977992974486761529,1977210311236677641,1977209490918895715,1977208188813996056,1977206438811955287]}, 请求类: NoteCountController, 请求方法: findNotesCountData =================================== 
2025-10-24 17:36:21.760 [http-nio-8090-exec-3] INFO  c.z.f.b.operationlog.aspect.ApiOperationLogAspect - ====== 请求结束: [批量获取笔记计数数据], 耗时: 4ms, 出参: {"success":true,"message":null,"errorCode":null,"data":[{"noteId":1978412653927759930,"likeTotal":0,"collectTotal":0,"commentTotal":0},{"noteId":1978024632262881367,"likeTotal":0,"collectTotal":0,"commentTotal":0},{"noteId":1978023801027326005,"likeTotal":0,"collectTotal":0,"commentTotal":0},{"noteId":1977992974486761529,"likeTotal":0,"collectTotal":0,"commentTotal":0},{"noteId":1977210311236677641,"likeTotal":0,"collectTotal":0,"commentTotal":0},{"noteId":1977209490918895715,"likeTotal":0,"collectTotal":0,"commentTotal":0},{"noteId":1977208188813996056,"likeTotal":0,"collectTotal":0,"commentTotal":0},{"noteId":1977206438811955287,"likeTotal":1,"collectTotal":0,"commentTotal":0}]} =================================== 
2025-10-24 17:36:21.761 [http-nio-8090-exec-3] INFO  c.z.f.b.context.filter.HeaderUserId2ContextFilter - ===== 删除 ThreadLocal， userId: 100
2025-10-24 17:36:22.826 [http-nio-8090-exec-2] INFO  c.z.f.b.context.filter.HeaderUserId2ContextFilter - ## HeaderUserId2ContextFilter, 用户 ID: 100
2025-10-24 17:36:22.827 [http-nio-8090-exec-2] INFO  c.z.f.b.operationlog.aspect.ApiOperationLogAspect - ====== 请求开始: [批量获取笔记计数数据], 入参: {"noteIds":[1978412653927759930,1978024632262881367,1978023801027326005,1977992974486761529,1977210311236677641,1977209490918895715,1977208188813996056,1977206438811955287]}, 请求类: NoteCountController, 请求方法: findNotesCountData =================================== 
2025-10-24 17:36:22.830 [http-nio-8090-exec-2] INFO  c.z.f.b.operationlog.aspect.ApiOperationLogAspect - ====== 请求结束: [批量获取笔记计数数据], 耗时: 3ms, 出参: {"success":true,"message":null,"errorCode":null,"data":[{"noteId":1978412653927759930,"likeTotal":0,"collectTotal":0,"commentTotal":0},{"noteId":1978024632262881367,"likeTotal":0,"collectTotal":0,"commentTotal":0},{"noteId":1978023801027326005,"likeTotal":0,"collectTotal":0,"commentTotal":0},{"noteId":1977992974486761529,"likeTotal":0,"collectTotal":0,"commentTotal":0},{"noteId":1977210311236677641,"likeTotal":0,"collectTotal":0,"commentTotal":0},{"noteId":1977209490918895715,"likeTotal":0,"collectTotal":0,"commentTotal":0},{"noteId":1977208188813996056,"likeTotal":0,"collectTotal":0,"commentTotal":0},{"noteId":1977206438811955287,"likeTotal":1,"collectTotal":0,"commentTotal":0}]} =================================== 
2025-10-24 17:36:22.832 [http-nio-8090-exec-2] INFO  c.z.f.b.context.filter.HeaderUserId2ContextFilter - ===== 删除 ThreadLocal， userId: 100
2025-10-24 17:36:24.176 [http-nio-8090-exec-5] INFO  c.z.f.b.context.filter.HeaderUserId2ContextFilter - ## HeaderUserId2ContextFilter, 用户 ID: 100
2025-10-24 17:36:24.177 [http-nio-8090-exec-5] INFO  c.z.f.b.operationlog.aspect.ApiOperationLogAspect - ====== 请求开始: [批量获取笔记计数数据], 入参: {"noteIds":[1978412653927759930,1978024632262881367,1978023801027326005,1977992974486761529,1977210311236677641,1977209490918895715,1977208188813996056,1977206438811955287]}, 请求类: NoteCountController, 请求方法: findNotesCountData =================================== 
2025-10-24 17:36:24.181 [http-nio-8090-exec-5] INFO  c.z.f.b.operationlog.aspect.ApiOperationLogAspect - ====== 请求结束: [批量获取笔记计数数据], 耗时: 4ms, 出参: {"success":true,"message":null,"errorCode":null,"data":[{"noteId":1978412653927759930,"likeTotal":0,"collectTotal":0,"commentTotal":0},{"noteId":1978024632262881367,"likeTotal":0,"collectTotal":0,"commentTotal":0},{"noteId":1978023801027326005,"likeTotal":0,"collectTotal":0,"commentTotal":0},{"noteId":1977992974486761529,"likeTotal":0,"collectTotal":0,"commentTotal":0},{"noteId":1977210311236677641,"likeTotal":0,"collectTotal":0,"commentTotal":0},{"noteId":1977209490918895715,"likeTotal":0,"collectTotal":0,"commentTotal":0},{"noteId":1977208188813996056,"likeTotal":0,"collectTotal":0,"commentTotal":0},{"noteId":1977206438811955287,"likeTotal":1,"collectTotal":0,"commentTotal":0}]} =================================== 
2025-10-24 17:36:24.181 [http-nio-8090-exec-5] INFO  c.z.f.b.context.filter.HeaderUserId2ContextFilter - ===== 删除 ThreadLocal， userId: 100
2025-10-24 17:44:39.800 [http-nio-8090-exec-4] INFO  c.z.f.b.context.filter.HeaderUserId2ContextFilter - ## HeaderUserId2ContextFilter, 用户 ID: 100
2025-10-24 17:44:40.001 [http-nio-8090-exec-4] INFO  c.z.f.b.operationlog.aspect.ApiOperationLogAspect - ====== 请求开始: [批量获取笔记计数数据], 入参: {"noteIds":[1978412653927759930,1978024632262881367,1978023801027326005,1977992974486761529,1977210311236677641,1977209490918895715,1977208188813996056,1977206438811955287]}, 请求类: NoteCountController, 请求方法: findNotesCountData =================================== 
2025-10-24 17:44:40.035 [http-nio-8090-exec-4] INFO  c.z.f.b.operationlog.aspect.ApiOperationLogAspect - ====== 请求结束: [批量获取笔记计数数据], 耗时: 34ms, 出参: {"success":true,"message":null,"errorCode":null,"data":[{"noteId":1978412653927759930,"likeTotal":0,"collectTotal":0,"commentTotal":0},{"noteId":1978024632262881367,"likeTotal":0,"collectTotal":0,"commentTotal":0},{"noteId":1978023801027326005,"likeTotal":0,"collectTotal":0,"commentTotal":0},{"noteId":1977992974486761529,"likeTotal":0,"collectTotal":0,"commentTotal":0},{"noteId":1977210311236677641,"likeTotal":0,"collectTotal":0,"commentTotal":0},{"noteId":1977209490918895715,"likeTotal":0,"collectTotal":0,"commentTotal":0},{"noteId":1977208188813996056,"likeTotal":0,"collectTotal":0,"commentTotal":0},{"noteId":1977206438811955287,"likeTotal":1,"collectTotal":0,"commentTotal":0}]} =================================== 
2025-10-24 17:44:40.103 [http-nio-8090-exec-4] INFO  c.z.f.b.context.filter.HeaderUserId2ContextFilter - ===== 删除 ThreadLocal， userId: 100
2025-10-24 17:44:51.144 [http-nio-8090-exec-6] INFO  c.z.f.b.context.filter.HeaderUserId2ContextFilter - ## HeaderUserId2ContextFilter, 用户 ID: 100
2025-10-24 17:44:51.146 [http-nio-8090-exec-6] INFO  c.z.f.b.operationlog.aspect.ApiOperationLogAspect - ====== 请求开始: [批量获取笔记计数数据], 入参: {"noteIds":[1978412653927759930,1978024632262881367,1978023801027326005,1977992974486761529,1977210311236677641,1977209490918895715,1977208188813996056,1977206438811955287]}, 请求类: NoteCountController, 请求方法: findNotesCountData =================================== 
2025-10-24 17:44:51.148 [http-nio-8090-exec-6] INFO  c.z.f.b.operationlog.aspect.ApiOperationLogAspect - ====== 请求结束: [批量获取笔记计数数据], 耗时: 2ms, 出参: {"success":true,"message":null,"errorCode":null,"data":[{"noteId":1978412653927759930,"likeTotal":0,"collectTotal":0,"commentTotal":0},{"noteId":1978024632262881367,"likeTotal":0,"collectTotal":0,"commentTotal":0},{"noteId":1978023801027326005,"likeTotal":0,"collectTotal":0,"commentTotal":0},{"noteId":1977992974486761529,"likeTotal":0,"collectTotal":0,"commentTotal":0},{"noteId":1977210311236677641,"likeTotal":0,"collectTotal":0,"commentTotal":0},{"noteId":1977209490918895715,"likeTotal":0,"collectTotal":0,"commentTotal":0},{"noteId":1977208188813996056,"likeTotal":0,"collectTotal":0,"commentTotal":0},{"noteId":1977206438811955287,"likeTotal":1,"collectTotal":0,"commentTotal":0}]} =================================== 
2025-10-24 17:44:51.151 [http-nio-8090-exec-6] INFO  c.z.f.b.context.filter.HeaderUserId2ContextFilter - ===== 删除 ThreadLocal， userId: 100
2025-10-24 17:45:17.892 [http-nio-8090-exec-10] INFO  c.z.f.b.context.filter.HeaderUserId2ContextFilter - ## HeaderUserId2ContextFilter, 用户 ID: 100
2025-10-24 17:45:17.894 [http-nio-8090-exec-10] INFO  c.z.f.b.operationlog.aspect.ApiOperationLogAspect - ====== 请求开始: [批量获取笔记计数数据], 入参: {"noteIds":[1978412653927759930,1978024632262881367,1978023801027326005,1977992974486761529,1977210311236677641,1977209490918895715,1977208188813996056,1977206438811955287]}, 请求类: NoteCountController, 请求方法: findNotesCountData =================================== 
2025-10-24 17:45:17.900 [http-nio-8090-exec-10] INFO  c.z.f.b.operationlog.aspect.ApiOperationLogAspect - ====== 请求结束: [批量获取笔记计数数据], 耗时: 6ms, 出参: {"success":true,"message":null,"errorCode":null,"data":[{"noteId":1978412653927759930,"likeTotal":0,"collectTotal":0,"commentTotal":0},{"noteId":1978024632262881367,"likeTotal":0,"collectTotal":0,"commentTotal":0},{"noteId":1978023801027326005,"likeTotal":0,"collectTotal":0,"commentTotal":0},{"noteId":1977992974486761529,"likeTotal":0,"collectTotal":0,"commentTotal":0},{"noteId":1977210311236677641,"likeTotal":0,"collectTotal":0,"commentTotal":0},{"noteId":1977209490918895715,"likeTotal":0,"collectTotal":0,"commentTotal":0},{"noteId":1977208188813996056,"likeTotal":0,"collectTotal":0,"commentTotal":0},{"noteId":1977206438811955287,"likeTotal":1,"collectTotal":0,"commentTotal":0}]} =================================== 
2025-10-24 17:45:17.902 [http-nio-8090-exec-10] INFO  c.z.f.b.context.filter.HeaderUserId2ContextFilter - ===== 删除 ThreadLocal， userId: 100
2025-10-24 17:45:20.502 [http-nio-8090-exec-8] INFO  c.z.f.b.context.filter.HeaderUserId2ContextFilter - ## HeaderUserId2ContextFilter, 用户 ID: 100
2025-10-24 17:45:20.502 [http-nio-8090-exec-1] INFO  c.z.f.b.context.filter.HeaderUserId2ContextFilter - ## HeaderUserId2ContextFilter, 用户 ID: 100
2025-10-24 17:45:20.511 [http-nio-8090-exec-1] INFO  c.z.f.b.operationlog.aspect.ApiOperationLogAspect - ====== 请求开始: [获取用户计数数据], 入参: {"userId":100}, 请求类: UserCountController, 请求方法: findUserCountData =================================== 
2025-10-24 17:45:20.511 [http-nio-8090-exec-8] INFO  c.z.f.b.operationlog.aspect.ApiOperationLogAspect - ====== 请求开始: [获取用户计数数据], 入参: {"userId":100}, 请求类: UserCountController, 请求方法: findUserCountData =================================== 
2025-10-24 17:45:20.746 [http-nio-8090-exec-8] INFO  c.z.f.b.operationlog.aspect.ApiOperationLogAspect - ====== 请求结束: [获取用户计数数据], 耗时: 235ms, 出参: {"success":true,"message":null,"errorCode":null,"data":{"userId":100,"fansTotal":0,"followingTotal":3,"noteTotal":12,"likeTotal":1,"collectTotal":0}} =================================== 
2025-10-24 17:45:20.746 [http-nio-8090-exec-1] INFO  c.z.f.b.operationlog.aspect.ApiOperationLogAspect - ====== 请求结束: [获取用户计数数据], 耗时: 235ms, 出参: {"success":true,"message":null,"errorCode":null,"data":{"userId":100,"fansTotal":0,"followingTotal":3,"noteTotal":12,"likeTotal":1,"collectTotal":0}} =================================== 
2025-10-24 17:45:20.747 [http-nio-8090-exec-1] INFO  c.z.f.b.context.filter.HeaderUserId2ContextFilter - ===== 删除 ThreadLocal， userId: 100
2025-10-24 17:45:20.747 [http-nio-8090-exec-8] INFO  c.z.f.b.context.filter.HeaderUserId2ContextFilter - ===== 删除 ThreadLocal， userId: 100
2025-10-24 17:45:22.628 [http-nio-8090-exec-9] INFO  c.z.f.b.context.filter.HeaderUserId2ContextFilter - ## HeaderUserId2ContextFilter, 用户 ID: 100
2025-10-24 17:45:22.628 [http-nio-8090-exec-3] INFO  c.z.f.b.context.filter.HeaderUserId2ContextFilter - ## HeaderUserId2ContextFilter, 用户 ID: 100
2025-10-24 17:45:22.630 [http-nio-8090-exec-3] INFO  c.z.f.b.operationlog.aspect.ApiOperationLogAspect - ====== 请求开始: [获取用户计数数据], 入参: {"userId":100}, 请求类: UserCountController, 请求方法: findUserCountData =================================== 
2025-10-24 17:45:22.630 [http-nio-8090-exec-9] INFO  c.z.f.b.operationlog.aspect.ApiOperationLogAspect - ====== 请求开始: [获取用户计数数据], 入参: {"userId":100}, 请求类: UserCountController, 请求方法: findUserCountData =================================== 
2025-10-24 17:45:22.633 [http-nio-8090-exec-3] INFO  c.z.f.b.operationlog.aspect.ApiOperationLogAspect - ====== 请求结束: [获取用户计数数据], 耗时: 3ms, 出参: {"success":true,"message":null,"errorCode":null,"data":{"userId":100,"fansTotal":0,"followingTotal":3,"noteTotal":12,"likeTotal":1,"collectTotal":0}} =================================== 
2025-10-24 17:45:22.633 [http-nio-8090-exec-9] INFO  c.z.f.b.operationlog.aspect.ApiOperationLogAspect - ====== 请求结束: [获取用户计数数据], 耗时: 3ms, 出参: {"success":true,"message":null,"errorCode":null,"data":{"userId":100,"fansTotal":0,"followingTotal":3,"noteTotal":12,"likeTotal":1,"collectTotal":0}} =================================== 
2025-10-24 17:45:22.634 [http-nio-8090-exec-3] INFO  c.z.f.b.context.filter.HeaderUserId2ContextFilter - ===== 删除 ThreadLocal， userId: 100
2025-10-24 17:45:22.634 [http-nio-8090-exec-9] INFO  c.z.f.b.context.filter.HeaderUserId2ContextFilter - ===== 删除 ThreadLocal， userId: 100
2025-10-24 17:45:30.067 [http-nio-8090-exec-5] INFO  c.z.f.b.context.filter.HeaderUserId2ContextFilter - ## HeaderUserId2ContextFilter, 用户 ID: 100
2025-10-24 17:45:30.067 [http-nio-8090-exec-2] INFO  c.z.f.b.context.filter.HeaderUserId2ContextFilter - ## HeaderUserId2ContextFilter, 用户 ID: 100
2025-10-24 17:45:30.069 [http-nio-8090-exec-5] INFO  c.z.f.b.operationlog.aspect.ApiOperationLogAspect - ====== 请求开始: [获取用户计数数据], 入参: {"userId":100}, 请求类: UserCountController, 请求方法: findUserCountData =================================== 
2025-10-24 17:45:30.070 [http-nio-8090-exec-2] INFO  c.z.f.b.operationlog.aspect.ApiOperationLogAspect - ====== 请求开始: [获取用户计数数据], 入参: {"userId":100}, 请求类: UserCountController, 请求方法: findUserCountData =================================== 
2025-10-24 17:45:30.072 [http-nio-8090-exec-5] INFO  c.z.f.b.operationlog.aspect.ApiOperationLogAspect - ====== 请求结束: [获取用户计数数据], 耗时: 3ms, 出参: {"success":true,"message":null,"errorCode":null,"data":{"userId":100,"fansTotal":0,"followingTotal":3,"noteTotal":12,"likeTotal":1,"collectTotal":0}} =================================== 
2025-10-24 17:45:30.072 [http-nio-8090-exec-2] INFO  c.z.f.b.operationlog.aspect.ApiOperationLogAspect - ====== 请求结束: [获取用户计数数据], 耗时: 2ms, 出参: {"success":true,"message":null,"errorCode":null,"data":{"userId":100,"fansTotal":0,"followingTotal":3,"noteTotal":12,"likeTotal":1,"collectTotal":0}} =================================== 
2025-10-24 17:45:30.073 [http-nio-8090-exec-5] INFO  c.z.f.b.context.filter.HeaderUserId2ContextFilter - ===== 删除 ThreadLocal， userId: 100
2025-10-24 17:45:30.073 [http-nio-8090-exec-2] INFO  c.z.f.b.context.filter.HeaderUserId2ContextFilter - ===== 删除 ThreadLocal， userId: 100
2025-10-24 17:45:41.082 [http-nio-8090-exec-7] INFO  c.z.f.b.context.filter.HeaderUserId2ContextFilter - ## HeaderUserId2ContextFilter, 用户 ID: 100
2025-10-24 17:45:41.082 [http-nio-8090-exec-4] INFO  c.z.f.b.context.filter.HeaderUserId2ContextFilter - ## HeaderUserId2ContextFilter, 用户 ID: 100
2025-10-24 17:45:41.083 [http-nio-8090-exec-4] INFO  c.z.f.b.operationlog.aspect.ApiOperationLogAspect - ====== 请求开始: [获取用户计数数据], 入参: {"userId":100}, 请求类: UserCountController, 请求方法: findUserCountData =================================== 
2025-10-24 17:45:41.083 [http-nio-8090-exec-7] INFO  c.z.f.b.operationlog.aspect.ApiOperationLogAspect - ====== 请求开始: [获取用户计数数据], 入参: {"userId":100}, 请求类: UserCountController, 请求方法: findUserCountData =================================== 
2025-10-24 17:45:41.085 [http-nio-8090-exec-4] INFO  c.z.f.b.operationlog.aspect.ApiOperationLogAspect - ====== 请求结束: [获取用户计数数据], 耗时: 2ms, 出参: {"success":true,"message":null,"errorCode":null,"data":{"userId":100,"fansTotal":0,"followingTotal":3,"noteTotal":12,"likeTotal":1,"collectTotal":0}} =================================== 
2025-10-24 17:45:41.085 [http-nio-8090-exec-7] INFO  c.z.f.b.operationlog.aspect.ApiOperationLogAspect - ====== 请求结束: [获取用户计数数据], 耗时: 2ms, 出参: {"success":true,"message":null,"errorCode":null,"data":{"userId":100,"fansTotal":0,"followingTotal":3,"noteTotal":12,"likeTotal":1,"collectTotal":0}} =================================== 
2025-10-24 17:45:41.087 [http-nio-8090-exec-4] INFO  c.z.f.b.context.filter.HeaderUserId2ContextFilter - ===== 删除 ThreadLocal， userId: 100
2025-10-24 17:45:41.087 [http-nio-8090-exec-7] INFO  c.z.f.b.context.filter.HeaderUserId2ContextFilter - ===== 删除 ThreadLocal， userId: 100
2025-10-24 17:45:52.923 [http-nio-8090-exec-6] INFO  c.z.f.b.context.filter.HeaderUserId2ContextFilter - ## HeaderUserId2ContextFilter, 用户 ID: 100
2025-10-24 17:45:52.923 [http-nio-8090-exec-10] INFO  c.z.f.b.context.filter.HeaderUserId2ContextFilter - ## HeaderUserId2ContextFilter, 用户 ID: 100
2025-10-24 17:45:52.925 [http-nio-8090-exec-6] INFO  c.z.f.b.operationlog.aspect.ApiOperationLogAspect - ====== 请求开始: [获取用户计数数据], 入参: {"userId":100}, 请求类: UserCountController, 请求方法: findUserCountData =================================== 
2025-10-24 17:45:52.925 [http-nio-8090-exec-10] INFO  c.z.f.b.operationlog.aspect.ApiOperationLogAspect - ====== 请求开始: [获取用户计数数据], 入参: {"userId":100}, 请求类: UserCountController, 请求方法: findUserCountData =================================== 
2025-10-24 17:45:52.927 [http-nio-8090-exec-10] INFO  c.z.f.b.operationlog.aspect.ApiOperationLogAspect - ====== 请求结束: [获取用户计数数据], 耗时: 2ms, 出参: {"success":true,"message":null,"errorCode":null,"data":{"userId":100,"fansTotal":0,"followingTotal":3,"noteTotal":12,"likeTotal":1,"collectTotal":0}} =================================== 
2025-10-24 17:45:52.927 [http-nio-8090-exec-6] INFO  c.z.f.b.operationlog.aspect.ApiOperationLogAspect - ====== 请求结束: [获取用户计数数据], 耗时: 2ms, 出参: {"success":true,"message":null,"errorCode":null,"data":{"userId":100,"fansTotal":0,"followingTotal":3,"noteTotal":12,"likeTotal":1,"collectTotal":0}} =================================== 
2025-10-24 17:45:52.929 [http-nio-8090-exec-6] INFO  c.z.f.b.context.filter.HeaderUserId2ContextFilter - ===== 删除 ThreadLocal， userId: 100
2025-10-24 17:45:52.929 [http-nio-8090-exec-10] INFO  c.z.f.b.context.filter.HeaderUserId2ContextFilter - ===== 删除 ThreadLocal， userId: 100
2025-10-24 17:47:01.085 [http-nio-8090-exec-3] INFO  c.z.f.b.context.filter.HeaderUserId2ContextFilter - ## HeaderUserId2ContextFilter, 用户 ID: 100
2025-10-24 17:47:01.087 [http-nio-8090-exec-3] INFO  c.z.f.b.operationlog.aspect.ApiOperationLogAspect - ====== 请求开始: [批量获取笔记计数数据], 入参: {"noteIds":[1978412653927759930,1978024632262881367,1978023801027326005,1977992974486761529,1977210311236677641,1977209490918895715,1977208188813996056,1977206438811955287]}, 请求类: NoteCountController, 请求方法: findNotesCountData =================================== 
2025-10-24 17:47:01.093 [http-nio-8090-exec-3] INFO  c.z.f.b.operationlog.aspect.ApiOperationLogAspect - ====== 请求结束: [批量获取笔记计数数据], 耗时: 6ms, 出参: {"success":true,"message":null,"errorCode":null,"data":[{"noteId":1978412653927759930,"likeTotal":0,"collectTotal":0,"commentTotal":0},{"noteId":1978024632262881367,"likeTotal":0,"collectTotal":0,"commentTotal":0},{"noteId":1978023801027326005,"likeTotal":0,"collectTotal":0,"commentTotal":0},{"noteId":1977992974486761529,"likeTotal":0,"collectTotal":0,"commentTotal":0},{"noteId":1977210311236677641,"likeTotal":0,"collectTotal":0,"commentTotal":0},{"noteId":1977209490918895715,"likeTotal":0,"collectTotal":0,"commentTotal":0},{"noteId":1977208188813996056,"likeTotal":0,"collectTotal":0,"commentTotal":0},{"noteId":1977206438811955287,"likeTotal":1,"collectTotal":0,"commentTotal":0}]} =================================== 
2025-10-24 17:47:01.097 [http-nio-8090-exec-3] INFO  c.z.f.b.context.filter.HeaderUserId2ContextFilter - ===== 删除 ThreadLocal， userId: 100
