2025-09-19 14:39:27.037 [main] WARN  com.alibaba.nacos.client.logging.NacosLogging - Load Logback Configuration of Nacos fail, message: Could not initialize Logback Nacos logging from classpath:nacos-logback.xml
2025-09-19 14:39:27.116 [main] WARN  com.alibaba.nacos.client.logging.NacosLogging - Load Logback Configuration of Nacos fail, message: Could not initialize Logback Nacos logging from classpath:nacos-logback.xml
2025-09-19 14:39:27.714 [main] WARN  com.alibaba.nacos.client.logging.NacosLogging - Load Logback Configuration of Nacos fail, message: Could not initialize Logback Nacos logging from classpath:nacos-logback.xml
2025-09-19 14:39:27.731 [main] WARN  com.alibaba.nacos.client.logging.NacosLogging - Load Logback Configuration of Nacos fail, message: Could not initialize Logback Nacos logging from classpath:nacos-logback.xml
2025-09-19 14:39:27.732 [main] INFO  c.z.x.count.biz.XiaohongshuCountBizApplication - The following 1 profile is active: "dev"
2025-09-19 14:39:28.472 [main] INFO  o.s.d.r.config.RepositoryConfigurationDelegate - Multiple Spring Data modules found, entering strict repository configuration mode
2025-09-19 14:39:28.475 [main] INFO  o.s.d.r.config.RepositoryConfigurationDelegate - Bootstrapping Spring Data Redis repositories in DEFAULT mode.
2025-09-19 14:39:28.510 [main] INFO  o.s.d.r.config.RepositoryConfigurationDelegate - Finished Spring Data repository scanning in 16 ms. Found 0 Redis repository interfaces.
2025-09-19 14:39:28.763 [main] INFO  o.springframework.cloud.context.scope.GenericScope - BeanFactory id=998a0c8b-0835-3617-b765-04d211cdd71c
2025-09-19 14:39:29.090 [main] INFO  o.s.c.s.PostProcessorRegistrationDelegate$BeanPostProcessorChecker - Bean 'org.apache.rocketmq.spring.autoconfigure.MessageConverterConfiguration' of type [org.apache.rocketmq.spring.autoconfigure.MessageConverterConfiguration$$SpringCGLIB$$0] is not eligible for getting processed by all BeanPostProcessors (for example: not eligible for auto-proxying)
2025-09-19 14:39:29.161 [main] INFO  o.s.c.s.PostProcessorRegistrationDelegate$BeanPostProcessorChecker - Bean 'createRocketMQMessageConverter' of type [org.apache.rocketmq.spring.support.RocketMQMessageConverter] is not eligible for getting processed by all BeanPostProcessors (for example: not eligible for auto-proxying)
2025-09-19 14:39:29.164 [main] INFO  o.s.c.s.PostProcessorRegistrationDelegate$BeanPostProcessorChecker - Bean 'org.springframework.cloud.commons.config.CommonsConfigAutoConfiguration' of type [org.springframework.cloud.commons.config.CommonsConfigAutoConfiguration] is not eligible for getting processed by all BeanPostProcessors (for example: not eligible for auto-proxying)
2025-09-19 14:39:29.172 [main] INFO  o.s.c.s.PostProcessorRegistrationDelegate$BeanPostProcessorChecker - Bean 'org.springframework.cloud.client.loadbalancer.LoadBalancerDefaultMappingsProviderAutoConfiguration' of type [org.springframework.cloud.client.loadbalancer.LoadBalancerDefaultMappingsProviderAutoConfiguration] is not eligible for getting processed by all BeanPostProcessors (for example: not eligible for auto-proxying)
2025-09-19 14:39:29.173 [main] INFO  o.s.c.s.PostProcessorRegistrationDelegate$BeanPostProcessorChecker - Bean 'loadBalancerClientsDefaultsMappingsProvider' of type [org.springframework.cloud.client.loadbalancer.LoadBalancerDefaultMappingsProviderAutoConfiguration$$Lambda$724/0x000001898151a848] is not eligible for getting processed by all BeanPostProcessors (for example: not eligible for auto-proxying)
2025-09-19 14:39:29.175 [main] INFO  o.s.c.s.PostProcessorRegistrationDelegate$BeanPostProcessorChecker - Bean 'defaultsBindHandlerAdvisor' of type [org.springframework.cloud.commons.config.DefaultsBindHandlerAdvisor] is not eligible for getting processed by all BeanPostProcessors (for example: not eligible for auto-proxying)
2025-09-19 14:39:29.182 [main] INFO  o.s.c.s.PostProcessorRegistrationDelegate$BeanPostProcessorChecker - Bean 'rocketmq-org.apache.rocketmq.spring.autoconfigure.RocketMQProperties' of type [org.apache.rocketmq.spring.autoconfigure.RocketMQProperties] is not eligible for getting processed by all BeanPostProcessors (for example: not eligible for auto-proxying)
2025-09-19 14:39:29.184 [main] INFO  o.s.c.s.PostProcessorRegistrationDelegate$BeanPostProcessorChecker - Bean 'org.apache.rocketmq.spring.autoconfigure.ListenerContainerConfiguration' of type [org.apache.rocketmq.spring.autoconfigure.ListenerContainerConfiguration$$SpringCGLIB$$0] is not eligible for getting processed by all BeanPostProcessors (for example: not eligible for auto-proxying)
2025-09-19 14:39:29.448 [main] INFO  o.s.boot.web.embedded.tomcat.TomcatWebServer - Tomcat initialized with port(s): 8090 (http)
2025-09-19 14:39:29.449 [main] INFO  org.apache.catalina.core.AprLifecycleListener - Loaded Apache Tomcat Native library [2.0.3] using APR version [1.7.2].
2025-09-19 14:39:29.453 [main] INFO  org.apache.catalina.core.AprLifecycleListener - OpenSSL successfully initialized [OpenSSL 3.0.8 7 Feb 2023]
2025-09-19 14:39:29.464 [main] INFO  org.apache.catalina.core.StandardService - Starting service [Tomcat]
2025-09-19 14:39:29.465 [main] INFO  org.apache.catalina.core.StandardEngine - Starting Servlet engine: [Apache Tomcat/10.1.5]
2025-09-19 14:39:29.590 [main] INFO  o.a.c.core.ContainerBase.[Tomcat].[localhost].[/] - Initializing Spring embedded WebApplicationContext
2025-09-19 14:39:29.590 [main] INFO  o.s.b.w.s.c.ServletWebServerApplicationContext - Root WebApplicationContext: initialization completed in 1839 ms
2025-09-19 14:39:29.716 [main] INFO  c.a.d.s.b.a.DruidDataSourceAutoConfigure - Init DruidDataSource
2025-09-19 14:39:30.104 [main] INFO  com.alibaba.druid.pool.DruidDataSource - {dataSource-1} inited
2025-09-19 14:39:30.873 [main] INFO  o.a.r.s.support.DefaultRocketMQListenerContainer - running container: DefaultRocketMQListenerContainer{consumerGroup='xiaohongshu_group_CountCommentLike2DBTTopic', namespace='', nameServer='127.0.0.1:9876', topic='CountCommentLike2DBTTopic', consumeMode=CONCURRENTLY, selectorType=TAG, selectorExpression='*', messageModel=CLUSTERING', tlsEnable=false, instanceName=DEFAULT}
2025-09-19 14:39:30.873 [main] INFO  o.a.r.s.a.ListenerContainerConfiguration - Register the listener to container, listenerBeanName:countCommentLike2DBConsumer, containerBeanName:org.apache.rocketmq.spring.support.DefaultRocketMQListenerContainer_1
2025-09-19 14:39:31.194 [main] INFO  o.a.r.s.autoconfigure.RocketMQAutoConfiguration - a producer (xiaohongshu_group) init on namesrv 127.0.0.1:9876
2025-09-19 14:39:31.319 [main] INFO  o.a.r.s.support.DefaultRocketMQListenerContainer - running container: DefaultRocketMQListenerContainer{consumerGroup='xiaohongshu_group_count_CommentLikeUnlikeTopic', namespace='', nameServer='127.0.0.1:9876', topic='CommentLikeUnlikeTopic', consumeMode=CONCURRENTLY, selectorType=TAG, selectorExpression='*', messageModel=CLUSTERING', tlsEnable=false, instanceName=DEFAULT}
2025-09-19 14:39:31.320 [main] INFO  o.a.r.s.a.ListenerContainerConfiguration - Register the listener to container, listenerBeanName:countCommentLikeConsumer, containerBeanName:org.apache.rocketmq.spring.support.DefaultRocketMQListenerContainer_2
2025-09-19 14:39:31.400 [main] INFO  o.a.r.s.support.DefaultRocketMQListenerContainer - running container: DefaultRocketMQListenerContainer{consumerGroup='xiaohongshu_group_CountFans2DBTopic', namespace='', nameServer='127.0.0.1:9876', topic='CountFans2DBTopic', consumeMode=CONCURRENTLY, selectorType=TAG, selectorExpression='*', messageModel=CLUSTERING', tlsEnable=false, instanceName=DEFAULT}
2025-09-19 14:39:31.400 [main] INFO  o.a.r.s.a.ListenerContainerConfiguration - Register the listener to container, listenerBeanName:countFans2DBConsumer, containerBeanName:org.apache.rocketmq.spring.support.DefaultRocketMQListenerContainer_3
2025-09-19 14:39:31.481 [main] INFO  o.a.r.s.support.DefaultRocketMQListenerContainer - running container: DefaultRocketMQListenerContainer{consumerGroup='xiaohongshu_group_CountFansTopic', namespace='', nameServer='127.0.0.1:9876', topic='CountFansTopic', consumeMode=CONCURRENTLY, selectorType=TAG, selectorExpression='*', messageModel=CLUSTERING', tlsEnable=false, instanceName=DEFAULT}
2025-09-19 14:39:31.481 [main] INFO  o.a.r.s.a.ListenerContainerConfiguration - Register the listener to container, listenerBeanName:countFansConsumer, containerBeanName:org.apache.rocketmq.spring.support.DefaultRocketMQListenerContainer_4
2025-09-19 14:39:31.560 [main] INFO  o.a.r.s.support.DefaultRocketMQListenerContainer - running container: DefaultRocketMQListenerContainer{consumerGroup='xiaohongshu_group_CountFollowing2DBTopic', namespace='', nameServer='127.0.0.1:9876', topic='CountFollowing2DBTopic', consumeMode=CONCURRENTLY, selectorType=TAG, selectorExpression='*', messageModel=CLUSTERING', tlsEnable=false, instanceName=DEFAULT}
2025-09-19 14:39:31.561 [main] INFO  o.a.r.s.a.ListenerContainerConfiguration - Register the listener to container, listenerBeanName:countFollowing2DBConsumer, containerBeanName:org.apache.rocketmq.spring.support.DefaultRocketMQListenerContainer_5
2025-09-19 14:39:31.625 [main] INFO  o.a.r.s.support.DefaultRocketMQListenerContainer - running container: DefaultRocketMQListenerContainer{consumerGroup='xiaohongshu_group_CountFollowingTopic', namespace='', nameServer='127.0.0.1:9876', topic='CountFollowingTopic', consumeMode=CONCURRENTLY, selectorType=TAG, selectorExpression='*', messageModel=CLUSTERING', tlsEnable=false, instanceName=DEFAULT}
2025-09-19 14:39:31.625 [main] INFO  o.a.r.s.a.ListenerContainerConfiguration - Register the listener to container, listenerBeanName:countFollowingConsumer, containerBeanName:org.apache.rocketmq.spring.support.DefaultRocketMQListenerContainer_6
2025-09-19 14:39:31.700 [main] INFO  o.a.r.s.support.DefaultRocketMQListenerContainer - running container: DefaultRocketMQListenerContainer{consumerGroup='xiaohongshu_group_child_comment_totalCountNoteCommentTopic', namespace='', nameServer='127.0.0.1:9876', topic='CountNoteCommentTopic', consumeMode=CONCURRENTLY, selectorType=TAG, selectorExpression='*', messageModel=CLUSTERING', tlsEnable=false, instanceName=DEFAULT}
2025-09-19 14:39:31.700 [main] INFO  o.a.r.s.a.ListenerContainerConfiguration - Register the listener to container, listenerBeanName:countNoteChildCommentConsumer, containerBeanName:org.apache.rocketmq.spring.support.DefaultRocketMQListenerContainer_7
2025-09-19 14:39:31.784 [main] INFO  o.a.r.s.support.DefaultRocketMQListenerContainer - running container: DefaultRocketMQListenerContainer{consumerGroup='xiaohongshu_group_CountNoteCollect2DBTTopic', namespace='', nameServer='127.0.0.1:9876', topic='CountNoteCollect2DBTTopic', consumeMode=CONCURRENTLY, selectorType=TAG, selectorExpression='*', messageModel=CLUSTERING', tlsEnable=false, instanceName=DEFAULT}
2025-09-19 14:39:31.784 [main] INFO  o.a.r.s.a.ListenerContainerConfiguration - Register the listener to container, listenerBeanName:countNoteCollect2DBConsumer, containerBeanName:org.apache.rocketmq.spring.support.DefaultRocketMQListenerContainer_8
2025-09-19 14:39:31.864 [main] INFO  o.a.r.s.support.DefaultRocketMQListenerContainer - running container: DefaultRocketMQListenerContainer{consumerGroup='xiaohongshu_group_CountNoteCollectTopic', namespace='', nameServer='127.0.0.1:9876', topic='CountNoteCollectTopic', consumeMode=CONCURRENTLY, selectorType=TAG, selectorExpression='*', messageModel=CLUSTERING', tlsEnable=false, instanceName=DEFAULT}
2025-09-19 14:39:31.864 [main] INFO  o.a.r.s.a.ListenerContainerConfiguration - Register the listener to container, listenerBeanName:countNoteCollectConsumer, containerBeanName:org.apache.rocketmq.spring.support.DefaultRocketMQListenerContainer_9
2025-09-19 14:39:31.942 [main] INFO  o.a.r.s.support.DefaultRocketMQListenerContainer - running container: DefaultRocketMQListenerContainer{consumerGroup='xiaohongshu_group_CountNoteCommentTopic', namespace='', nameServer='127.0.0.1:9876', topic='CountNoteCommentTopic', consumeMode=CONCURRENTLY, selectorType=TAG, selectorExpression='*', messageModel=CLUSTERING', tlsEnable=false, instanceName=DEFAULT}
2025-09-19 14:39:31.943 [main] INFO  o.a.r.s.a.ListenerContainerConfiguration - Register the listener to container, listenerBeanName:countNoteCommentConsumer, containerBeanName:org.apache.rocketmq.spring.support.DefaultRocketMQListenerContainer_10
2025-09-19 14:39:32.016 [main] INFO  o.a.r.s.support.DefaultRocketMQListenerContainer - running container: DefaultRocketMQListenerContainer{consumerGroup='xiaohongshu_group_CountNoteLike2DBTTopic', namespace='', nameServer='127.0.0.1:9876', topic='CountNoteLike2DBTTopic', consumeMode=CONCURRENTLY, selectorType=TAG, selectorExpression='*', messageModel=CLUSTERING', tlsEnable=false, instanceName=DEFAULT}
2025-09-19 14:39:32.016 [main] INFO  o.a.r.s.a.ListenerContainerConfiguration - Register the listener to container, listenerBeanName:countNoteLike2DBConsumer, containerBeanName:org.apache.rocketmq.spring.support.DefaultRocketMQListenerContainer_11
2025-09-19 14:39:32.080 [main] INFO  o.a.r.s.support.DefaultRocketMQListenerContainer - running container: DefaultRocketMQListenerContainer{consumerGroup='xiaohongshu_group_LikeUnlikeTopic', namespace='', nameServer='127.0.0.1:9876', topic='LikeUnlikeTopic', consumeMode=CONCURRENTLY, selectorType=TAG, selectorExpression='*', messageModel=CLUSTERING', tlsEnable=false, instanceName=DEFAULT}
2025-09-19 14:39:32.080 [main] INFO  o.a.r.s.a.ListenerContainerConfiguration - Register the listener to container, listenerBeanName:countNoteLikeConsumer, containerBeanName:org.apache.rocketmq.spring.support.DefaultRocketMQListenerContainer_12
2025-09-19 14:39:32.150 [main] INFO  o.a.r.s.support.DefaultRocketMQListenerContainer - running container: DefaultRocketMQListenerContainer{consumerGroup='xiaohongshu_group_NoteOperateTopic', namespace='', nameServer='127.0.0.1:9876', topic='NoteOperateTopic', consumeMode=CONCURRENTLY, selectorType=TAG, selectorExpression='*', messageModel=CLUSTERING', tlsEnable=false, instanceName=DEFAULT}
2025-09-19 14:39:32.150 [main] INFO  o.a.r.s.a.ListenerContainerConfiguration - Register the listener to container, listenerBeanName:countNotePublishConsumer, containerBeanName:org.apache.rocketmq.spring.support.DefaultRocketMQListenerContainer_13
2025-09-19 14:39:33.470 [main] WARN  o.s.c.l.c.LoadBalancerCacheAutoConfiguration$LoadBalancerCaffeineWarnLogger - Spring Cloud LoadBalancer is currently working with the default cache. While this cache implementation is useful for development and tests, it's recommended to use Caffeine cache in production.You can switch to using Caffeine cache, by adding it and org.springframework.cache.caffeine.CaffeineCacheManager to the classpath.
2025-09-19 14:39:33.562 [main] INFO  o.s.boot.web.embedded.tomcat.TomcatWebServer - Tomcat started on port(s): 8090 (http) with context path ''
2025-09-19 14:39:33.569 [main] WARN  com.alibaba.nacos.client.logging.NacosLogging - Load Logback Configuration of Nacos fail, message: Could not initialize Logback Nacos logging from classpath:nacos-logback.xml
2025-09-19 14:39:33.569 [main] INFO  com.alibaba.nacos.client.naming - initializer namespace from ans.namespace attribute : null
2025-09-19 14:39:33.569 [main] INFO  com.alibaba.nacos.client.naming - initializer namespace from ALIBABA_ALIWARE_NAMESPACE attribute :null
2025-09-19 14:39:33.570 [main] INFO  com.alibaba.nacos.client.naming - initializer namespace from namespace attribute :null
2025-09-19 14:39:33.596 [main] INFO  com.alibaba.nacos.client.utils.ParamUtil - [settings] [req-serv] nacos-server port:8848
2025-09-19 14:39:33.596 [main] INFO  com.alibaba.nacos.client.utils.ParamUtil - [settings] [http-client] connect timeout:1000
2025-09-19 14:39:33.597 [main] INFO  com.alibaba.nacos.client.utils.ParamUtil - PER_TASK_CONFIG_SIZE: 3000.0
2025-09-19 14:39:33.600 [main] INFO  c.a.n.p.auth.spi.client.ClientAuthPluginManager - [ClientAuthPluginManager] Load ClientAuthService com.alibaba.nacos.client.auth.impl.NacosClientAuthServiceImpl success.
2025-09-19 14:39:33.600 [main] INFO  c.a.n.p.auth.spi.client.ClientAuthPluginManager - [ClientAuthPluginManager] Load ClientAuthService com.alibaba.nacos.client.auth.ram.RamClientAuthServiceImpl success.
2025-09-19 14:39:33.604 [main] INFO  c.a.n.client.auth.ram.identify.CredentialWatcher - null No credential found
2025-09-19 14:39:33.611 [main] INFO  com.alibaba.nacos.common.remote.client - [RpcClientFactory] create a new rpc client of b6ccfb40-bd32-4631-b8c0-7af15ce8d2b4
2025-09-19 14:39:33.632 [main] INFO  com.alibaba.nacos.common.remote.client - [b6ccfb40-bd32-4631-b8c0-7af15ce8d2b4] RpcClient init, ServerListFactory = com.alibaba.nacos.client.naming.core.ServerListManager
2025-09-19 14:39:33.632 [main] INFO  com.alibaba.nacos.common.remote.client - [b6ccfb40-bd32-4631-b8c0-7af15ce8d2b4] Registry connection listener to current client:com.alibaba.nacos.client.naming.remote.gprc.redo.NamingGrpcRedoService
2025-09-19 14:39:33.636 [main] INFO  com.alibaba.nacos.common.remote.client - [b6ccfb40-bd32-4631-b8c0-7af15ce8d2b4] Register server push request handler:com.alibaba.nacos.client.naming.remote.gprc.NamingPushRequestHandler
2025-09-19 14:39:33.639 [main] INFO  com.alibaba.nacos.common.remote.client - [b6ccfb40-bd32-4631-b8c0-7af15ce8d2b4] Try to connect to server on start up, server: {serverIp = '47.236.36.111', server main port = 8848}
2025-09-19 14:39:33.677 [main] INFO  c.a.nacos.common.remote.client.grpc.GrpcClient - grpc client connection server:47.236.36.111 ip,serverPort:9848,grpcTslConfig:{"sslProvider":"OPENSSL","enableTls":false,"mutualAuthEnable":false,"trustAll":false}
2025-09-19 14:39:34.947 [main] INFO  com.alibaba.nacos.common.remote.client - [b6ccfb40-bd32-4631-b8c0-7af15ce8d2b4] Success to connect to server [47.236.36.111:8848] on start up, connectionId = 1758263974706_120.85.130.202_6375
2025-09-19 14:39:34.948 [com.alibaba.nacos.client.remote.worker] INFO  com.alibaba.nacos.common.remote.client - [b6ccfb40-bd32-4631-b8c0-7af15ce8d2b4] Notify connected event to listeners.
2025-09-19 14:39:34.948 [com.alibaba.nacos.client.remote.worker] INFO  com.alibaba.nacos.client.naming - Grpc connection connect
2025-09-19 14:39:34.948 [main] INFO  com.alibaba.nacos.common.remote.client - [b6ccfb40-bd32-4631-b8c0-7af15ce8d2b4] Register server push request handler:com.alibaba.nacos.common.remote.client.RpcClient$ConnectResetRequestHandler
2025-09-19 14:39:34.949 [main] INFO  com.alibaba.nacos.common.remote.client - [b6ccfb40-bd32-4631-b8c0-7af15ce8d2b4] Register server push request handler:com.alibaba.nacos.common.remote.client.RpcClient$$Lambda$1251/0x00000189819a0ac8
2025-09-19 14:39:34.950 [main] INFO  com.alibaba.nacos.client.naming - [REGISTER-SERVICE] xiaohongshu registering service xiaohongshu-count with instance Instance{instanceId='null', ip='10.91.138.46', port=8090, weight=1.0, healthy=true, enabled=true, ephemeral=true, clusterName='DEFAULT', serviceName='null', metadata={IPv6=null, preserved.register.source=SPRING_CLOUD}}
2025-09-19 14:39:35.023 [main] INFO  c.a.cloud.nacos.registry.NacosServiceRegistry - nacos registry, DEFAULT_GROUP xiaohongshu-count 10.91.138.46:8090 register finished
2025-09-19 14:39:35.325 [main] INFO  c.z.x.count.biz.XiaohongshuCountBizApplication - Started XiaohongshuCountBizApplication in 9.16 seconds (process running for 10.076)
2025-09-19 14:43:38.341 [http-nio-8090-exec-2] INFO  o.a.c.core.ContainerBase.[Tomcat].[localhost].[/] - Initializing Spring DispatcherServlet 'dispatcherServlet'
2025-09-19 14:43:38.343 [http-nio-8090-exec-2] INFO  org.springframework.web.servlet.DispatcherServlet - Initializing Servlet 'dispatcherServlet'
2025-09-19 14:43:38.348 [http-nio-8090-exec-2] INFO  org.springframework.web.servlet.DispatcherServlet - Completed initialization in 5 ms
2025-09-19 14:43:38.362 [http-nio-8090-exec-2] INFO  c.z.f.b.context.filter.HeaderUserId2ContextFilter - ## HeaderUserId2ContextFilter, 用户 ID: 100
2025-09-19 14:43:38.362 [http-nio-8090-exec-1] INFO  c.z.f.b.context.filter.HeaderUserId2ContextFilter - ## HeaderUserId2ContextFilter, 用户 ID: 100
2025-09-19 14:43:38.622 [http-nio-8090-exec-1] INFO  c.z.f.b.operationlog.aspect.ApiOperationLogAspect - ====== 请求开始: [获取用户计数数据], 入参: {"userId":100}, 请求类: UserCountController, 请求方法: findUserCountData =================================== 
2025-09-19 14:43:38.622 [http-nio-8090-exec-2] INFO  c.z.f.b.operationlog.aspect.ApiOperationLogAspect - ====== 请求开始: [获取用户计数数据], 入参: {"userId":100}, 请求类: UserCountController, 请求方法: findUserCountData =================================== 
2025-09-19 14:43:39.220 [http-nio-8090-exec-8] INFO  c.z.f.b.context.filter.HeaderUserId2ContextFilter - ## HeaderUserId2ContextFilter, 用户 ID: 100
2025-09-19 14:43:39.220 [http-nio-8090-exec-3] INFO  c.z.f.b.context.filter.HeaderUserId2ContextFilter - ## HeaderUserId2ContextFilter, 用户 ID: 100
2025-09-19 14:43:39.222 [http-nio-8090-exec-3] INFO  c.z.f.b.operationlog.aspect.ApiOperationLogAspect - ====== 请求开始: [获取用户计数数据], 入参: {"userId":100}, 请求类: UserCountController, 请求方法: findUserCountData =================================== 
2025-09-19 14:43:39.222 [http-nio-8090-exec-8] INFO  c.z.f.b.operationlog.aspect.ApiOperationLogAspect - ====== 请求开始: [获取用户计数数据], 入参: {"userId":100}, 请求类: UserCountController, 请求方法: findUserCountData =================================== 
2025-09-19 14:43:39.603 [http-nio-8090-exec-8] INFO  c.z.f.b.operationlog.aspect.ApiOperationLogAspect - ====== 请求结束: [获取用户计数数据], 耗时: 374ms, 出参: {"success":true,"message":null,"errorCode":null,"data":{"userId":100,"fansTotal":3200,"followingTotal":0,"noteTotal":45,"likeTotal":23,"collectTotal":90}} =================================== 
2025-09-19 14:43:39.603 [http-nio-8090-exec-3] INFO  c.z.f.b.operationlog.aspect.ApiOperationLogAspect - ====== 请求结束: [获取用户计数数据], 耗时: 375ms, 出参: {"success":true,"message":null,"errorCode":null,"data":{"userId":100,"fansTotal":3200,"followingTotal":0,"noteTotal":45,"likeTotal":23,"collectTotal":90}} =================================== 
2025-09-19 14:43:39.603 [http-nio-8090-exec-2] INFO  c.z.f.b.operationlog.aspect.ApiOperationLogAspect - ====== 请求结束: [获取用户计数数据], 耗时: 978ms, 出参: {"success":true,"message":null,"errorCode":null,"data":{"userId":100,"fansTotal":3200,"followingTotal":0,"noteTotal":45,"likeTotal":23,"collectTotal":90}} =================================== 
2025-09-19 14:43:39.603 [http-nio-8090-exec-1] INFO  c.z.f.b.operationlog.aspect.ApiOperationLogAspect - ====== 请求结束: [获取用户计数数据], 耗时: 978ms, 出参: {"success":true,"message":null,"errorCode":null,"data":{"userId":100,"fansTotal":3200,"followingTotal":0,"noteTotal":45,"likeTotal":23,"collectTotal":90}} =================================== 
2025-09-19 14:43:39.653 [http-nio-8090-exec-3] INFO  c.z.f.b.context.filter.HeaderUserId2ContextFilter - ===== 删除 ThreadLocal， userId: 100
2025-09-19 14:43:39.653 [http-nio-8090-exec-1] INFO  c.z.f.b.context.filter.HeaderUserId2ContextFilter - ===== 删除 ThreadLocal， userId: 100
2025-09-19 14:43:39.653 [http-nio-8090-exec-8] INFO  c.z.f.b.context.filter.HeaderUserId2ContextFilter - ===== 删除 ThreadLocal， userId: 100
2025-09-19 14:43:39.653 [http-nio-8090-exec-2] INFO  c.z.f.b.context.filter.HeaderUserId2ContextFilter - ===== 删除 ThreadLocal， userId: 100
2025-09-19 14:44:31.816 [http-nio-8090-exec-5] INFO  c.z.f.b.context.filter.HeaderUserId2ContextFilter - ## HeaderUserId2ContextFilter, 用户 ID: 100
2025-09-19 14:44:31.818 [http-nio-8090-exec-5] INFO  c.z.f.b.operationlog.aspect.ApiOperationLogAspect - ====== 请求开始: [获取用户计数数据], 入参: {"userId":100}, 请求类: UserCountController, 请求方法: findUserCountData =================================== 
2025-09-19 14:44:31.821 [http-nio-8090-exec-5] INFO  c.z.f.b.operationlog.aspect.ApiOperationLogAspect - ====== 请求结束: [获取用户计数数据], 耗时: 4ms, 出参: {"success":true,"message":null,"errorCode":null,"data":{"userId":100,"fansTotal":3200,"followingTotal":0,"noteTotal":45,"likeTotal":23,"collectTotal":90}} =================================== 
2025-09-19 14:44:31.823 [http-nio-8090-exec-5] INFO  c.z.f.b.context.filter.HeaderUserId2ContextFilter - ===== 删除 ThreadLocal， userId: 100
2025-09-19 14:44:36.866 [http-nio-8090-exec-7] INFO  c.z.f.b.context.filter.HeaderUserId2ContextFilter - ## HeaderUserId2ContextFilter, 用户 ID: 100
2025-09-19 14:44:36.866 [http-nio-8090-exec-6] INFO  c.z.f.b.context.filter.HeaderUserId2ContextFilter - ## HeaderUserId2ContextFilter, 用户 ID: 100
2025-09-19 14:44:36.868 [http-nio-8090-exec-6] INFO  c.z.f.b.operationlog.aspect.ApiOperationLogAspect - ====== 请求开始: [获取用户计数数据], 入参: {"userId":100}, 请求类: UserCountController, 请求方法: findUserCountData =================================== 
2025-09-19 14:44:36.868 [http-nio-8090-exec-7] INFO  c.z.f.b.operationlog.aspect.ApiOperationLogAspect - ====== 请求开始: [获取用户计数数据], 入参: {"userId":100}, 请求类: UserCountController, 请求方法: findUserCountData =================================== 
2025-09-19 14:44:36.870 [http-nio-8090-exec-7] INFO  c.z.f.b.operationlog.aspect.ApiOperationLogAspect - ====== 请求结束: [获取用户计数数据], 耗时: 2ms, 出参: {"success":true,"message":null,"errorCode":null,"data":{"userId":100,"fansTotal":3200,"followingTotal":0,"noteTotal":45,"likeTotal":23,"collectTotal":90}} =================================== 
2025-09-19 14:44:36.870 [http-nio-8090-exec-6] INFO  c.z.f.b.operationlog.aspect.ApiOperationLogAspect - ====== 请求结束: [获取用户计数数据], 耗时: 2ms, 出参: {"success":true,"message":null,"errorCode":null,"data":{"userId":100,"fansTotal":3200,"followingTotal":0,"noteTotal":45,"likeTotal":23,"collectTotal":90}} =================================== 
2025-09-19 14:44:36.871 [http-nio-8090-exec-6] INFO  c.z.f.b.context.filter.HeaderUserId2ContextFilter - ===== 删除 ThreadLocal， userId: 100
2025-09-19 14:44:36.871 [http-nio-8090-exec-7] INFO  c.z.f.b.context.filter.HeaderUserId2ContextFilter - ===== 删除 ThreadLocal， userId: 100
2025-09-19 14:44:39.477 [http-nio-8090-exec-4] INFO  c.z.f.b.context.filter.HeaderUserId2ContextFilter - ## HeaderUserId2ContextFilter, 用户 ID: 100
2025-09-19 14:44:39.477 [http-nio-8090-exec-9] INFO  c.z.f.b.context.filter.HeaderUserId2ContextFilter - ## HeaderUserId2ContextFilter, 用户 ID: 100
2025-09-19 14:44:39.478 [http-nio-8090-exec-9] INFO  c.z.f.b.operationlog.aspect.ApiOperationLogAspect - ====== 请求开始: [获取用户计数数据], 入参: {"userId":100}, 请求类: UserCountController, 请求方法: findUserCountData =================================== 
2025-09-19 14:44:39.478 [http-nio-8090-exec-4] INFO  c.z.f.b.operationlog.aspect.ApiOperationLogAspect - ====== 请求开始: [获取用户计数数据], 入参: {"userId":100}, 请求类: UserCountController, 请求方法: findUserCountData =================================== 
2025-09-19 14:44:39.481 [http-nio-8090-exec-9] INFO  c.z.f.b.operationlog.aspect.ApiOperationLogAspect - ====== 请求结束: [获取用户计数数据], 耗时: 3ms, 出参: {"success":true,"message":null,"errorCode":null,"data":{"userId":100,"fansTotal":3200,"followingTotal":0,"noteTotal":45,"likeTotal":23,"collectTotal":90}} =================================== 
2025-09-19 14:44:39.481 [http-nio-8090-exec-4] INFO  c.z.f.b.operationlog.aspect.ApiOperationLogAspect - ====== 请求结束: [获取用户计数数据], 耗时: 3ms, 出参: {"success":true,"message":null,"errorCode":null,"data":{"userId":100,"fansTotal":3200,"followingTotal":0,"noteTotal":45,"likeTotal":23,"collectTotal":90}} =================================== 
2025-09-19 14:44:39.482 [http-nio-8090-exec-4] INFO  c.z.f.b.context.filter.HeaderUserId2ContextFilter - ===== 删除 ThreadLocal， userId: 100
2025-09-19 14:44:39.482 [http-nio-8090-exec-9] INFO  c.z.f.b.context.filter.HeaderUserId2ContextFilter - ===== 删除 ThreadLocal， userId: 100
2025-09-19 14:44:40.124 [http-nio-8090-exec-8] INFO  c.z.f.b.context.filter.HeaderUserId2ContextFilter - ## HeaderUserId2ContextFilter, 用户 ID: 100
2025-09-19 14:44:40.124 [http-nio-8090-exec-1] INFO  c.z.f.b.context.filter.HeaderUserId2ContextFilter - ## HeaderUserId2ContextFilter, 用户 ID: 100
2025-09-19 14:44:40.125 [http-nio-8090-exec-1] INFO  c.z.f.b.operationlog.aspect.ApiOperationLogAspect - ====== 请求开始: [获取用户计数数据], 入参: {"userId":100}, 请求类: UserCountController, 请求方法: findUserCountData =================================== 
2025-09-19 14:44:40.125 [http-nio-8090-exec-8] INFO  c.z.f.b.operationlog.aspect.ApiOperationLogAspect - ====== 请求开始: [获取用户计数数据], 入参: {"userId":100}, 请求类: UserCountController, 请求方法: findUserCountData =================================== 
2025-09-19 14:44:40.128 [http-nio-8090-exec-8] INFO  c.z.f.b.operationlog.aspect.ApiOperationLogAspect - ====== 请求结束: [获取用户计数数据], 耗时: 3ms, 出参: {"success":true,"message":null,"errorCode":null,"data":{"userId":100,"fansTotal":3200,"followingTotal":0,"noteTotal":45,"likeTotal":23,"collectTotal":90}} =================================== 
2025-09-19 14:44:40.128 [http-nio-8090-exec-1] INFO  c.z.f.b.operationlog.aspect.ApiOperationLogAspect - ====== 请求结束: [获取用户计数数据], 耗时: 3ms, 出参: {"success":true,"message":null,"errorCode":null,"data":{"userId":100,"fansTotal":3200,"followingTotal":0,"noteTotal":45,"likeTotal":23,"collectTotal":90}} =================================== 
2025-09-19 14:44:40.130 [http-nio-8090-exec-1] INFO  c.z.f.b.context.filter.HeaderUserId2ContextFilter - ===== 删除 ThreadLocal， userId: 100
2025-09-19 14:44:40.130 [http-nio-8090-exec-8] INFO  c.z.f.b.context.filter.HeaderUserId2ContextFilter - ===== 删除 ThreadLocal， userId: 100
2025-09-19 14:44:40.803 [http-nio-8090-exec-3] INFO  c.z.f.b.context.filter.HeaderUserId2ContextFilter - ## HeaderUserId2ContextFilter, 用户 ID: 100
2025-09-19 14:44:40.803 [http-nio-8090-exec-5] INFO  c.z.f.b.context.filter.HeaderUserId2ContextFilter - ## HeaderUserId2ContextFilter, 用户 ID: 100
2025-09-19 14:44:40.804 [http-nio-8090-exec-3] INFO  c.z.f.b.operationlog.aspect.ApiOperationLogAspect - ====== 请求开始: [获取用户计数数据], 入参: {"userId":100}, 请求类: UserCountController, 请求方法: findUserCountData =================================== 
2025-09-19 14:44:40.804 [http-nio-8090-exec-5] INFO  c.z.f.b.operationlog.aspect.ApiOperationLogAspect - ====== 请求开始: [获取用户计数数据], 入参: {"userId":100}, 请求类: UserCountController, 请求方法: findUserCountData =================================== 
2025-09-19 14:44:40.807 [http-nio-8090-exec-3] INFO  c.z.f.b.operationlog.aspect.ApiOperationLogAspect - ====== 请求结束: [获取用户计数数据], 耗时: 3ms, 出参: {"success":true,"message":null,"errorCode":null,"data":{"userId":100,"fansTotal":3200,"followingTotal":0,"noteTotal":45,"likeTotal":23,"collectTotal":90}} =================================== 
2025-09-19 14:44:40.807 [http-nio-8090-exec-5] INFO  c.z.f.b.operationlog.aspect.ApiOperationLogAspect - ====== 请求结束: [获取用户计数数据], 耗时: 3ms, 出参: {"success":true,"message":null,"errorCode":null,"data":{"userId":100,"fansTotal":3200,"followingTotal":0,"noteTotal":45,"likeTotal":23,"collectTotal":90}} =================================== 
2025-09-19 14:44:40.809 [http-nio-8090-exec-5] INFO  c.z.f.b.context.filter.HeaderUserId2ContextFilter - ===== 删除 ThreadLocal， userId: 100
2025-09-19 14:44:40.809 [http-nio-8090-exec-3] INFO  c.z.f.b.context.filter.HeaderUserId2ContextFilter - ===== 删除 ThreadLocal， userId: 100
2025-09-19 14:44:41.422 [http-nio-8090-exec-7] INFO  c.z.f.b.context.filter.HeaderUserId2ContextFilter - ## HeaderUserId2ContextFilter, 用户 ID: 100
2025-09-19 14:44:41.422 [http-nio-8090-exec-6] INFO  c.z.f.b.context.filter.HeaderUserId2ContextFilter - ## HeaderUserId2ContextFilter, 用户 ID: 100
2025-09-19 14:44:41.424 [http-nio-8090-exec-7] INFO  c.z.f.b.operationlog.aspect.ApiOperationLogAspect - ====== 请求开始: [获取用户计数数据], 入参: {"userId":100}, 请求类: UserCountController, 请求方法: findUserCountData =================================== 
2025-09-19 14:44:41.424 [http-nio-8090-exec-6] INFO  c.z.f.b.operationlog.aspect.ApiOperationLogAspect - ====== 请求开始: [获取用户计数数据], 入参: {"userId":100}, 请求类: UserCountController, 请求方法: findUserCountData =================================== 
2025-09-19 14:44:41.426 [http-nio-8090-exec-7] INFO  c.z.f.b.operationlog.aspect.ApiOperationLogAspect - ====== 请求结束: [获取用户计数数据], 耗时: 3ms, 出参: {"success":true,"message":null,"errorCode":null,"data":{"userId":100,"fansTotal":3200,"followingTotal":0,"noteTotal":45,"likeTotal":23,"collectTotal":90}} =================================== 
2025-09-19 14:44:41.426 [http-nio-8090-exec-6] INFO  c.z.f.b.operationlog.aspect.ApiOperationLogAspect - ====== 请求结束: [获取用户计数数据], 耗时: 3ms, 出参: {"success":true,"message":null,"errorCode":null,"data":{"userId":100,"fansTotal":3200,"followingTotal":0,"noteTotal":45,"likeTotal":23,"collectTotal":90}} =================================== 
2025-09-19 14:44:41.428 [http-nio-8090-exec-7] INFO  c.z.f.b.context.filter.HeaderUserId2ContextFilter - ===== 删除 ThreadLocal， userId: 100
2025-09-19 14:44:41.428 [http-nio-8090-exec-6] INFO  c.z.f.b.context.filter.HeaderUserId2ContextFilter - ===== 删除 ThreadLocal， userId: 100
2025-09-19 14:44:42.005 [http-nio-8090-exec-9] INFO  c.z.f.b.context.filter.HeaderUserId2ContextFilter - ## HeaderUserId2ContextFilter, 用户 ID: 100
2025-09-19 14:44:42.005 [http-nio-8090-exec-4] INFO  c.z.f.b.context.filter.HeaderUserId2ContextFilter - ## HeaderUserId2ContextFilter, 用户 ID: 100
2025-09-19 14:44:42.006 [http-nio-8090-exec-4] INFO  c.z.f.b.operationlog.aspect.ApiOperationLogAspect - ====== 请求开始: [获取用户计数数据], 入参: {"userId":100}, 请求类: UserCountController, 请求方法: findUserCountData =================================== 
2025-09-19 14:44:42.006 [http-nio-8090-exec-9] INFO  c.z.f.b.operationlog.aspect.ApiOperationLogAspect - ====== 请求开始: [获取用户计数数据], 入参: {"userId":100}, 请求类: UserCountController, 请求方法: findUserCountData =================================== 
2025-09-19 14:44:42.008 [http-nio-8090-exec-4] INFO  c.z.f.b.operationlog.aspect.ApiOperationLogAspect - ====== 请求结束: [获取用户计数数据], 耗时: 2ms, 出参: {"success":true,"message":null,"errorCode":null,"data":{"userId":100,"fansTotal":3200,"followingTotal":0,"noteTotal":45,"likeTotal":23,"collectTotal":90}} =================================== 
2025-09-19 14:44:42.008 [http-nio-8090-exec-9] INFO  c.z.f.b.operationlog.aspect.ApiOperationLogAspect - ====== 请求结束: [获取用户计数数据], 耗时: 2ms, 出参: {"success":true,"message":null,"errorCode":null,"data":{"userId":100,"fansTotal":3200,"followingTotal":0,"noteTotal":45,"likeTotal":23,"collectTotal":90}} =================================== 
2025-09-19 14:44:42.010 [http-nio-8090-exec-9] INFO  c.z.f.b.context.filter.HeaderUserId2ContextFilter - ===== 删除 ThreadLocal， userId: 100
2025-09-19 14:44:42.010 [http-nio-8090-exec-4] INFO  c.z.f.b.context.filter.HeaderUserId2ContextFilter - ===== 删除 ThreadLocal， userId: 100
2025-09-19 14:44:42.622 [http-nio-8090-exec-2] INFO  c.z.f.b.context.filter.HeaderUserId2ContextFilter - ## HeaderUserId2ContextFilter, 用户 ID: 100
2025-09-19 14:44:42.623 [http-nio-8090-exec-2] INFO  c.z.f.b.operationlog.aspect.ApiOperationLogAspect - ====== 请求开始: [获取用户计数数据], 入参: {"userId":100}, 请求类: UserCountController, 请求方法: findUserCountData =================================== 
2025-09-19 14:44:42.626 [http-nio-8090-exec-2] INFO  c.z.f.b.operationlog.aspect.ApiOperationLogAspect - ====== 请求结束: [获取用户计数数据], 耗时: 3ms, 出参: {"success":true,"message":null,"errorCode":null,"data":{"userId":100,"fansTotal":3200,"followingTotal":0,"noteTotal":45,"likeTotal":23,"collectTotal":90}} =================================== 
2025-09-19 14:44:42.627 [http-nio-8090-exec-2] INFO  c.z.f.b.context.filter.HeaderUserId2ContextFilter - ===== 删除 ThreadLocal， userId: 100
2025-09-19 14:44:42.636 [http-nio-8090-exec-10] INFO  c.z.f.b.context.filter.HeaderUserId2ContextFilter - ## HeaderUserId2ContextFilter, 用户 ID: 100
2025-09-19 14:44:42.639 [http-nio-8090-exec-10] INFO  c.z.f.b.operationlog.aspect.ApiOperationLogAspect - ====== 请求开始: [获取用户计数数据], 入参: {"userId":100}, 请求类: UserCountController, 请求方法: findUserCountData =================================== 
2025-09-19 14:44:42.642 [http-nio-8090-exec-10] INFO  c.z.f.b.operationlog.aspect.ApiOperationLogAspect - ====== 请求结束: [获取用户计数数据], 耗时: 4ms, 出参: {"success":true,"message":null,"errorCode":null,"data":{"userId":100,"fansTotal":3200,"followingTotal":0,"noteTotal":45,"likeTotal":23,"collectTotal":90}} =================================== 
2025-09-19 14:44:42.644 [http-nio-8090-exec-10] INFO  c.z.f.b.context.filter.HeaderUserId2ContextFilter - ===== 删除 ThreadLocal， userId: 100
2025-09-19 14:45:05.110 [http-nio-8090-exec-1] INFO  c.z.f.b.context.filter.HeaderUserId2ContextFilter - ## HeaderUserId2ContextFilter, 用户 ID: 100
2025-09-19 14:45:05.110 [http-nio-8090-exec-8] INFO  c.z.f.b.context.filter.HeaderUserId2ContextFilter - ## HeaderUserId2ContextFilter, 用户 ID: 100
2025-09-19 14:45:05.111 [http-nio-8090-exec-1] INFO  c.z.f.b.operationlog.aspect.ApiOperationLogAspect - ====== 请求开始: [获取用户计数数据], 入参: {"userId":101}, 请求类: UserCountController, 请求方法: findUserCountData =================================== 
2025-09-19 14:45:05.111 [http-nio-8090-exec-8] INFO  c.z.f.b.operationlog.aspect.ApiOperationLogAspect - ====== 请求开始: [获取用户计数数据], 入参: {"userId":101}, 请求类: UserCountController, 请求方法: findUserCountData =================================== 
2025-09-19 14:45:05.116 [http-nio-8090-exec-8] INFO  c.z.f.b.operationlog.aspect.ApiOperationLogAspect - ====== 请求结束: [获取用户计数数据], 耗时: 5ms, 出参: {"success":true,"message":null,"errorCode":null,"data":{"userId":101,"fansTotal":0,"followingTotal":0,"noteTotal":0,"likeTotal":0,"collectTotal":0}} =================================== 
2025-09-19 14:45:05.116 [http-nio-8090-exec-1] INFO  c.z.f.b.operationlog.aspect.ApiOperationLogAspect - ====== 请求结束: [获取用户计数数据], 耗时: 5ms, 出参: {"success":true,"message":null,"errorCode":null,"data":{"userId":101,"fansTotal":0,"followingTotal":0,"noteTotal":0,"likeTotal":0,"collectTotal":0}} =================================== 
2025-09-19 14:45:05.118 [http-nio-8090-exec-1] INFO  c.z.f.b.context.filter.HeaderUserId2ContextFilter - ===== 删除 ThreadLocal， userId: 100
2025-09-19 14:45:05.118 [http-nio-8090-exec-8] INFO  c.z.f.b.context.filter.HeaderUserId2ContextFilter - ===== 删除 ThreadLocal， userId: 100
2025-09-19 14:45:40.863 [http-nio-8090-exec-3] INFO  c.z.f.b.context.filter.HeaderUserId2ContextFilter - ## HeaderUserId2ContextFilter, 用户 ID: 100
2025-09-19 14:45:40.863 [http-nio-8090-exec-5] INFO  c.z.f.b.context.filter.HeaderUserId2ContextFilter - ## HeaderUserId2ContextFilter, 用户 ID: 100
2025-09-19 14:45:40.865 [http-nio-8090-exec-3] INFO  c.z.f.b.operationlog.aspect.ApiOperationLogAspect - ====== 请求开始: [获取用户计数数据], 入参: {"userId":100}, 请求类: UserCountController, 请求方法: findUserCountData =================================== 
2025-09-19 14:45:40.865 [http-nio-8090-exec-5] INFO  c.z.f.b.operationlog.aspect.ApiOperationLogAspect - ====== 请求开始: [获取用户计数数据], 入参: {"userId":100}, 请求类: UserCountController, 请求方法: findUserCountData =================================== 
2025-09-19 14:45:40.868 [http-nio-8090-exec-3] INFO  c.z.f.b.operationlog.aspect.ApiOperationLogAspect - ====== 请求结束: [获取用户计数数据], 耗时: 3ms, 出参: {"success":true,"message":null,"errorCode":null,"data":{"userId":100,"fansTotal":3200,"followingTotal":0,"noteTotal":45,"likeTotal":23,"collectTotal":90}} =================================== 
2025-09-19 14:45:40.868 [http-nio-8090-exec-5] INFO  c.z.f.b.operationlog.aspect.ApiOperationLogAspect - ====== 请求结束: [获取用户计数数据], 耗时: 3ms, 出参: {"success":true,"message":null,"errorCode":null,"data":{"userId":100,"fansTotal":3200,"followingTotal":0,"noteTotal":45,"likeTotal":23,"collectTotal":90}} =================================== 
2025-09-19 14:45:40.869 [http-nio-8090-exec-3] INFO  c.z.f.b.context.filter.HeaderUserId2ContextFilter - ===== 删除 ThreadLocal， userId: 100
2025-09-19 14:45:40.869 [http-nio-8090-exec-5] INFO  c.z.f.b.context.filter.HeaderUserId2ContextFilter - ===== 删除 ThreadLocal， userId: 100
2025-09-19 14:46:20.448 [http-nio-8090-exec-6] INFO  c.z.f.b.context.filter.HeaderUserId2ContextFilter - ## HeaderUserId2ContextFilter, 用户 ID: 100
2025-09-19 14:46:20.448 [http-nio-8090-exec-7] INFO  c.z.f.b.context.filter.HeaderUserId2ContextFilter - ## HeaderUserId2ContextFilter, 用户 ID: 100
2025-09-19 14:46:20.449 [http-nio-8090-exec-7] INFO  c.z.f.b.operationlog.aspect.ApiOperationLogAspect - ====== 请求开始: [获取用户计数数据], 入参: {"userId":100}, 请求类: UserCountController, 请求方法: findUserCountData =================================== 
2025-09-19 14:46:20.449 [http-nio-8090-exec-6] INFO  c.z.f.b.operationlog.aspect.ApiOperationLogAspect - ====== 请求开始: [获取用户计数数据], 入参: {"userId":100}, 请求类: UserCountController, 请求方法: findUserCountData =================================== 
2025-09-19 14:46:20.452 [http-nio-8090-exec-7] INFO  c.z.f.b.operationlog.aspect.ApiOperationLogAspect - ====== 请求结束: [获取用户计数数据], 耗时: 3ms, 出参: {"success":true,"message":null,"errorCode":null,"data":{"userId":100,"fansTotal":3200,"followingTotal":0,"noteTotal":45,"likeTotal":23,"collectTotal":90}} =================================== 
2025-09-19 14:46:20.452 [http-nio-8090-exec-6] INFO  c.z.f.b.operationlog.aspect.ApiOperationLogAspect - ====== 请求结束: [获取用户计数数据], 耗时: 3ms, 出参: {"success":true,"message":null,"errorCode":null,"data":{"userId":100,"fansTotal":3200,"followingTotal":0,"noteTotal":45,"likeTotal":23,"collectTotal":90}} =================================== 
2025-09-19 14:46:20.453 [http-nio-8090-exec-6] INFO  c.z.f.b.context.filter.HeaderUserId2ContextFilter - ===== 删除 ThreadLocal， userId: 100
2025-09-19 14:46:20.453 [http-nio-8090-exec-7] INFO  c.z.f.b.context.filter.HeaderUserId2ContextFilter - ===== 删除 ThreadLocal， userId: 100
2025-09-19 15:08:08.772 [http-nio-8090-exec-10] INFO  c.z.f.b.context.filter.HeaderUserId2ContextFilter - ## HeaderUserId2ContextFilter, 用户 ID: 100
2025-09-19 15:08:08.772 [http-nio-8090-exec-2] INFO  c.z.f.b.context.filter.HeaderUserId2ContextFilter - ## HeaderUserId2ContextFilter, 用户 ID: 100
2025-09-19 15:08:08.887 [http-nio-8090-exec-2] INFO  c.z.f.b.operationlog.aspect.ApiOperationLogAspect - ====== 请求开始: [获取用户计数数据], 入参: {"userId":100}, 请求类: UserCountController, 请求方法: findUserCountData =================================== 
2025-09-19 15:08:08.887 [http-nio-8090-exec-10] INFO  c.z.f.b.operationlog.aspect.ApiOperationLogAspect - ====== 请求开始: [获取用户计数数据], 入参: {"userId":100}, 请求类: UserCountController, 请求方法: findUserCountData =================================== 
2025-09-19 15:08:08.907 [http-nio-8090-exec-2] INFO  c.z.f.b.operationlog.aspect.ApiOperationLogAspect - ====== 请求结束: [获取用户计数数据], 耗时: 22ms, 出参: {"success":true,"message":null,"errorCode":null,"data":{"userId":100,"fansTotal":3200,"followingTotal":0,"noteTotal":45,"likeTotal":23,"collectTotal":90}} =================================== 
2025-09-19 15:08:08.907 [http-nio-8090-exec-10] INFO  c.z.f.b.operationlog.aspect.ApiOperationLogAspect - ====== 请求结束: [获取用户计数数据], 耗时: 22ms, 出参: {"success":true,"message":null,"errorCode":null,"data":{"userId":100,"fansTotal":3200,"followingTotal":0,"noteTotal":45,"likeTotal":23,"collectTotal":90}} =================================== 
2025-09-19 15:08:08.938 [http-nio-8090-exec-2] INFO  c.z.f.b.context.filter.HeaderUserId2ContextFilter - ===== 删除 ThreadLocal， userId: 100
2025-09-19 15:08:08.938 [http-nio-8090-exec-10] INFO  c.z.f.b.context.filter.HeaderUserId2ContextFilter - ===== 删除 ThreadLocal， userId: 100
2025-09-19 15:08:43.530 [ConsumeMessageThread_xiaohongshu_group_NoteOperateTopic_1] INFO  c.z.x.count.biz.consumer.CountNotePublishConsumer - ==> CountNotePublishConsumer 消费了消息 {"creatorId":100,"noteId":1968935112632438881,"type":1}, tags: publishNote
2025-09-19 15:08:46.533 [http-nio-8090-exec-8] INFO  c.z.f.b.context.filter.HeaderUserId2ContextFilter - ## HeaderUserId2ContextFilter, 用户 ID: 100
2025-09-19 15:08:46.533 [http-nio-8090-exec-1] INFO  c.z.f.b.context.filter.HeaderUserId2ContextFilter - ## HeaderUserId2ContextFilter, 用户 ID: 100
2025-09-19 15:08:46.535 [http-nio-8090-exec-1] INFO  c.z.f.b.operationlog.aspect.ApiOperationLogAspect - ====== 请求开始: [获取用户计数数据], 入参: {"userId":100}, 请求类: UserCountController, 请求方法: findUserCountData =================================== 
2025-09-19 15:08:46.535 [http-nio-8090-exec-8] INFO  c.z.f.b.operationlog.aspect.ApiOperationLogAspect - ====== 请求开始: [获取用户计数数据], 入参: {"userId":100}, 请求类: UserCountController, 请求方法: findUserCountData =================================== 
2025-09-19 15:08:46.539 [http-nio-8090-exec-8] INFO  c.z.f.b.operationlog.aspect.ApiOperationLogAspect - ====== 请求结束: [获取用户计数数据], 耗时: 4ms, 出参: {"success":true,"message":null,"errorCode":null,"data":{"userId":100,"fansTotal":3200,"followingTotal":0,"noteTotal":46,"likeTotal":23,"collectTotal":90}} =================================== 
2025-09-19 15:08:46.539 [http-nio-8090-exec-1] INFO  c.z.f.b.operationlog.aspect.ApiOperationLogAspect - ====== 请求结束: [获取用户计数数据], 耗时: 4ms, 出参: {"success":true,"message":null,"errorCode":null,"data":{"userId":100,"fansTotal":3200,"followingTotal":0,"noteTotal":46,"likeTotal":23,"collectTotal":90}} =================================== 
2025-09-19 15:08:46.540 [http-nio-8090-exec-8] INFO  c.z.f.b.context.filter.HeaderUserId2ContextFilter - ===== 删除 ThreadLocal， userId: 100
2025-09-19 15:08:46.540 [http-nio-8090-exec-1] INFO  c.z.f.b.context.filter.HeaderUserId2ContextFilter - ===== 删除 ThreadLocal， userId: 100
2025-09-19 15:10:22.146 [http-nio-8090-exec-7] INFO  c.z.f.b.context.filter.HeaderUserId2ContextFilter - ## HeaderUserId2ContextFilter, 用户 ID: 100
2025-09-19 15:10:22.146 [http-nio-8090-exec-6] INFO  c.z.f.b.context.filter.HeaderUserId2ContextFilter - ## HeaderUserId2ContextFilter, 用户 ID: 100
2025-09-19 15:10:22.146 [http-nio-8090-exec-6] INFO  c.z.f.b.operationlog.aspect.ApiOperationLogAspect - ====== 请求开始: [获取用户计数数据], 入参: {"userId":100}, 请求类: UserCountController, 请求方法: findUserCountData =================================== 
2025-09-19 15:10:22.146 [http-nio-8090-exec-7] INFO  c.z.f.b.operationlog.aspect.ApiOperationLogAspect - ====== 请求开始: [获取用户计数数据], 入参: {"userId":100}, 请求类: UserCountController, 请求方法: findUserCountData =================================== 
2025-09-19 15:10:22.150 [http-nio-8090-exec-6] INFO  c.z.f.b.operationlog.aspect.ApiOperationLogAspect - ====== 请求结束: [获取用户计数数据], 耗时: 3ms, 出参: {"success":true,"message":null,"errorCode":null,"data":{"userId":100,"fansTotal":3200,"followingTotal":0,"noteTotal":46,"likeTotal":23,"collectTotal":90}} =================================== 
2025-09-19 15:10:22.150 [http-nio-8090-exec-7] INFO  c.z.f.b.operationlog.aspect.ApiOperationLogAspect - ====== 请求结束: [获取用户计数数据], 耗时: 3ms, 出参: {"success":true,"message":null,"errorCode":null,"data":{"userId":100,"fansTotal":3200,"followingTotal":0,"noteTotal":46,"likeTotal":23,"collectTotal":90}} =================================== 
2025-09-19 15:10:22.151 [http-nio-8090-exec-7] INFO  c.z.f.b.context.filter.HeaderUserId2ContextFilter - ===== 删除 ThreadLocal， userId: 100
2025-09-19 15:10:22.151 [http-nio-8090-exec-6] INFO  c.z.f.b.context.filter.HeaderUserId2ContextFilter - ===== 删除 ThreadLocal， userId: 100
2025-09-19 15:10:38.520 [pool-batch-consume-blocking-queue-thread-0] INFO  c.z.x.count.biz.consumer.CountNoteCommentConsumer - ==> 【笔记评论数】聚合消息, size: 1
2025-09-19 15:10:38.520 [pool-batch-consume-blocking-queue-thread-0] INFO  c.z.x.c.biz.consumer.CountNoteChildCommentConsumer - ==> 【笔记二级评论数】聚合消息, size: 1
2025-09-19 15:10:38.531 [pool-batch-consume-blocking-queue-thread-0] INFO  c.z.x.count.biz.consumer.CountNoteCommentConsumer - ==> 【笔记评论数】聚合消息, ["[{\"noteId\":1968935112632438881,\"commentId\":8002,\"level\":1,\"parentId\":1968935112632438881}]"]
2025-09-19 15:10:38.531 [pool-batch-consume-blocking-queue-thread-0] INFO  c.z.x.c.biz.consumer.CountNoteChildCommentConsumer - ==> 【笔记二级评论数】聚合消息, ["[{\"noteId\":1968935112632438881,\"commentId\":8002,\"level\":1,\"parentId\":1968935112632438881}]"]
2025-09-19 15:12:36.040 [http-nio-8090-exec-10] INFO  c.z.f.b.context.filter.HeaderUserId2ContextFilter - ## HeaderUserId2ContextFilter, 用户 ID: 100
2025-09-19 15:12:36.040 [http-nio-8090-exec-2] INFO  c.z.f.b.context.filter.HeaderUserId2ContextFilter - ## HeaderUserId2ContextFilter, 用户 ID: 100
2025-09-19 15:12:36.044 [http-nio-8090-exec-2] INFO  c.z.f.b.operationlog.aspect.ApiOperationLogAspect - ====== 请求开始: [获取用户计数数据], 入参: {"userId":100}, 请求类: UserCountController, 请求方法: findUserCountData =================================== 
2025-09-19 15:12:36.044 [http-nio-8090-exec-10] INFO  c.z.f.b.operationlog.aspect.ApiOperationLogAspect - ====== 请求开始: [获取用户计数数据], 入参: {"userId":100}, 请求类: UserCountController, 请求方法: findUserCountData =================================== 
2025-09-19 15:12:36.047 [http-nio-8090-exec-10] INFO  c.z.f.b.operationlog.aspect.ApiOperationLogAspect - ====== 请求结束: [获取用户计数数据], 耗时: 4ms, 出参: {"success":true,"message":null,"errorCode":null,"data":{"userId":100,"fansTotal":3200,"followingTotal":0,"noteTotal":46,"likeTotal":23,"collectTotal":90}} =================================== 
2025-09-19 15:12:36.047 [http-nio-8090-exec-2] INFO  c.z.f.b.operationlog.aspect.ApiOperationLogAspect - ====== 请求结束: [获取用户计数数据], 耗时: 4ms, 出参: {"success":true,"message":null,"errorCode":null,"data":{"userId":100,"fansTotal":3200,"followingTotal":0,"noteTotal":46,"likeTotal":23,"collectTotal":90}} =================================== 
2025-09-19 15:12:36.049 [http-nio-8090-exec-2] INFO  c.z.f.b.context.filter.HeaderUserId2ContextFilter - ===== 删除 ThreadLocal， userId: 100
2025-09-19 15:12:36.049 [http-nio-8090-exec-10] INFO  c.z.f.b.context.filter.HeaderUserId2ContextFilter - ===== 删除 ThreadLocal， userId: 100
2025-09-19 15:18:39.746 [pool-batch-consume-blocking-queue-thread-0] INFO  c.z.x.count.biz.consumer.CountNoteCommentConsumer - ==> 【笔记评论数】聚合消息, size: 1
2025-09-19 15:18:39.747 [pool-batch-consume-blocking-queue-thread-0] INFO  c.z.x.count.biz.consumer.CountNoteCommentConsumer - ==> 【笔记评论数】聚合消息, ["[{\"noteId\":1968935112632438881,\"commentId\":8003,\"level\":1,\"parentId\":1968935112632438881}]"]
2025-09-19 15:18:40.645 [pool-batch-consume-blocking-queue-thread-0] INFO  c.z.x.c.biz.consumer.CountNoteChildCommentConsumer - ==> 【笔记二级评论数】聚合消息, size: 1
2025-09-19 15:18:40.645 [pool-batch-consume-blocking-queue-thread-0] INFO  c.z.x.c.biz.consumer.CountNoteChildCommentConsumer - ==> 【笔记二级评论数】聚合消息, ["[{\"noteId\":1968935112632438881,\"commentId\":8003,\"level\":1,\"parentId\":1968935112632438881}]"]
2025-09-19 15:22:25.075 [pool-batch-consume-blocking-queue-thread-0] INFO  c.z.x.c.biz.consumer.CountNoteChildCommentConsumer - ==> 【笔记二级评论数】聚合消息, size: 1
2025-09-19 15:22:25.075 [pool-batch-consume-blocking-queue-thread-0] INFO  c.z.x.c.biz.consumer.CountNoteChildCommentConsumer - ==> 【笔记二级评论数】聚合消息, ["[{\"noteId\":1968935112632438881,\"commentId\":8004,\"level\":1,\"parentId\":1968935112632438881}]"]
2025-09-19 15:22:25.171 [pool-batch-consume-blocking-queue-thread-0] INFO  c.z.x.count.biz.consumer.CountNoteCommentConsumer - ==> 【笔记评论数】聚合消息, size: 1
2025-09-19 15:22:25.171 [pool-batch-consume-blocking-queue-thread-0] INFO  c.z.x.count.biz.consumer.CountNoteCommentConsumer - ==> 【笔记评论数】聚合消息, ["[{\"noteId\":1968935112632438881,\"commentId\":8004,\"level\":1,\"parentId\":1968935112632438881}]"]
2025-09-19 15:23:08.937 [http-nio-8090-exec-3] INFO  c.z.f.b.context.filter.HeaderUserId2ContextFilter - ## HeaderUserId2ContextFilter, 用户 ID: 100
2025-09-19 15:23:08.937 [http-nio-8090-exec-5] INFO  c.z.f.b.context.filter.HeaderUserId2ContextFilter - ## HeaderUserId2ContextFilter, 用户 ID: 100
2025-09-19 15:23:08.961 [http-nio-8090-exec-3] INFO  c.z.f.b.operationlog.aspect.ApiOperationLogAspect - ====== 请求开始: [获取用户计数数据], 入参: {"userId":100}, 请求类: UserCountController, 请求方法: findUserCountData =================================== 
2025-09-19 15:23:08.961 [http-nio-8090-exec-5] INFO  c.z.f.b.operationlog.aspect.ApiOperationLogAspect - ====== 请求开始: [获取用户计数数据], 入参: {"userId":100}, 请求类: UserCountController, 请求方法: findUserCountData =================================== 
2025-09-19 15:23:08.964 [http-nio-8090-exec-3] INFO  c.z.f.b.operationlog.aspect.ApiOperationLogAspect - ====== 请求结束: [获取用户计数数据], 耗时: 4ms, 出参: {"success":true,"message":null,"errorCode":null,"data":{"userId":100,"fansTotal":3200,"followingTotal":0,"noteTotal":46,"likeTotal":23,"collectTotal":90}} =================================== 
2025-09-19 15:23:08.964 [http-nio-8090-exec-5] INFO  c.z.f.b.operationlog.aspect.ApiOperationLogAspect - ====== 请求结束: [获取用户计数数据], 耗时: 4ms, 出参: {"success":true,"message":null,"errorCode":null,"data":{"userId":100,"fansTotal":3200,"followingTotal":0,"noteTotal":46,"likeTotal":23,"collectTotal":90}} =================================== 
2025-09-19 15:23:08.974 [http-nio-8090-exec-3] INFO  c.z.f.b.context.filter.HeaderUserId2ContextFilter - ===== 删除 ThreadLocal， userId: 100
2025-09-19 15:23:08.974 [http-nio-8090-exec-5] INFO  c.z.f.b.context.filter.HeaderUserId2ContextFilter - ===== 删除 ThreadLocal， userId: 100
2025-09-19 15:23:36.493 [http-nio-8090-exec-6] INFO  c.z.f.b.context.filter.HeaderUserId2ContextFilter - ## HeaderUserId2ContextFilter, 用户 ID: 100
2025-09-19 15:23:36.493 [http-nio-8090-exec-7] INFO  c.z.f.b.context.filter.HeaderUserId2ContextFilter - ## HeaderUserId2ContextFilter, 用户 ID: 100
2025-09-19 15:23:36.493 [http-nio-8090-exec-7] INFO  c.z.f.b.operationlog.aspect.ApiOperationLogAspect - ====== 请求开始: [获取用户计数数据], 入参: {"userId":100}, 请求类: UserCountController, 请求方法: findUserCountData =================================== 
2025-09-19 15:23:36.493 [http-nio-8090-exec-6] INFO  c.z.f.b.operationlog.aspect.ApiOperationLogAspect - ====== 请求开始: [获取用户计数数据], 入参: {"userId":100}, 请求类: UserCountController, 请求方法: findUserCountData =================================== 
2025-09-19 15:23:36.497 [http-nio-8090-exec-6] INFO  c.z.f.b.operationlog.aspect.ApiOperationLogAspect - ====== 请求结束: [获取用户计数数据], 耗时: 4ms, 出参: {"success":true,"message":null,"errorCode":null,"data":{"userId":100,"fansTotal":3200,"followingTotal":0,"noteTotal":46,"likeTotal":23,"collectTotal":90}} =================================== 
2025-09-19 15:23:36.497 [http-nio-8090-exec-7] INFO  c.z.f.b.operationlog.aspect.ApiOperationLogAspect - ====== 请求结束: [获取用户计数数据], 耗时: 4ms, 出参: {"success":true,"message":null,"errorCode":null,"data":{"userId":100,"fansTotal":3200,"followingTotal":0,"noteTotal":46,"likeTotal":23,"collectTotal":90}} =================================== 
2025-09-19 15:23:36.498 [http-nio-8090-exec-6] INFO  c.z.f.b.context.filter.HeaderUserId2ContextFilter - ===== 删除 ThreadLocal， userId: 100
2025-09-19 15:23:36.498 [http-nio-8090-exec-7] INFO  c.z.f.b.context.filter.HeaderUserId2ContextFilter - ===== 删除 ThreadLocal， userId: 100
2025-09-19 15:23:43.686 [http-nio-8090-exec-4] INFO  c.z.f.b.context.filter.HeaderUserId2ContextFilter - ## HeaderUserId2ContextFilter, 用户 ID: 100
2025-09-19 15:23:43.686 [http-nio-8090-exec-9] INFO  c.z.f.b.context.filter.HeaderUserId2ContextFilter - ## HeaderUserId2ContextFilter, 用户 ID: 100
2025-09-19 15:23:43.687 [http-nio-8090-exec-9] INFO  c.z.f.b.operationlog.aspect.ApiOperationLogAspect - ====== 请求开始: [获取用户计数数据], 入参: {"userId":100}, 请求类: UserCountController, 请求方法: findUserCountData =================================== 
2025-09-19 15:23:43.687 [http-nio-8090-exec-4] INFO  c.z.f.b.operationlog.aspect.ApiOperationLogAspect - ====== 请求开始: [获取用户计数数据], 入参: {"userId":100}, 请求类: UserCountController, 请求方法: findUserCountData =================================== 
2025-09-19 15:23:43.689 [http-nio-8090-exec-9] INFO  c.z.f.b.operationlog.aspect.ApiOperationLogAspect - ====== 请求结束: [获取用户计数数据], 耗时: 3ms, 出参: {"success":true,"message":null,"errorCode":null,"data":{"userId":100,"fansTotal":3200,"followingTotal":0,"noteTotal":46,"likeTotal":23,"collectTotal":90}} =================================== 
2025-09-19 15:23:43.689 [http-nio-8090-exec-4] INFO  c.z.f.b.operationlog.aspect.ApiOperationLogAspect - ====== 请求结束: [获取用户计数数据], 耗时: 3ms, 出参: {"success":true,"message":null,"errorCode":null,"data":{"userId":100,"fansTotal":3200,"followingTotal":0,"noteTotal":46,"likeTotal":23,"collectTotal":90}} =================================== 
2025-09-19 15:23:43.690 [http-nio-8090-exec-4] INFO  c.z.f.b.context.filter.HeaderUserId2ContextFilter - ===== 删除 ThreadLocal， userId: 100
2025-09-19 15:23:43.690 [http-nio-8090-exec-9] INFO  c.z.f.b.context.filter.HeaderUserId2ContextFilter - ===== 删除 ThreadLocal， userId: 100
2025-09-19 15:24:18.547 [http-nio-8090-exec-10] INFO  c.z.f.b.context.filter.HeaderUserId2ContextFilter - ## HeaderUserId2ContextFilter, 用户 ID: 100
2025-09-19 15:24:18.547 [http-nio-8090-exec-2] INFO  c.z.f.b.context.filter.HeaderUserId2ContextFilter - ## HeaderUserId2ContextFilter, 用户 ID: 100
2025-09-19 15:24:18.549 [http-nio-8090-exec-2] INFO  c.z.f.b.operationlog.aspect.ApiOperationLogAspect - ====== 请求开始: [获取用户计数数据], 入参: {"userId":100}, 请求类: UserCountController, 请求方法: findUserCountData =================================== 
2025-09-19 15:24:18.549 [http-nio-8090-exec-10] INFO  c.z.f.b.operationlog.aspect.ApiOperationLogAspect - ====== 请求开始: [获取用户计数数据], 入参: {"userId":100}, 请求类: UserCountController, 请求方法: findUserCountData =================================== 
2025-09-19 15:24:18.551 [http-nio-8090-exec-2] INFO  c.z.f.b.operationlog.aspect.ApiOperationLogAspect - ====== 请求结束: [获取用户计数数据], 耗时: 2ms, 出参: {"success":true,"message":null,"errorCode":null,"data":{"userId":100,"fansTotal":3200,"followingTotal":0,"noteTotal":46,"likeTotal":23,"collectTotal":90}} =================================== 
2025-09-19 15:24:18.551 [http-nio-8090-exec-10] INFO  c.z.f.b.operationlog.aspect.ApiOperationLogAspect - ====== 请求结束: [获取用户计数数据], 耗时: 2ms, 出参: {"success":true,"message":null,"errorCode":null,"data":{"userId":100,"fansTotal":3200,"followingTotal":0,"noteTotal":46,"likeTotal":23,"collectTotal":90}} =================================== 
2025-09-19 15:24:18.552 [http-nio-8090-exec-2] INFO  c.z.f.b.context.filter.HeaderUserId2ContextFilter - ===== 删除 ThreadLocal， userId: 100
2025-09-19 15:24:18.552 [http-nio-8090-exec-10] INFO  c.z.f.b.context.filter.HeaderUserId2ContextFilter - ===== 删除 ThreadLocal， userId: 100
2025-09-19 15:25:09.872 [http-nio-8090-exec-8] INFO  c.z.f.b.context.filter.HeaderUserId2ContextFilter - ## HeaderUserId2ContextFilter, 用户 ID: 100
2025-09-19 15:25:09.873 [http-nio-8090-exec-8] INFO  c.z.f.b.operationlog.aspect.ApiOperationLogAspect - ====== 请求开始: [获取用户计数数据], 入参: {"userId":100}, 请求类: UserCountController, 请求方法: findUserCountData =================================== 
2025-09-19 15:25:09.876 [http-nio-8090-exec-8] INFO  c.z.f.b.operationlog.aspect.ApiOperationLogAspect - ====== 请求结束: [获取用户计数数据], 耗时: 3ms, 出参: {"success":true,"message":null,"errorCode":null,"data":{"userId":100,"fansTotal":3200,"followingTotal":0,"noteTotal":46,"likeTotal":23,"collectTotal":90}} =================================== 
2025-09-19 15:25:09.877 [http-nio-8090-exec-8] INFO  c.z.f.b.context.filter.HeaderUserId2ContextFilter - ===== 删除 ThreadLocal， userId: 100
2025-09-19 15:25:11.197 [http-nio-8090-exec-5] INFO  c.z.f.b.context.filter.HeaderUserId2ContextFilter - ## HeaderUserId2ContextFilter, 用户 ID: 100
2025-09-19 15:25:11.197 [http-nio-8090-exec-1] INFO  c.z.f.b.context.filter.HeaderUserId2ContextFilter - ## HeaderUserId2ContextFilter, 用户 ID: 100
2025-09-19 15:25:11.197 [http-nio-8090-exec-5] INFO  c.z.f.b.operationlog.aspect.ApiOperationLogAspect - ====== 请求开始: [获取用户计数数据], 入参: {"userId":100}, 请求类: UserCountController, 请求方法: findUserCountData =================================== 
2025-09-19 15:25:11.197 [http-nio-8090-exec-1] INFO  c.z.f.b.operationlog.aspect.ApiOperationLogAspect - ====== 请求开始: [获取用户计数数据], 入参: {"userId":100}, 请求类: UserCountController, 请求方法: findUserCountData =================================== 
2025-09-19 15:25:11.199 [http-nio-8090-exec-5] INFO  c.z.f.b.operationlog.aspect.ApiOperationLogAspect - ====== 请求结束: [获取用户计数数据], 耗时: 2ms, 出参: {"success":true,"message":null,"errorCode":null,"data":{"userId":100,"fansTotal":3200,"followingTotal":0,"noteTotal":46,"likeTotal":23,"collectTotal":90}} =================================== 
2025-09-19 15:25:11.200 [http-nio-8090-exec-1] INFO  c.z.f.b.operationlog.aspect.ApiOperationLogAspect - ====== 请求结束: [获取用户计数数据], 耗时: 3ms, 出参: {"success":true,"message":null,"errorCode":null,"data":{"userId":100,"fansTotal":3200,"followingTotal":0,"noteTotal":46,"likeTotal":23,"collectTotal":90}} =================================== 
2025-09-19 15:25:11.200 [http-nio-8090-exec-5] INFO  c.z.f.b.context.filter.HeaderUserId2ContextFilter - ===== 删除 ThreadLocal， userId: 100
2025-09-19 15:25:11.200 [http-nio-8090-exec-1] INFO  c.z.f.b.context.filter.HeaderUserId2ContextFilter - ===== 删除 ThreadLocal， userId: 100
2025-09-19 15:28:56.679 [http-nio-8090-exec-7] INFO  c.z.f.b.context.filter.HeaderUserId2ContextFilter - ## HeaderUserId2ContextFilter, 用户 ID: 100
2025-09-19 15:28:56.679 [http-nio-8090-exec-9] INFO  c.z.f.b.context.filter.HeaderUserId2ContextFilter - ## HeaderUserId2ContextFilter, 用户 ID: 100
2025-09-19 15:28:56.685 [http-nio-8090-exec-7] INFO  c.z.f.b.operationlog.aspect.ApiOperationLogAspect - ====== 请求开始: [获取用户计数数据], 入参: {"userId":100}, 请求类: UserCountController, 请求方法: findUserCountData =================================== 
2025-09-19 15:28:56.685 [http-nio-8090-exec-9] INFO  c.z.f.b.operationlog.aspect.ApiOperationLogAspect - ====== 请求开始: [获取用户计数数据], 入参: {"userId":100}, 请求类: UserCountController, 请求方法: findUserCountData =================================== 
2025-09-19 15:28:56.688 [http-nio-8090-exec-9] INFO  c.z.f.b.operationlog.aspect.ApiOperationLogAspect - ====== 请求结束: [获取用户计数数据], 耗时: 4ms, 出参: {"success":true,"message":null,"errorCode":null,"data":{"userId":100,"fansTotal":3200,"followingTotal":0,"noteTotal":46,"likeTotal":23,"collectTotal":90}} =================================== 
2025-09-19 15:28:56.688 [http-nio-8090-exec-7] INFO  c.z.f.b.operationlog.aspect.ApiOperationLogAspect - ====== 请求结束: [获取用户计数数据], 耗时: 4ms, 出参: {"success":true,"message":null,"errorCode":null,"data":{"userId":100,"fansTotal":3200,"followingTotal":0,"noteTotal":46,"likeTotal":23,"collectTotal":90}} =================================== 
2025-09-19 15:28:56.691 [http-nio-8090-exec-7] INFO  c.z.f.b.context.filter.HeaderUserId2ContextFilter - ===== 删除 ThreadLocal， userId: 100
2025-09-19 15:28:56.691 [http-nio-8090-exec-9] INFO  c.z.f.b.context.filter.HeaderUserId2ContextFilter - ===== 删除 ThreadLocal， userId: 100
2025-09-19 15:29:52.072 [ConsumeMessageThread_xiaohongshu_group_NoteOperateTopic_2] INFO  c.z.x.count.biz.consumer.CountNotePublishConsumer - ==> CountNotePublishConsumer 消费了消息 {"creatorId":100,"noteId":1968940587423895639,"type":1}, tags: publishNote
2025-09-19 15:29:52.409 [http-nio-8090-exec-10] INFO  c.z.f.b.context.filter.HeaderUserId2ContextFilter - ## HeaderUserId2ContextFilter, 用户 ID: 100
2025-09-19 15:29:52.409 [http-nio-8090-exec-4] INFO  c.z.f.b.context.filter.HeaderUserId2ContextFilter - ## HeaderUserId2ContextFilter, 用户 ID: 100
2025-09-19 15:29:52.409 [http-nio-8090-exec-10] INFO  c.z.f.b.operationlog.aspect.ApiOperationLogAspect - ====== 请求开始: [获取用户计数数据], 入参: {"userId":100}, 请求类: UserCountController, 请求方法: findUserCountData =================================== 
2025-09-19 15:29:52.409 [http-nio-8090-exec-4] INFO  c.z.f.b.operationlog.aspect.ApiOperationLogAspect - ====== 请求开始: [获取用户计数数据], 入参: {"userId":100}, 请求类: UserCountController, 请求方法: findUserCountData =================================== 
2025-09-19 15:29:52.413 [http-nio-8090-exec-4] INFO  c.z.f.b.operationlog.aspect.ApiOperationLogAspect - ====== 请求结束: [获取用户计数数据], 耗时: 4ms, 出参: {"success":true,"message":null,"errorCode":null,"data":{"userId":100,"fansTotal":3200,"followingTotal":0,"noteTotal":47,"likeTotal":23,"collectTotal":90}} =================================== 
2025-09-19 15:29:52.414 [http-nio-8090-exec-10] INFO  c.z.f.b.operationlog.aspect.ApiOperationLogAspect - ====== 请求结束: [获取用户计数数据], 耗时: 4ms, 出参: {"success":true,"message":null,"errorCode":null,"data":{"userId":100,"fansTotal":3200,"followingTotal":0,"noteTotal":47,"likeTotal":23,"collectTotal":90}} =================================== 
2025-09-19 15:29:52.415 [http-nio-8090-exec-4] INFO  c.z.f.b.context.filter.HeaderUserId2ContextFilter - ===== 删除 ThreadLocal， userId: 100
2025-09-19 15:29:52.415 [http-nio-8090-exec-10] INFO  c.z.f.b.context.filter.HeaderUserId2ContextFilter - ===== 删除 ThreadLocal， userId: 100
2025-09-19 15:30:01.626 [pool-batch-consume-blocking-queue-thread-0] INFO  c.z.x.count.biz.consumer.CountNoteLikeConsumer - ==> 【笔记点赞数】聚合消息, size: 1
2025-09-19 15:30:01.626 [pool-batch-consume-blocking-queue-thread-0] INFO  c.z.x.count.biz.consumer.CountNoteLikeConsumer - ==> 【笔记点赞数】聚合消息, ["{\"userId\":100,\"noteId\":1968940587423895639,\"type\":1,\"createTime\":\"2025-09-19 15:30:00\",\"noteCreatorId\":100}"]
2025-09-19 15:30:01.785 [pool-batch-consume-blocking-queue-thread-0] INFO  c.z.x.count.biz.consumer.CountNoteLikeConsumer - ## 【笔记点赞数】聚合后的计数数据: [{"creatorId":100,"noteId":1968940587423895639,"count":1}]
2025-09-19 15:30:01.949 [NettyClientPublicExecutor_2] INFO  c.z.x.count.biz.consumer.CountNoteLikeConsumer - ==> 【计数服务：笔记点赞数入库】MQ 发送成功，SendResult: SendResult [sendStatus=SEND_OK, msgId=7F000001A4B063947C6B6005F0100000, offsetMsgId=0A5B8A2E00002A9F0000000000F27C51, messageQueue=MessageQueue [topic=CountNoteLike2DBTTopic, brokerName=broker-a, queueId=1], queueOffset=0]
2025-09-19 15:30:04.099 [pool-batch-consume-blocking-queue-thread-0] INFO  c.z.x.count.biz.consumer.CountNoteCollectConsumer - ==> 【笔记收藏数】聚合消息, size: 1
2025-09-19 15:30:04.099 [pool-batch-consume-blocking-queue-thread-0] INFO  c.z.x.count.biz.consumer.CountNoteCollectConsumer - ==> 【笔记收藏数】聚合消息, ["{\"userId\":100,\"noteId\":1968940587423895639,\"type\":1,\"createTime\":\"2025-09-19 15:30:03\",\"noteCreatorId\":100}"]
2025-09-19 15:30:04.117 [pool-batch-consume-blocking-queue-thread-0] INFO  c.z.x.count.biz.consumer.CountNoteCollectConsumer - ## 【笔记收藏数】聚合后的计数数据: [{"creatorId":100,"noteId":1968940587423895639,"count":1}]
2025-09-19 15:30:04.189 [NettyClientPublicExecutor_3] INFO  c.z.x.count.biz.consumer.CountNoteCollectConsumer - ==> 【计数服务：笔记收藏数入库】MQ 发送成功，SendResult: SendResult [sendStatus=SEND_OK, msgId=7F000001A4B063947C6B6005F8EA0001, offsetMsgId=0A5B8A2E00002A9F0000000000F28144, messageQueue=MessageQueue [topic=CountNoteCollect2DBTTopic, brokerName=broker-a, queueId=3], queueOffset=0]
2025-09-19 15:30:04.910 [ConsumeMessageThread_xiaohongshu_group_CountNoteLike2DBTTopic_1] INFO  c.z.x.count.biz.consumer.CountNoteLike2DBConsumer - ## 消费到了 MQ 【计数: 笔记点赞数入库】, [{"creatorId":100,"noteId":1968940587423895639,"count":1}]...
2025-09-19 15:30:08.925 [pool-batch-consume-blocking-queue-thread-0] INFO  c.z.x.count.biz.consumer.CountNoteLikeConsumer - ==> 【笔记点赞数】聚合消息, size: 1
2025-09-19 15:30:08.925 [pool-batch-consume-blocking-queue-thread-0] INFO  c.z.x.count.biz.consumer.CountNoteLikeConsumer - ==> 【笔记点赞数】聚合消息, ["{\"userId\":100,\"noteId\":1968940587423895639,\"type\":0,\"createTime\":\"2025-09-19 15:30:08\",\"noteCreatorId\":100}"]
2025-09-19 15:30:08.926 [pool-batch-consume-blocking-queue-thread-0] INFO  c.z.x.count.biz.consumer.CountNoteLikeConsumer - ## 【笔记点赞数】聚合后的计数数据: [{"creatorId":100,"noteId":1968940587423895639,"count":-1}]
2025-09-19 15:30:08.942 [NettyClientPublicExecutor_4] INFO  c.z.x.count.biz.consumer.CountNoteLikeConsumer - ==> 【计数服务：笔记点赞数入库】MQ 发送成功，SendResult: SendResult [sendStatus=SEND_OK, msgId=7F000001A4B063947C6B60060BA90002, offsetMsgId=0A5B8A2E00002A9F0000000000F28481, messageQueue=MessageQueue [topic=CountNoteLike2DBTTopic, brokerName=broker-a, queueId=3], queueOffset=0]
2025-09-19 15:30:08.960 [ConsumeMessageThread_xiaohongshu_group_CountNoteLike2DBTTopic_2] INFO  c.z.x.count.biz.consumer.CountNoteLike2DBConsumer - ## 消费到了 MQ 【计数: 笔记点赞数入库】, [{"creatorId":100,"noteId":1968940587423895639,"count":-1}]...
2025-09-19 15:30:10.180 [pool-batch-consume-blocking-queue-thread-0] INFO  c.z.x.count.biz.consumer.CountNoteCollectConsumer - ==> 【笔记收藏数】聚合消息, size: 1
2025-09-19 15:30:10.181 [pool-batch-consume-blocking-queue-thread-0] INFO  c.z.x.count.biz.consumer.CountNoteCollectConsumer - ==> 【笔记收藏数】聚合消息, ["{\"userId\":100,\"noteId\":1968940587423895639,\"type\":0,\"createTime\":\"2025-09-19 15:30:09\",\"noteCreatorId\":100}"]
2025-09-19 15:30:10.182 [pool-batch-consume-blocking-queue-thread-0] INFO  c.z.x.count.biz.consumer.CountNoteCollectConsumer - ## 【笔记收藏数】聚合后的计数数据: [{"creatorId":100,"noteId":1968940587423895639,"count":-1}]
2025-09-19 15:30:10.202 [NettyClientPublicExecutor_5] INFO  c.z.x.count.biz.consumer.CountNoteCollectConsumer - ==> 【计数服务：笔记收藏数入库】MQ 发送成功，SendResult: SendResult [sendStatus=SEND_OK, msgId=7F000001A4B063947C6B600610940003, offsetMsgId=0A5B8A2E00002A9F0000000000F28977, messageQueue=MessageQueue [topic=CountNoteCollect2DBTTopic, brokerName=broker-a, queueId=3], queueOffset=1]
2025-09-19 15:30:44.864 [ConsumeMessageThread_xiaohongshu_group_CountNoteCollect2DBTTopic_2] INFO  c.z.x.c.biz.consumer.CountNoteCollect2DBConsumer - ## 消费到了 MQ 【计数: 笔记收藏数入库】, [{"creatorId":100,"noteId":1968940587423895639,"count":-1}]...
2025-09-19 15:30:44.864 [ConsumeMessageThread_xiaohongshu_group_CountNoteCollect2DBTTopic_1] INFO  c.z.x.c.biz.consumer.CountNoteCollect2DBConsumer - ## 消费到了 MQ 【计数: 笔记收藏数入库】, [{"creatorId":100,"noteId":1968940587423895639,"count":1}]...
2025-09-19 15:31:24.170 [pool-batch-consume-blocking-queue-thread-0] INFO  c.z.x.count.biz.consumer.CountNoteLikeConsumer - ==> 【笔记点赞数】聚合消息, size: 1
2025-09-19 15:31:24.170 [pool-batch-consume-blocking-queue-thread-0] INFO  c.z.x.count.biz.consumer.CountNoteLikeConsumer - ==> 【笔记点赞数】聚合消息, ["{\"userId\":100,\"noteId\":1968940587423895639,\"type\":1,\"createTime\":\"2025-09-19 15:31:23\",\"noteCreatorId\":100}"]
2025-09-19 15:31:24.171 [pool-batch-consume-blocking-queue-thread-0] INFO  c.z.x.count.biz.consumer.CountNoteLikeConsumer - ## 【笔记点赞数】聚合后的计数数据: [{"creatorId":100,"noteId":1968940587423895639,"count":1}]
2025-09-19 15:31:24.179 [NettyClientPublicExecutor_6] INFO  c.z.x.count.biz.consumer.CountNoteLikeConsumer - ==> 【计数服务：笔记点赞数入库】MQ 发送成功，SendResult: SendResult [sendStatus=SEND_OK, msgId=7F000001A4B063947C6B600731910004, offsetMsgId=0A5B8A2E00002A9F0000000000F28CB3, messageQueue=MessageQueue [topic=CountNoteLike2DBTTopic, brokerName=broker-a, queueId=0], queueOffset=0]
2025-09-19 15:31:24.193 [ConsumeMessageThread_xiaohongshu_group_CountNoteLike2DBTTopic_3] INFO  c.z.x.count.biz.consumer.CountNoteLike2DBConsumer - ## 消费到了 MQ 【计数: 笔记点赞数入库】, [{"creatorId":100,"noteId":1968940587423895639,"count":1}]...
2025-09-19 15:31:29.179 [pool-batch-consume-blocking-queue-thread-0] INFO  c.z.x.count.biz.consumer.CountNoteLikeConsumer - ==> 【笔记点赞数】聚合消息, size: 1
2025-09-19 15:31:29.179 [pool-batch-consume-blocking-queue-thread-0] INFO  c.z.x.count.biz.consumer.CountNoteLikeConsumer - ==> 【笔记点赞数】聚合消息, ["{\"userId\":100,\"noteId\":1968940587423895639,\"type\":0,\"createTime\":\"2025-09-19 15:31:29\",\"noteCreatorId\":100}"]
2025-09-19 15:31:29.180 [pool-batch-consume-blocking-queue-thread-0] INFO  c.z.x.count.biz.consumer.CountNoteLikeConsumer - ## 【笔记点赞数】聚合后的计数数据: [{"creatorId":100,"noteId":1968940587423895639,"count":-1}]
2025-09-19 15:31:29.198 [NettyClientPublicExecutor_7] INFO  c.z.x.count.biz.consumer.CountNoteLikeConsumer - ==> 【计数服务：笔记点赞数入库】MQ 发送成功，SendResult: SendResult [sendStatus=SEND_OK, msgId=7F000001A4B063947C6B600745290005, offsetMsgId=0A5B8A2E00002A9F0000000000F28FED, messageQueue=MessageQueue [topic=CountNoteLike2DBTTopic, brokerName=broker-a, queueId=1], queueOffset=1]
2025-09-19 15:31:29.201 [ConsumeMessageThread_xiaohongshu_group_CountNoteLike2DBTTopic_4] INFO  c.z.x.count.biz.consumer.CountNoteLike2DBConsumer - ## 消费到了 MQ 【计数: 笔记点赞数入库】, [{"creatorId":100,"noteId":1968940587423895639,"count":-1}]...
2025-09-19 15:31:30.195 [pool-batch-consume-blocking-queue-thread-0] INFO  c.z.x.count.biz.consumer.CountNoteLikeConsumer - ==> 【笔记点赞数】聚合消息, size: 1
2025-09-19 15:31:30.195 [pool-batch-consume-blocking-queue-thread-0] INFO  c.z.x.count.biz.consumer.CountNoteLikeConsumer - ==> 【笔记点赞数】聚合消息, ["{\"userId\":100,\"noteId\":1968940587423895639,\"type\":1,\"createTime\":\"2025-09-19 15:31:29\",\"noteCreatorId\":100}"]
2025-09-19 15:31:30.195 [pool-batch-consume-blocking-queue-thread-0] INFO  c.z.x.count.biz.consumer.CountNoteLikeConsumer - ## 【笔记点赞数】聚合后的计数数据: [{"creatorId":100,"noteId":1968940587423895639,"count":1}]
2025-09-19 15:31:30.212 [NettyClientPublicExecutor_8] INFO  c.z.x.count.biz.consumer.CountNoteLikeConsumer - ==> 【计数服务：笔记点赞数入库】MQ 发送成功，SendResult: SendResult [sendStatus=SEND_OK, msgId=7F000001A4B063947C6B600749210006, offsetMsgId=0A5B8A2E00002A9F0000000000F29326, messageQueue=MessageQueue [topic=CountNoteLike2DBTTopic, brokerName=broker-a, queueId=2], queueOffset=0]
2025-09-19 15:31:30.227 [ConsumeMessageThread_xiaohongshu_group_CountNoteLike2DBTTopic_5] INFO  c.z.x.count.biz.consumer.CountNoteLike2DBConsumer - ## 消费到了 MQ 【计数: 笔记点赞数入库】, [{"creatorId":100,"noteId":1968940587423895639,"count":1}]...
2025-09-19 15:31:31.209 [pool-batch-consume-blocking-queue-thread-0] INFO  c.z.x.count.biz.consumer.CountNoteLikeConsumer - ==> 【笔记点赞数】聚合消息, size: 1
2025-09-19 15:31:31.210 [pool-batch-consume-blocking-queue-thread-0] INFO  c.z.x.count.biz.consumer.CountNoteLikeConsumer - ==> 【笔记点赞数】聚合消息, ["{\"userId\":100,\"noteId\":1968940587423895639,\"type\":0,\"createTime\":\"2025-09-19 15:31:30\",\"noteCreatorId\":100}"]
2025-09-19 15:31:31.210 [pool-batch-consume-blocking-queue-thread-0] INFO  c.z.x.count.biz.consumer.CountNoteLikeConsumer - ## 【笔记点赞数】聚合后的计数数据: [{"creatorId":100,"noteId":1968940587423895639,"count":-1}]
2025-09-19 15:31:31.226 [NettyClientPublicExecutor_9] INFO  c.z.x.count.biz.consumer.CountNoteLikeConsumer - ==> 【计数服务：笔记点赞数入库】MQ 发送成功，SendResult: SendResult [sendStatus=SEND_OK, msgId=7F000001A4B063947C6B60074D160007, offsetMsgId=0A5B8A2E00002A9F0000000000F29660, messageQueue=MessageQueue [topic=CountNoteLike2DBTTopic, brokerName=broker-a, queueId=3], queueOffset=1]
2025-09-19 15:31:31.229 [ConsumeMessageThread_xiaohongshu_group_CountNoteLike2DBTTopic_6] INFO  c.z.x.count.biz.consumer.CountNoteLike2DBConsumer - ## 消费到了 MQ 【计数: 笔记点赞数入库】, [{"creatorId":100,"noteId":1968940587423895639,"count":-1}]...
2025-09-19 15:31:32.223 [pool-batch-consume-blocking-queue-thread-0] INFO  c.z.x.count.biz.consumer.CountNoteLikeConsumer - ==> 【笔记点赞数】聚合消息, size: 1
2025-09-19 15:31:32.223 [pool-batch-consume-blocking-queue-thread-0] INFO  c.z.x.count.biz.consumer.CountNoteLikeConsumer - ==> 【笔记点赞数】聚合消息, ["{\"userId\":100,\"noteId\":1968940587423895639,\"type\":1,\"createTime\":\"2025-09-19 15:31:31\",\"noteCreatorId\":100}"]
2025-09-19 15:31:32.223 [pool-batch-consume-blocking-queue-thread-0] INFO  c.z.x.count.biz.consumer.CountNoteLikeConsumer - ## 【笔记点赞数】聚合后的计数数据: [{"creatorId":100,"noteId":1968940587423895639,"count":1}]
2025-09-19 15:31:32.237 [NettyClientPublicExecutor_10] INFO  c.z.x.count.biz.consumer.CountNoteLikeConsumer - ==> 【计数服务：笔记点赞数入库】MQ 发送成功，SendResult: SendResult [sendStatus=SEND_OK, msgId=7F000001A4B063947C6B600751090008, offsetMsgId=0A5B8A2E00002A9F0000000000F29999, messageQueue=MessageQueue [topic=CountNoteLike2DBTTopic, brokerName=broker-a, queueId=2], queueOffset=1]
2025-09-19 15:31:32.239 [ConsumeMessageThread_xiaohongshu_group_CountNoteLike2DBTTopic_7] INFO  c.z.x.count.biz.consumer.CountNoteLike2DBConsumer - ## 消费到了 MQ 【计数: 笔记点赞数入库】, [{"creatorId":100,"noteId":1968940587423895639,"count":1}]...
2025-09-19 15:31:33.234 [pool-batch-consume-blocking-queue-thread-0] INFO  c.z.x.count.biz.consumer.CountNoteLikeConsumer - ==> 【笔记点赞数】聚合消息, size: 2
2025-09-19 15:31:33.234 [pool-batch-consume-blocking-queue-thread-0] INFO  c.z.x.count.biz.consumer.CountNoteLikeConsumer - ==> 【笔记点赞数】聚合消息, ["{\"userId\":100,\"noteId\":1968940587423895639,\"type\":0,\"createTime\":\"2025-09-19 15:31:32\",\"noteCreatorId\":100}","{\"userId\":100,\"noteId\":1968940587423895639,\"type\":1,\"createTime\":\"2025-09-19 15:31:32\",\"noteCreatorId\":100}"]
2025-09-19 15:31:33.235 [pool-batch-consume-blocking-queue-thread-0] INFO  c.z.x.count.biz.consumer.CountNoteLikeConsumer - ## 【笔记点赞数】聚合后的计数数据: [{"creatorId":100,"noteId":1968940587423895639,"count":0}]
2025-09-19 15:31:33.254 [NettyClientPublicExecutor_11] INFO  c.z.x.count.biz.consumer.CountNoteLikeConsumer - ==> 【计数服务：笔记点赞数入库】MQ 发送成功，SendResult: SendResult [sendStatus=SEND_OK, msgId=7F000001A4B063947C6B600755020009, offsetMsgId=0A5B8A2E00002A9F0000000000F29E89, messageQueue=MessageQueue [topic=CountNoteLike2DBTTopic, brokerName=broker-a, queueId=1], queueOffset=2]
2025-09-19 15:31:33.257 [ConsumeMessageThread_xiaohongshu_group_CountNoteLike2DBTTopic_8] INFO  c.z.x.count.biz.consumer.CountNoteLike2DBConsumer - ## 消费到了 MQ 【计数: 笔记点赞数入库】, [{"creatorId":100,"noteId":1968940587423895639,"count":0}]...
2025-09-19 15:31:34.251 [pool-batch-consume-blocking-queue-thread-0] INFO  c.z.x.count.biz.consumer.CountNoteLikeConsumer - ==> 【笔记点赞数】聚合消息, size: 2
2025-09-19 15:31:34.251 [pool-batch-consume-blocking-queue-thread-0] INFO  c.z.x.count.biz.consumer.CountNoteLikeConsumer - ==> 【笔记点赞数】聚合消息, ["{\"userId\":100,\"noteId\":1968940587423895639,\"type\":0,\"createTime\":\"2025-09-19 15:31:33\",\"noteCreatorId\":100}","{\"userId\":100,\"noteId\":1968940587423895639,\"type\":1,\"createTime\":\"2025-09-19 15:31:34\",\"noteCreatorId\":100}"]
2025-09-19 15:31:34.251 [pool-batch-consume-blocking-queue-thread-0] INFO  c.z.x.count.biz.consumer.CountNoteLikeConsumer - ## 【笔记点赞数】聚合后的计数数据: [{"creatorId":100,"noteId":1968940587423895639,"count":0}]
2025-09-19 15:31:34.259 [NettyClientPublicExecutor_12] INFO  c.z.x.count.biz.consumer.CountNoteLikeConsumer - ==> 【计数服务：笔记点赞数入库】MQ 发送成功，SendResult: SendResult [sendStatus=SEND_OK, msgId=7F000001A4B063947C6B600758F1000A, offsetMsgId=0A5B8A2E00002A9F0000000000F2A379, messageQueue=MessageQueue [topic=CountNoteLike2DBTTopic, brokerName=broker-a, queueId=3], queueOffset=2]
2025-09-19 15:31:34.262 [ConsumeMessageThread_xiaohongshu_group_CountNoteLike2DBTTopic_9] INFO  c.z.x.count.biz.consumer.CountNoteLike2DBConsumer - ## 消费到了 MQ 【计数: 笔记点赞数入库】, [{"creatorId":100,"noteId":1968940587423895639,"count":0}]...
2025-09-19 15:31:35.258 [pool-batch-consume-blocking-queue-thread-0] INFO  c.z.x.count.biz.consumer.CountNoteLikeConsumer - ==> 【笔记点赞数】聚合消息, size: 2
2025-09-19 15:31:35.258 [pool-batch-consume-blocking-queue-thread-0] INFO  c.z.x.count.biz.consumer.CountNoteLikeConsumer - ==> 【笔记点赞数】聚合消息, ["{\"userId\":100,\"noteId\":1968940587423895639,\"type\":0,\"createTime\":\"2025-09-19 15:31:34\",\"noteCreatorId\":100}","{\"userId\":100,\"noteId\":1968940587423895639,\"type\":1,\"createTime\":\"2025-09-19 15:31:34\",\"noteCreatorId\":100}"]
2025-09-19 15:31:35.258 [pool-batch-consume-blocking-queue-thread-0] INFO  c.z.x.count.biz.consumer.CountNoteLikeConsumer - ## 【笔记点赞数】聚合后的计数数据: [{"creatorId":100,"noteId":1968940587423895639,"count":0}]
2025-09-19 15:31:35.268 [NettyClientPublicExecutor_13] INFO  c.z.x.count.biz.consumer.CountNoteLikeConsumer - ==> 【计数服务：笔记点赞数入库】MQ 发送成功，SendResult: SendResult [sendStatus=SEND_OK, msgId=7F000001A4B063947C6B60075CE1000B, offsetMsgId=0A5B8A2E00002A9F0000000000F2A869, messageQueue=MessageQueue [topic=CountNoteLike2DBTTopic, brokerName=broker-a, queueId=3], queueOffset=3]
2025-09-19 15:31:35.269 [ConsumeMessageThread_xiaohongshu_group_CountNoteLike2DBTTopic_10] INFO  c.z.x.count.biz.consumer.CountNoteLike2DBConsumer - ## 消费到了 MQ 【计数: 笔记点赞数入库】, [{"creatorId":100,"noteId":1968940587423895639,"count":0}]...
2025-09-19 15:31:36.267 [pool-batch-consume-blocking-queue-thread-0] INFO  c.z.x.count.biz.consumer.CountNoteLikeConsumer - ==> 【笔记点赞数】聚合消息, size: 5
2025-09-19 15:31:36.267 [pool-batch-consume-blocking-queue-thread-0] INFO  c.z.x.count.biz.consumer.CountNoteLikeConsumer - ==> 【笔记点赞数】聚合消息, ["{\"userId\":100,\"noteId\":1968940587423895639,\"type\":0,\"createTime\":\"2025-09-19 15:31:35\",\"noteCreatorId\":100}","{\"userId\":100,\"noteId\":1968940587423895639,\"type\":1,\"createTime\":\"2025-09-19 15:31:35\",\"noteCreatorId\":100}","{\"userId\":100,\"noteId\":1968940587423895639,\"type\":0,\"createTime\":\"2025-09-19 15:31:35\",\"noteCreatorId\":100}","{\"userId\":100,\"noteId\":1968940587423895639,\"type\":1,\"createTime\":\"2025-09-19 15:31:35\",\"noteCreatorId\":100}","{\"userId\":100,\"noteId\":1968940587423895639,\"type\":0,\"createTime\":\"2025-09-19 15:31:36\",\"noteCreatorId\":100}"]
2025-09-19 15:31:36.272 [pool-batch-consume-blocking-queue-thread-0] INFO  c.z.x.count.biz.consumer.CountNoteLikeConsumer - ## 【笔记点赞数】聚合后的计数数据: [{"creatorId":100,"noteId":1968940587423895639,"count":-1}]
2025-09-19 15:31:36.288 [NettyClientPublicExecutor_14] INFO  c.z.x.count.biz.consumer.CountNoteLikeConsumer - ==> 【计数服务：笔记点赞数入库】MQ 发送成功，SendResult: SendResult [sendStatus=SEND_OK, msgId=7F000001A4B063947C6B600760DD000C, offsetMsgId=0A5B8A2E00002A9F0000000000F2B27F, messageQueue=MessageQueue [topic=CountNoteLike2DBTTopic, brokerName=broker-a, queueId=0], queueOffset=1]
2025-09-19 15:31:36.291 [ConsumeMessageThread_xiaohongshu_group_CountNoteLike2DBTTopic_11] INFO  c.z.x.count.biz.consumer.CountNoteLike2DBConsumer - ## 消费到了 MQ 【计数: 笔记点赞数入库】, [{"creatorId":100,"noteId":1968940587423895639,"count":-1}]...
2025-09-19 15:31:37.285 [pool-batch-consume-blocking-queue-thread-0] INFO  c.z.x.count.biz.consumer.CountNoteLikeConsumer - ==> 【笔记点赞数】聚合消息, size: 4
2025-09-19 15:31:37.285 [pool-batch-consume-blocking-queue-thread-0] INFO  c.z.x.count.biz.consumer.CountNoteLikeConsumer - ==> 【笔记点赞数】聚合消息, ["{\"userId\":100,\"noteId\":1968940587423895639,\"type\":1,\"createTime\":\"2025-09-19 15:31:36\",\"noteCreatorId\":100}","{\"userId\":100,\"noteId\":1968940587423895639,\"type\":0,\"createTime\":\"2025-09-19 15:31:36\",\"noteCreatorId\":100}","{\"userId\":100,\"noteId\":1968940587423895639,\"type\":1,\"createTime\":\"2025-09-19 15:31:36\",\"noteCreatorId\":100}","{\"userId\":100,\"noteId\":1968940587423895639,\"type\":0,\"createTime\":\"2025-09-19 15:31:37\",\"noteCreatorId\":100}"]
2025-09-19 15:31:37.286 [pool-batch-consume-blocking-queue-thread-0] INFO  c.z.x.count.biz.consumer.CountNoteLikeConsumer - ## 【笔记点赞数】聚合后的计数数据: [{"creatorId":100,"noteId":1968940587423895639,"count":0}]
2025-09-19 15:31:37.301 [NettyClientPublicExecutor_15] INFO  c.z.x.count.biz.consumer.CountNoteLikeConsumer - ==> 【计数服务：笔记点赞数入库】MQ 发送成功，SendResult: SendResult [sendStatus=SEND_OK, msgId=7F000001A4B063947C6B600764D0000D, offsetMsgId=0A5B8A2E00002A9F0000000000F2BADE, messageQueue=MessageQueue [topic=CountNoteLike2DBTTopic, brokerName=broker-a, queueId=2], queueOffset=2]
2025-09-19 15:31:37.304 [ConsumeMessageThread_xiaohongshu_group_CountNoteLike2DBTTopic_12] INFO  c.z.x.count.biz.consumer.CountNoteLike2DBConsumer - ## 消费到了 MQ 【计数: 笔记点赞数入库】, [{"creatorId":100,"noteId":1968940587423895639,"count":0}]...
2025-09-19 15:31:38.297 [pool-batch-consume-blocking-queue-thread-0] INFO  c.z.x.count.biz.consumer.CountNoteLikeConsumer - ==> 【笔记点赞数】聚合消息, size: 4
2025-09-19 15:31:38.297 [pool-batch-consume-blocking-queue-thread-0] INFO  c.z.x.count.biz.consumer.CountNoteLikeConsumer - ==> 【笔记点赞数】聚合消息, ["{\"userId\":100,\"noteId\":1968940587423895639,\"type\":1,\"createTime\":\"2025-09-19 15:31:37\",\"noteCreatorId\":100}","{\"userId\":100,\"noteId\":1968940587423895639,\"type\":0,\"createTime\":\"2025-09-19 15:31:37\",\"noteCreatorId\":100}","{\"userId\":100,\"noteId\":1968940587423895639,\"type\":1,\"createTime\":\"2025-09-19 15:31:37\",\"noteCreatorId\":100}","{\"userId\":100,\"noteId\":1968940587423895639,\"type\":0,\"createTime\":\"2025-09-19 15:31:38\",\"noteCreatorId\":100}"]
2025-09-19 15:31:38.298 [pool-batch-consume-blocking-queue-thread-0] INFO  c.z.x.count.biz.consumer.CountNoteLikeConsumer - ## 【笔记点赞数】聚合后的计数数据: [{"creatorId":100,"noteId":1968940587423895639,"count":0}]
2025-09-19 15:31:38.312 [NettyClientPublicExecutor_16] INFO  c.z.x.count.biz.consumer.CountNoteLikeConsumer - ==> 【计数服务：笔记点赞数入库】MQ 发送成功，SendResult: SendResult [sendStatus=SEND_OK, msgId=7F000001A4B063947C6B600768C4000E, offsetMsgId=0A5B8A2E00002A9F0000000000F2C33C, messageQueue=MessageQueue [topic=CountNoteLike2DBTTopic, brokerName=broker-a, queueId=2], queueOffset=3]
2025-09-19 15:31:38.313 [ConsumeMessageThread_xiaohongshu_group_CountNoteLike2DBTTopic_13] INFO  c.z.x.count.biz.consumer.CountNoteLike2DBConsumer - ## 消费到了 MQ 【计数: 笔记点赞数入库】, [{"creatorId":100,"noteId":1968940587423895639,"count":0}]...
2025-09-19 15:31:39.309 [pool-batch-consume-blocking-queue-thread-0] INFO  c.z.x.count.biz.consumer.CountNoteLikeConsumer - ==> 【笔记点赞数】聚合消息, size: 3
2025-09-19 15:31:39.310 [pool-batch-consume-blocking-queue-thread-0] INFO  c.z.x.count.biz.consumer.CountNoteLikeConsumer - ==> 【笔记点赞数】聚合消息, ["{\"userId\":100,\"noteId\":1968940587423895639,\"type\":1,\"createTime\":\"2025-09-19 15:31:38\",\"noteCreatorId\":100}","{\"userId\":100,\"noteId\":1968940587423895639,\"type\":0,\"createTime\":\"2025-09-19 15:31:38\",\"noteCreatorId\":100}","{\"userId\":100,\"noteId\":1968940587423895639,\"type\":1,\"createTime\":\"2025-09-19 15:31:39\",\"noteCreatorId\":100}"]
2025-09-19 15:31:39.310 [pool-batch-consume-blocking-queue-thread-0] INFO  c.z.x.count.biz.consumer.CountNoteLikeConsumer - ## 【笔记点赞数】聚合后的计数数据: [{"creatorId":100,"noteId":1968940587423895639,"count":1}]
2025-09-19 15:31:39.328 [NettyClientPublicExecutor_1] INFO  c.z.x.count.biz.consumer.CountNoteLikeConsumer - ==> 【计数服务：笔记点赞数入库】MQ 发送成功，SendResult: SendResult [sendStatus=SEND_OK, msgId=7F000001A4B063947C6B60076CBC000F, offsetMsgId=0A5B8A2E00002A9F0000000000F2C9E2, messageQueue=MessageQueue [topic=CountNoteLike2DBTTopic, brokerName=broker-a, queueId=0], queueOffset=2]
2025-09-19 15:31:39.328 [ConsumeMessageThread_xiaohongshu_group_CountNoteLike2DBTTopic_14] INFO  c.z.x.count.biz.consumer.CountNoteLike2DBConsumer - ## 消费到了 MQ 【计数: 笔记点赞数入库】, [{"creatorId":100,"noteId":1968940587423895639,"count":1}]...
2025-09-19 15:31:40.324 [pool-batch-consume-blocking-queue-thread-0] INFO  c.z.x.count.biz.consumer.CountNoteLikeConsumer - ==> 【笔记点赞数】聚合消息, size: 4
2025-09-19 15:31:40.324 [pool-batch-consume-blocking-queue-thread-0] INFO  c.z.x.count.biz.consumer.CountNoteLikeConsumer - ==> 【笔记点赞数】聚合消息, ["{\"userId\":100,\"noteId\":1968940587423895639,\"type\":0,\"createTime\":\"2025-09-19 15:31:39\",\"noteCreatorId\":100}","{\"userId\":100,\"noteId\":1968940587423895639,\"type\":1,\"createTime\":\"2025-09-19 15:31:39\",\"noteCreatorId\":100}","{\"userId\":100,\"noteId\":1968940587423895639,\"type\":0,\"createTime\":\"2025-09-19 15:31:39\",\"noteCreatorId\":100}","{\"userId\":100,\"noteId\":1968940587423895639,\"type\":1,\"createTime\":\"2025-09-19 15:31:40\",\"noteCreatorId\":100}"]
2025-09-19 15:31:40.324 [pool-batch-consume-blocking-queue-thread-0] INFO  c.z.x.count.biz.consumer.CountNoteLikeConsumer - ## 【笔记点赞数】聚合后的计数数据: [{"creatorId":100,"noteId":1968940587423895639,"count":0}]
2025-09-19 15:31:40.334 [NettyClientPublicExecutor_2] INFO  c.z.x.count.biz.consumer.CountNoteLikeConsumer - ==> 【计数服务：笔记点赞数入库】MQ 发送成功，SendResult: SendResult [sendStatus=SEND_OK, msgId=7F000001A4B063947C6B600770AC0010, offsetMsgId=0A5B8A2E00002A9F0000000000F2D240, messageQueue=MessageQueue [topic=CountNoteLike2DBTTopic, brokerName=broker-a, queueId=0], queueOffset=3]
2025-09-19 15:31:40.336 [ConsumeMessageThread_xiaohongshu_group_CountNoteLike2DBTTopic_15] INFO  c.z.x.count.biz.consumer.CountNoteLike2DBConsumer - ## 消费到了 MQ 【计数: 笔记点赞数入库】, [{"creatorId":100,"noteId":1968940587423895639,"count":0}]...
2025-09-19 15:31:41.333 [pool-batch-consume-blocking-queue-thread-0] INFO  c.z.x.count.biz.consumer.CountNoteLikeConsumer - ==> 【笔记点赞数】聚合消息, size: 2
2025-09-19 15:31:41.333 [pool-batch-consume-blocking-queue-thread-0] INFO  c.z.x.count.biz.consumer.CountNoteLikeConsumer - ==> 【笔记点赞数】聚合消息, ["{\"userId\":100,\"noteId\":1968940587423895639,\"type\":0,\"createTime\":\"2025-09-19 15:31:40\",\"noteCreatorId\":100}","{\"userId\":100,\"noteId\":1968940587423895639,\"type\":1,\"createTime\":\"2025-09-19 15:31:40\",\"noteCreatorId\":100}"]
2025-09-19 15:31:41.333 [pool-batch-consume-blocking-queue-thread-0] INFO  c.z.x.count.biz.consumer.CountNoteLikeConsumer - ## 【笔记点赞数】聚合后的计数数据: [{"creatorId":100,"noteId":1968940587423895639,"count":0}]
2025-09-19 15:31:41.344 [NettyClientPublicExecutor_3] INFO  c.z.x.count.biz.consumer.CountNoteLikeConsumer - ==> 【计数服务：笔记点赞数入库】MQ 发送成功，SendResult: SendResult [sendStatus=SEND_OK, msgId=7F000001A4B063947C6B6007749E0011, offsetMsgId=0A5B8A2E00002A9F0000000000F2D730, messageQueue=MessageQueue [topic=CountNoteLike2DBTTopic, brokerName=broker-a, queueId=3], queueOffset=4]
2025-09-19 15:31:41.347 [ConsumeMessageThread_xiaohongshu_group_CountNoteLike2DBTTopic_16] INFO  c.z.x.count.biz.consumer.CountNoteLike2DBConsumer - ## 消费到了 MQ 【计数: 笔记点赞数入库】, [{"creatorId":100,"noteId":1968940587423895639,"count":0}]...
2025-09-19 15:31:42.343 [pool-batch-consume-blocking-queue-thread-0] INFO  c.z.x.count.biz.consumer.CountNoteLikeConsumer - ==> 【笔记点赞数】聚合消息, size: 1
2025-09-19 15:31:42.343 [pool-batch-consume-blocking-queue-thread-0] INFO  c.z.x.count.biz.consumer.CountNoteLikeConsumer - ==> 【笔记点赞数】聚合消息, ["{\"userId\":100,\"noteId\":1968940587423895639,\"type\":0,\"createTime\":\"2025-09-19 15:31:41\",\"noteCreatorId\":100}"]
2025-09-19 15:31:42.343 [pool-batch-consume-blocking-queue-thread-0] INFO  c.z.x.count.biz.consumer.CountNoteLikeConsumer - ## 【笔记点赞数】聚合后的计数数据: [{"creatorId":100,"noteId":1968940587423895639,"count":-1}]
2025-09-19 15:31:42.355 [NettyClientPublicExecutor_4] INFO  c.z.x.count.biz.consumer.CountNoteLikeConsumer - ==> 【计数服务：笔记点赞数入库】MQ 发送成功，SendResult: SendResult [sendStatus=SEND_OK, msgId=7F000001A4B063947C6B600778900012, offsetMsgId=0A5B8A2E00002A9F0000000000F2DA6A, messageQueue=MessageQueue [topic=CountNoteLike2DBTTopic, brokerName=broker-a, queueId=3], queueOffset=5]
2025-09-19 15:31:42.358 [ConsumeMessageThread_xiaohongshu_group_CountNoteLike2DBTTopic_17] INFO  c.z.x.count.biz.consumer.CountNoteLike2DBConsumer - ## 消费到了 MQ 【计数: 笔记点赞数入库】, [{"creatorId":100,"noteId":1968940587423895639,"count":-1}]...
2025-09-19 15:31:45.354 [pool-batch-consume-blocking-queue-thread-0] INFO  c.z.x.count.biz.consumer.CountNoteLikeConsumer - ==> 【笔记点赞数】聚合消息, size: 1
2025-09-19 15:31:45.354 [pool-batch-consume-blocking-queue-thread-0] INFO  c.z.x.count.biz.consumer.CountNoteLikeConsumer - ==> 【笔记点赞数】聚合消息, ["{\"userId\":100,\"noteId\":1968940587423895639,\"type\":1,\"createTime\":\"2025-09-19 15:31:44\",\"noteCreatorId\":100}"]
2025-09-19 15:31:45.354 [pool-batch-consume-blocking-queue-thread-0] INFO  c.z.x.count.biz.consumer.CountNoteLikeConsumer - ## 【笔记点赞数】聚合后的计数数据: [{"creatorId":100,"noteId":1968940587423895639,"count":1}]
2025-09-19 15:31:45.362 [NettyClientPublicExecutor_5] INFO  c.z.x.count.biz.consumer.CountNoteLikeConsumer - ==> 【计数服务：笔记点赞数入库】MQ 发送成功，SendResult: SendResult [sendStatus=SEND_OK, msgId=7F000001A4B063947C6B600784500013, offsetMsgId=0A5B8A2E00002A9F0000000000F2DDA3, messageQueue=MessageQueue [topic=CountNoteLike2DBTTopic, brokerName=broker-a, queueId=0], queueOffset=4]
2025-09-19 15:31:45.365 [ConsumeMessageThread_xiaohongshu_group_CountNoteLike2DBTTopic_18] INFO  c.z.x.count.biz.consumer.CountNoteLike2DBConsumer - ## 消费到了 MQ 【计数: 笔记点赞数入库】, [{"creatorId":100,"noteId":1968940587423895639,"count":1}]...
2025-09-19 15:31:50.445 [pool-batch-consume-blocking-queue-thread-0] INFO  c.z.x.count.biz.consumer.CountNoteCollectConsumer - ==> 【笔记收藏数】聚合消息, size: 4
2025-09-19 15:31:50.445 [pool-batch-consume-blocking-queue-thread-0] INFO  c.z.x.count.biz.consumer.CountNoteCollectConsumer - ==> 【笔记收藏数】聚合消息, ["{\"userId\":100,\"noteId\":1968940587423895639,\"type\":1,\"createTime\":\"2025-09-19 15:31:49\",\"noteCreatorId\":100}","{\"userId\":100,\"noteId\":1968940587423895639,\"type\":0,\"createTime\":\"2025-09-19 15:31:50\",\"noteCreatorId\":100}","{\"userId\":100,\"noteId\":1968940587423895639,\"type\":1,\"createTime\":\"2025-09-19 15:31:50\",\"noteCreatorId\":100}","{\"userId\":100,\"noteId\":1968940587423895639,\"type\":0,\"createTime\":\"2025-09-19 15:31:50\",\"noteCreatorId\":100}"]
2025-09-19 15:31:50.445 [pool-batch-consume-blocking-queue-thread-0] INFO  c.z.x.count.biz.consumer.CountNoteCollectConsumer - ## 【笔记收藏数】聚合后的计数数据: [{"creatorId":100,"noteId":1968940587423895639,"count":0}]
2025-09-19 15:31:50.463 [NettyClientPublicExecutor_6] INFO  c.z.x.count.biz.consumer.CountNoteCollectConsumer - ==> 【计数服务：笔记收藏数入库】MQ 发送成功，SendResult: SendResult [sendStatus=SEND_OK, msgId=7F000001A4B063947C6B6007983C0014, offsetMsgId=0A5B8A2E00002A9F0000000000F2ECED, messageQueue=MessageQueue [topic=CountNoteCollect2DBTTopic, brokerName=broker-a, queueId=3], queueOffset=2]
2025-09-19 15:31:50.466 [ConsumeMessageThread_xiaohongshu_group_CountNoteCollect2DBTTopic_3] INFO  c.z.x.c.biz.consumer.CountNoteCollect2DBConsumer - ## 消费到了 MQ 【计数: 笔记收藏数入库】, [{"creatorId":100,"noteId":1968940587423895639,"count":0}]...
2025-09-19 15:31:51.461 [pool-batch-consume-blocking-queue-thread-0] INFO  c.z.x.count.biz.consumer.CountNoteCollectConsumer - ==> 【笔记收藏数】聚合消息, size: 6
2025-09-19 15:31:51.461 [pool-batch-consume-blocking-queue-thread-0] INFO  c.z.x.count.biz.consumer.CountNoteCollectConsumer - ==> 【笔记收藏数】聚合消息, ["{\"userId\":100,\"noteId\":1968940587423895639,\"type\":1,\"createTime\":\"2025-09-19 15:31:50\",\"noteCreatorId\":100}","{\"userId\":100,\"noteId\":1968940587423895639,\"type\":0,\"createTime\":\"2025-09-19 15:31:50\",\"noteCreatorId\":100}","{\"userId\":100,\"noteId\":1968940587423895639,\"type\":1,\"createTime\":\"2025-09-19 15:31:50\",\"noteCreatorId\":100}","{\"userId\":100,\"noteId\":1968940587423895639,\"type\":0,\"createTime\":\"2025-09-19 15:31:51\",\"noteCreatorId\":100}","{\"userId\":100,\"noteId\":1968940587423895639,\"type\":1,\"createTime\":\"2025-09-19 15:31:51\",\"noteCreatorId\":100}","{\"userId\":100,\"noteId\":1968940587423895639,\"type\":0,\"createTime\":\"2025-09-19 15:31:51\",\"noteCreatorId\":100}"]
2025-09-19 15:31:51.461 [pool-batch-consume-blocking-queue-thread-0] INFO  c.z.x.count.biz.consumer.CountNoteCollectConsumer - ## 【笔记收藏数】聚合后的计数数据: [{"creatorId":100,"noteId":1968940587423895639,"count":0}]
2025-09-19 15:31:51.475 [NettyClientPublicExecutor_7] INFO  c.z.x.count.biz.consumer.CountNoteCollectConsumer - ==> 【计数服务：笔记收藏数入库】MQ 发送成功，SendResult: SendResult [sendStatus=SEND_OK, msgId=7F000001A4B063947C6B60079C300015, offsetMsgId=0A5B8A2E00002A9F0000000000F3031E, messageQueue=MessageQueue [topic=CountNoteCollect2DBTTopic, brokerName=broker-a, queueId=2], queueOffset=0]
2025-09-19 15:31:51.489 [ConsumeMessageThread_xiaohongshu_group_CountNoteCollect2DBTTopic_4] INFO  c.z.x.c.biz.consumer.CountNoteCollect2DBConsumer - ## 消费到了 MQ 【计数: 笔记收藏数入库】, [{"creatorId":100,"noteId":1968940587423895639,"count":0}]...
2025-09-19 15:31:52.472 [pool-batch-consume-blocking-queue-thread-0] INFO  c.z.x.count.biz.consumer.CountNoteCollectConsumer - ==> 【笔记收藏数】聚合消息, size: 2
2025-09-19 15:31:52.472 [pool-batch-consume-blocking-queue-thread-0] INFO  c.z.x.count.biz.consumer.CountNoteCollectConsumer - ==> 【笔记收藏数】聚合消息, ["{\"userId\":100,\"noteId\":1968940587423895639,\"type\":1,\"createTime\":\"2025-09-19 15:31:51\",\"noteCreatorId\":100}","{\"userId\":100,\"noteId\":1968940587423895639,\"type\":0,\"createTime\":\"2025-09-19 15:31:51\",\"noteCreatorId\":100}"]
2025-09-19 15:31:52.473 [pool-batch-consume-blocking-queue-thread-0] INFO  c.z.x.count.biz.consumer.CountNoteCollectConsumer - ## 【笔记收藏数】聚合后的计数数据: [{"creatorId":100,"noteId":1968940587423895639,"count":0}]
2025-09-19 15:31:52.484 [NettyClientPublicExecutor_8] INFO  c.z.x.count.biz.consumer.CountNoteCollectConsumer - ==> 【计数服务：笔记收藏数入库】MQ 发送成功，SendResult: SendResult [sendStatus=SEND_OK, msgId=7F000001A4B063947C6B6007A0210016, offsetMsgId=0A5B8A2E00002A9F0000000000F30D46, messageQueue=MessageQueue [topic=CountNoteCollect2DBTTopic, brokerName=broker-a, queueId=2], queueOffset=1]
2025-09-19 15:31:52.487 [ConsumeMessageThread_xiaohongshu_group_CountNoteCollect2DBTTopic_5] INFO  c.z.x.c.biz.consumer.CountNoteCollect2DBConsumer - ## 消费到了 MQ 【计数: 笔记收藏数入库】, [{"creatorId":100,"noteId":1968940587423895639,"count":0}]...
2025-09-19 15:31:53.481 [pool-batch-consume-blocking-queue-thread-0] INFO  c.z.x.count.biz.consumer.CountNoteCollectConsumer - ==> 【笔记收藏数】聚合消息, size: 1
2025-09-19 15:31:53.481 [pool-batch-consume-blocking-queue-thread-0] INFO  c.z.x.count.biz.consumer.CountNoteCollectConsumer - ==> 【笔记收藏数】聚合消息, ["{\"userId\":100,\"noteId\":1968940587423895639,\"type\":1,\"createTime\":\"2025-09-19 15:31:52\",\"noteCreatorId\":100}"]
2025-09-19 15:31:53.481 [pool-batch-consume-blocking-queue-thread-0] INFO  c.z.x.count.biz.consumer.CountNoteCollectConsumer - ## 【笔记收藏数】聚合后的计数数据: [{"creatorId":100,"noteId":1968940587423895639,"count":1}]
2025-09-19 15:31:53.498 [NettyClientPublicExecutor_9] INFO  c.z.x.count.biz.consumer.CountNoteCollectConsumer - ==> 【计数服务：笔记收藏数入库】MQ 发送成功，SendResult: SendResult [sendStatus=SEND_OK, msgId=7F000001A4B063947C6B6007A4150017, offsetMsgId=0A5B8A2E00002A9F0000000000F3107D, messageQueue=MessageQueue [topic=CountNoteCollect2DBTTopic, brokerName=broker-a, queueId=3], queueOffset=3]
2025-09-19 15:31:53.502 [ConsumeMessageThread_xiaohongshu_group_CountNoteCollect2DBTTopic_6] INFO  c.z.x.c.biz.consumer.CountNoteCollect2DBConsumer - ## 消费到了 MQ 【计数: 笔记收藏数入库】, [{"creatorId":100,"noteId":1968940587423895639,"count":1}]...
2025-09-19 15:31:54.370 [pool-batch-consume-blocking-queue-thread-0] INFO  c.z.x.count.biz.consumer.CountNoteLikeConsumer - ==> 【笔记点赞数】聚合消息, size: 1
2025-09-19 15:31:54.370 [pool-batch-consume-blocking-queue-thread-0] INFO  c.z.x.count.biz.consumer.CountNoteLikeConsumer - ==> 【笔记点赞数】聚合消息, ["{\"userId\":100,\"noteId\":1968940587423895639,\"type\":0,\"createTime\":\"2025-09-19 15:31:54\",\"noteCreatorId\":100}"]
2025-09-19 15:31:54.370 [pool-batch-consume-blocking-queue-thread-0] INFO  c.z.x.count.biz.consumer.CountNoteLikeConsumer - ## 【笔记点赞数】聚合后的计数数据: [{"creatorId":100,"noteId":1968940587423895639,"count":-1}]
2025-09-19 15:31:54.380 [NettyClientPublicExecutor_10] INFO  c.z.x.count.biz.consumer.CountNoteLikeConsumer - ==> 【计数服务：笔记点赞数入库】MQ 发送成功，SendResult: SendResult [sendStatus=SEND_OK, msgId=7F000001A4B063947C6B6007A7890018, offsetMsgId=0A5B8A2E00002A9F0000000000F3172D, messageQueue=MessageQueue [topic=CountNoteLike2DBTTopic, brokerName=broker-a, queueId=3], queueOffset=6]
2025-09-19 15:31:54.382 [ConsumeMessageThread_xiaohongshu_group_CountNoteLike2DBTTopic_19] INFO  c.z.x.count.biz.consumer.CountNoteLike2DBConsumer - ## 消费到了 MQ 【计数: 笔记点赞数入库】, [{"creatorId":100,"noteId":1968940587423895639,"count":-1}]...
2025-09-19 15:31:54.494 [pool-batch-consume-blocking-queue-thread-0] INFO  c.z.x.count.biz.consumer.CountNoteCollectConsumer - ==> 【笔记收藏数】聚合消息, size: 1
2025-09-19 15:31:54.494 [pool-batch-consume-blocking-queue-thread-0] INFO  c.z.x.count.biz.consumer.CountNoteCollectConsumer - ==> 【笔记收藏数】聚合消息, ["{\"userId\":100,\"noteId\":1968940587423895639,\"type\":0,\"createTime\":\"2025-09-19 15:31:53\",\"noteCreatorId\":100}"]
2025-09-19 15:31:54.502 [pool-batch-consume-blocking-queue-thread-0] INFO  c.z.x.count.biz.consumer.CountNoteCollectConsumer - ## 【笔记收藏数】聚合后的计数数据: [{"creatorId":100,"noteId":1968940587423895639,"count":-1}]
2025-09-19 15:31:54.513 [NettyClientPublicExecutor_11] INFO  c.z.x.count.biz.consumer.CountNoteCollectConsumer - ==> 【计数服务：笔记收藏数入库】MQ 发送成功，SendResult: SendResult [sendStatus=SEND_OK, msgId=7F000001A4B063947C6B6007A80E0019, offsetMsgId=0A5B8A2E00002A9F0000000000F318B0, messageQueue=MessageQueue [topic=CountNoteCollect2DBTTopic, brokerName=broker-a, queueId=0], queueOffset=0]
2025-09-19 15:31:54.528 [ConsumeMessageThread_xiaohongshu_group_CountNoteCollect2DBTTopic_7] INFO  c.z.x.c.biz.consumer.CountNoteCollect2DBConsumer - ## 消费到了 MQ 【计数: 笔记收藏数入库】, [{"creatorId":100,"noteId":1968940587423895639,"count":-1}]...
2025-09-19 15:32:55.506 [http-nio-8090-exec-5] INFO  c.z.f.b.context.filter.HeaderUserId2ContextFilter - ## HeaderUserId2ContextFilter, 用户 ID: 100
2025-09-19 15:32:55.506 [http-nio-8090-exec-5] INFO  c.z.f.b.operationlog.aspect.ApiOperationLogAspect - ====== 请求开始: [获取用户计数数据], 入参: {"userId":100}, 请求类: UserCountController, 请求方法: findUserCountData =================================== 
2025-09-19 15:32:55.511 [http-nio-8090-exec-1] INFO  c.z.f.b.context.filter.HeaderUserId2ContextFilter - ## HeaderUserId2ContextFilter, 用户 ID: 100
2025-09-19 15:32:55.512 [http-nio-8090-exec-1] INFO  c.z.f.b.operationlog.aspect.ApiOperationLogAspect - ====== 请求开始: [获取用户计数数据], 入参: {"userId":100}, 请求类: UserCountController, 请求方法: findUserCountData =================================== 
2025-09-19 15:32:55.514 [http-nio-8090-exec-1] INFO  c.z.f.b.operationlog.aspect.ApiOperationLogAspect - ====== 请求结束: [获取用户计数数据], 耗时: 2ms, 出参: {"success":true,"message":null,"errorCode":null,"data":{"userId":100,"fansTotal":3200,"followingTotal":0,"noteTotal":47,"likeTotal":23,"collectTotal":90}} =================================== 
2025-09-19 15:32:55.514 [http-nio-8090-exec-5] INFO  c.z.f.b.operationlog.aspect.ApiOperationLogAspect - ====== 请求结束: [获取用户计数数据], 耗时: 8ms, 出参: {"success":true,"message":null,"errorCode":null,"data":{"userId":100,"fansTotal":3200,"followingTotal":0,"noteTotal":47,"likeTotal":23,"collectTotal":90}} =================================== 
2025-09-19 15:32:55.516 [http-nio-8090-exec-1] INFO  c.z.f.b.context.filter.HeaderUserId2ContextFilter - ===== 删除 ThreadLocal， userId: 100
2025-09-19 15:32:55.516 [http-nio-8090-exec-5] INFO  c.z.f.b.context.filter.HeaderUserId2ContextFilter - ===== 删除 ThreadLocal， userId: 100
2025-09-19 15:33:01.388 [http-nio-8090-exec-3] INFO  c.z.f.b.context.filter.HeaderUserId2ContextFilter - ## HeaderUserId2ContextFilter, 用户 ID: 100
2025-09-19 15:33:01.388 [http-nio-8090-exec-6] INFO  c.z.f.b.context.filter.HeaderUserId2ContextFilter - ## HeaderUserId2ContextFilter, 用户 ID: 100
2025-09-19 15:33:01.389 [http-nio-8090-exec-3] INFO  c.z.f.b.operationlog.aspect.ApiOperationLogAspect - ====== 请求开始: [获取用户计数数据], 入参: {"userId":100}, 请求类: UserCountController, 请求方法: findUserCountData =================================== 
2025-09-19 15:33:01.389 [http-nio-8090-exec-6] INFO  c.z.f.b.operationlog.aspect.ApiOperationLogAspect - ====== 请求开始: [获取用户计数数据], 入参: {"userId":100}, 请求类: UserCountController, 请求方法: findUserCountData =================================== 
2025-09-19 15:33:01.392 [http-nio-8090-exec-3] INFO  c.z.f.b.operationlog.aspect.ApiOperationLogAspect - ====== 请求结束: [获取用户计数数据], 耗时: 3ms, 出参: {"success":true,"message":null,"errorCode":null,"data":{"userId":100,"fansTotal":3200,"followingTotal":0,"noteTotal":47,"likeTotal":23,"collectTotal":90}} =================================== 
2025-09-19 15:33:01.393 [http-nio-8090-exec-3] INFO  c.z.f.b.context.filter.HeaderUserId2ContextFilter - ===== 删除 ThreadLocal， userId: 100
2025-09-19 15:33:01.395 [http-nio-8090-exec-6] INFO  c.z.f.b.operationlog.aspect.ApiOperationLogAspect - ====== 请求结束: [获取用户计数数据], 耗时: 6ms, 出参: {"success":true,"message":null,"errorCode":null,"data":{"userId":100,"fansTotal":3200,"followingTotal":0,"noteTotal":47,"likeTotal":23,"collectTotal":90}} =================================== 
2025-09-19 15:33:01.397 [http-nio-8090-exec-6] INFO  c.z.f.b.context.filter.HeaderUserId2ContextFilter - ===== 删除 ThreadLocal， userId: 100
2025-09-19 15:35:51.545 [http-nio-8090-exec-10] INFO  c.z.f.b.context.filter.HeaderUserId2ContextFilter - ## HeaderUserId2ContextFilter, 用户 ID: 100
2025-09-19 15:35:51.546 [http-nio-8090-exec-10] INFO  c.z.f.b.operationlog.aspect.ApiOperationLogAspect - ====== 请求开始: [获取用户计数数据], 入参: {"userId":100}, 请求类: UserCountController, 请求方法: findUserCountData =================================== 
2025-09-19 15:35:51.549 [http-nio-8090-exec-10] INFO  c.z.f.b.operationlog.aspect.ApiOperationLogAspect - ====== 请求结束: [获取用户计数数据], 耗时: 3ms, 出参: {"success":true,"message":null,"errorCode":null,"data":{"userId":100,"fansTotal":3200,"followingTotal":0,"noteTotal":47,"likeTotal":23,"collectTotal":90}} =================================== 
2025-09-19 15:35:51.551 [http-nio-8090-exec-10] INFO  c.z.f.b.context.filter.HeaderUserId2ContextFilter - ===== 删除 ThreadLocal， userId: 100
2025-09-19 15:35:51.551 [http-nio-8090-exec-4] INFO  c.z.f.b.context.filter.HeaderUserId2ContextFilter - ## HeaderUserId2ContextFilter, 用户 ID: 100
2025-09-19 15:35:51.552 [http-nio-8090-exec-4] INFO  c.z.f.b.operationlog.aspect.ApiOperationLogAspect - ====== 请求开始: [获取用户计数数据], 入参: {"userId":100}, 请求类: UserCountController, 请求方法: findUserCountData =================================== 
2025-09-19 15:35:51.554 [http-nio-8090-exec-4] INFO  c.z.f.b.operationlog.aspect.ApiOperationLogAspect - ====== 请求结束: [获取用户计数数据], 耗时: 2ms, 出参: {"success":true,"message":null,"errorCode":null,"data":{"userId":100,"fansTotal":3200,"followingTotal":0,"noteTotal":47,"likeTotal":23,"collectTotal":90}} =================================== 
2025-09-19 15:35:51.555 [http-nio-8090-exec-4] INFO  c.z.f.b.context.filter.HeaderUserId2ContextFilter - ===== 删除 ThreadLocal， userId: 100
2025-09-19 15:35:54.105 [http-nio-8090-exec-8] INFO  c.z.f.b.context.filter.HeaderUserId2ContextFilter - ## HeaderUserId2ContextFilter, 用户 ID: 100
2025-09-19 15:35:54.105 [http-nio-8090-exec-2] INFO  c.z.f.b.context.filter.HeaderUserId2ContextFilter - ## HeaderUserId2ContextFilter, 用户 ID: 100
2025-09-19 15:35:54.106 [http-nio-8090-exec-2] INFO  c.z.f.b.operationlog.aspect.ApiOperationLogAspect - ====== 请求开始: [获取用户计数数据], 入参: {"userId":100}, 请求类: UserCountController, 请求方法: findUserCountData =================================== 
2025-09-19 15:35:54.106 [http-nio-8090-exec-8] INFO  c.z.f.b.operationlog.aspect.ApiOperationLogAspect - ====== 请求开始: [获取用户计数数据], 入参: {"userId":100}, 请求类: UserCountController, 请求方法: findUserCountData =================================== 
2025-09-19 15:35:54.108 [http-nio-8090-exec-2] INFO  c.z.f.b.operationlog.aspect.ApiOperationLogAspect - ====== 请求结束: [获取用户计数数据], 耗时: 2ms, 出参: {"success":true,"message":null,"errorCode":null,"data":{"userId":100,"fansTotal":3200,"followingTotal":0,"noteTotal":47,"likeTotal":23,"collectTotal":90}} =================================== 
2025-09-19 15:35:54.108 [http-nio-8090-exec-8] INFO  c.z.f.b.operationlog.aspect.ApiOperationLogAspect - ====== 请求结束: [获取用户计数数据], 耗时: 2ms, 出参: {"success":true,"message":null,"errorCode":null,"data":{"userId":100,"fansTotal":3200,"followingTotal":0,"noteTotal":47,"likeTotal":23,"collectTotal":90}} =================================== 
2025-09-19 15:35:54.111 [http-nio-8090-exec-2] INFO  c.z.f.b.context.filter.HeaderUserId2ContextFilter - ===== 删除 ThreadLocal， userId: 100
2025-09-19 15:35:54.111 [http-nio-8090-exec-8] INFO  c.z.f.b.context.filter.HeaderUserId2ContextFilter - ===== 删除 ThreadLocal， userId: 100
2025-09-19 15:36:01.226 [http-nio-8090-exec-5] INFO  c.z.f.b.context.filter.HeaderUserId2ContextFilter - ## HeaderUserId2ContextFilter, 用户 ID: 100
2025-09-19 15:36:01.226 [http-nio-8090-exec-1] INFO  c.z.f.b.context.filter.HeaderUserId2ContextFilter - ## HeaderUserId2ContextFilter, 用户 ID: 100
2025-09-19 15:36:01.228 [http-nio-8090-exec-1] INFO  c.z.f.b.operationlog.aspect.ApiOperationLogAspect - ====== 请求开始: [获取用户计数数据], 入参: {"userId":100}, 请求类: UserCountController, 请求方法: findUserCountData =================================== 
2025-09-19 15:36:01.228 [http-nio-8090-exec-5] INFO  c.z.f.b.operationlog.aspect.ApiOperationLogAspect - ====== 请求开始: [获取用户计数数据], 入参: {"userId":100}, 请求类: UserCountController, 请求方法: findUserCountData =================================== 
2025-09-19 15:36:01.231 [http-nio-8090-exec-1] INFO  c.z.f.b.operationlog.aspect.ApiOperationLogAspect - ====== 请求结束: [获取用户计数数据], 耗时: 3ms, 出参: {"success":true,"message":null,"errorCode":null,"data":{"userId":100,"fansTotal":3200,"followingTotal":0,"noteTotal":47,"likeTotal":23,"collectTotal":90}} =================================== 
2025-09-19 15:36:01.231 [http-nio-8090-exec-5] INFO  c.z.f.b.operationlog.aspect.ApiOperationLogAspect - ====== 请求结束: [获取用户计数数据], 耗时: 3ms, 出参: {"success":true,"message":null,"errorCode":null,"data":{"userId":100,"fansTotal":3200,"followingTotal":0,"noteTotal":47,"likeTotal":23,"collectTotal":90}} =================================== 
2025-09-19 15:36:01.232 [http-nio-8090-exec-1] INFO  c.z.f.b.context.filter.HeaderUserId2ContextFilter - ===== 删除 ThreadLocal， userId: 100
2025-09-19 15:36:01.232 [http-nio-8090-exec-5] INFO  c.z.f.b.context.filter.HeaderUserId2ContextFilter - ===== 删除 ThreadLocal， userId: 100
2025-09-19 15:36:03.107 [http-nio-8090-exec-6] INFO  c.z.f.b.context.filter.HeaderUserId2ContextFilter - ## HeaderUserId2ContextFilter, 用户 ID: 100
2025-09-19 15:36:03.107 [http-nio-8090-exec-3] INFO  c.z.f.b.context.filter.HeaderUserId2ContextFilter - ## HeaderUserId2ContextFilter, 用户 ID: 100
2025-09-19 15:36:03.109 [http-nio-8090-exec-6] INFO  c.z.f.b.operationlog.aspect.ApiOperationLogAspect - ====== 请求开始: [获取用户计数数据], 入参: {"userId":100}, 请求类: UserCountController, 请求方法: findUserCountData =================================== 
2025-09-19 15:36:03.109 [http-nio-8090-exec-3] INFO  c.z.f.b.operationlog.aspect.ApiOperationLogAspect - ====== 请求开始: [获取用户计数数据], 入参: {"userId":100}, 请求类: UserCountController, 请求方法: findUserCountData =================================== 
2025-09-19 15:36:03.112 [http-nio-8090-exec-6] INFO  c.z.f.b.operationlog.aspect.ApiOperationLogAspect - ====== 请求结束: [获取用户计数数据], 耗时: 3ms, 出参: {"success":true,"message":null,"errorCode":null,"data":{"userId":100,"fansTotal":3200,"followingTotal":0,"noteTotal":47,"likeTotal":23,"collectTotal":90}} =================================== 
2025-09-19 15:36:03.112 [http-nio-8090-exec-3] INFO  c.z.f.b.operationlog.aspect.ApiOperationLogAspect - ====== 请求结束: [获取用户计数数据], 耗时: 3ms, 出参: {"success":true,"message":null,"errorCode":null,"data":{"userId":100,"fansTotal":3200,"followingTotal":0,"noteTotal":47,"likeTotal":23,"collectTotal":90}} =================================== 
2025-09-19 15:36:03.112 [http-nio-8090-exec-6] INFO  c.z.f.b.context.filter.HeaderUserId2ContextFilter - ===== 删除 ThreadLocal， userId: 100
2025-09-19 15:36:03.112 [http-nio-8090-exec-3] INFO  c.z.f.b.context.filter.HeaderUserId2ContextFilter - ===== 删除 ThreadLocal， userId: 100
2025-09-19 15:37:23.126 [http-nio-8090-exec-4] INFO  c.z.f.b.context.filter.HeaderUserId2ContextFilter - ## HeaderUserId2ContextFilter, 用户 ID: 100
2025-09-19 15:37:23.126 [http-nio-8090-exec-10] INFO  c.z.f.b.context.filter.HeaderUserId2ContextFilter - ## HeaderUserId2ContextFilter, 用户 ID: 100
2025-09-19 15:37:23.127 [http-nio-8090-exec-10] INFO  c.z.f.b.operationlog.aspect.ApiOperationLogAspect - ====== 请求开始: [获取用户计数数据], 入参: {"userId":100}, 请求类: UserCountController, 请求方法: findUserCountData =================================== 
2025-09-19 15:37:23.127 [http-nio-8090-exec-4] INFO  c.z.f.b.operationlog.aspect.ApiOperationLogAspect - ====== 请求开始: [获取用户计数数据], 入参: {"userId":100}, 请求类: UserCountController, 请求方法: findUserCountData =================================== 
2025-09-19 15:37:23.131 [http-nio-8090-exec-4] INFO  c.z.f.b.operationlog.aspect.ApiOperationLogAspect - ====== 请求结束: [获取用户计数数据], 耗时: 4ms, 出参: {"success":true,"message":null,"errorCode":null,"data":{"userId":100,"fansTotal":3200,"followingTotal":0,"noteTotal":47,"likeTotal":23,"collectTotal":90}} =================================== 
2025-09-19 15:37:23.131 [http-nio-8090-exec-10] INFO  c.z.f.b.operationlog.aspect.ApiOperationLogAspect - ====== 请求结束: [获取用户计数数据], 耗时: 4ms, 出参: {"success":true,"message":null,"errorCode":null,"data":{"userId":100,"fansTotal":3200,"followingTotal":0,"noteTotal":47,"likeTotal":23,"collectTotal":90}} =================================== 
2025-09-19 15:37:23.132 [http-nio-8090-exec-4] INFO  c.z.f.b.context.filter.HeaderUserId2ContextFilter - ===== 删除 ThreadLocal， userId: 100
2025-09-19 15:37:23.132 [http-nio-8090-exec-10] INFO  c.z.f.b.context.filter.HeaderUserId2ContextFilter - ===== 删除 ThreadLocal， userId: 100
2025-09-19 15:38:06.949 [http-nio-8090-exec-8] INFO  c.z.f.b.context.filter.HeaderUserId2ContextFilter - ## HeaderUserId2ContextFilter, 用户 ID: 100
2025-09-19 15:38:06.949 [http-nio-8090-exec-2] INFO  c.z.f.b.context.filter.HeaderUserId2ContextFilter - ## HeaderUserId2ContextFilter, 用户 ID: 100
2025-09-19 15:38:06.951 [http-nio-8090-exec-8] INFO  c.z.f.b.operationlog.aspect.ApiOperationLogAspect - ====== 请求开始: [获取用户计数数据], 入参: {"userId":100}, 请求类: UserCountController, 请求方法: findUserCountData =================================== 
2025-09-19 15:38:06.951 [http-nio-8090-exec-2] INFO  c.z.f.b.operationlog.aspect.ApiOperationLogAspect - ====== 请求开始: [获取用户计数数据], 入参: {"userId":100}, 请求类: UserCountController, 请求方法: findUserCountData =================================== 
2025-09-19 15:38:06.953 [http-nio-8090-exec-2] INFO  c.z.f.b.operationlog.aspect.ApiOperationLogAspect - ====== 请求结束: [获取用户计数数据], 耗时: 2ms, 出参: {"success":true,"message":null,"errorCode":null,"data":{"userId":100,"fansTotal":3200,"followingTotal":0,"noteTotal":47,"likeTotal":23,"collectTotal":90}} =================================== 
2025-09-19 15:38:06.953 [http-nio-8090-exec-8] INFO  c.z.f.b.operationlog.aspect.ApiOperationLogAspect - ====== 请求结束: [获取用户计数数据], 耗时: 2ms, 出参: {"success":true,"message":null,"errorCode":null,"data":{"userId":100,"fansTotal":3200,"followingTotal":0,"noteTotal":47,"likeTotal":23,"collectTotal":90}} =================================== 
2025-09-19 15:38:06.954 [http-nio-8090-exec-8] INFO  c.z.f.b.context.filter.HeaderUserId2ContextFilter - ===== 删除 ThreadLocal， userId: 100
2025-09-19 15:38:06.954 [http-nio-8090-exec-2] INFO  c.z.f.b.context.filter.HeaderUserId2ContextFilter - ===== 删除 ThreadLocal， userId: 100
2025-09-19 15:38:26.537 [http-nio-8090-exec-1] INFO  c.z.f.b.context.filter.HeaderUserId2ContextFilter - ## HeaderUserId2ContextFilter, 用户 ID: 100
2025-09-19 15:38:26.537 [http-nio-8090-exec-5] INFO  c.z.f.b.context.filter.HeaderUserId2ContextFilter - ## HeaderUserId2ContextFilter, 用户 ID: 100
2025-09-19 15:38:26.539 [http-nio-8090-exec-1] INFO  c.z.f.b.operationlog.aspect.ApiOperationLogAspect - ====== 请求开始: [获取用户计数数据], 入参: {"userId":100}, 请求类: UserCountController, 请求方法: findUserCountData =================================== 
2025-09-19 15:38:26.539 [http-nio-8090-exec-5] INFO  c.z.f.b.operationlog.aspect.ApiOperationLogAspect - ====== 请求开始: [获取用户计数数据], 入参: {"userId":100}, 请求类: UserCountController, 请求方法: findUserCountData =================================== 
2025-09-19 15:38:26.544 [http-nio-8090-exec-1] INFO  c.z.f.b.operationlog.aspect.ApiOperationLogAspect - ====== 请求结束: [获取用户计数数据], 耗时: 5ms, 出参: {"success":true,"message":null,"errorCode":null,"data":{"userId":100,"fansTotal":3200,"followingTotal":0,"noteTotal":47,"likeTotal":23,"collectTotal":90}} =================================== 
2025-09-19 15:38:26.544 [http-nio-8090-exec-5] INFO  c.z.f.b.operationlog.aspect.ApiOperationLogAspect - ====== 请求结束: [获取用户计数数据], 耗时: 5ms, 出参: {"success":true,"message":null,"errorCode":null,"data":{"userId":100,"fansTotal":3200,"followingTotal":0,"noteTotal":47,"likeTotal":23,"collectTotal":90}} =================================== 
2025-09-19 15:38:26.545 [http-nio-8090-exec-5] INFO  c.z.f.b.context.filter.HeaderUserId2ContextFilter - ===== 删除 ThreadLocal， userId: 100
2025-09-19 15:38:26.545 [http-nio-8090-exec-1] INFO  c.z.f.b.context.filter.HeaderUserId2ContextFilter - ===== 删除 ThreadLocal， userId: 100
2025-09-19 15:41:10.314 [http-nio-8090-exec-9] INFO  c.z.f.b.context.filter.HeaderUserId2ContextFilter - ## HeaderUserId2ContextFilter, 用户 ID: 100
2025-09-19 15:41:10.314 [http-nio-8090-exec-7] INFO  c.z.f.b.context.filter.HeaderUserId2ContextFilter - ## HeaderUserId2ContextFilter, 用户 ID: 100
2025-09-19 15:41:10.315 [http-nio-8090-exec-9] INFO  c.z.f.b.operationlog.aspect.ApiOperationLogAspect - ====== 请求开始: [获取用户计数数据], 入参: {"userId":100}, 请求类: UserCountController, 请求方法: findUserCountData =================================== 
2025-09-19 15:41:10.315 [http-nio-8090-exec-7] INFO  c.z.f.b.operationlog.aspect.ApiOperationLogAspect - ====== 请求开始: [获取用户计数数据], 入参: {"userId":100}, 请求类: UserCountController, 请求方法: findUserCountData =================================== 
2025-09-19 15:41:10.318 [http-nio-8090-exec-9] INFO  c.z.f.b.operationlog.aspect.ApiOperationLogAspect - ====== 请求结束: [获取用户计数数据], 耗时: 3ms, 出参: {"success":true,"message":null,"errorCode":null,"data":{"userId":100,"fansTotal":3200,"followingTotal":0,"noteTotal":47,"likeTotal":23,"collectTotal":90}} =================================== 
2025-09-19 15:41:10.318 [http-nio-8090-exec-7] INFO  c.z.f.b.operationlog.aspect.ApiOperationLogAspect - ====== 请求结束: [获取用户计数数据], 耗时: 3ms, 出参: {"success":true,"message":null,"errorCode":null,"data":{"userId":100,"fansTotal":3200,"followingTotal":0,"noteTotal":47,"likeTotal":23,"collectTotal":90}} =================================== 
2025-09-19 15:41:10.319 [http-nio-8090-exec-9] INFO  c.z.f.b.context.filter.HeaderUserId2ContextFilter - ===== 删除 ThreadLocal， userId: 100
2025-09-19 15:41:10.319 [http-nio-8090-exec-7] INFO  c.z.f.b.context.filter.HeaderUserId2ContextFilter - ===== 删除 ThreadLocal， userId: 100
2025-09-19 15:48:35.820 [ConsumeMessageThread_xiaohongshu_group_NoteOperateTopic_3] INFO  c.z.x.count.biz.consumer.CountNotePublishConsumer - ==> CountNotePublishConsumer 消费了消息 {"creatorId":100,"noteId":1968945300714295362,"type":1}, tags: publishNote
2025-09-19 15:48:36.248 [http-nio-8090-exec-2] INFO  c.z.f.b.context.filter.HeaderUserId2ContextFilter - ## HeaderUserId2ContextFilter, 用户 ID: 100
2025-09-19 15:48:36.248 [http-nio-8090-exec-8] INFO  c.z.f.b.context.filter.HeaderUserId2ContextFilter - ## HeaderUserId2ContextFilter, 用户 ID: 100
2025-09-19 15:48:36.272 [http-nio-8090-exec-2] INFO  c.z.f.b.operationlog.aspect.ApiOperationLogAspect - ====== 请求开始: [获取用户计数数据], 入参: {"userId":100}, 请求类: UserCountController, 请求方法: findUserCountData =================================== 
2025-09-19 15:48:36.272 [http-nio-8090-exec-8] INFO  c.z.f.b.operationlog.aspect.ApiOperationLogAspect - ====== 请求开始: [获取用户计数数据], 入参: {"userId":100}, 请求类: UserCountController, 请求方法: findUserCountData =================================== 
2025-09-19 15:48:36.276 [http-nio-8090-exec-8] INFO  c.z.f.b.operationlog.aspect.ApiOperationLogAspect - ====== 请求结束: [获取用户计数数据], 耗时: 3ms, 出参: {"success":true,"message":null,"errorCode":null,"data":{"userId":100,"fansTotal":3200,"followingTotal":0,"noteTotal":48,"likeTotal":23,"collectTotal":90}} =================================== 
2025-09-19 15:48:36.276 [http-nio-8090-exec-2] INFO  c.z.f.b.operationlog.aspect.ApiOperationLogAspect - ====== 请求结束: [获取用户计数数据], 耗时: 3ms, 出参: {"success":true,"message":null,"errorCode":null,"data":{"userId":100,"fansTotal":3200,"followingTotal":0,"noteTotal":48,"likeTotal":23,"collectTotal":90}} =================================== 
2025-09-19 15:48:36.289 [http-nio-8090-exec-8] INFO  c.z.f.b.context.filter.HeaderUserId2ContextFilter - ===== 删除 ThreadLocal， userId: 100
2025-09-19 15:48:36.289 [http-nio-8090-exec-2] INFO  c.z.f.b.context.filter.HeaderUserId2ContextFilter - ===== 删除 ThreadLocal， userId: 100
2025-09-19 15:49:36.286 [http-nio-8090-exec-5] INFO  c.z.f.b.context.filter.HeaderUserId2ContextFilter - ## HeaderUserId2ContextFilter, 用户 ID: 100
2025-09-19 15:49:36.286 [http-nio-8090-exec-1] INFO  c.z.f.b.context.filter.HeaderUserId2ContextFilter - ## HeaderUserId2ContextFilter, 用户 ID: 100
2025-09-19 15:49:36.287 [http-nio-8090-exec-1] INFO  c.z.f.b.operationlog.aspect.ApiOperationLogAspect - ====== 请求开始: [获取用户计数数据], 入参: {"userId":100}, 请求类: UserCountController, 请求方法: findUserCountData =================================== 
2025-09-19 15:49:36.287 [http-nio-8090-exec-5] INFO  c.z.f.b.operationlog.aspect.ApiOperationLogAspect - ====== 请求开始: [获取用户计数数据], 入参: {"userId":100}, 请求类: UserCountController, 请求方法: findUserCountData =================================== 
2025-09-19 15:49:36.289 [http-nio-8090-exec-5] INFO  c.z.f.b.operationlog.aspect.ApiOperationLogAspect - ====== 请求结束: [获取用户计数数据], 耗时: 2ms, 出参: {"success":true,"message":null,"errorCode":null,"data":{"userId":100,"fansTotal":3200,"followingTotal":0,"noteTotal":48,"likeTotal":23,"collectTotal":90}} =================================== 
2025-09-19 15:49:36.289 [http-nio-8090-exec-1] INFO  c.z.f.b.operationlog.aspect.ApiOperationLogAspect - ====== 请求结束: [获取用户计数数据], 耗时: 2ms, 出参: {"success":true,"message":null,"errorCode":null,"data":{"userId":100,"fansTotal":3200,"followingTotal":0,"noteTotal":48,"likeTotal":23,"collectTotal":90}} =================================== 
2025-09-19 15:49:36.290 [http-nio-8090-exec-1] INFO  c.z.f.b.context.filter.HeaderUserId2ContextFilter - ===== 删除 ThreadLocal， userId: 100
2025-09-19 15:49:36.291 [http-nio-8090-exec-5] INFO  c.z.f.b.context.filter.HeaderUserId2ContextFilter - ===== 删除 ThreadLocal， userId: 100
2025-09-19 15:52:35.908 [ConsumeMessageThread_xiaohongshu_group_CountFansTopic_1] INFO  c.z.x.count.biz.consumer.CountFansConsumer - ## 消费到了 MQ 【计数: 粉丝数】, {"userId":100,"targetUserId":101,"type":1}...
2025-09-19 15:52:35.908 [ConsumeMessageThread_xiaohongshu_group_CountFollowingTopic_1] INFO  c.z.x.count.biz.consumer.CountFollowingConsumer - ## 消费到了 MQ 【计数: 关注数】, {"userId":100,"targetUserId":101,"type":1}...
2025-09-19 15:52:36.091 [NettyClientPublicExecutor_12] INFO  c.z.x.count.biz.consumer.CountFollowingConsumer - ==> 【计数服务：关注数入库】MQ 发送成功，SendResult: SendResult [sendStatus=SEND_OK, msgId=7F000001A4B063947C6B601A99D2001A, offsetMsgId=0A5B8A2E00002A9F0000000000F32FBE, messageQueue=MessageQueue [topic=CountFollowing2DBTopic, brokerName=broker-a, queueId=1], queueOffset=0]
2025-09-19 15:52:36.923 [pool-batch-consume-blocking-queue-thread-0] INFO  c.z.x.count.biz.consumer.CountFansConsumer - ==> 聚合消息, size: 1
2025-09-19 15:52:36.924 [pool-batch-consume-blocking-queue-thread-0] INFO  c.z.x.count.biz.consumer.CountFansConsumer - ==> 聚合消息, ["{\"userId\":100,\"targetUserId\":101,\"type\":1}"]
2025-09-19 15:52:36.983 [pool-batch-consume-blocking-queue-thread-0] INFO  c.z.x.count.biz.consumer.CountFansConsumer - ## 聚合后的计数数据: {"101":1}
2025-09-19 15:52:37.006 [NettyClientPublicExecutor_13] INFO  c.z.x.count.biz.consumer.CountFansConsumer - ==> 【计数服务：粉丝数入库】MQ 发送成功，SendResult: SendResult [sendStatus=SEND_OK, msgId=7F000001A4B063947C6B601A9D8B001B, offsetMsgId=0A5B8A2E00002A9F0000000000F33130, messageQueue=MessageQueue [topic=CountFans2DBTopic, brokerName=broker-a, queueId=3], queueOffset=1]
2025-09-19 15:52:37.016 [ConsumeMessageThread_xiaohongshu_group_CountFans2DBTopic_1] INFO  c.z.x.count.biz.consumer.CountFans2DBConsumer - ## 消费到了 MQ 【计数: 粉丝数入库】, {"101":1}...
2025-09-19 15:53:04.289 [ConsumeMessageThread_xiaohongshu_group_CountFollowing2DBTopic_1] INFO  c.z.x.count.biz.consumer.CountFollowing2DBConsumer - ## 消费到了 MQ 【计数: 关注数入库】, {"userId":100,"targetUserId":101,"type":1}...
2025-09-19 15:59:02.031 [http-nio-8090-exec-3] INFO  c.z.f.b.context.filter.HeaderUserId2ContextFilter - ## HeaderUserId2ContextFilter, 用户 ID: 100
2025-09-19 15:59:02.036 [http-nio-8090-exec-3] INFO  c.z.f.b.operationlog.aspect.ApiOperationLogAspect - ====== 请求开始: [获取用户计数数据], 入参: {"userId":100}, 请求类: UserCountController, 请求方法: findUserCountData =================================== 
2025-09-19 15:59:02.039 [http-nio-8090-exec-3] INFO  c.z.f.b.operationlog.aspect.ApiOperationLogAspect - ====== 请求结束: [获取用户计数数据], 耗时: 2ms, 出参: {"success":true,"message":null,"errorCode":null,"data":{"userId":100,"fansTotal":3200,"followingTotal":1,"noteTotal":48,"likeTotal":23,"collectTotal":90}} =================================== 
2025-09-19 15:59:02.042 [http-nio-8090-exec-3] INFO  c.z.f.b.context.filter.HeaderUserId2ContextFilter - ===== 删除 ThreadLocal， userId: 100
2025-09-19 16:02:28.945 [pool-batch-consume-blocking-queue-thread-0] INFO  c.z.x.count.biz.consumer.CountNoteLikeConsumer - ==> 【笔记点赞数】聚合消息, size: 1
2025-09-19 16:02:28.946 [pool-batch-consume-blocking-queue-thread-0] INFO  c.z.x.count.biz.consumer.CountNoteLikeConsumer - ==> 【笔记点赞数】聚合消息, ["{\"userId\":100,\"noteId\":1968940587423895639,\"type\":1,\"createTime\":\"2025-09-19 16:02:28\",\"noteCreatorId\":100}"]
2025-09-19 16:02:28.950 [pool-batch-consume-blocking-queue-thread-0] INFO  c.z.x.count.biz.consumer.CountNoteLikeConsumer - ## 【笔记点赞数】聚合后的计数数据: [{"creatorId":100,"noteId":1968940587423895639,"count":1}]
2025-09-19 16:02:28.967 [NettyClientPublicExecutor_14] INFO  c.z.x.count.biz.consumer.CountNoteLikeConsumer - ==> 【计数服务：笔记点赞数入库】MQ 发送成功，SendResult: SendResult [sendStatus=SEND_OK, msgId=7F000001A4B063947C6B6023A5E1001C, offsetMsgId=0A5B8A2E00002A9F0000000000F33432, messageQueue=MessageQueue [topic=CountNoteLike2DBTTopic, brokerName=broker-a, queueId=1], queueOffset=3]
2025-09-19 16:02:28.972 [ConsumeMessageThread_xiaohongshu_group_CountNoteLike2DBTTopic_20] INFO  c.z.x.count.biz.consumer.CountNoteLike2DBConsumer - ## 消费到了 MQ 【计数: 笔记点赞数入库】, [{"creatorId":100,"noteId":1968940587423895639,"count":1}]...
2025-09-19 16:03:39.263 [http-nio-8090-exec-7] INFO  c.z.f.b.context.filter.HeaderUserId2ContextFilter - ## HeaderUserId2ContextFilter, 用户 ID: 100
2025-09-19 16:03:39.263 [http-nio-8090-exec-9] INFO  c.z.f.b.context.filter.HeaderUserId2ContextFilter - ## HeaderUserId2ContextFilter, 用户 ID: 100
2025-09-19 16:03:39.270 [http-nio-8090-exec-9] INFO  c.z.f.b.operationlog.aspect.ApiOperationLogAspect - ====== 请求开始: [获取用户计数数据], 入参: {"userId":100}, 请求类: UserCountController, 请求方法: findUserCountData =================================== 
2025-09-19 16:03:39.270 [http-nio-8090-exec-7] INFO  c.z.f.b.operationlog.aspect.ApiOperationLogAspect - ====== 请求开始: [获取用户计数数据], 入参: {"userId":100}, 请求类: UserCountController, 请求方法: findUserCountData =================================== 
2025-09-19 16:03:39.274 [http-nio-8090-exec-9] INFO  c.z.f.b.operationlog.aspect.ApiOperationLogAspect - ====== 请求结束: [获取用户计数数据], 耗时: 5ms, 出参: {"success":true,"message":null,"errorCode":null,"data":{"userId":100,"fansTotal":3200,"followingTotal":1,"noteTotal":48,"likeTotal":24,"collectTotal":90}} =================================== 
2025-09-19 16:03:39.274 [http-nio-8090-exec-7] INFO  c.z.f.b.operationlog.aspect.ApiOperationLogAspect - ====== 请求结束: [获取用户计数数据], 耗时: 5ms, 出参: {"success":true,"message":null,"errorCode":null,"data":{"userId":100,"fansTotal":3200,"followingTotal":1,"noteTotal":48,"likeTotal":24,"collectTotal":90}} =================================== 
2025-09-19 16:03:39.277 [http-nio-8090-exec-9] INFO  c.z.f.b.context.filter.HeaderUserId2ContextFilter - ===== 删除 ThreadLocal， userId: 100
2025-09-19 16:03:39.277 [http-nio-8090-exec-7] INFO  c.z.f.b.context.filter.HeaderUserId2ContextFilter - ===== 删除 ThreadLocal， userId: 100
2025-09-19 16:04:07.197 [http-nio-8090-exec-10] INFO  c.z.f.b.context.filter.HeaderUserId2ContextFilter - ## HeaderUserId2ContextFilter, 用户 ID: 100
2025-09-19 16:04:07.197 [http-nio-8090-exec-4] INFO  c.z.f.b.context.filter.HeaderUserId2ContextFilter - ## HeaderUserId2ContextFilter, 用户 ID: 100
2025-09-19 16:04:07.198 [http-nio-8090-exec-4] INFO  c.z.f.b.operationlog.aspect.ApiOperationLogAspect - ====== 请求开始: [获取用户计数数据], 入参: {"userId":100}, 请求类: UserCountController, 请求方法: findUserCountData =================================== 
2025-09-19 16:04:07.198 [http-nio-8090-exec-10] INFO  c.z.f.b.operationlog.aspect.ApiOperationLogAspect - ====== 请求开始: [获取用户计数数据], 入参: {"userId":100}, 请求类: UserCountController, 请求方法: findUserCountData =================================== 
2025-09-19 16:04:07.200 [http-nio-8090-exec-4] INFO  c.z.f.b.operationlog.aspect.ApiOperationLogAspect - ====== 请求结束: [获取用户计数数据], 耗时: 2ms, 出参: {"success":true,"message":null,"errorCode":null,"data":{"userId":100,"fansTotal":3200,"followingTotal":1,"noteTotal":48,"likeTotal":24,"collectTotal":90}} =================================== 
2025-09-19 16:04:07.200 [http-nio-8090-exec-10] INFO  c.z.f.b.operationlog.aspect.ApiOperationLogAspect - ====== 请求结束: [获取用户计数数据], 耗时: 2ms, 出参: {"success":true,"message":null,"errorCode":null,"data":{"userId":100,"fansTotal":3200,"followingTotal":1,"noteTotal":48,"likeTotal":24,"collectTotal":90}} =================================== 
2025-09-19 16:04:07.201 [http-nio-8090-exec-10] INFO  c.z.f.b.context.filter.HeaderUserId2ContextFilter - ===== 删除 ThreadLocal， userId: 100
2025-09-19 16:04:07.201 [http-nio-8090-exec-4] INFO  c.z.f.b.context.filter.HeaderUserId2ContextFilter - ===== 删除 ThreadLocal， userId: 100
2025-09-19 16:04:11.008 [http-nio-8090-exec-8] INFO  c.z.f.b.context.filter.HeaderUserId2ContextFilter - ## HeaderUserId2ContextFilter, 用户 ID: 100
2025-09-19 16:04:11.009 [http-nio-8090-exec-2] INFO  c.z.f.b.context.filter.HeaderUserId2ContextFilter - ## HeaderUserId2ContextFilter, 用户 ID: 100
2025-09-19 16:04:11.009 [http-nio-8090-exec-8] INFO  c.z.f.b.operationlog.aspect.ApiOperationLogAspect - ====== 请求开始: [获取用户计数数据], 入参: {"userId":100}, 请求类: UserCountController, 请求方法: findUserCountData =================================== 
2025-09-19 16:04:11.010 [http-nio-8090-exec-2] INFO  c.z.f.b.operationlog.aspect.ApiOperationLogAspect - ====== 请求开始: [获取用户计数数据], 入参: {"userId":100}, 请求类: UserCountController, 请求方法: findUserCountData =================================== 
2025-09-19 16:04:11.011 [http-nio-8090-exec-8] INFO  c.z.f.b.operationlog.aspect.ApiOperationLogAspect - ====== 请求结束: [获取用户计数数据], 耗时: 2ms, 出参: {"success":true,"message":null,"errorCode":null,"data":{"userId":100,"fansTotal":3200,"followingTotal":1,"noteTotal":48,"likeTotal":24,"collectTotal":90}} =================================== 
2025-09-19 16:04:11.011 [http-nio-8090-exec-2] INFO  c.z.f.b.operationlog.aspect.ApiOperationLogAspect - ====== 请求结束: [获取用户计数数据], 耗时: 1ms, 出参: {"success":true,"message":null,"errorCode":null,"data":{"userId":100,"fansTotal":3200,"followingTotal":1,"noteTotal":48,"likeTotal":24,"collectTotal":90}} =================================== 
2025-09-19 16:04:11.012 [http-nio-8090-exec-2] INFO  c.z.f.b.context.filter.HeaderUserId2ContextFilter - ===== 删除 ThreadLocal， userId: 100
2025-09-19 16:04:11.012 [http-nio-8090-exec-8] INFO  c.z.f.b.context.filter.HeaderUserId2ContextFilter - ===== 删除 ThreadLocal， userId: 100
2025-09-19 16:04:44.088 [pool-batch-consume-blocking-queue-thread-0] INFO  c.z.x.count.biz.consumer.CountNoteLikeConsumer - ==> 【笔记点赞数】聚合消息, size: 1
2025-09-19 16:04:44.088 [pool-batch-consume-blocking-queue-thread-0] INFO  c.z.x.count.biz.consumer.CountNoteLikeConsumer - ==> 【笔记点赞数】聚合消息, ["{\"userId\":100,\"noteId\":1968945300714295362,\"type\":1,\"createTime\":\"2025-09-19 16:04:43\",\"noteCreatorId\":100}"]
2025-09-19 16:04:44.088 [pool-batch-consume-blocking-queue-thread-0] INFO  c.z.x.count.biz.consumer.CountNoteLikeConsumer - ## 【笔记点赞数】聚合后的计数数据: [{"creatorId":100,"noteId":1968945300714295362,"count":1}]
2025-09-19 16:04:44.097 [NettyClientPublicExecutor_15] INFO  c.z.x.count.biz.consumer.CountNoteLikeConsumer - ==> 【计数服务：笔记点赞数入库】MQ 发送成功，SendResult: SendResult [sendStatus=SEND_OK, msgId=7F000001A4B063947C6B6025B5BD001D, offsetMsgId=0A5B8A2E00002A9F0000000000F3376A, messageQueue=MessageQueue [topic=CountNoteLike2DBTTopic, brokerName=broker-a, queueId=3], queueOffset=7]
2025-09-19 16:04:44.100 [ConsumeMessageThread_xiaohongshu_group_CountNoteLike2DBTTopic_1] INFO  c.z.x.count.biz.consumer.CountNoteLike2DBConsumer - ## 消费到了 MQ 【计数: 笔记点赞数入库】, [{"creatorId":100,"noteId":1968945300714295362,"count":1}]...
2025-09-19 16:06:01.654 [http-nio-8090-exec-3] INFO  c.z.f.b.context.filter.HeaderUserId2ContextFilter - ## HeaderUserId2ContextFilter, 用户 ID: 100
2025-09-19 16:06:01.655 [http-nio-8090-exec-3] INFO  c.z.f.b.operationlog.aspect.ApiOperationLogAspect - ====== 请求开始: [获取用户计数数据], 入参: {"userId":100}, 请求类: UserCountController, 请求方法: findUserCountData =================================== 
2025-09-19 16:06:01.658 [http-nio-8090-exec-3] INFO  c.z.f.b.operationlog.aspect.ApiOperationLogAspect - ====== 请求结束: [获取用户计数数据], 耗时: 3ms, 出参: {"success":true,"message":null,"errorCode":null,"data":{"userId":100,"fansTotal":3200,"followingTotal":1,"noteTotal":48,"likeTotal":25,"collectTotal":90}} =================================== 
2025-09-19 16:06:01.659 [http-nio-8090-exec-3] INFO  c.z.f.b.context.filter.HeaderUserId2ContextFilter - ===== 删除 ThreadLocal， userId: 100
2025-09-19 16:06:11.642 [pool-batch-consume-blocking-queue-thread-0] INFO  c.z.x.count.biz.consumer.CountNoteLikeConsumer - ==> 【笔记点赞数】聚合消息, size: 1
2025-09-19 16:06:11.642 [pool-batch-consume-blocking-queue-thread-0] INFO  c.z.x.count.biz.consumer.CountNoteLikeConsumer - ==> 【笔记点赞数】聚合消息, ["{\"userId\":100,\"noteId\":1968945300714295362,\"type\":0,\"createTime\":\"2025-09-19 16:06:11\",\"noteCreatorId\":100}"]
2025-09-19 16:06:11.643 [pool-batch-consume-blocking-queue-thread-0] INFO  c.z.x.count.biz.consumer.CountNoteLikeConsumer - ## 【笔记点赞数】聚合后的计数数据: [{"creatorId":100,"noteId":1968945300714295362,"count":-1}]
2025-09-19 16:06:11.659 [NettyClientPublicExecutor_16] INFO  c.z.x.count.biz.consumer.CountNoteLikeConsumer - ==> 【计数服务：笔记点赞数入库】MQ 发送成功，SendResult: SendResult [sendStatus=SEND_OK, msgId=7F000001A4B063947C6B60270BC6001E, offsetMsgId=0A5B8A2E00002A9F0000000000F33AA4, messageQueue=MessageQueue [topic=CountNoteLike2DBTTopic, brokerName=broker-a, queueId=3], queueOffset=8]
2025-09-19 16:06:11.664 [ConsumeMessageThread_xiaohongshu_group_CountNoteLike2DBTTopic_2] INFO  c.z.x.count.biz.consumer.CountNoteLike2DBConsumer - ## 消费到了 MQ 【计数: 笔记点赞数入库】, [{"creatorId":100,"noteId":1968945300714295362,"count":-1}]...
2025-09-19 16:06:13.667 [pool-batch-consume-blocking-queue-thread-0] INFO  c.z.x.count.biz.consumer.CountNoteLikeConsumer - ==> 【笔记点赞数】聚合消息, size: 1
2025-09-19 16:06:13.667 [pool-batch-consume-blocking-queue-thread-0] INFO  c.z.x.count.biz.consumer.CountNoteLikeConsumer - ==> 【笔记点赞数】聚合消息, ["{\"userId\":100,\"noteId\":1968945300714295362,\"type\":1,\"createTime\":\"2025-09-19 16:06:13\",\"noteCreatorId\":100}"]
2025-09-19 16:06:13.667 [pool-batch-consume-blocking-queue-thread-0] INFO  c.z.x.count.biz.consumer.CountNoteLikeConsumer - ## 【笔记点赞数】聚合后的计数数据: [{"creatorId":100,"noteId":1968945300714295362,"count":1}]
2025-09-19 16:06:13.685 [NettyClientPublicExecutor_1] INFO  c.z.x.count.biz.consumer.CountNoteLikeConsumer - ==> 【计数服务：笔记点赞数入库】MQ 发送成功，SendResult: SendResult [sendStatus=SEND_OK, msgId=7F000001A4B063947C6B602713AF001F, offsetMsgId=0A5B8A2E00002A9F0000000000F33DDD, messageQueue=MessageQueue [topic=CountNoteLike2DBTTopic, brokerName=broker-a, queueId=1], queueOffset=4]
2025-09-19 16:06:13.686 [ConsumeMessageThread_xiaohongshu_group_CountNoteLike2DBTTopic_3] INFO  c.z.x.count.biz.consumer.CountNoteLike2DBConsumer - ## 消费到了 MQ 【计数: 笔记点赞数入库】, [{"creatorId":100,"noteId":1968945300714295362,"count":1}]...
2025-09-19 16:06:15.699 [pool-batch-consume-blocking-queue-thread-0] INFO  c.z.x.count.biz.consumer.CountNoteLikeConsumer - ==> 【笔记点赞数】聚合消息, size: 1
2025-09-19 16:06:15.700 [pool-batch-consume-blocking-queue-thread-0] INFO  c.z.x.count.biz.consumer.CountNoteLikeConsumer - ==> 【笔记点赞数】聚合消息, ["{\"userId\":100,\"noteId\":1968940587423895639,\"type\":0,\"createTime\":\"2025-09-19 16:06:15\",\"noteCreatorId\":100}"]
2025-09-19 16:06:15.700 [pool-batch-consume-blocking-queue-thread-0] INFO  c.z.x.count.biz.consumer.CountNoteLikeConsumer - ## 【笔记点赞数】聚合后的计数数据: [{"creatorId":100,"noteId":1968940587423895639,"count":-1}]
2025-09-19 16:06:15.726 [NettyClientPublicExecutor_2] INFO  c.z.x.count.biz.consumer.CountNoteLikeConsumer - ==> 【计数服务：笔记点赞数入库】MQ 发送成功，SendResult: SendResult [sendStatus=SEND_OK, msgId=7F000001A4B063947C6B60271BA60020, offsetMsgId=0A5B8A2E00002A9F0000000000F34117, messageQueue=MessageQueue [topic=CountNoteLike2DBTTopic, brokerName=broker-a, queueId=1], queueOffset=5]
2025-09-19 16:06:15.727 [ConsumeMessageThread_xiaohongshu_group_CountNoteLike2DBTTopic_4] INFO  c.z.x.count.biz.consumer.CountNoteLike2DBConsumer - ## 消费到了 MQ 【计数: 笔记点赞数入库】, [{"creatorId":100,"noteId":1968940587423895639,"count":-1}]...
2025-09-19 16:06:16.725 [pool-batch-consume-blocking-queue-thread-0] INFO  c.z.x.count.biz.consumer.CountNoteLikeConsumer - ==> 【笔记点赞数】聚合消息, size: 1
2025-09-19 16:06:16.725 [pool-batch-consume-blocking-queue-thread-0] INFO  c.z.x.count.biz.consumer.CountNoteLikeConsumer - ==> 【笔记点赞数】聚合消息, ["{\"userId\":100,\"noteId\":1968940587423895639,\"type\":1,\"createTime\":\"2025-09-19 16:06:16\",\"noteCreatorId\":100}"]
2025-09-19 16:06:16.725 [pool-batch-consume-blocking-queue-thread-0] INFO  c.z.x.count.biz.consumer.CountNoteLikeConsumer - ## 【笔记点赞数】聚合后的计数数据: [{"creatorId":100,"noteId":1968940587423895639,"count":1}]
2025-09-19 16:06:16.741 [NettyClientPublicExecutor_3] INFO  c.z.x.count.biz.consumer.CountNoteLikeConsumer - ==> 【计数服务：笔记点赞数入库】MQ 发送成功，SendResult: SendResult [sendStatus=SEND_OK, msgId=7F000001A4B063947C6B60271FA10021, offsetMsgId=0A5B8A2E00002A9F0000000000F34450, messageQueue=MessageQueue [topic=CountNoteLike2DBTTopic, brokerName=broker-a, queueId=0], queueOffset=5]
2025-09-19 16:06:16.745 [ConsumeMessageThread_xiaohongshu_group_CountNoteLike2DBTTopic_5] INFO  c.z.x.count.biz.consumer.CountNoteLike2DBConsumer - ## 消费到了 MQ 【计数: 笔记点赞数入库】, [{"creatorId":100,"noteId":1968940587423895639,"count":1}]...
2025-09-19 16:06:18.590 [http-nio-8090-exec-6] INFO  c.z.f.b.context.filter.HeaderUserId2ContextFilter - ## HeaderUserId2ContextFilter, 用户 ID: 100
2025-09-19 16:06:18.591 [http-nio-8090-exec-6] INFO  c.z.f.b.operationlog.aspect.ApiOperationLogAspect - ====== 请求开始: [获取用户计数数据], 入参: {"userId":100}, 请求类: UserCountController, 请求方法: findUserCountData =================================== 
2025-09-19 16:06:18.593 [http-nio-8090-exec-6] INFO  c.z.f.b.operationlog.aspect.ApiOperationLogAspect - ====== 请求结束: [获取用户计数数据], 耗时: 2ms, 出参: {"success":true,"message":null,"errorCode":null,"data":{"userId":100,"fansTotal":3200,"followingTotal":1,"noteTotal":48,"likeTotal":25,"collectTotal":90}} =================================== 
2025-09-19 16:06:18.594 [http-nio-8090-exec-7] INFO  c.z.f.b.context.filter.HeaderUserId2ContextFilter - ## HeaderUserId2ContextFilter, 用户 ID: 100
2025-09-19 16:06:18.594 [http-nio-8090-exec-6] INFO  c.z.f.b.context.filter.HeaderUserId2ContextFilter - ===== 删除 ThreadLocal， userId: 100
2025-09-19 16:06:18.595 [http-nio-8090-exec-7] INFO  c.z.f.b.operationlog.aspect.ApiOperationLogAspect - ====== 请求开始: [获取用户计数数据], 入参: {"userId":100}, 请求类: UserCountController, 请求方法: findUserCountData =================================== 
2025-09-19 16:06:18.597 [http-nio-8090-exec-7] INFO  c.z.f.b.operationlog.aspect.ApiOperationLogAspect - ====== 请求结束: [获取用户计数数据], 耗时: 2ms, 出参: {"success":true,"message":null,"errorCode":null,"data":{"userId":100,"fansTotal":3200,"followingTotal":1,"noteTotal":48,"likeTotal":25,"collectTotal":90}} =================================== 
2025-09-19 16:06:18.599 [http-nio-8090-exec-7] INFO  c.z.f.b.context.filter.HeaderUserId2ContextFilter - ===== 删除 ThreadLocal， userId: 100
2025-09-19 16:06:21.266 [http-nio-8090-exec-9] INFO  c.z.f.b.context.filter.HeaderUserId2ContextFilter - ## HeaderUserId2ContextFilter, 用户 ID: 100
2025-09-19 16:06:21.266 [http-nio-8090-exec-10] INFO  c.z.f.b.context.filter.HeaderUserId2ContextFilter - ## HeaderUserId2ContextFilter, 用户 ID: 100
2025-09-19 16:06:21.267 [http-nio-8090-exec-9] INFO  c.z.f.b.operationlog.aspect.ApiOperationLogAspect - ====== 请求开始: [获取用户计数数据], 入参: {"userId":100}, 请求类: UserCountController, 请求方法: findUserCountData =================================== 
2025-09-19 16:06:21.267 [http-nio-8090-exec-10] INFO  c.z.f.b.operationlog.aspect.ApiOperationLogAspect - ====== 请求开始: [获取用户计数数据], 入参: {"userId":100}, 请求类: UserCountController, 请求方法: findUserCountData =================================== 
2025-09-19 16:06:21.270 [http-nio-8090-exec-9] INFO  c.z.f.b.operationlog.aspect.ApiOperationLogAspect - ====== 请求结束: [获取用户计数数据], 耗时: 3ms, 出参: {"success":true,"message":null,"errorCode":null,"data":{"userId":100,"fansTotal":3200,"followingTotal":1,"noteTotal":48,"likeTotal":25,"collectTotal":90}} =================================== 
2025-09-19 16:06:21.270 [http-nio-8090-exec-10] INFO  c.z.f.b.operationlog.aspect.ApiOperationLogAspect - ====== 请求结束: [获取用户计数数据], 耗时: 3ms, 出参: {"success":true,"message":null,"errorCode":null,"data":{"userId":100,"fansTotal":3200,"followingTotal":1,"noteTotal":48,"likeTotal":25,"collectTotal":90}} =================================== 
2025-09-19 16:06:21.271 [http-nio-8090-exec-9] INFO  c.z.f.b.context.filter.HeaderUserId2ContextFilter - ===== 删除 ThreadLocal， userId: 100
2025-09-19 16:06:21.271 [http-nio-8090-exec-10] INFO  c.z.f.b.context.filter.HeaderUserId2ContextFilter - ===== 删除 ThreadLocal， userId: 100
2025-09-19 16:08:38.200 [http-nio-8090-exec-2] INFO  c.z.f.b.context.filter.HeaderUserId2ContextFilter - ## HeaderUserId2ContextFilter, 用户 ID: 100
2025-09-19 16:08:38.201 [http-nio-8090-exec-2] INFO  c.z.f.b.operationlog.aspect.ApiOperationLogAspect - ====== 请求开始: [获取用户计数数据], 入参: {"userId":100}, 请求类: UserCountController, 请求方法: findUserCountData =================================== 
2025-09-19 16:08:38.203 [http-nio-8090-exec-1] INFO  c.z.f.b.context.filter.HeaderUserId2ContextFilter - ## HeaderUserId2ContextFilter, 用户 ID: 100
2025-09-19 16:08:38.204 [http-nio-8090-exec-2] INFO  c.z.f.b.operationlog.aspect.ApiOperationLogAspect - ====== 请求结束: [获取用户计数数据], 耗时: 2ms, 出参: {"success":true,"message":null,"errorCode":null,"data":{"userId":100,"fansTotal":3200,"followingTotal":1,"noteTotal":48,"likeTotal":25,"collectTotal":90}} =================================== 
2025-09-19 16:08:38.204 [http-nio-8090-exec-1] INFO  c.z.f.b.operationlog.aspect.ApiOperationLogAspect - ====== 请求开始: [获取用户计数数据], 入参: {"userId":100}, 请求类: UserCountController, 请求方法: findUserCountData =================================== 
2025-09-19 16:08:38.204 [http-nio-8090-exec-2] INFO  c.z.f.b.context.filter.HeaderUserId2ContextFilter - ===== 删除 ThreadLocal， userId: 100
2025-09-19 16:08:38.206 [http-nio-8090-exec-1] INFO  c.z.f.b.operationlog.aspect.ApiOperationLogAspect - ====== 请求结束: [获取用户计数数据], 耗时: 2ms, 出参: {"success":true,"message":null,"errorCode":null,"data":{"userId":100,"fansTotal":3200,"followingTotal":1,"noteTotal":48,"likeTotal":25,"collectTotal":90}} =================================== 
2025-09-19 16:08:38.208 [http-nio-8090-exec-1] INFO  c.z.f.b.context.filter.HeaderUserId2ContextFilter - ===== 删除 ThreadLocal， userId: 100
2025-09-19 16:11:05.352 [http-nio-8090-exec-6] INFO  c.z.f.b.context.filter.HeaderUserId2ContextFilter - ## HeaderUserId2ContextFilter, 用户 ID: 100
2025-09-19 16:11:05.352 [http-nio-8090-exec-7] INFO  c.z.f.b.context.filter.HeaderUserId2ContextFilter - ## HeaderUserId2ContextFilter, 用户 ID: 100
2025-09-19 16:11:05.353 [http-nio-8090-exec-6] INFO  c.z.f.b.operationlog.aspect.ApiOperationLogAspect - ====== 请求开始: [获取用户计数数据], 入参: {"userId":101}, 请求类: UserCountController, 请求方法: findUserCountData =================================== 
2025-09-19 16:11:05.353 [http-nio-8090-exec-7] INFO  c.z.f.b.operationlog.aspect.ApiOperationLogAspect - ====== 请求开始: [获取用户计数数据], 入参: {"userId":101}, 请求类: UserCountController, 请求方法: findUserCountData =================================== 
2025-09-19 16:11:05.402 [http-nio-8090-exec-7] INFO  c.z.f.b.operationlog.aspect.ApiOperationLogAspect - ====== 请求结束: [获取用户计数数据], 耗时: 49ms, 出参: {"success":true,"message":null,"errorCode":null,"data":{"userId":101,"fansTotal":1,"followingTotal":0,"noteTotal":0,"likeTotal":0,"collectTotal":0}} =================================== 
2025-09-19 16:11:05.404 [http-nio-8090-exec-6] INFO  c.z.f.b.operationlog.aspect.ApiOperationLogAspect - ====== 请求结束: [获取用户计数数据], 耗时: 51ms, 出参: {"success":true,"message":null,"errorCode":null,"data":{"userId":101,"fansTotal":1,"followingTotal":0,"noteTotal":0,"likeTotal":0,"collectTotal":0}} =================================== 
2025-09-19 16:11:05.404 [http-nio-8090-exec-7] INFO  c.z.f.b.context.filter.HeaderUserId2ContextFilter - ===== 删除 ThreadLocal， userId: 100
2025-09-19 16:11:05.405 [http-nio-8090-exec-6] INFO  c.z.f.b.context.filter.HeaderUserId2ContextFilter - ===== 删除 ThreadLocal， userId: 100
2025-09-19 16:11:12.024 [http-nio-8090-exec-10] INFO  c.z.f.b.context.filter.HeaderUserId2ContextFilter - ## HeaderUserId2ContextFilter, 用户 ID: 100
2025-09-19 16:11:12.026 [http-nio-8090-exec-10] INFO  c.z.f.b.operationlog.aspect.ApiOperationLogAspect - ====== 请求开始: [获取用户计数数据], 入参: {"userId":100}, 请求类: UserCountController, 请求方法: findUserCountData =================================== 
2025-09-19 16:11:12.029 [http-nio-8090-exec-10] INFO  c.z.f.b.operationlog.aspect.ApiOperationLogAspect - ====== 请求结束: [获取用户计数数据], 耗时: 3ms, 出参: {"success":true,"message":null,"errorCode":null,"data":{"userId":100,"fansTotal":3200,"followingTotal":1,"noteTotal":48,"likeTotal":25,"collectTotal":90}} =================================== 
2025-09-19 16:11:12.030 [http-nio-8090-exec-10] INFO  c.z.f.b.context.filter.HeaderUserId2ContextFilter - ===== 删除 ThreadLocal， userId: 100
2025-09-19 16:12:08.693 [http-nio-8090-exec-4] INFO  c.z.f.b.context.filter.HeaderUserId2ContextFilter - ## HeaderUserId2ContextFilter, 用户 ID: 100
2025-09-19 16:12:08.695 [http-nio-8090-exec-4] INFO  c.z.f.b.operationlog.aspect.ApiOperationLogAspect - ====== 请求开始: [获取用户计数数据], 入参: {"userId":100}, 请求类: UserCountController, 请求方法: findUserCountData =================================== 
2025-09-19 16:12:08.698 [http-nio-8090-exec-4] INFO  c.z.f.b.operationlog.aspect.ApiOperationLogAspect - ====== 请求结束: [获取用户计数数据], 耗时: 4ms, 出参: {"success":true,"message":null,"errorCode":null,"data":{"userId":100,"fansTotal":3200,"followingTotal":1,"noteTotal":48,"likeTotal":25,"collectTotal":90}} =================================== 
2025-09-19 16:12:08.698 [http-nio-8090-exec-8] INFO  c.z.f.b.context.filter.HeaderUserId2ContextFilter - ## HeaderUserId2ContextFilter, 用户 ID: 100
2025-09-19 16:12:08.700 [http-nio-8090-exec-4] INFO  c.z.f.b.context.filter.HeaderUserId2ContextFilter - ===== 删除 ThreadLocal， userId: 100
2025-09-19 16:12:08.700 [http-nio-8090-exec-8] INFO  c.z.f.b.operationlog.aspect.ApiOperationLogAspect - ====== 请求开始: [获取用户计数数据], 入参: {"userId":100}, 请求类: UserCountController, 请求方法: findUserCountData =================================== 
2025-09-19 16:12:08.703 [http-nio-8090-exec-8] INFO  c.z.f.b.operationlog.aspect.ApiOperationLogAspect - ====== 请求结束: [获取用户计数数据], 耗时: 3ms, 出参: {"success":true,"message":null,"errorCode":null,"data":{"userId":100,"fansTotal":3200,"followingTotal":1,"noteTotal":48,"likeTotal":25,"collectTotal":90}} =================================== 
2025-09-19 16:12:08.704 [http-nio-8090-exec-8] INFO  c.z.f.b.context.filter.HeaderUserId2ContextFilter - ===== 删除 ThreadLocal， userId: 100
2025-09-19 16:12:16.950 [http-nio-8090-exec-2] INFO  c.z.f.b.context.filter.HeaderUserId2ContextFilter - ## HeaderUserId2ContextFilter, 用户 ID: 100
2025-09-19 16:12:16.951 [http-nio-8090-exec-2] INFO  c.z.f.b.operationlog.aspect.ApiOperationLogAspect - ====== 请求开始: [获取用户计数数据], 入参: {"userId":100}, 请求类: UserCountController, 请求方法: findUserCountData =================================== 
2025-09-19 16:12:16.955 [http-nio-8090-exec-2] INFO  c.z.f.b.operationlog.aspect.ApiOperationLogAspect - ====== 请求结束: [获取用户计数数据], 耗时: 4ms, 出参: {"success":true,"message":null,"errorCode":null,"data":{"userId":100,"fansTotal":3200,"followingTotal":1,"noteTotal":48,"likeTotal":25,"collectTotal":90}} =================================== 
2025-09-19 16:12:16.957 [http-nio-8090-exec-2] INFO  c.z.f.b.context.filter.HeaderUserId2ContextFilter - ===== 删除 ThreadLocal， userId: 100
2025-09-19 16:12:38.926 [http-nio-8090-exec-1] INFO  c.z.f.b.context.filter.HeaderUserId2ContextFilter - ## HeaderUserId2ContextFilter, 用户 ID: 100
2025-09-19 16:12:38.926 [http-nio-8090-exec-3] INFO  c.z.f.b.context.filter.HeaderUserId2ContextFilter - ## HeaderUserId2ContextFilter, 用户 ID: 100
2025-09-19 16:12:38.928 [http-nio-8090-exec-3] INFO  c.z.f.b.operationlog.aspect.ApiOperationLogAspect - ====== 请求开始: [获取用户计数数据], 入参: {"userId":100}, 请求类: UserCountController, 请求方法: findUserCountData =================================== 
2025-09-19 16:12:38.928 [http-nio-8090-exec-1] INFO  c.z.f.b.operationlog.aspect.ApiOperationLogAspect - ====== 请求开始: [获取用户计数数据], 入参: {"userId":100}, 请求类: UserCountController, 请求方法: findUserCountData =================================== 
2025-09-19 16:12:38.930 [http-nio-8090-exec-1] INFO  c.z.f.b.operationlog.aspect.ApiOperationLogAspect - ====== 请求结束: [获取用户计数数据], 耗时: 2ms, 出参: {"success":true,"message":null,"errorCode":null,"data":{"userId":100,"fansTotal":3200,"followingTotal":1,"noteTotal":48,"likeTotal":25,"collectTotal":90}} =================================== 
2025-09-19 16:12:38.930 [http-nio-8090-exec-3] INFO  c.z.f.b.operationlog.aspect.ApiOperationLogAspect - ====== 请求结束: [获取用户计数数据], 耗时: 2ms, 出参: {"success":true,"message":null,"errorCode":null,"data":{"userId":100,"fansTotal":3200,"followingTotal":1,"noteTotal":48,"likeTotal":25,"collectTotal":90}} =================================== 
2025-09-19 16:12:38.932 [http-nio-8090-exec-1] INFO  c.z.f.b.context.filter.HeaderUserId2ContextFilter - ===== 删除 ThreadLocal， userId: 100
2025-09-19 16:12:38.932 [http-nio-8090-exec-3] INFO  c.z.f.b.context.filter.HeaderUserId2ContextFilter - ===== 删除 ThreadLocal， userId: 100
2025-09-19 16:34:10.439 [http-nio-8090-exec-6] INFO  c.z.f.b.context.filter.HeaderUserId2ContextFilter - ## HeaderUserId2ContextFilter, 用户 ID: 100
2025-09-19 16:34:10.439 [http-nio-8090-exec-10] INFO  c.z.f.b.context.filter.HeaderUserId2ContextFilter - ## HeaderUserId2ContextFilter, 用户 ID: 100
2025-09-19 16:34:10.529 [http-nio-8090-exec-6] INFO  c.z.f.b.operationlog.aspect.ApiOperationLogAspect - ====== 请求开始: [获取用户计数数据], 入参: {"userId":100}, 请求类: UserCountController, 请求方法: findUserCountData =================================== 
2025-09-19 16:34:10.529 [http-nio-8090-exec-10] INFO  c.z.f.b.operationlog.aspect.ApiOperationLogAspect - ====== 请求开始: [获取用户计数数据], 入参: {"userId":100}, 请求类: UserCountController, 请求方法: findUserCountData =================================== 
2025-09-19 16:34:10.608 [http-nio-8090-exec-10] INFO  c.z.f.b.operationlog.aspect.ApiOperationLogAspect - ====== 请求结束: [获取用户计数数据], 耗时: 79ms, 出参: {"success":true,"message":null,"errorCode":null,"data":{"userId":100,"fansTotal":3200,"followingTotal":1,"noteTotal":48,"likeTotal":25,"collectTotal":90}} =================================== 
2025-09-19 16:34:10.608 [http-nio-8090-exec-6] INFO  c.z.f.b.operationlog.aspect.ApiOperationLogAspect - ====== 请求结束: [获取用户计数数据], 耗时: 79ms, 出参: {"success":true,"message":null,"errorCode":null,"data":{"userId":100,"fansTotal":3200,"followingTotal":1,"noteTotal":48,"likeTotal":25,"collectTotal":90}} =================================== 
2025-09-19 16:34:10.641 [http-nio-8090-exec-6] INFO  c.z.f.b.context.filter.HeaderUserId2ContextFilter - ===== 删除 ThreadLocal， userId: 100
2025-09-19 16:34:10.641 [http-nio-8090-exec-10] INFO  c.z.f.b.context.filter.HeaderUserId2ContextFilter - ===== 删除 ThreadLocal， userId: 100
2025-09-19 16:35:45.522 [ConsumeMessageThread_xiaohongshu_group_NoteOperateTopic_4] INFO  c.z.x.count.biz.consumer.CountNotePublishConsumer - ==> CountNotePublishConsumer 消费了消息 {"creatorId":100,"noteId":1968957166329008196,"type":1}, tags: publishNote
2025-09-19 16:52:05.919 [http-nio-8090-exec-2] INFO  c.z.f.b.context.filter.HeaderUserId2ContextFilter - ## HeaderUserId2ContextFilter, 用户 ID: 100
2025-09-19 16:52:05.919 [http-nio-8090-exec-8] INFO  c.z.f.b.context.filter.HeaderUserId2ContextFilter - ## HeaderUserId2ContextFilter, 用户 ID: 100
2025-09-19 16:52:05.924 [http-nio-8090-exec-2] INFO  c.z.f.b.operationlog.aspect.ApiOperationLogAspect - ====== 请求开始: [获取用户计数数据], 入参: {"userId":100}, 请求类: UserCountController, 请求方法: findUserCountData =================================== 
2025-09-19 16:52:05.924 [http-nio-8090-exec-8] INFO  c.z.f.b.operationlog.aspect.ApiOperationLogAspect - ====== 请求开始: [获取用户计数数据], 入参: {"userId":100}, 请求类: UserCountController, 请求方法: findUserCountData =================================== 
2025-09-19 16:52:05.928 [http-nio-8090-exec-2] INFO  c.z.f.b.operationlog.aspect.ApiOperationLogAspect - ====== 请求结束: [获取用户计数数据], 耗时: 4ms, 出参: {"success":true,"message":null,"errorCode":null,"data":{"userId":100,"fansTotal":3200,"followingTotal":1,"noteTotal":49,"likeTotal":25,"collectTotal":90}} =================================== 
2025-09-19 16:52:05.928 [http-nio-8090-exec-8] INFO  c.z.f.b.operationlog.aspect.ApiOperationLogAspect - ====== 请求结束: [获取用户计数数据], 耗时: 4ms, 出参: {"success":true,"message":null,"errorCode":null,"data":{"userId":100,"fansTotal":3200,"followingTotal":1,"noteTotal":49,"likeTotal":25,"collectTotal":90}} =================================== 
2025-09-19 16:52:05.930 [http-nio-8090-exec-2] INFO  c.z.f.b.context.filter.HeaderUserId2ContextFilter - ===== 删除 ThreadLocal， userId: 100
2025-09-19 16:52:05.931 [http-nio-8090-exec-8] INFO  c.z.f.b.context.filter.HeaderUserId2ContextFilter - ===== 删除 ThreadLocal， userId: 100
2025-09-19 16:52:20.257 [pool-batch-consume-blocking-queue-thread-0] INFO  c.z.x.c.biz.consumer.CountNoteChildCommentConsumer - ==> 【笔记二级评论数】聚合消息, size: 1
2025-09-19 16:52:20.257 [pool-batch-consume-blocking-queue-thread-0] INFO  c.z.x.c.biz.consumer.CountNoteChildCommentConsumer - ==> 【笔记二级评论数】聚合消息, ["[{\"noteId\":1968945300714295362,\"commentId\":8005,\"level\":1,\"parentId\":1968945300714295362}]"]
2025-09-19 16:52:20.276 [pool-batch-consume-blocking-queue-thread-0] INFO  c.z.x.count.biz.consumer.CountNoteCommentConsumer - ==> 【笔记评论数】聚合消息, size: 1
2025-09-19 16:52:20.276 [pool-batch-consume-blocking-queue-thread-0] INFO  c.z.x.count.biz.consumer.CountNoteCommentConsumer - ==> 【笔记评论数】聚合消息, ["[{\"noteId\":1968945300714295362,\"commentId\":8005,\"level\":1,\"parentId\":1968945300714295362}]"]
2025-09-19 16:52:27.263 [pool-batch-consume-blocking-queue-thread-0] INFO  c.z.x.c.biz.consumer.CountNoteChildCommentConsumer - ==> 【笔记二级评论数】聚合消息, size: 1
2025-09-19 16:52:27.263 [pool-batch-consume-blocking-queue-thread-0] INFO  c.z.x.c.biz.consumer.CountNoteChildCommentConsumer - ==> 【笔记二级评论数】聚合消息, ["[{\"noteId\":1968945300714295362,\"commentId\":8006,\"level\":2,\"parentId\":8005}]"]
2025-09-19 16:52:27.315 [NettyClientPublicExecutor_4] INFO  c.z.x.c.biz.consumer.CountNoteChildCommentConsumer - ==> 【评论热度值更新】MQ 发送成功，SendResult: SendResult [sendStatus=SEND_OK, msgId=7F000001A4B063947C6B6051662F0022, offsetMsgId=0A5B8A2E00002A9F0000000000F354A5, messageQueue=MessageQueue [topic=CommentHeatUpdateTopic, brokerName=broker-a, queueId=2], queueOffset=3]
2025-09-19 16:52:27.319 [pool-batch-consume-blocking-queue-thread-0] INFO  c.z.x.count.biz.consumer.CountNoteCommentConsumer - ==> 【笔记评论数】聚合消息, size: 1
2025-09-19 16:52:27.319 [pool-batch-consume-blocking-queue-thread-0] INFO  c.z.x.count.biz.consumer.CountNoteCommentConsumer - ==> 【笔记评论数】聚合消息, ["[{\"noteId\":1968945300714295362,\"commentId\":8006,\"level\":2,\"parentId\":8005}]"]
2025-09-19 16:53:03.384 [pool-batch-consume-blocking-queue-thread-0] INFO  c.z.x.c.biz.consumer.CountNoteChildCommentConsumer - ==> 【笔记二级评论数】聚合消息, size: 1
2025-09-19 16:53:03.384 [pool-batch-consume-blocking-queue-thread-0] INFO  c.z.x.c.biz.consumer.CountNoteChildCommentConsumer - ==> 【笔记二级评论数】聚合消息, ["[{\"noteId\":1968945300714295362,\"commentId\":8007,\"level\":2,\"parentId\":8005}]"]
2025-09-19 16:53:03.399 [pool-batch-consume-blocking-queue-thread-0] INFO  c.z.x.count.biz.consumer.CountNoteCommentConsumer - ==> 【笔记评论数】聚合消息, size: 1
2025-09-19 16:53:03.399 [pool-batch-consume-blocking-queue-thread-0] INFO  c.z.x.count.biz.consumer.CountNoteCommentConsumer - ==> 【笔记评论数】聚合消息, ["[{\"noteId\":1968945300714295362,\"commentId\":8007,\"level\":2,\"parentId\":8005}]"]
2025-09-19 16:53:03.410 [NettyClientPublicExecutor_5] INFO  c.z.x.c.biz.consumer.CountNoteChildCommentConsumer - ==> 【评论热度值更新】MQ 发送成功，SendResult: SendResult [sendStatus=SEND_OK, msgId=7F000001A4B063947C6B6051F3260023, offsetMsgId=0A5B8A2E00002A9F0000000000F3596C, messageQueue=MessageQueue [topic=CommentHeatUpdateTopic, brokerName=broker-a, queueId=1], queueOffset=5]
2025-09-19 16:53:37.577 [pool-batch-consume-blocking-queue-thread-0] INFO  c.z.x.count.biz.consumer.CountNoteCommentConsumer - ==> 【笔记评论数】聚合消息, size: 1
2025-09-19 16:53:37.577 [pool-batch-consume-blocking-queue-thread-0] INFO  c.z.x.c.biz.consumer.CountNoteChildCommentConsumer - ==> 【笔记二级评论数】聚合消息, size: 1
2025-09-19 16:53:37.577 [pool-batch-consume-blocking-queue-thread-0] INFO  c.z.x.count.biz.consumer.CountNoteCommentConsumer - ==> 【笔记评论数】聚合消息, ["[{\"noteId\":1968945300714295362,\"commentId\":8008,\"level\":2,\"parentId\":8005}]"]
2025-09-19 16:53:37.577 [pool-batch-consume-blocking-queue-thread-0] INFO  c.z.x.c.biz.consumer.CountNoteChildCommentConsumer - ==> 【笔记二级评论数】聚合消息, ["[{\"noteId\":1968945300714295362,\"commentId\":8008,\"level\":2,\"parentId\":8005}]"]
2025-09-19 16:53:37.594 [NettyClientPublicExecutor_6] INFO  c.z.x.c.biz.consumer.CountNoteChildCommentConsumer - ==> 【评论热度值更新】MQ 发送成功，SendResult: SendResult [sendStatus=SEND_OK, msgId=7F000001A4B063947C6B605278B60024, offsetMsgId=0A5B8A2E00002A9F0000000000F35E3C, messageQueue=MessageQueue [topic=CommentHeatUpdateTopic, brokerName=broker-a, queueId=0], queueOffset=7]
2025-09-19 16:54:07.804 [pool-batch-consume-blocking-queue-thread-0] INFO  c.z.x.count.biz.consumer.CountNoteCommentConsumer - ==> 【笔记评论数】聚合消息, size: 1
2025-09-19 16:54:07.804 [pool-batch-consume-blocking-queue-thread-0] INFO  c.z.x.c.biz.consumer.CountNoteChildCommentConsumer - ==> 【笔记二级评论数】聚合消息, size: 1
2025-09-19 16:54:07.804 [pool-batch-consume-blocking-queue-thread-0] INFO  c.z.x.c.biz.consumer.CountNoteChildCommentConsumer - ==> 【笔记二级评论数】聚合消息, ["[{\"noteId\":1968945300714295362,\"commentId\":8009,\"level\":2,\"parentId\":8005}]"]
2025-09-19 16:54:07.804 [pool-batch-consume-blocking-queue-thread-0] INFO  c.z.x.count.biz.consumer.CountNoteCommentConsumer - ==> 【笔记评论数】聚合消息, ["[{\"noteId\":1968945300714295362,\"commentId\":8009,\"level\":2,\"parentId\":8005}]"]
2025-09-19 16:54:07.819 [NettyClientPublicExecutor_7] INFO  c.z.x.c.biz.consumer.CountNoteChildCommentConsumer - ==> 【评论热度值更新】MQ 发送成功，SendResult: SendResult [sendStatus=SEND_OK, msgId=7F000001A4B063947C6B6052EEC80025, offsetMsgId=0A5B8A2E00002A9F0000000000F36300, messageQueue=MessageQueue [topic=CommentHeatUpdateTopic, brokerName=broker-a, queueId=1], queueOffset=6]
2025-09-19 17:09:10.856 [pool-batch-consume-blocking-queue-thread-0] INFO  c.z.x.c.biz.consumer.CountNoteChildCommentConsumer - ==> 【笔记二级评论数】聚合消息, size: 1
2025-09-19 17:09:10.857 [pool-batch-consume-blocking-queue-thread-0] INFO  c.z.x.count.biz.consumer.CountNoteCommentConsumer - ==> 【笔记评论数】聚合消息, size: 1
2025-09-19 17:09:10.859 [pool-batch-consume-blocking-queue-thread-0] INFO  c.z.x.count.biz.consumer.CountNoteCommentConsumer - ==> 【笔记评论数】聚合消息, ["[{\"noteId\":1968945300714295362,\"commentId\":8010,\"level\":2,\"parentId\":8005}]"]
2025-09-19 17:09:10.859 [pool-batch-consume-blocking-queue-thread-0] INFO  c.z.x.c.biz.consumer.CountNoteChildCommentConsumer - ==> 【笔记二级评论数】聚合消息, ["[{\"noteId\":1968945300714295362,\"commentId\":8010,\"level\":2,\"parentId\":8005}]"]
2025-09-19 17:09:10.934 [NettyClientPublicExecutor_8] INFO  c.z.x.c.biz.consumer.CountNoteChildCommentConsumer - ==> 【评论热度值更新】MQ 发送成功，SendResult: SendResult [sendStatus=SEND_OK, msgId=7F000001A4B063947C6B6060B6910026, offsetMsgId=0A5B8A2E00002A9F0000000000F367BB, messageQueue=MessageQueue [topic=CommentHeatUpdateTopic, brokerName=broker-a, queueId=3], queueOffset=1]
2025-09-19 17:10:35.585 [Thread-26] WARN  c.alibaba.nacos.common.http.HttpClientBeanHolder - [HttpClientBeanHolder] Start destroying common HttpClient
2025-09-19 17:10:35.585 [Thread-23] WARN  com.alibaba.nacos.common.notify.NotifyCenter - [NotifyCenter] Start destroying Publisher
2025-09-19 17:10:35.588 [Thread-23] WARN  com.alibaba.nacos.common.notify.NotifyCenter - [NotifyCenter] Destruction of the end
2025-09-19 17:10:35.598 [Thread-26] WARN  c.alibaba.nacos.common.http.HttpClientBeanHolder - [HttpClientBeanHolder] Destruction of the end
2025-09-19 17:10:35.953 [SpringApplicationShutdownHook] INFO  c.a.cloud.nacos.registry.NacosServiceRegistry - De-registering from Nacos Server now...
2025-09-19 17:10:35.954 [SpringApplicationShutdownHook] INFO  com.alibaba.nacos.client.naming - [DEREGISTER-SERVICE] xiaohongshu deregistering service xiaohongshu-count with instance: Instance{instanceId='null', ip='10.91.138.46', port=8090, weight=1.0, healthy=true, enabled=true, ephemeral=true, clusterName='DEFAULT', serviceName='null', metadata={}}
2025-09-19 17:10:36.005 [SpringApplicationShutdownHook] INFO  c.a.cloud.nacos.registry.NacosServiceRegistry - De-registration finished.
2025-09-19 17:10:36.006 [SpringApplicationShutdownHook] INFO  com.alibaba.nacos.client.naming - com.alibaba.nacos.client.naming.cache.ServiceInfoHolder do shutdown begin
2025-09-19 17:10:36.006 [SpringApplicationShutdownHook] INFO  com.alibaba.nacos.client.naming - com.alibaba.nacos.client.naming.backups.FailoverReactor do shutdown begin
2025-09-19 17:10:36.007 [SpringApplicationShutdownHook] INFO  com.alibaba.nacos.client.naming - com.alibaba.nacos.client.naming.backups.FailoverReactor do shutdown stop
2025-09-19 17:10:36.007 [SpringApplicationShutdownHook] INFO  com.alibaba.nacos.client.naming - com.alibaba.nacos.client.naming.cache.ServiceInfoHolder do shutdown stop
2025-09-19 17:10:36.007 [SpringApplicationShutdownHook] INFO  com.alibaba.nacos.client.naming - com.alibaba.nacos.client.naming.remote.NamingClientProxyDelegate do shutdown begin
2025-09-19 17:10:36.007 [SpringApplicationShutdownHook] INFO  com.alibaba.nacos.client.naming - com.alibaba.nacos.client.naming.core.ServiceInfoUpdateService do shutdown begin
2025-09-19 17:10:36.007 [SpringApplicationShutdownHook] INFO  com.alibaba.nacos.client.naming - com.alibaba.nacos.client.naming.core.ServiceInfoUpdateService do shutdown stop
2025-09-19 17:10:36.007 [SpringApplicationShutdownHook] INFO  com.alibaba.nacos.client.naming - com.alibaba.nacos.client.naming.core.ServerListManager do shutdown begin
2025-09-19 17:10:36.007 [SpringApplicationShutdownHook] WARN  com.alibaba.nacos.client.naming - [NamingHttpClientManager] Start destroying NacosRestTemplate
2025-09-19 17:10:36.007 [SpringApplicationShutdownHook] WARN  com.alibaba.nacos.client.naming - [NamingHttpClientManager] Destruction of the end
2025-09-19 17:10:36.007 [SpringApplicationShutdownHook] INFO  com.alibaba.nacos.client.naming - com.alibaba.nacos.client.naming.core.ServerListManager do shutdown stop
2025-09-19 17:10:36.007 [SpringApplicationShutdownHook] INFO  com.alibaba.nacos.client.naming - com.alibaba.nacos.client.naming.remote.http.NamingHttpClientProxy do shutdown begin
2025-09-19 17:10:36.007 [SpringApplicationShutdownHook] WARN  com.alibaba.nacos.client.naming - [NamingHttpClientManager] Start destroying NacosRestTemplate
2025-09-19 17:10:36.007 [SpringApplicationShutdownHook] WARN  com.alibaba.nacos.client.naming - [NamingHttpClientManager] Destruction of the end
2025-09-19 17:10:36.007 [SpringApplicationShutdownHook] INFO  com.alibaba.nacos.client.naming - com.alibaba.nacos.client.naming.remote.http.NamingHttpClientProxy do shutdown stop
2025-09-19 17:10:36.007 [SpringApplicationShutdownHook] INFO  com.alibaba.nacos.common.remote.client - Shutdown rpc client, set status to shutdown
2025-09-19 17:10:36.007 [SpringApplicationShutdownHook] INFO  com.alibaba.nacos.common.remote.client - Shutdown client event executor java.util.concurrent.ScheduledThreadPoolExecutor@cdd21c1[Running, pool size = 2, active threads = 2, queued tasks = 0, completed tasks = 0]
2025-09-19 17:10:36.007 [SpringApplicationShutdownHook] INFO  com.alibaba.nacos.common.remote.client - Close current connection 1758263974706_120.85.130.202_6375
2025-09-19 17:10:36.022 [nacos-grpc-client-executor-47.236.36.111-1829] WARN  c.a.nacos.common.remote.client.grpc.GrpcClient - [1758263974706_120.85.130.202_6375]Ignore error event,isRunning:false,isAbandon=false
2025-09-19 17:10:36.028 [SpringApplicationShutdownHook] INFO  c.a.nacos.common.remote.client.grpc.GrpcClient - Shutdown grpc executor java.util.concurrent.ThreadPoolExecutor@3a1ba1d9[Running, pool size = 4, active threads = 0, queued tasks = 0, completed tasks = 1830]
2025-09-19 17:10:36.028 [SpringApplicationShutdownHook] INFO  com.alibaba.nacos.client.naming - Shutdown grpc redo service executor java.util.concurrent.ScheduledThreadPoolExecutor@4b76e475[Running, pool size = 1, active threads = 0, queued tasks = 1, completed tasks = 3015]
2025-09-19 17:10:36.028 [SpringApplicationShutdownHook] INFO  c.a.n.client.auth.ram.identify.CredentialWatcher - [null] CredentialWatcher is stopped
2025-09-19 17:10:36.028 [SpringApplicationShutdownHook] INFO  c.a.n.client.auth.ram.identify.CredentialService - [null] CredentialService is freed
2025-09-19 17:10:36.029 [SpringApplicationShutdownHook] INFO  com.alibaba.nacos.client.naming - com.alibaba.nacos.client.naming.remote.NamingClientProxyDelegate do shutdown stop
2025-09-19 17:10:36.033 [SpringApplicationShutdownHook] INFO  o.a.r.s.support.DefaultRocketMQListenerContainer - container destroyed, DefaultRocketMQListenerContainer{consumerGroup='xiaohongshu_group_NoteOperateTopic', namespace='', nameServer='127.0.0.1:9876', topic='NoteOperateTopic', consumeMode=CONCURRENTLY, selectorType=TAG, selectorExpression='*', messageModel=CLUSTERING', tlsEnable=false, instanceName=DEFAULT}
2025-09-19 17:10:36.033 [SpringApplicationShutdownHook] INFO  o.a.r.s.support.DefaultRocketMQListenerContainer - container destroyed, DefaultRocketMQListenerContainer{consumerGroup='xiaohongshu_group_LikeUnlikeTopic', namespace='', nameServer='127.0.0.1:9876', topic='LikeUnlikeTopic', consumeMode=CONCURRENTLY, selectorType=TAG, selectorExpression='*', messageModel=CLUSTERING', tlsEnable=false, instanceName=DEFAULT}
2025-09-19 17:10:36.033 [SpringApplicationShutdownHook] INFO  o.a.r.s.support.DefaultRocketMQListenerContainer - container destroyed, DefaultRocketMQListenerContainer{consumerGroup='xiaohongshu_group_CountNoteLike2DBTTopic', namespace='', nameServer='127.0.0.1:9876', topic='CountNoteLike2DBTTopic', consumeMode=CONCURRENTLY, selectorType=TAG, selectorExpression='*', messageModel=CLUSTERING', tlsEnable=false, instanceName=DEFAULT}
2025-09-19 17:10:36.033 [SpringApplicationShutdownHook] INFO  o.a.r.s.support.DefaultRocketMQListenerContainer - container destroyed, DefaultRocketMQListenerContainer{consumerGroup='xiaohongshu_group_CountNoteCommentTopic', namespace='', nameServer='127.0.0.1:9876', topic='CountNoteCommentTopic', consumeMode=CONCURRENTLY, selectorType=TAG, selectorExpression='*', messageModel=CLUSTERING', tlsEnable=false, instanceName=DEFAULT}
2025-09-19 17:10:36.033 [SpringApplicationShutdownHook] INFO  o.a.r.s.support.DefaultRocketMQListenerContainer - container destroyed, DefaultRocketMQListenerContainer{consumerGroup='xiaohongshu_group_CountNoteCollectTopic', namespace='', nameServer='127.0.0.1:9876', topic='CountNoteCollectTopic', consumeMode=CONCURRENTLY, selectorType=TAG, selectorExpression='*', messageModel=CLUSTERING', tlsEnable=false, instanceName=DEFAULT}
2025-09-19 17:10:36.033 [SpringApplicationShutdownHook] INFO  o.a.r.s.support.DefaultRocketMQListenerContainer - container destroyed, DefaultRocketMQListenerContainer{consumerGroup='xiaohongshu_group_CountNoteCollect2DBTTopic', namespace='', nameServer='127.0.0.1:9876', topic='CountNoteCollect2DBTTopic', consumeMode=CONCURRENTLY, selectorType=TAG, selectorExpression='*', messageModel=CLUSTERING', tlsEnable=false, instanceName=DEFAULT}
2025-09-19 17:10:36.033 [SpringApplicationShutdownHook] INFO  o.a.r.s.support.DefaultRocketMQListenerContainer - container destroyed, DefaultRocketMQListenerContainer{consumerGroup='xiaohongshu_group_child_comment_totalCountNoteCommentTopic', namespace='', nameServer='127.0.0.1:9876', topic='CountNoteCommentTopic', consumeMode=CONCURRENTLY, selectorType=TAG, selectorExpression='*', messageModel=CLUSTERING', tlsEnable=false, instanceName=DEFAULT}
2025-09-19 17:10:36.033 [SpringApplicationShutdownHook] INFO  o.a.r.s.support.DefaultRocketMQListenerContainer - container destroyed, DefaultRocketMQListenerContainer{consumerGroup='xiaohongshu_group_CountFollowingTopic', namespace='', nameServer='127.0.0.1:9876', topic='CountFollowingTopic', consumeMode=CONCURRENTLY, selectorType=TAG, selectorExpression='*', messageModel=CLUSTERING', tlsEnable=false, instanceName=DEFAULT}
2025-09-19 17:10:36.033 [SpringApplicationShutdownHook] INFO  o.a.r.s.support.DefaultRocketMQListenerContainer - container destroyed, DefaultRocketMQListenerContainer{consumerGroup='xiaohongshu_group_CountFollowing2DBTopic', namespace='', nameServer='127.0.0.1:9876', topic='CountFollowing2DBTopic', consumeMode=CONCURRENTLY, selectorType=TAG, selectorExpression='*', messageModel=CLUSTERING', tlsEnable=false, instanceName=DEFAULT}
2025-09-19 17:10:36.033 [SpringApplicationShutdownHook] INFO  o.a.r.s.support.DefaultRocketMQListenerContainer - container destroyed, DefaultRocketMQListenerContainer{consumerGroup='xiaohongshu_group_CountFansTopic', namespace='', nameServer='127.0.0.1:9876', topic='CountFansTopic', consumeMode=CONCURRENTLY, selectorType=TAG, selectorExpression='*', messageModel=CLUSTERING', tlsEnable=false, instanceName=DEFAULT}
2025-09-19 17:10:36.033 [SpringApplicationShutdownHook] INFO  o.a.r.s.support.DefaultRocketMQListenerContainer - container destroyed, DefaultRocketMQListenerContainer{consumerGroup='xiaohongshu_group_CountFans2DBTopic', namespace='', nameServer='127.0.0.1:9876', topic='CountFans2DBTopic', consumeMode=CONCURRENTLY, selectorType=TAG, selectorExpression='*', messageModel=CLUSTERING', tlsEnable=false, instanceName=DEFAULT}
2025-09-19 17:10:36.033 [SpringApplicationShutdownHook] INFO  o.a.r.s.support.DefaultRocketMQListenerContainer - container destroyed, DefaultRocketMQListenerContainer{consumerGroup='xiaohongshu_group_count_CommentLikeUnlikeTopic', namespace='', nameServer='127.0.0.1:9876', topic='CommentLikeUnlikeTopic', consumeMode=CONCURRENTLY, selectorType=TAG, selectorExpression='*', messageModel=CLUSTERING', tlsEnable=false, instanceName=DEFAULT}
2025-09-19 17:10:36.219 [SpringApplicationShutdownHook] INFO  o.a.r.s.support.DefaultRocketMQListenerContainer - container destroyed, DefaultRocketMQListenerContainer{consumerGroup='xiaohongshu_group_CountCommentLike2DBTTopic', namespace='', nameServer='127.0.0.1:9876', topic='CountCommentLike2DBTTopic', consumeMode=CONCURRENTLY, selectorType=TAG, selectorExpression='*', messageModel=CLUSTERING', tlsEnable=false, instanceName=DEFAULT}
2025-09-19 17:10:36.220 [SpringApplicationShutdownHook] INFO  com.alibaba.druid.pool.DruidDataSource - {dataSource-1} closing ...
2025-09-19 17:10:36.229 [SpringApplicationShutdownHook] INFO  com.alibaba.druid.pool.DruidDataSource - {dataSource-1} closed
