2025-09-29 14:30:37.097 [main] WARN  com.alibaba.nacos.client.logging.NacosLogging - Load Logback Configuration of Nacos fail, message: Could not initialize Logback Nacos logging from classpath:nacos-logback.xml
2025-09-29 14:30:37.175 [main] WARN  com.alibaba.nacos.client.logging.NacosLogging - Load Logback Configuration of Nacos fail, message: Could not initialize Logback Nacos logging from classpath:nacos-logback.xml
2025-09-29 14:30:37.713 [main] WARN  com.alibaba.nacos.client.logging.NacosLogging - Load Logback Configuration of Nacos fail, message: Could not initialize Logback Nacos logging from classpath:nacos-logback.xml
2025-09-29 14:30:37.728 [main] WARN  com.alibaba.nacos.client.logging.NacosLogging - Load Logback Configuration of Nacos fail, message: Could not initialize Logback Nacos logging from classpath:nacos-logback.xml
2025-09-29 14:30:37.729 [main] INFO  c.z.x.d.i.g.b.XiaohongshuDistributedIdGeneratorBizApplication - The following 1 profile is active: "dev"
2025-09-29 14:30:38.253 [main] INFO  o.springframework.cloud.context.scope.GenericScope - BeanFactory id=d0565002-c872-3656-bac4-6138f85662d0
2025-09-29 14:30:38.695 [main] INFO  o.s.boot.web.embedded.tomcat.TomcatWebServer - Tomcat initialized with port(s): 8087 (http)
2025-09-29 14:30:38.696 [main] INFO  org.apache.catalina.core.AprLifecycleListener - Loaded Apache Tomcat Native library [2.0.3] using APR version [1.7.2].
2025-09-29 14:30:38.710 [main] INFO  org.apache.catalina.core.AprLifecycleListener - OpenSSL successfully initialized [OpenSSL 3.0.8 7 Feb 2023]
2025-09-29 14:30:38.721 [main] INFO  org.apache.catalina.core.StandardService - Starting service [Tomcat]
2025-09-29 14:30:38.721 [main] INFO  org.apache.catalina.core.StandardEngine - Starting Servlet engine: [Apache Tomcat/10.1.5]
2025-09-29 14:30:38.825 [main] INFO  o.a.c.core.ContainerBase.[Tomcat].[localhost].[/] - Initializing Spring embedded WebApplicationContext
2025-09-29 14:30:38.825 [main] INFO  o.s.b.w.s.c.ServletWebServerApplicationContext - Root WebApplicationContext: initialization completed in 1083 ms
2025-09-29 14:30:38.967 [main] INFO  com.alibaba.druid.pool.DruidDataSource - {dataSource-1} inited
2025-09-29 14:30:39.037 [main] INFO  c.z.x.d.i.g.biz.core.segment.SegmentIDGenImpl - Init ...
2025-09-29 14:30:39.038 [main] INFO  c.z.x.d.i.g.biz.core.segment.SegmentIDGenImpl - update cache from db
2025-09-29 14:30:39.335 [main] INFO  c.z.x.d.i.g.biz.core.segment.SegmentIDGenImpl - Add tag leaf-segment-comment-id from db to IdCache, SegmentBuffer SegmentBuffer{key='leaf-segment-comment-id', segments=[Segment(value:0,max:0,step:0), Segment(value:0,max:0,step:0)], currentPos=0, nextReady=false, initOk=false, threadRunning=false, step=0, minStep=0, updateTimestamp=0}
2025-09-29 14:30:39.335 [main] INFO  c.z.x.d.i.g.biz.core.segment.SegmentIDGenImpl - Add tag leaf-segment-test from db to IdCache, SegmentBuffer SegmentBuffer{key='leaf-segment-test', segments=[Segment(value:0,max:0,step:0), Segment(value:0,max:0,step:0)], currentPos=0, nextReady=false, initOk=false, threadRunning=false, step=0, minStep=0, updateTimestamp=0}
2025-09-29 14:30:39.335 [main] INFO  c.z.x.d.i.g.biz.core.segment.SegmentIDGenImpl - Add tag leaf-segment-user-id from db to IdCache, SegmentBuffer SegmentBuffer{key='leaf-segment-user-id', segments=[Segment(value:0,max:0,step:0), Segment(value:0,max:0,step:0)], currentPos=0, nextReady=false, initOk=false, threadRunning=false, step=0, minStep=0, updateTimestamp=0}
2025-09-29 14:30:39.335 [main] INFO  c.z.x.d.i.g.biz.core.segment.SegmentIDGenImpl - Add tag leaf-segment-xiaohongshu-id from db to IdCache, SegmentBuffer SegmentBuffer{key='leaf-segment-xiaohongshu-id', segments=[Segment(value:0,max:0,step:0), Segment(value:0,max:0,step:0)], currentPos=0, nextReady=false, initOk=false, threadRunning=false, step=0, minStep=0, updateTimestamp=0}
2025-09-29 14:30:39.335 [main] INFO  org.perf4j.TimingLogger - start[1759127439038] time[297] tag[updateCacheFromDb]
2025-09-29 14:30:39.337 [main] INFO  c.z.x.d.id.generator.biz.service.SegmentService - Segment Service Init Successfully
2025-09-29 14:30:39.357 [main] INFO  c.z.x.d.i.g.biz.core.snowflake.SnowflakeIDGenImpl - twepoch:1288834974657 ,ip:10.95.157.254 ,zkAddress:127.0.0.1:2181 port:2222
2025-09-29 14:30:39.430 [main] WARN  org.apache.curator.CuratorZookeeperClient - session timeout [6000] is less than connection timeout [10000]
2025-09-29 14:30:39.450 [main] INFO  o.a.curator.framework.imps.CuratorFrameworkImpl - Starting
2025-09-29 14:30:39.458 [main] INFO  org.apache.zookeeper.ZooKeeper - Client environment:zookeeper.version=3.6.0--b4c89dc7f6083829e18fae6e446907ae0b1f22d7, built on 02/25/2020 14:38 GMT
2025-09-29 14:30:39.458 [main] INFO  org.apache.zookeeper.ZooKeeper - Client environment:host.name=10.95.157.254
2025-09-29 14:30:39.458 [main] INFO  org.apache.zookeeper.ZooKeeper - Client environment:java.version=17.0.12
2025-09-29 14:30:39.458 [main] INFO  org.apache.zookeeper.ZooKeeper - Client environment:java.vendor=Oracle Corporation
2025-09-29 14:30:39.458 [main] INFO  org.apache.zookeeper.ZooKeeper - Client environment:java.home=D:\Program Files\Java\jdk-17.0.12
2025-09-29 14:30:39.458 [main] INFO  org.apache.zookeeper.ZooKeeper - Client environment:java.class.path=D:\subject\JAVA\SpringCloud\xiaohongshu\xiaohongshu-distributed-id-generator\xiaohongshu-distributed-id-generator-biz\target\classes;D:\subject\JAVA\SpringCloud\xiaohongshu\xiaohongshu-framework\xiaohongshu-common\target\classes;D:\data\maven-repository\jakarta\validation\jakarta.validation-api\3.0.2\jakarta.validation-api-3.0.2.jar;D:\data\maven-repository\org\hibernate\validator\hibernate-validator\8.0.0.Final\hibernate-validator-8.0.0.Final.jar;D:\data\maven-repository\org\jboss\logging\jboss-logging\3.5.0.Final\jboss-logging-3.5.0.Final.jar;D:\data\maven-repository\com\fasterxml\classmate\1.5.1\classmate-1.5.1.jar;D:\data\maven-repository\org\projectlombok\lombok\1.18.30\lombok-1.18.30.jar;D:\data\maven-repository\com\fasterxml\jackson\core\jackson-databind\2.16.1\jackson-databind-2.16.1.jar;D:\data\maven-repository\com\fasterxml\jackson\core\jackson-annotations\2.14.1\jackson-annotations-2.14.1.jar;D:\data\maven-repository\com\fasterxml\jackson\core\jackson-core\2.16.1\jackson-core-2.16.1.jar;D:\data\maven-repository\com\fasterxml\jackson\datatype\jackson-datatype-jsr310\2.14.1\jackson-datatype-jsr310-2.14.1.jar;D:\data\maven-repository\com\google\guava\guava\33.0.0-jre\guava-33.0.0-jre.jar;D:\data\maven-repository\com\google\guava\failureaccess\1.0.2\failureaccess-1.0.2.jar;D:\data\maven-repository\com\google\guava\listenablefuture\9999.0-empty-to-avoid-conflict-with-guava\listenablefuture-9999.0-empty-to-avoid-conflict-with-guava.jar;D:\data\maven-repository\com\google\code\findbugs\jsr305\3.0.2\jsr305-3.0.2.jar;D:\data\maven-repository\org\checkerframework\checker-qual\3.41.0\checker-qual-3.41.0.jar;D:\data\maven-repository\com\google\errorprone\error_prone_annotations\2.23.0\error_prone_annotations-2.23.0.jar;D:\data\maven-repository\com\google\j2objc\j2objc-annotations\2.8\j2objc-annotations-2.8.jar;D:\data\maven-repository\cn\hutool\hutool-all\5.8.26\hutool-all-5.8.26.jar;D:\data\maven-repository\org\apache\commons\commons-lang3\3.12.0\commons-lang3-3.12.0.jar;D:\data\maven-repository\org\springframework\boot\spring-boot-starter-web\3.0.2\spring-boot-starter-web-3.0.2.jar;D:\data\maven-repository\org\springframework\boot\spring-boot-starter\3.0.2\spring-boot-starter-3.0.2.jar;D:\data\maven-repository\org\springframework\boot\spring-boot\3.0.2\spring-boot-3.0.2.jar;D:\data\maven-repository\org\springframework\boot\spring-boot-autoconfigure\3.0.2\spring-boot-autoconfigure-3.0.2.jar;D:\data\maven-repository\org\springframework\boot\spring-boot-starter-logging\3.0.2\spring-boot-starter-logging-3.0.2.jar;D:\data\maven-repository\ch\qos\logback\logback-classic\1.4.5\logback-classic-1.4.5.jar;D:\data\maven-repository\ch\qos\logback\logback-core\1.4.5\logback-core-1.4.5.jar;D:\data\maven-repository\org\apache\logging\log4j\log4j-to-slf4j\2.19.0\log4j-to-slf4j-2.19.0.jar;D:\data\maven-repository\org\apache\logging\log4j\log4j-api\2.19.0\log4j-api-2.19.0.jar;D:\data\maven-repository\org\slf4j\jul-to-slf4j\2.0.6\jul-to-slf4j-2.0.6.jar;D:\data\maven-repository\jakarta\annotation\jakarta.annotation-api\2.1.1\jakarta.annotation-api-2.1.1.jar;D:\data\maven-repository\org\yaml\snakeyaml\1.33\snakeyaml-1.33.jar;D:\data\maven-repository\org\springframework\boot\spring-boot-starter-json\3.0.2\spring-boot-starter-json-3.0.2.jar;D:\data\maven-repository\com\fasterxml\jackson\datatype\jackson-datatype-jdk8\2.14.1\jackson-datatype-jdk8-2.14.1.jar;D:\data\maven-repository\com\fasterxml\jackson\module\jackson-module-parameter-names\2.14.1\jackson-module-parameter-names-2.14.1.jar;D:\data\maven-repository\org\springframework\boot\spring-boot-starter-tomcat\3.0.2\spring-boot-starter-tomcat-3.0.2.jar;D:\data\maven-repository\org\apache\tomcat\embed\tomcat-embed-core\10.1.5\tomcat-embed-core-10.1.5.jar;D:\data\maven-repository\org\apache\tomcat\embed\tomcat-embed-el\10.1.5\tomcat-embed-el-10.1.5.jar;D:\data\maven-repository\org\apache\tomcat\embed\tomcat-embed-websocket\10.1.5\tomcat-embed-websocket-10.1.5.jar;D:\data\maven-repository\org\springframework\spring-web\6.0.4\spring-web-6.0.4.jar;D:\data\maven-repository\org\springframework\spring-beans\6.0.4\spring-beans-6.0.4.jar;D:\data\maven-repository\io\micrometer\micrometer-observation\1.10.3\micrometer-observation-1.10.3.jar;D:\data\maven-repository\io\micrometer\micrometer-commons\1.10.3\micrometer-commons-1.10.3.jar;D:\data\maven-repository\org\springframework\spring-webmvc\6.0.4\spring-webmvc-6.0.4.jar;D:\data\maven-repository\org\springframework\spring-aop\6.0.4\spring-aop-6.0.4.jar;D:\data\maven-repository\org\springframework\spring-context\6.0.4\spring-context-6.0.4.jar;D:\data\maven-repository\org\springframework\spring-expression\6.0.4\spring-expression-6.0.4.jar;D:\data\maven-repository\org\slf4j\slf4j-api\2.0.6\slf4j-api-2.0.6.jar;D:\data\maven-repository\org\springframework\spring-core\6.0.4\spring-core-6.0.4.jar;D:\data\maven-repository\org\springframework\spring-jcl\6.0.4\spring-jcl-6.0.4.jar;D:\data\maven-repository\org\springframework\cloud\spring-cloud-starter-bootstrap\4.0.0\spring-cloud-starter-bootstrap-4.0.0.jar;D:\data\maven-repository\org\springframework\cloud\spring-cloud-starter\4.0.0\spring-cloud-starter-4.0.0.jar;D:\data\maven-repository\org\springframework\security\spring-security-rsa\1.0.11.RELEASE\spring-security-rsa-1.0.11.RELEASE.jar;D:\data\maven-repository\org\bouncycastle\bcpkix-jdk15on\1.69\bcpkix-jdk15on-1.69.jar;D:\data\maven-repository\org\bouncycastle\bcprov-jdk15on\1.69\bcprov-jdk15on-1.69.jar;D:\data\maven-repository\org\bouncycastle\bcutil-jdk15on\1.69\bcutil-jdk15on-1.69.jar;D:\data\maven-repository\com\alibaba\cloud\spring-cloud-starter-alibaba-nacos-discovery\2022.0.0.0\spring-cloud-starter-alibaba-nacos-discovery-2022.0.0.0.jar;D:\data\maven-repository\com\alibaba\cloud\spring-cloud-alibaba-commons\2022.0.0.0\spring-cloud-alibaba-commons-2022.0.0.0.jar;D:\data\maven-repository\com\alibaba\nacos\nacos-client\2.2.1\nacos-client-2.2.1.jar;D:\data\maven-repository\com\alibaba\nacos\nacos-auth-plugin\2.2.1\nacos-auth-plugin-2.2.1.jar;D:\data\maven-repository\com\alibaba\nacos\nacos-encryption-plugin\2.2.1\nacos-encryption-plugin-2.2.1.jar;D:\data\maven-repository\commons-codec\commons-codec\1.15\commons-codec-1.15.jar;D:\data\maven-repository\org\apache\httpcomponents\httpasyncclient\4.1.5\httpasyncclient-4.1.5.jar;D:\data\maven-repository\org\apache\httpcomponents\httpcore\4.4.16\httpcore-4.4.16.jar;D:\data\maven-repository\org\apache\httpcomponents\httpcore-nio\4.4.16\httpcore-nio-4.4.16.jar;D:\data\maven-repository\org\apache\httpcomponents\httpclient\4.5.14\httpclient-4.5.14.jar;D:\data\maven-repository\io\prometheus\simpleclient\0.16.0\simpleclient-0.16.0.jar;D:\data\maven-repository\io\prometheus\simpleclient_tracer_otel\0.16.0\simpleclient_tracer_otel-0.16.0.jar;D:\data\maven-repository\io\prometheus\simpleclient_tracer_common\0.16.0\simpleclient_tracer_common-0.16.0.jar;D:\data\maven-repository\io\prometheus\simpleclient_tracer_otel_agent\0.16.0\simpleclient_tracer_otel_agent-0.16.0.jar;D:\data\maven-repository\com\alibaba\spring\spring-context-support\1.0.11\spring-context-support-1.0.11.jar;D:\data\maven-repository\org\springframework\cloud\spring-cloud-commons\4.0.0\spring-cloud-commons-4.0.0.jar;D:\data\maven-repository\org\springframework\security\spring-security-crypto\6.0.1\spring-security-crypto-6.0.1.jar;D:\data\maven-repository\org\springframework\cloud\spring-cloud-context\4.0.0\spring-cloud-context-4.0.0.jar;D:\data\maven-repository\commons-io\commons-io\2.4\commons-io-2.4.jar;D:\data\maven-repository\org\perf4j\perf4j\0.9.16\perf4j-0.9.16.jar;D:\data\maven-repository\mysql\mysql-connector-java\8.0.29\mysql-connector-java-8.0.29.jar;D:\data\maven-repository\com\google\protobuf\protobuf-java\3.19.4\protobuf-java-3.19.4.jar;D:\data\maven-repository\com\alibaba\druid\1.0.18\druid-1.0.18.jar;D:\data\maven-repository\org\mybatis\mybatis\3.3.0\mybatis-3.3.0.jar;D:\data\maven-repository\org\apache\curator\curator-recipes\2.6.0\curator-recipes-2.6.0.jar;D:\data\maven-repository\org\apache\curator\curator-framework\5.1.0\curator-framework-5.1.0.jar;D:\data\maven-repository\org\apache\curator\curator-client\5.1.0\curator-client-5.1.0.jar;D:\data\maven-repository\org\apache\zookeeper\zookeeper\3.6.0\zookeeper-3.6.0.jar;D:\data\maven-repository\commons-lang\commons-lang\2.6\commons-lang-2.6.jar;D:\data\maven-repository\org\apache\zookeeper\zookeeper-jute\3.6.0\zookeeper-jute-3.6.0.jar;D:\data\maven-repository\org\apache\yetus\audience-annotations\0.5.0\audience-annotations-0.5.0.jar;D:\data\maven-repository\io\netty\netty-handler\4.1.87.Final\netty-handler-4.1.87.Final.jar;D:\data\maven-repository\io\netty\netty-common\4.1.87.Final\netty-common-4.1.87.Final.jar;D:\data\maven-repository\io\netty\netty-resolver\4.1.87.Final\netty-resolver-4.1.87.Final.jar;D:\data\maven-repository\io\netty\netty-buffer\4.1.87.Final\netty-buffer-4.1.87.Final.jar;D:\data\maven-repository\io\netty\netty-transport\4.1.87.Final\netty-transport-4.1.87.Final.jar;D:\data\maven-repository\io\netty\netty-transport-native-unix-common\4.1.87.Final\netty-transport-native-unix-common-4.1.87.Final.jar;D:\data\maven-repository\io\netty\netty-codec\4.1.87.Final\netty-codec-4.1.87.Final.jar;D:\data\maven-repository\io\netty\netty-transport-native-epoll\4.1.87.Final\netty-transport-native-epoll-4.1.87.Final.jar;D:\data\maven-repository\io\netty\netty-transport-classes-epoll\4.1.87.Final\netty-transport-classes-epoll-4.1.87.Final.jar
2025-09-29 14:30:39.459 [main] INFO  org.apache.zookeeper.ZooKeeper - Client environment:java.library.path=D:\Program Files\Java\jdk-17.0.12\bin;C:\WINDOWS\Sun\Java\bin;C:\WINDOWS\system32;C:\WINDOWS;C:\Program Files (x86)\Common Files\Oracle\Java\java8path;C:\Program Files (x86)\Common Files\Oracle\Java\javapath;D:\Program Files (x86)\VMware\VMware Workstation\bin\;C:\Windows\system32;C:\Windows;C:\Windows\System32\Wbem;C:\Windows\System32\WindowsPowerShell\v1.0\;C:\Windows\System32\OpenSSH\;D:\graalvm-ce-java17-22.3.0\bin;C:\Program Files\dotnet\;C:\WINDOWS\system32;C:\WINDOWS;C:\WINDOWS\System32\Wbem;C:\WINDOWS\System32\WindowsPowerShell\v1.0\;C:\WINDOWS\System32\OpenSSH\;D:\BaiduNetdiskDownload\runtime\win64;D:\BaiduNetdiskDownload\bin;D:\BaiduNetdiskDownload\polyspace\bin;C:\Users\Rey\mingw64\bin\;%MYSQL_HOME%\bin;C:\Program Files\Azure Data Studio\bin;D:\Program Files\MySQL\MySQL Server 8.0\bin;D:\Program Files\apache-tomcat-10.1.7\bin;D:\Program Files\nodejs\;D:\Server\maven\apache-maven-3.9.4\bin;D:\Program Files\Redis-x64-3.2.100;D:\Program Files\elasticsearch-7.17.16-windows-x86_64\elasticsearch-7.17.16\bin;D:\Program Files\elasticsearch-7.17.16-windows-x86_64\elasticsearch-7.17.16\jdk\bin;D:\Program Files\Git\cmd;D:\Program Files (x86)\NetSarang\Xshell 8\;D:\Program Files\NetSarang\Xftp 8\;D:\software\hadoop-3.1.3\bin;c:\Users\Rey\AppData\Local\Programs\cursor\resources\app\bin;D:\Program Files\Java\jdk-1.8\bin;D:\subject\Third_2\andoirdDev\soft\gradle-8.13-bin\gradle-8.13\bin;D:\software\lua-5.4.2_Win64_bin;D:\Program Files\python\Python38\Scripts;D:\Program Files\Python\Python38\;D:\Program Files (x86)\Tencent\微信web开发者工具\dll;D:\Program Files\apache-jmeter-5.6.3\bin;C:\WINDOWS\system32;C:\WINDOWS;C:\WINDOWS\System32\Wbem;C:\WINDOWS\System32\WindowsPowerShell\v1.0\;C:\WINDOWS\System32\OpenSSH\;D:\subject\JAVA\apache-cassandra-4.0.18\bin;C:\Program Files\Docker\Docker\resources\bin;D:\Program Files\Python\Python38\Scripts\;D:\Program Files\Python\Python38\;C:\Users\Rey\AppData\Local\Microsoft\WindowsApps;C:\Users\Rey\.dotnet\tools;C:\Users\Rey\mingw64\bin;C:\Program Files\Azure Data Studio\bin;D:\software\vscode\Microsoft VS Code\bin;C:\Users\Rey\AppData\Roaming\npm;D:\Program Files\Java\jdk-1.8\bin;D:\Program Files\JetBrains\PyCharm 2024.3.5\bin;;;D:\Program Files\Huawei\DevEco Studio\bin;;.
2025-09-29 14:30:39.461 [main] INFO  org.apache.zookeeper.ZooKeeper - Client environment:java.io.tmpdir=C:\Users\Rey\AppData\Local\Temp\
2025-09-29 14:30:39.461 [main] INFO  org.apache.zookeeper.ZooKeeper - Client environment:java.compiler=<NA>
2025-09-29 14:30:39.461 [main] INFO  org.apache.zookeeper.ZooKeeper - Client environment:os.name=Windows 11
2025-09-29 14:30:39.461 [main] INFO  org.apache.zookeeper.ZooKeeper - Client environment:os.arch=amd64
2025-09-29 14:30:39.461 [main] INFO  org.apache.zookeeper.ZooKeeper - Client environment:os.version=10.0
2025-09-29 14:30:39.461 [main] INFO  org.apache.zookeeper.ZooKeeper - Client environment:user.name=Rey
2025-09-29 14:30:39.461 [main] INFO  org.apache.zookeeper.ZooKeeper - Client environment:user.home=C:\Users\Rey
2025-09-29 14:30:39.461 [main] INFO  org.apache.zookeeper.ZooKeeper - Client environment:user.dir=D:\subject\JAVA\SpringCloud\xiaohongshu
2025-09-29 14:30:39.461 [main] INFO  org.apache.zookeeper.ZooKeeper - Client environment:os.memory.free=59MB
2025-09-29 14:30:39.461 [main] INFO  org.apache.zookeeper.ZooKeeper - Client environment:os.memory.max=4028MB
2025-09-29 14:30:39.461 [main] INFO  org.apache.zookeeper.ZooKeeper - Client environment:os.memory.total=88MB
2025-09-29 14:30:39.466 [main] INFO  org.apache.zookeeper.ZooKeeper - Initiating client connection, connectString=127.0.0.1:2181 sessionTimeout=6000 watcher=org.apache.curator.ConnectionState@13213f26
2025-09-29 14:30:39.471 [main] INFO  org.apache.zookeeper.common.X509Util - Setting -D jdk.tls.rejectClientInitiatedRenegotiation=true to disable client-initiated TLS renegotiation
2025-09-29 14:30:39.485 [main] INFO  org.apache.zookeeper.ClientCnxnSocket - jute.maxbuffer value is 1048575 Bytes
2025-09-29 14:30:39.492 [main] INFO  org.apache.zookeeper.ClientCnxn - zookeeper.request.timeout value is 0. feature enabled=false
2025-09-29 14:30:39.498 [main-SendThread(127.0.0.1:2181)] INFO  org.apache.zookeeper.ClientCnxn - Opening socket connection to server kubernetes.docker.internal/127.0.0.1:2181.
2025-09-29 14:30:39.498 [main-SendThread(127.0.0.1:2181)] INFO  org.apache.zookeeper.ClientCnxn - SASL config status: Will not attempt to authenticate using SASL (unknown error)
2025-09-29 14:30:39.499 [main] INFO  o.a.curator.framework.imps.CuratorFrameworkImpl - Default schema
2025-09-29 14:30:39.500 [main-SendThread(127.0.0.1:2181)] INFO  org.apache.zookeeper.ClientCnxn - Socket connection established, initiating session, client: /127.0.0.1:60179, server: kubernetes.docker.internal/127.0.0.1:2181
2025-09-29 14:30:39.508 [main-SendThread(127.0.0.1:2181)] INFO  org.apache.zookeeper.ClientCnxn - Session establishment complete on server kubernetes.docker.internal/127.0.0.1:2181, session id = 0x1000001fafd0001, negotiated timeout = 6000
2025-09-29 14:30:39.514 [main-EventThread] INFO  o.a.curator.framework.state.ConnectionStateManager - State change: CONNECTED
2025-09-29 14:30:39.524 [main-EventThread] INFO  org.apache.curator.framework.imps.EnsembleTracker - New config event received: {}
2025-09-29 14:30:39.524 [main-EventThread] INFO  org.apache.curator.framework.imps.EnsembleTracker - New config event received: {}
2025-09-29 14:30:39.587 [main] INFO  c.z.x.d.i.g.b.c.snowflake.SnowflakeZookeeperHolder - file exists status is false
2025-09-29 14:30:39.590 [main] INFO  c.z.x.d.i.g.b.c.snowflake.SnowflakeZookeeperHolder - init local file cache create parent dis status is true, worker id is 4
2025-09-29 14:30:39.600 [main] INFO  c.z.x.d.i.g.b.c.snowflake.SnowflakeZookeeperHolder - local file cache workerID is 4
2025-09-29 14:30:39.601 [main] INFO  c.z.x.d.i.g.b.c.snowflake.SnowflakeZookeeperHolder - [New NODE]can not find node on forever node that endpoint ip-10.95.157.254 port-2222 workid-4,create own node on forever node and start SUCCESS 
2025-09-29 14:30:39.601 [main] INFO  c.z.x.d.i.g.biz.core.snowflake.SnowflakeIDGenImpl - START SUCCESS USE ZK WORKERID-4
2025-09-29 14:30:39.601 [main] INFO  c.z.x.d.id.generator.biz.service.SnowflakeService - Snowflake Service Init Successfully
2025-09-29 14:30:40.548 [main] INFO  o.s.boot.web.embedded.tomcat.TomcatWebServer - Tomcat started on port(s): 8087 (http) with context path ''
2025-09-29 14:30:40.555 [main] WARN  com.alibaba.nacos.client.logging.NacosLogging - Load Logback Configuration of Nacos fail, message: Could not initialize Logback Nacos logging from classpath:nacos-logback.xml
2025-09-29 14:30:40.555 [main] INFO  com.alibaba.nacos.client.naming - initializer namespace from ans.namespace attribute : null
2025-09-29 14:30:40.556 [main] INFO  com.alibaba.nacos.client.naming - initializer namespace from ALIBABA_ALIWARE_NAMESPACE attribute :null
2025-09-29 14:30:40.556 [main] INFO  com.alibaba.nacos.client.naming - initializer namespace from namespace attribute :null
2025-09-29 14:30:40.581 [main] INFO  com.alibaba.nacos.client.utils.ParamUtil - [settings] [req-serv] nacos-server port:8848
2025-09-29 14:30:40.581 [main] INFO  com.alibaba.nacos.client.utils.ParamUtil - [settings] [http-client] connect timeout:1000
2025-09-29 14:30:40.581 [main] INFO  com.alibaba.nacos.client.utils.ParamUtil - PER_TASK_CONFIG_SIZE: 3000.0
2025-09-29 14:30:40.587 [main] INFO  c.a.n.p.auth.spi.client.ClientAuthPluginManager - [ClientAuthPluginManager] Load ClientAuthService com.alibaba.nacos.client.auth.impl.NacosClientAuthServiceImpl success.
2025-09-29 14:30:40.587 [main] INFO  c.a.n.p.auth.spi.client.ClientAuthPluginManager - [ClientAuthPluginManager] Load ClientAuthService com.alibaba.nacos.client.auth.ram.RamClientAuthServiceImpl success.
2025-09-29 14:30:40.589 [main] INFO  c.a.n.client.auth.ram.identify.CredentialWatcher - null No credential found
2025-09-29 14:30:40.601 [main] INFO  com.alibaba.nacos.common.remote.client - [RpcClientFactory] create a new rpc client of fb1bc934-f937-4d4a-925e-2703ea2e0335
2025-09-29 14:30:40.627 [main] INFO  com.alibaba.nacos.common.remote.client - [fb1bc934-f937-4d4a-925e-2703ea2e0335] RpcClient init, ServerListFactory = com.alibaba.nacos.client.naming.core.ServerListManager
2025-09-29 14:30:40.628 [main] INFO  com.alibaba.nacos.common.remote.client - [fb1bc934-f937-4d4a-925e-2703ea2e0335] Registry connection listener to current client:com.alibaba.nacos.client.naming.remote.gprc.redo.NamingGrpcRedoService
2025-09-29 14:30:40.628 [main] INFO  com.alibaba.nacos.common.remote.client - [fb1bc934-f937-4d4a-925e-2703ea2e0335] Register server push request handler:com.alibaba.nacos.client.naming.remote.gprc.NamingPushRequestHandler
2025-09-29 14:30:40.631 [main] INFO  com.alibaba.nacos.common.remote.client - [fb1bc934-f937-4d4a-925e-2703ea2e0335] Try to connect to server on start up, server: {serverIp = '47.236.36.111', server main port = 8848}
2025-09-29 14:30:40.635 [main] INFO  c.a.nacos.common.remote.client.grpc.GrpcClient - grpc client connection server:47.236.36.111 ip,serverPort:9848,grpcTslConfig:{"sslProvider":"OPENSSL","enableTls":false,"mutualAuthEnable":false,"trustAll":false}
2025-09-29 14:30:43.630 [com.alibaba.nacos.client.naming.grpc.redo.0] WARN  com.alibaba.nacos.client.naming - Grpc Connection is disconnect, skip current redo task
2025-09-29 14:30:44.201 [main] ERROR c.a.nacos.common.remote.client.grpc.GrpcClient - Server check fail, please check server 47.236.36.111 ,port 9848 is available , error ={}
java.util.concurrent.TimeoutException: Waited 3000 milliseconds (plus 612400 nanoseconds delay) for com.alibaba.nacos.shaded.io.grpc.stub.ClientCalls$GrpcFuture@79e2606f[status=PENDING, info=[GrpcFuture{clientCall=PendingCall{realCall=ClientCallImpl{method=MethodDescriptor{fullMethodName=Request/request, type=UNARY, idempotent=false, safe=false, sampledToLocalTracing=true, requestMarshaller=com.alibaba.nacos.shaded.io.grpc.protobuf.lite.ProtoLiteUtils$MessageMarshaller@734cf881, responseMarshaller=com.alibaba.nacos.shaded.io.grpc.protobuf.lite.ProtoLiteUtils$MessageMarshaller@4a890fdd, schemaDescriptor=com.alibaba.nacos.api.grpc.auto.RequestGrpc$RequestMethodDescriptorSupplier@56299b0e}}}}]]
	at com.alibaba.nacos.shaded.com.google.common.util.concurrent.AbstractFuture.get(AbstractFuture.java:508)
	at com.alibaba.nacos.common.remote.client.grpc.GrpcClient.serverCheck(GrpcClient.java:218)
	at com.alibaba.nacos.common.remote.client.grpc.GrpcClient.connectToServer(GrpcClient.java:329)
	at com.alibaba.nacos.common.remote.client.RpcClient.start(RpcClient.java:363)
	at com.alibaba.nacos.client.naming.remote.gprc.NamingGrpcClientProxy.start(NamingGrpcClientProxy.java:105)
	at com.alibaba.nacos.client.naming.remote.gprc.NamingGrpcClientProxy.<init>(NamingGrpcClientProxy.java:98)
	at com.alibaba.nacos.client.naming.remote.NamingClientProxyDelegate.<init>(NamingClientProxyDelegate.java:78)
	at com.alibaba.nacos.client.naming.NacosNamingService.init(NacosNamingService.java:102)
	at com.alibaba.nacos.client.naming.NacosNamingService.<init>(NacosNamingService.java:85)
	at java.base/jdk.internal.reflect.NativeConstructorAccessorImpl.newInstance0(Native Method)
	at java.base/jdk.internal.reflect.NativeConstructorAccessorImpl.newInstance(NativeConstructorAccessorImpl.java:77)
	at java.base/jdk.internal.reflect.DelegatingConstructorAccessorImpl.newInstance(DelegatingConstructorAccessorImpl.java:45)
	at java.base/java.lang.reflect.Constructor.newInstanceWithCaller(Constructor.java:499)
	at java.base/java.lang.reflect.Constructor.newInstance(Constructor.java:480)
	at com.alibaba.nacos.api.naming.NamingFactory.createNamingService(NamingFactory.java:59)
	at com.alibaba.nacos.api.NacosFactory.createNamingService(NacosFactory.java:77)
	at com.alibaba.cloud.nacos.NacosServiceManager.createNewNamingService(NacosServiceManager.java:99)
	at com.alibaba.cloud.nacos.NacosServiceManager.buildNamingService(NacosServiceManager.java:90)
	at com.alibaba.cloud.nacos.NacosServiceManager.getNamingService(NacosServiceManager.java:46)
	at com.alibaba.cloud.nacos.registry.NacosServiceRegistry.namingService(NacosServiceRegistry.java:193)
	at com.alibaba.cloud.nacos.registry.NacosServiceRegistry.register(NacosServiceRegistry.java:68)
	at org.springframework.cloud.client.serviceregistry.AbstractAutoServiceRegistration.register(AbstractAutoServiceRegistration.java:264)
	at com.alibaba.cloud.nacos.registry.NacosAutoServiceRegistration.register(NacosAutoServiceRegistration.java:78)
	at org.springframework.cloud.client.serviceregistry.AbstractAutoServiceRegistration.start(AbstractAutoServiceRegistration.java:156)
	at org.springframework.cloud.client.serviceregistry.AbstractAutoServiceRegistration.onApplicationEvent(AbstractAutoServiceRegistration.java:119)
	at org.springframework.cloud.client.serviceregistry.AbstractAutoServiceRegistration.onApplicationEvent(AbstractAutoServiceRegistration.java:49)
	at org.springframework.context.event.SimpleApplicationEventMulticaster.doInvokeListener(SimpleApplicationEventMulticaster.java:176)
	at org.springframework.context.event.SimpleApplicationEventMulticaster.invokeListener(SimpleApplicationEventMulticaster.java:169)
	at org.springframework.context.event.SimpleApplicationEventMulticaster.multicastEvent(SimpleApplicationEventMulticaster.java:143)
	at org.springframework.context.support.AbstractApplicationContext.publishEvent(AbstractApplicationContext.java:413)
	at org.springframework.context.support.AbstractApplicationContext.publishEvent(AbstractApplicationContext.java:370)
	at org.springframework.boot.web.servlet.context.WebServerStartStopLifecycle.start(WebServerStartStopLifecycle.java:47)
	at org.springframework.context.support.DefaultLifecycleProcessor.doStart(DefaultLifecycleProcessor.java:178)
	at org.springframework.context.support.DefaultLifecycleProcessor$LifecycleGroup.start(DefaultLifecycleProcessor.java:356)
	at java.base/java.lang.Iterable.forEach(Iterable.java:75)
	at org.springframework.context.support.DefaultLifecycleProcessor.startBeans(DefaultLifecycleProcessor.java:155)
	at org.springframework.context.support.DefaultLifecycleProcessor.onRefresh(DefaultLifecycleProcessor.java:123)
	at org.springframework.context.support.AbstractApplicationContext.finishRefresh(AbstractApplicationContext.java:932)
	at org.springframework.context.support.AbstractApplicationContext.refresh(AbstractApplicationContext.java:587)
	at org.springframework.boot.web.servlet.context.ServletWebServerApplicationContext.refresh(ServletWebServerApplicationContext.java:146)
	at org.springframework.boot.SpringApplication.refresh(SpringApplication.java:730)
	at org.springframework.boot.SpringApplication.refreshContext(SpringApplication.java:432)
	at org.springframework.boot.SpringApplication.run(SpringApplication.java:308)
	at org.springframework.boot.SpringApplication.run(SpringApplication.java:1302)
	at org.springframework.boot.SpringApplication.run(SpringApplication.java:1291)
	at com.zry.xiaohongshu.distributed.id.generator.biz.XiaohongshuDistributedIdGeneratorBizApplication.main(XiaohongshuDistributedIdGeneratorBizApplication.java:10)
2025-09-29 14:30:44.213 [main] INFO  com.alibaba.nacos.common.remote.client - [fb1bc934-f937-4d4a-925e-2703ea2e0335] Try to connect to server on start up, server: {serverIp = '47.236.36.111', server main port = 8848}
2025-09-29 14:30:44.213 [main] INFO  c.a.nacos.common.remote.client.grpc.GrpcClient - grpc client connection server:47.236.36.111 ip,serverPort:9848,grpcTslConfig:{"sslProvider":"OPENSSL","enableTls":false,"mutualAuthEnable":false,"trustAll":false}
2025-09-29 14:30:46.639 [com.alibaba.nacos.client.naming.grpc.redo.0] WARN  com.alibaba.nacos.client.naming - Grpc Connection is disconnect, skip current redo task
2025-09-29 14:30:47.228 [main] ERROR c.a.nacos.common.remote.client.grpc.GrpcClient - Server check fail, please check server 47.236.36.111 ,port 9848 is available , error ={}
java.util.concurrent.TimeoutException: Waited 3000 milliseconds (plus 12 milliseconds, 357500 nanoseconds delay) for com.alibaba.nacos.shaded.io.grpc.stub.ClientCalls$GrpcFuture@49d543a9[status=PENDING, info=[GrpcFuture{clientCall=PendingCall{realCall=ClientCallImpl{method=MethodDescriptor{fullMethodName=Request/request, type=UNARY, idempotent=false, safe=false, sampledToLocalTracing=true, requestMarshaller=com.alibaba.nacos.shaded.io.grpc.protobuf.lite.ProtoLiteUtils$MessageMarshaller@734cf881, responseMarshaller=com.alibaba.nacos.shaded.io.grpc.protobuf.lite.ProtoLiteUtils$MessageMarshaller@4a890fdd, schemaDescriptor=com.alibaba.nacos.api.grpc.auto.RequestGrpc$RequestMethodDescriptorSupplier@56299b0e}}}}]]
	at com.alibaba.nacos.shaded.com.google.common.util.concurrent.AbstractFuture.get(AbstractFuture.java:508)
	at com.alibaba.nacos.common.remote.client.grpc.GrpcClient.serverCheck(GrpcClient.java:218)
	at com.alibaba.nacos.common.remote.client.grpc.GrpcClient.connectToServer(GrpcClient.java:329)
	at com.alibaba.nacos.common.remote.client.RpcClient.start(RpcClient.java:363)
	at com.alibaba.nacos.client.naming.remote.gprc.NamingGrpcClientProxy.start(NamingGrpcClientProxy.java:105)
	at com.alibaba.nacos.client.naming.remote.gprc.NamingGrpcClientProxy.<init>(NamingGrpcClientProxy.java:98)
	at com.alibaba.nacos.client.naming.remote.NamingClientProxyDelegate.<init>(NamingClientProxyDelegate.java:78)
	at com.alibaba.nacos.client.naming.NacosNamingService.init(NacosNamingService.java:102)
	at com.alibaba.nacos.client.naming.NacosNamingService.<init>(NacosNamingService.java:85)
	at java.base/jdk.internal.reflect.NativeConstructorAccessorImpl.newInstance0(Native Method)
	at java.base/jdk.internal.reflect.NativeConstructorAccessorImpl.newInstance(NativeConstructorAccessorImpl.java:77)
	at java.base/jdk.internal.reflect.DelegatingConstructorAccessorImpl.newInstance(DelegatingConstructorAccessorImpl.java:45)
	at java.base/java.lang.reflect.Constructor.newInstanceWithCaller(Constructor.java:499)
	at java.base/java.lang.reflect.Constructor.newInstance(Constructor.java:480)
	at com.alibaba.nacos.api.naming.NamingFactory.createNamingService(NamingFactory.java:59)
	at com.alibaba.nacos.api.NacosFactory.createNamingService(NacosFactory.java:77)
	at com.alibaba.cloud.nacos.NacosServiceManager.createNewNamingService(NacosServiceManager.java:99)
	at com.alibaba.cloud.nacos.NacosServiceManager.buildNamingService(NacosServiceManager.java:90)
	at com.alibaba.cloud.nacos.NacosServiceManager.getNamingService(NacosServiceManager.java:46)
	at com.alibaba.cloud.nacos.registry.NacosServiceRegistry.namingService(NacosServiceRegistry.java:193)
	at com.alibaba.cloud.nacos.registry.NacosServiceRegistry.register(NacosServiceRegistry.java:68)
	at org.springframework.cloud.client.serviceregistry.AbstractAutoServiceRegistration.register(AbstractAutoServiceRegistration.java:264)
	at com.alibaba.cloud.nacos.registry.NacosAutoServiceRegistration.register(NacosAutoServiceRegistration.java:78)
	at org.springframework.cloud.client.serviceregistry.AbstractAutoServiceRegistration.start(AbstractAutoServiceRegistration.java:156)
	at org.springframework.cloud.client.serviceregistry.AbstractAutoServiceRegistration.onApplicationEvent(AbstractAutoServiceRegistration.java:119)
	at org.springframework.cloud.client.serviceregistry.AbstractAutoServiceRegistration.onApplicationEvent(AbstractAutoServiceRegistration.java:49)
	at org.springframework.context.event.SimpleApplicationEventMulticaster.doInvokeListener(SimpleApplicationEventMulticaster.java:176)
	at org.springframework.context.event.SimpleApplicationEventMulticaster.invokeListener(SimpleApplicationEventMulticaster.java:169)
	at org.springframework.context.event.SimpleApplicationEventMulticaster.multicastEvent(SimpleApplicationEventMulticaster.java:143)
	at org.springframework.context.support.AbstractApplicationContext.publishEvent(AbstractApplicationContext.java:413)
	at org.springframework.context.support.AbstractApplicationContext.publishEvent(AbstractApplicationContext.java:370)
	at org.springframework.boot.web.servlet.context.WebServerStartStopLifecycle.start(WebServerStartStopLifecycle.java:47)
	at org.springframework.context.support.DefaultLifecycleProcessor.doStart(DefaultLifecycleProcessor.java:178)
	at org.springframework.context.support.DefaultLifecycleProcessor$LifecycleGroup.start(DefaultLifecycleProcessor.java:356)
	at java.base/java.lang.Iterable.forEach(Iterable.java:75)
	at org.springframework.context.support.DefaultLifecycleProcessor.startBeans(DefaultLifecycleProcessor.java:155)
	at org.springframework.context.support.DefaultLifecycleProcessor.onRefresh(DefaultLifecycleProcessor.java:123)
	at org.springframework.context.support.AbstractApplicationContext.finishRefresh(AbstractApplicationContext.java:932)
	at org.springframework.context.support.AbstractApplicationContext.refresh(AbstractApplicationContext.java:587)
	at org.springframework.boot.web.servlet.context.ServletWebServerApplicationContext.refresh(ServletWebServerApplicationContext.java:146)
	at org.springframework.boot.SpringApplication.refresh(SpringApplication.java:730)
	at org.springframework.boot.SpringApplication.refreshContext(SpringApplication.java:432)
	at org.springframework.boot.SpringApplication.run(SpringApplication.java:308)
	at org.springframework.boot.SpringApplication.run(SpringApplication.java:1302)
	at org.springframework.boot.SpringApplication.run(SpringApplication.java:1291)
	at com.zry.xiaohongshu.distributed.id.generator.biz.XiaohongshuDistributedIdGeneratorBizApplication.main(XiaohongshuDistributedIdGeneratorBizApplication.java:10)
2025-09-29 14:30:47.229 [main] INFO  com.alibaba.nacos.common.remote.client - [fb1bc934-f937-4d4a-925e-2703ea2e0335] Try to connect to server on start up, server: {serverIp = '47.236.36.111', server main port = 8848}
2025-09-29 14:30:47.229 [main] INFO  c.a.nacos.common.remote.client.grpc.GrpcClient - grpc client connection server:47.236.36.111 ip,serverPort:9848,grpcTslConfig:{"sslProvider":"OPENSSL","enableTls":false,"mutualAuthEnable":false,"trustAll":false}
2025-09-29 14:30:49.653 [com.alibaba.nacos.client.naming.grpc.redo.0] WARN  com.alibaba.nacos.client.naming - Grpc Connection is disconnect, skip current redo task
2025-09-29 14:30:50.242 [main] ERROR c.a.nacos.common.remote.client.grpc.GrpcClient - Server check fail, please check server 47.236.36.111 ,port 9848 is available , error ={}
java.util.concurrent.TimeoutException: Waited 3000 milliseconds (plus 10 milliseconds, 852700 nanoseconds delay) for com.alibaba.nacos.shaded.io.grpc.stub.ClientCalls$GrpcFuture@7ecb9e17[status=PENDING, info=[GrpcFuture{clientCall=PendingCall{realCall=ClientCallImpl{method=MethodDescriptor{fullMethodName=Request/request, type=UNARY, idempotent=false, safe=false, sampledToLocalTracing=true, requestMarshaller=com.alibaba.nacos.shaded.io.grpc.protobuf.lite.ProtoLiteUtils$MessageMarshaller@734cf881, responseMarshaller=com.alibaba.nacos.shaded.io.grpc.protobuf.lite.ProtoLiteUtils$MessageMarshaller@4a890fdd, schemaDescriptor=com.alibaba.nacos.api.grpc.auto.RequestGrpc$RequestMethodDescriptorSupplier@56299b0e}}}}]]
	at com.alibaba.nacos.shaded.com.google.common.util.concurrent.AbstractFuture.get(AbstractFuture.java:508)
	at com.alibaba.nacos.common.remote.client.grpc.GrpcClient.serverCheck(GrpcClient.java:218)
	at com.alibaba.nacos.common.remote.client.grpc.GrpcClient.connectToServer(GrpcClient.java:329)
	at com.alibaba.nacos.common.remote.client.RpcClient.start(RpcClient.java:363)
	at com.alibaba.nacos.client.naming.remote.gprc.NamingGrpcClientProxy.start(NamingGrpcClientProxy.java:105)
	at com.alibaba.nacos.client.naming.remote.gprc.NamingGrpcClientProxy.<init>(NamingGrpcClientProxy.java:98)
	at com.alibaba.nacos.client.naming.remote.NamingClientProxyDelegate.<init>(NamingClientProxyDelegate.java:78)
	at com.alibaba.nacos.client.naming.NacosNamingService.init(NacosNamingService.java:102)
	at com.alibaba.nacos.client.naming.NacosNamingService.<init>(NacosNamingService.java:85)
	at java.base/jdk.internal.reflect.NativeConstructorAccessorImpl.newInstance0(Native Method)
	at java.base/jdk.internal.reflect.NativeConstructorAccessorImpl.newInstance(NativeConstructorAccessorImpl.java:77)
	at java.base/jdk.internal.reflect.DelegatingConstructorAccessorImpl.newInstance(DelegatingConstructorAccessorImpl.java:45)
	at java.base/java.lang.reflect.Constructor.newInstanceWithCaller(Constructor.java:499)
	at java.base/java.lang.reflect.Constructor.newInstance(Constructor.java:480)
	at com.alibaba.nacos.api.naming.NamingFactory.createNamingService(NamingFactory.java:59)
	at com.alibaba.nacos.api.NacosFactory.createNamingService(NacosFactory.java:77)
	at com.alibaba.cloud.nacos.NacosServiceManager.createNewNamingService(NacosServiceManager.java:99)
	at com.alibaba.cloud.nacos.NacosServiceManager.buildNamingService(NacosServiceManager.java:90)
	at com.alibaba.cloud.nacos.NacosServiceManager.getNamingService(NacosServiceManager.java:46)
	at com.alibaba.cloud.nacos.registry.NacosServiceRegistry.namingService(NacosServiceRegistry.java:193)
	at com.alibaba.cloud.nacos.registry.NacosServiceRegistry.register(NacosServiceRegistry.java:68)
	at org.springframework.cloud.client.serviceregistry.AbstractAutoServiceRegistration.register(AbstractAutoServiceRegistration.java:264)
	at com.alibaba.cloud.nacos.registry.NacosAutoServiceRegistration.register(NacosAutoServiceRegistration.java:78)
	at org.springframework.cloud.client.serviceregistry.AbstractAutoServiceRegistration.start(AbstractAutoServiceRegistration.java:156)
	at org.springframework.cloud.client.serviceregistry.AbstractAutoServiceRegistration.onApplicationEvent(AbstractAutoServiceRegistration.java:119)
	at org.springframework.cloud.client.serviceregistry.AbstractAutoServiceRegistration.onApplicationEvent(AbstractAutoServiceRegistration.java:49)
	at org.springframework.context.event.SimpleApplicationEventMulticaster.doInvokeListener(SimpleApplicationEventMulticaster.java:176)
	at org.springframework.context.event.SimpleApplicationEventMulticaster.invokeListener(SimpleApplicationEventMulticaster.java:169)
	at org.springframework.context.event.SimpleApplicationEventMulticaster.multicastEvent(SimpleApplicationEventMulticaster.java:143)
	at org.springframework.context.support.AbstractApplicationContext.publishEvent(AbstractApplicationContext.java:413)
	at org.springframework.context.support.AbstractApplicationContext.publishEvent(AbstractApplicationContext.java:370)
	at org.springframework.boot.web.servlet.context.WebServerStartStopLifecycle.start(WebServerStartStopLifecycle.java:47)
	at org.springframework.context.support.DefaultLifecycleProcessor.doStart(DefaultLifecycleProcessor.java:178)
	at org.springframework.context.support.DefaultLifecycleProcessor$LifecycleGroup.start(DefaultLifecycleProcessor.java:356)
	at java.base/java.lang.Iterable.forEach(Iterable.java:75)
	at org.springframework.context.support.DefaultLifecycleProcessor.startBeans(DefaultLifecycleProcessor.java:155)
	at org.springframework.context.support.DefaultLifecycleProcessor.onRefresh(DefaultLifecycleProcessor.java:123)
	at org.springframework.context.support.AbstractApplicationContext.finishRefresh(AbstractApplicationContext.java:932)
	at org.springframework.context.support.AbstractApplicationContext.refresh(AbstractApplicationContext.java:587)
	at org.springframework.boot.web.servlet.context.ServletWebServerApplicationContext.refresh(ServletWebServerApplicationContext.java:146)
	at org.springframework.boot.SpringApplication.refresh(SpringApplication.java:730)
	at org.springframework.boot.SpringApplication.refreshContext(SpringApplication.java:432)
	at org.springframework.boot.SpringApplication.run(SpringApplication.java:308)
	at org.springframework.boot.SpringApplication.run(SpringApplication.java:1302)
	at org.springframework.boot.SpringApplication.run(SpringApplication.java:1291)
	at com.zry.xiaohongshu.distributed.id.generator.biz.XiaohongshuDistributedIdGeneratorBizApplication.main(XiaohongshuDistributedIdGeneratorBizApplication.java:10)
2025-09-29 14:30:50.242 [com.alibaba.nacos.client.remote.worker] INFO  com.alibaba.nacos.common.remote.client - [fb1bc934-f937-4d4a-925e-2703ea2e0335] Try to reconnect to a new server, server is  not appointed, will choose a random server.
2025-09-29 14:30:50.243 [main] INFO  com.alibaba.nacos.common.remote.client - [fb1bc934-f937-4d4a-925e-2703ea2e0335] Register server push request handler:com.alibaba.nacos.common.remote.client.RpcClient$ConnectResetRequestHandler
2025-09-29 14:30:50.243 [com.alibaba.nacos.client.remote.worker] INFO  c.a.nacos.common.remote.client.grpc.GrpcClient - grpc client connection server:47.236.36.111 ip,serverPort:9848,grpcTslConfig:{"sslProvider":"OPENSSL","enableTls":false,"mutualAuthEnable":false,"trustAll":false}
2025-09-29 14:30:50.243 [main] INFO  com.alibaba.nacos.common.remote.client - [fb1bc934-f937-4d4a-925e-2703ea2e0335] Register server push request handler:com.alibaba.nacos.common.remote.client.RpcClient$$Lambda$978/0x00000246c1704de8
2025-09-29 14:30:50.244 [main] INFO  com.alibaba.nacos.client.naming - [REGISTER-SERVICE] xiaohongshu registering service xiaohongshu-distributed-id-generator with instance Instance{instanceId='null', ip='10.95.157.254', port=8087, weight=1.0, healthy=true, enabled=true, ephemeral=true, clusterName='DEFAULT', serviceName='null', metadata={IPv6=null, preserved.register.source=SPRING_CLOUD}}
2025-09-29 14:30:50.350 [main] ERROR com.alibaba.nacos.common.remote.client - Send request fail, request = InstanceRequest{headers={app=unknown}, requestId='null'}, retryTimes = 0, errorMessage = Client not connected, current status:STARTING
2025-09-29 14:30:50.459 [main] ERROR com.alibaba.nacos.common.remote.client - Send request fail, request = InstanceRequest{headers={app=unknown}, requestId='null'}, retryTimes = 1, errorMessage = Client not connected, current status:STARTING
2025-09-29 14:30:50.566 [main] ERROR com.alibaba.nacos.common.remote.client - Send request fail, request = InstanceRequest{headers={app=unknown}, requestId='null'}, retryTimes = 2, errorMessage = Client not connected, current status:STARTING
2025-09-29 14:30:50.577 [main] ERROR c.a.cloud.nacos.registry.NacosServiceRegistry - nacos registry, xiaohongshu-distributed-id-generator register failed...NacosRegistration{nacosDiscoveryProperties=NacosDiscoveryProperties{serverAddr='http://47.236.36.111:8848', username='', password='', endpoint='', namespace='xiaohongshu', watchDelay=30000, logName='', service='xiaohongshu-distributed-id-generator', weight=1.0, clusterName='DEFAULT', group='DEFAULT_GROUP', namingLoadCacheAtStart='false', metadata={IPv6=null, preserved.register.source=SPRING_CLOUD}, registerEnabled=true, ip='10.95.157.254', networkInterface='', port=8087, secure=false, accessKey='', secretKey='', heartBeatInterval=null, heartBeatTimeout=null, ipDeleteTimeout=null, instanceEnabled=true, ephemeral=true, failureToleranceEnabled=false}, ipDeleteTimeout=null, failFast=true}},
com.alibaba.nacos.api.exception.NacosException: Client not connected, current status:STARTING
	at com.alibaba.nacos.common.remote.client.RpcClient.request(RpcClient.java:643)
	at com.alibaba.nacos.common.remote.client.RpcClient.request(RpcClient.java:623)
	at com.alibaba.nacos.client.naming.remote.gprc.NamingGrpcClientProxy.requestToServer(NamingGrpcClientProxy.java:357)
	at com.alibaba.nacos.client.naming.remote.gprc.NamingGrpcClientProxy.doRegisterService(NamingGrpcClientProxy.java:210)
	at com.alibaba.nacos.client.naming.remote.gprc.NamingGrpcClientProxy.registerService(NamingGrpcClientProxy.java:124)
	at com.alibaba.nacos.client.naming.remote.NamingClientProxyDelegate.registerService(NamingClientProxyDelegate.java:98)
	at com.alibaba.nacos.client.naming.NacosNamingService.registerInstance(NacosNamingService.java:143)
	at com.alibaba.cloud.nacos.registry.NacosServiceRegistry.register(NacosServiceRegistry.java:75)
	at org.springframework.cloud.client.serviceregistry.AbstractAutoServiceRegistration.register(AbstractAutoServiceRegistration.java:264)
	at com.alibaba.cloud.nacos.registry.NacosAutoServiceRegistration.register(NacosAutoServiceRegistration.java:78)
	at org.springframework.cloud.client.serviceregistry.AbstractAutoServiceRegistration.start(AbstractAutoServiceRegistration.java:156)
	at org.springframework.cloud.client.serviceregistry.AbstractAutoServiceRegistration.onApplicationEvent(AbstractAutoServiceRegistration.java:119)
	at org.springframework.cloud.client.serviceregistry.AbstractAutoServiceRegistration.onApplicationEvent(AbstractAutoServiceRegistration.java:49)
	at org.springframework.context.event.SimpleApplicationEventMulticaster.doInvokeListener(SimpleApplicationEventMulticaster.java:176)
	at org.springframework.context.event.SimpleApplicationEventMulticaster.invokeListener(SimpleApplicationEventMulticaster.java:169)
	at org.springframework.context.event.SimpleApplicationEventMulticaster.multicastEvent(SimpleApplicationEventMulticaster.java:143)
	at org.springframework.context.support.AbstractApplicationContext.publishEvent(AbstractApplicationContext.java:413)
	at org.springframework.context.support.AbstractApplicationContext.publishEvent(AbstractApplicationContext.java:370)
	at org.springframework.boot.web.servlet.context.WebServerStartStopLifecycle.start(WebServerStartStopLifecycle.java:47)
	at org.springframework.context.support.DefaultLifecycleProcessor.doStart(DefaultLifecycleProcessor.java:178)
	at org.springframework.context.support.DefaultLifecycleProcessor$LifecycleGroup.start(DefaultLifecycleProcessor.java:356)
	at java.base/java.lang.Iterable.forEach(Iterable.java:75)
	at org.springframework.context.support.DefaultLifecycleProcessor.startBeans(DefaultLifecycleProcessor.java:155)
	at org.springframework.context.support.DefaultLifecycleProcessor.onRefresh(DefaultLifecycleProcessor.java:123)
	at org.springframework.context.support.AbstractApplicationContext.finishRefresh(AbstractApplicationContext.java:932)
	at org.springframework.context.support.AbstractApplicationContext.refresh(AbstractApplicationContext.java:587)
	at org.springframework.boot.web.servlet.context.ServletWebServerApplicationContext.refresh(ServletWebServerApplicationContext.java:146)
	at org.springframework.boot.SpringApplication.refresh(SpringApplication.java:730)
	at org.springframework.boot.SpringApplication.refreshContext(SpringApplication.java:432)
	at org.springframework.boot.SpringApplication.run(SpringApplication.java:308)
	at org.springframework.boot.SpringApplication.run(SpringApplication.java:1302)
	at org.springframework.boot.SpringApplication.run(SpringApplication.java:1291)
	at com.zry.xiaohongshu.distributed.id.generator.biz.XiaohongshuDistributedIdGeneratorBizApplication.main(XiaohongshuDistributedIdGeneratorBizApplication.java:10)
2025-09-29 14:30:50.578 [main] WARN  o.s.b.w.s.c.AnnotationConfigServletWebServerApplicationContext - Exception encountered during context initialization - cancelling refresh attempt: org.springframework.context.ApplicationContextException: Failed to start bean 'webServerStartStop'
2025-09-29 14:30:50.580 [main] INFO  com.alibaba.nacos.client.naming - com.alibaba.nacos.client.naming.cache.ServiceInfoHolder do shutdown begin
2025-09-29 14:30:50.580 [main] INFO  com.alibaba.nacos.client.naming - com.alibaba.nacos.client.naming.backups.FailoverReactor do shutdown begin
2025-09-29 14:30:50.580 [main] INFO  com.alibaba.nacos.client.naming - com.alibaba.nacos.client.naming.backups.FailoverReactor do shutdown stop
2025-09-29 14:30:50.581 [main] INFO  com.alibaba.nacos.client.naming - com.alibaba.nacos.client.naming.cache.ServiceInfoHolder do shutdown stop
2025-09-29 14:30:50.581 [main] INFO  com.alibaba.nacos.client.naming - com.alibaba.nacos.client.naming.remote.NamingClientProxyDelegate do shutdown begin
2025-09-29 14:30:50.581 [main] INFO  com.alibaba.nacos.client.naming - com.alibaba.nacos.client.naming.core.ServiceInfoUpdateService do shutdown begin
2025-09-29 14:30:50.581 [main] INFO  com.alibaba.nacos.client.naming - com.alibaba.nacos.client.naming.core.ServiceInfoUpdateService do shutdown stop
2025-09-29 14:30:50.581 [main] INFO  com.alibaba.nacos.client.naming - com.alibaba.nacos.client.naming.core.ServerListManager do shutdown begin
2025-09-29 14:30:50.581 [main] WARN  com.alibaba.nacos.client.naming - [NamingHttpClientManager] Start destroying NacosRestTemplate
2025-09-29 14:30:50.581 [main] WARN  com.alibaba.nacos.client.naming - [NamingHttpClientManager] Destruction of the end
2025-09-29 14:30:50.581 [main] INFO  com.alibaba.nacos.client.naming - com.alibaba.nacos.client.naming.core.ServerListManager do shutdown stop
2025-09-29 14:30:50.581 [main] INFO  com.alibaba.nacos.client.naming - com.alibaba.nacos.client.naming.remote.http.NamingHttpClientProxy do shutdown begin
2025-09-29 14:30:50.581 [main] WARN  com.alibaba.nacos.client.naming - [NamingHttpClientManager] Start destroying NacosRestTemplate
2025-09-29 14:30:50.581 [main] WARN  com.alibaba.nacos.client.naming - [NamingHttpClientManager] Destruction of the end
2025-09-29 14:30:50.581 [main] INFO  com.alibaba.nacos.client.naming - com.alibaba.nacos.client.naming.remote.http.NamingHttpClientProxy do shutdown stop
2025-09-29 14:30:50.581 [main] INFO  com.alibaba.nacos.common.remote.client - Shutdown rpc client, set status to shutdown
2025-09-29 14:30:50.581 [main] INFO  com.alibaba.nacos.common.remote.client - Shutdown client event executor java.util.concurrent.ScheduledThreadPoolExecutor@72a33316[Running, pool size = 2, active threads = 2, queued tasks = 0, completed tasks = 0]
2025-09-29 14:30:50.581 [main] INFO  c.a.nacos.common.remote.client.grpc.GrpcClient - Shutdown grpc executor java.util.concurrent.ThreadPoolExecutor@57fce8b[Running, pool size = 11, active threads = 0, queued tasks = 0, completed tasks = 11]
2025-09-29 14:30:50.581 [main] INFO  com.alibaba.nacos.client.naming - Shutdown grpc redo service executor java.util.concurrent.ScheduledThreadPoolExecutor@77204651[Running, pool size = 1, active threads = 0, queued tasks = 1, completed tasks = 3]
2025-09-29 14:30:50.581 [com.alibaba.nacos.client.remote.worker] ERROR c.a.nacos.common.remote.client.grpc.GrpcClient - Server check fail, please check server 47.236.36.111 ,port 9848 is available , error ={}
java.lang.InterruptedException: null
	at com.alibaba.nacos.shaded.com.google.common.util.concurrent.AbstractFuture.get(AbstractFuture.java:438)
	at com.alibaba.nacos.common.remote.client.grpc.GrpcClient.serverCheck(GrpcClient.java:218)
	at com.alibaba.nacos.common.remote.client.grpc.GrpcClient.connectToServer(GrpcClient.java:329)
	at com.alibaba.nacos.common.remote.client.RpcClient.reconnect(RpcClient.java:502)
	at com.alibaba.nacos.common.remote.client.RpcClient.lambda$start$2(RpcClient.java:343)
	at java.base/java.util.concurrent.Executors$RunnableAdapter.call(Executors.java:539)
	at java.base/java.util.concurrent.FutureTask.run(FutureTask.java:264)
	at java.base/java.util.concurrent.ScheduledThreadPoolExecutor$ScheduledFutureTask.run(ScheduledThreadPoolExecutor.java:304)
	at java.base/java.util.concurrent.ThreadPoolExecutor.runWorker(ThreadPoolExecutor.java:1136)
	at java.base/java.util.concurrent.ThreadPoolExecutor$Worker.run(ThreadPoolExecutor.java:635)
	at java.base/java.lang.Thread.run(Thread.java:842)
2025-09-29 14:30:50.581 [main] INFO  c.a.n.client.auth.ram.identify.CredentialWatcher - [null] CredentialWatcher is stopped
2025-09-29 14:30:50.581 [main] INFO  c.a.n.client.auth.ram.identify.CredentialService - [null] CredentialService is freed
2025-09-29 14:30:50.581 [main] INFO  com.alibaba.nacos.client.naming - com.alibaba.nacos.client.naming.remote.NamingClientProxyDelegate do shutdown stop
2025-09-29 14:30:50.581 [com.alibaba.nacos.client.remote.worker] ERROR c.a.n.shaded.io.grpc.internal.ManagedChannelImpl - [Channel<13>: (47.236.36.111:9848)] Uncaught exception in the SynchronizationContext. Panic!
com.alibaba.nacos.shaded.io.grpc.StatusRuntimeException: UNKNOWN: Uncaught exception in the SynchronizationContext. Re-thrown.
	at com.alibaba.nacos.shaded.io.grpc.Status.asRuntimeException(Status.java:530)
	at com.alibaba.nacos.shaded.io.grpc.internal.RetriableStream$1.uncaughtException(RetriableStream.java:75)
	at com.alibaba.nacos.shaded.io.grpc.SynchronizationContext.drain(SynchronizationContext.java:97)
	at com.alibaba.nacos.shaded.io.grpc.SynchronizationContext.execute(SynchronizationContext.java:127)
	at com.alibaba.nacos.shaded.io.grpc.internal.RetriableStream.cancel(RetriableStream.java:493)
	at com.alibaba.nacos.shaded.io.grpc.internal.ManagedChannelImpl$UncommittedRetriableStreamsRegistry.onShutdownNow(ManagedChannelImpl.java:1416)
	at com.alibaba.nacos.shaded.io.grpc.internal.ManagedChannelImpl$RealChannel$1RealChannelShutdownNow.run(ManagedChannelImpl.java:1072)
	at com.alibaba.nacos.shaded.io.grpc.SynchronizationContext.drain(SynchronizationContext.java:95)
	at com.alibaba.nacos.shaded.io.grpc.SynchronizationContext.execute(SynchronizationContext.java:127)
	at com.alibaba.nacos.shaded.io.grpc.internal.ManagedChannelImpl$RealChannel.shutdownNow(ManagedChannelImpl.java:1076)
	at com.alibaba.nacos.shaded.io.grpc.internal.ManagedChannelImpl.shutdownNow(ManagedChannelImpl.java:838)
	at com.alibaba.nacos.shaded.io.grpc.internal.ManagedChannelImpl.shutdownNow(ManagedChannelImpl.java:117)
	at com.alibaba.nacos.shaded.io.grpc.internal.ForwardingManagedChannel.shutdownNow(ForwardingManagedChannel.java:52)
	at com.alibaba.nacos.shaded.io.grpc.internal.ManagedChannelOrphanWrapper.shutdownNow(ManagedChannelOrphanWrapper.java:65)
	at com.alibaba.nacos.common.remote.client.grpc.GrpcClient.shuntDownChannel(GrpcClient.java:200)
	at com.alibaba.nacos.common.remote.client.grpc.GrpcClient.connectToServer(GrpcClient.java:331)
	at com.alibaba.nacos.common.remote.client.RpcClient.reconnect(RpcClient.java:502)
	at com.alibaba.nacos.common.remote.client.RpcClient.lambda$start$2(RpcClient.java:343)
	at java.base/java.util.concurrent.Executors$RunnableAdapter.call(Executors.java:539)
	at java.base/java.util.concurrent.FutureTask.run(FutureTask.java:264)
	at java.base/java.util.concurrent.ScheduledThreadPoolExecutor$ScheduledFutureTask.run(ScheduledThreadPoolExecutor.java:304)
	at java.base/java.util.concurrent.ThreadPoolExecutor.runWorker(ThreadPoolExecutor.java:1136)
	at java.base/java.util.concurrent.ThreadPoolExecutor$Worker.run(ThreadPoolExecutor.java:635)
	at java.base/java.lang.Thread.run(Thread.java:842)
Caused by: java.util.concurrent.RejectedExecutionException: Task com.alibaba.nacos.shaded.io.grpc.internal.SerializingExecutor@7b2980e1 rejected from java.util.concurrent.ThreadPoolExecutor@57fce8b[Terminated, pool size = 0, active threads = 0, queued tasks = 0, completed tasks = 11]
	at java.base/java.util.concurrent.ThreadPoolExecutor$AbortPolicy.rejectedExecution(ThreadPoolExecutor.java:2065)
	at java.base/java.util.concurrent.ThreadPoolExecutor.reject(ThreadPoolExecutor.java:833)
	at java.base/java.util.concurrent.ThreadPoolExecutor.execute(ThreadPoolExecutor.java:1365)
	at com.alibaba.nacos.shaded.io.grpc.internal.SerializingExecutor.schedule(SerializingExecutor.java:102)
	at com.alibaba.nacos.shaded.io.grpc.internal.SerializingExecutor.execute(SerializingExecutor.java:95)
	at com.alibaba.nacos.shaded.io.grpc.internal.ClientCallImpl$ClientStreamListenerImpl.closedInternal(ClientCallImpl.java:752)
	at com.alibaba.nacos.shaded.io.grpc.internal.ClientCallImpl$ClientStreamListenerImpl.closed(ClientCallImpl.java:688)
	at com.alibaba.nacos.shaded.io.grpc.internal.RetriableStream$4.run(RetriableStream.java:498)
	at com.alibaba.nacos.shaded.io.grpc.SynchronizationContext.drain(SynchronizationContext.java:95)
	... 21 common frames omitted
2025-09-29 14:30:50.600 [main] INFO  org.apache.catalina.core.StandardService - Stopping service [Tomcat]
2025-09-29 14:30:50.623 [main] INFO  o.s.b.a.logging.ConditionEvaluationReportLogger - 

Error starting ApplicationContext. To display the condition evaluation report re-run your application with 'debug' enabled.
2025-09-29 14:30:50.641 [main] ERROR org.springframework.boot.SpringApplication - Application run failed
org.springframework.context.ApplicationContextException: Failed to start bean 'webServerStartStop'
	at org.springframework.context.support.DefaultLifecycleProcessor.doStart(DefaultLifecycleProcessor.java:181)
	at org.springframework.context.support.DefaultLifecycleProcessor$LifecycleGroup.start(DefaultLifecycleProcessor.java:356)
	at java.base/java.lang.Iterable.forEach(Iterable.java:75)
	at org.springframework.context.support.DefaultLifecycleProcessor.startBeans(DefaultLifecycleProcessor.java:155)
	at org.springframework.context.support.DefaultLifecycleProcessor.onRefresh(DefaultLifecycleProcessor.java:123)
	at org.springframework.context.support.AbstractApplicationContext.finishRefresh(AbstractApplicationContext.java:932)
	at org.springframework.context.support.AbstractApplicationContext.refresh(AbstractApplicationContext.java:587)
	at org.springframework.boot.web.servlet.context.ServletWebServerApplicationContext.refresh(ServletWebServerApplicationContext.java:146)
	at org.springframework.boot.SpringApplication.refresh(SpringApplication.java:730)
	at org.springframework.boot.SpringApplication.refreshContext(SpringApplication.java:432)
	at org.springframework.boot.SpringApplication.run(SpringApplication.java:308)
	at org.springframework.boot.SpringApplication.run(SpringApplication.java:1302)
	at org.springframework.boot.SpringApplication.run(SpringApplication.java:1291)
	at com.zry.xiaohongshu.distributed.id.generator.biz.XiaohongshuDistributedIdGeneratorBizApplication.main(XiaohongshuDistributedIdGeneratorBizApplication.java:10)
Caused by: java.lang.reflect.UndeclaredThrowableException: null
	at org.springframework.util.ReflectionUtils.rethrowRuntimeException(ReflectionUtils.java:147)
	at com.alibaba.cloud.nacos.registry.NacosServiceRegistry.register(NacosServiceRegistry.java:83)
	at org.springframework.cloud.client.serviceregistry.AbstractAutoServiceRegistration.register(AbstractAutoServiceRegistration.java:264)
	at com.alibaba.cloud.nacos.registry.NacosAutoServiceRegistration.register(NacosAutoServiceRegistration.java:78)
	at org.springframework.cloud.client.serviceregistry.AbstractAutoServiceRegistration.start(AbstractAutoServiceRegistration.java:156)
	at org.springframework.cloud.client.serviceregistry.AbstractAutoServiceRegistration.onApplicationEvent(AbstractAutoServiceRegistration.java:119)
	at org.springframework.cloud.client.serviceregistry.AbstractAutoServiceRegistration.onApplicationEvent(AbstractAutoServiceRegistration.java:49)
	at org.springframework.context.event.SimpleApplicationEventMulticaster.doInvokeListener(SimpleApplicationEventMulticaster.java:176)
	at org.springframework.context.event.SimpleApplicationEventMulticaster.invokeListener(SimpleApplicationEventMulticaster.java:169)
	at org.springframework.context.event.SimpleApplicationEventMulticaster.multicastEvent(SimpleApplicationEventMulticaster.java:143)
	at org.springframework.context.support.AbstractApplicationContext.publishEvent(AbstractApplicationContext.java:413)
	at org.springframework.context.support.AbstractApplicationContext.publishEvent(AbstractApplicationContext.java:370)
	at org.springframework.boot.web.servlet.context.WebServerStartStopLifecycle.start(WebServerStartStopLifecycle.java:47)
	at org.springframework.context.support.DefaultLifecycleProcessor.doStart(DefaultLifecycleProcessor.java:178)
	... 13 common frames omitted
Caused by: com.alibaba.nacos.api.exception.NacosException: Client not connected, current status:STARTING
	at com.alibaba.nacos.common.remote.client.RpcClient.request(RpcClient.java:643)
	at com.alibaba.nacos.common.remote.client.RpcClient.request(RpcClient.java:623)
	at com.alibaba.nacos.client.naming.remote.gprc.NamingGrpcClientProxy.requestToServer(NamingGrpcClientProxy.java:357)
	at com.alibaba.nacos.client.naming.remote.gprc.NamingGrpcClientProxy.doRegisterService(NamingGrpcClientProxy.java:210)
	at com.alibaba.nacos.client.naming.remote.gprc.NamingGrpcClientProxy.registerService(NamingGrpcClientProxy.java:124)
	at com.alibaba.nacos.client.naming.remote.NamingClientProxyDelegate.registerService(NamingClientProxyDelegate.java:98)
	at com.alibaba.nacos.client.naming.NacosNamingService.registerInstance(NacosNamingService.java:143)
	at com.alibaba.cloud.nacos.registry.NacosServiceRegistry.register(NacosServiceRegistry.java:75)
	... 25 common frames omitted
2025-09-29 14:30:50.643 [Thread-11] WARN  c.alibaba.nacos.common.http.HttpClientBeanHolder - [HttpClientBeanHolder] Start destroying common HttpClient
2025-09-29 14:30:50.643 [Thread-8] WARN  com.alibaba.nacos.common.notify.NotifyCenter - [NotifyCenter] Start destroying Publisher
2025-09-29 14:30:50.643 [Thread-8] WARN  com.alibaba.nacos.common.notify.NotifyCenter - [NotifyCenter] Destruction of the end
2025-09-29 14:30:50.644 [Thread-11] WARN  c.alibaba.nacos.common.http.HttpClientBeanHolder - [HttpClientBeanHolder] Destruction of the end
2025-09-29 14:31:38.124 [main] WARN  com.alibaba.nacos.client.logging.NacosLogging - Load Logback Configuration of Nacos fail, message: Could not initialize Logback Nacos logging from classpath:nacos-logback.xml
2025-09-29 14:31:38.182 [main] WARN  com.alibaba.nacos.client.logging.NacosLogging - Load Logback Configuration of Nacos fail, message: Could not initialize Logback Nacos logging from classpath:nacos-logback.xml
2025-09-29 14:31:38.663 [main] WARN  com.alibaba.nacos.client.logging.NacosLogging - Load Logback Configuration of Nacos fail, message: Could not initialize Logback Nacos logging from classpath:nacos-logback.xml
2025-09-29 14:31:38.675 [main] WARN  com.alibaba.nacos.client.logging.NacosLogging - Load Logback Configuration of Nacos fail, message: Could not initialize Logback Nacos logging from classpath:nacos-logback.xml
2025-09-29 14:31:38.676 [main] INFO  c.z.x.d.i.g.b.XiaohongshuDistributedIdGeneratorBizApplication - The following 1 profile is active: "dev"
2025-09-29 14:31:39.121 [main] INFO  o.springframework.cloud.context.scope.GenericScope - BeanFactory id=d0565002-c872-3656-bac4-6138f85662d0
2025-09-29 14:31:39.340 [main] INFO  o.s.boot.web.embedded.tomcat.TomcatWebServer - Tomcat initialized with port(s): 8087 (http)
2025-09-29 14:31:39.341 [main] INFO  org.apache.catalina.core.AprLifecycleListener - Loaded Apache Tomcat Native library [2.0.3] using APR version [1.7.2].
2025-09-29 14:31:39.345 [main] INFO  org.apache.catalina.core.AprLifecycleListener - OpenSSL successfully initialized [OpenSSL 3.0.8 7 Feb 2023]
2025-09-29 14:31:39.354 [main] INFO  org.apache.catalina.core.StandardService - Starting service [Tomcat]
2025-09-29 14:31:39.354 [main] INFO  org.apache.catalina.core.StandardEngine - Starting Servlet engine: [Apache Tomcat/10.1.5]
2025-09-29 14:31:39.450 [main] INFO  o.a.c.core.ContainerBase.[Tomcat].[localhost].[/] - Initializing Spring embedded WebApplicationContext
2025-09-29 14:31:39.450 [main] INFO  o.s.b.w.s.c.ServletWebServerApplicationContext - Root WebApplicationContext: initialization completed in 762 ms
2025-09-29 14:31:39.566 [main] INFO  com.alibaba.druid.pool.DruidDataSource - {dataSource-1} inited
2025-09-29 14:31:39.620 [main] INFO  c.z.x.d.i.g.biz.core.segment.SegmentIDGenImpl - Init ...
2025-09-29 14:31:39.622 [main] INFO  c.z.x.d.i.g.biz.core.segment.SegmentIDGenImpl - update cache from db
2025-09-29 14:31:39.812 [main] INFO  c.z.x.d.i.g.biz.core.segment.SegmentIDGenImpl - Add tag leaf-segment-comment-id from db to IdCache, SegmentBuffer SegmentBuffer{key='leaf-segment-comment-id', segments=[Segment(value:0,max:0,step:0), Segment(value:0,max:0,step:0)], currentPos=0, nextReady=false, initOk=false, threadRunning=false, step=0, minStep=0, updateTimestamp=0}
2025-09-29 14:31:39.815 [main] INFO  c.z.x.d.i.g.biz.core.segment.SegmentIDGenImpl - Add tag leaf-segment-test from db to IdCache, SegmentBuffer SegmentBuffer{key='leaf-segment-test', segments=[Segment(value:0,max:0,step:0), Segment(value:0,max:0,step:0)], currentPos=0, nextReady=false, initOk=false, threadRunning=false, step=0, minStep=0, updateTimestamp=0}
2025-09-29 14:31:39.815 [main] INFO  c.z.x.d.i.g.biz.core.segment.SegmentIDGenImpl - Add tag leaf-segment-user-id from db to IdCache, SegmentBuffer SegmentBuffer{key='leaf-segment-user-id', segments=[Segment(value:0,max:0,step:0), Segment(value:0,max:0,step:0)], currentPos=0, nextReady=false, initOk=false, threadRunning=false, step=0, minStep=0, updateTimestamp=0}
2025-09-29 14:31:39.815 [main] INFO  c.z.x.d.i.g.biz.core.segment.SegmentIDGenImpl - Add tag leaf-segment-xiaohongshu-id from db to IdCache, SegmentBuffer SegmentBuffer{key='leaf-segment-xiaohongshu-id', segments=[Segment(value:0,max:0,step:0), Segment(value:0,max:0,step:0)], currentPos=0, nextReady=false, initOk=false, threadRunning=false, step=0, minStep=0, updateTimestamp=0}
2025-09-29 14:31:39.815 [main] INFO  org.perf4j.TimingLogger - start[1759127499622] time[192] tag[updateCacheFromDb]
2025-09-29 14:31:39.817 [main] INFO  c.z.x.d.id.generator.biz.service.SegmentService - Segment Service Init Successfully
2025-09-29 14:31:39.839 [main] INFO  c.z.x.d.i.g.biz.core.snowflake.SnowflakeIDGenImpl - twepoch:1288834974657 ,ip:10.95.157.254 ,zkAddress:127.0.0.1:2181 port:2222
2025-09-29 14:31:39.885 [main] WARN  org.apache.curator.CuratorZookeeperClient - session timeout [6000] is less than connection timeout [10000]
2025-09-29 14:31:39.897 [main] INFO  o.a.curator.framework.imps.CuratorFrameworkImpl - Starting
2025-09-29 14:31:39.904 [main] INFO  org.apache.zookeeper.ZooKeeper - Client environment:zookeeper.version=3.6.0--b4c89dc7f6083829e18fae6e446907ae0b1f22d7, built on 02/25/2020 14:38 GMT
2025-09-29 14:31:39.904 [main] INFO  org.apache.zookeeper.ZooKeeper - Client environment:host.name=10.95.157.254
2025-09-29 14:31:39.904 [main] INFO  org.apache.zookeeper.ZooKeeper - Client environment:java.version=17.0.12
2025-09-29 14:31:39.904 [main] INFO  org.apache.zookeeper.ZooKeeper - Client environment:java.vendor=Oracle Corporation
2025-09-29 14:31:39.904 [main] INFO  org.apache.zookeeper.ZooKeeper - Client environment:java.home=D:\Program Files\Java\jdk-17.0.12
2025-09-29 14:31:39.904 [main] INFO  org.apache.zookeeper.ZooKeeper - Client environment:java.class.path=D:\subject\JAVA\SpringCloud\xiaohongshu\xiaohongshu-distributed-id-generator\xiaohongshu-distributed-id-generator-biz\target\classes;D:\subject\JAVA\SpringCloud\xiaohongshu\xiaohongshu-framework\xiaohongshu-common\target\classes;D:\data\maven-repository\jakarta\validation\jakarta.validation-api\3.0.2\jakarta.validation-api-3.0.2.jar;D:\data\maven-repository\org\hibernate\validator\hibernate-validator\8.0.0.Final\hibernate-validator-8.0.0.Final.jar;D:\data\maven-repository\org\jboss\logging\jboss-logging\3.5.0.Final\jboss-logging-3.5.0.Final.jar;D:\data\maven-repository\com\fasterxml\classmate\1.5.1\classmate-1.5.1.jar;D:\data\maven-repository\org\projectlombok\lombok\1.18.30\lombok-1.18.30.jar;D:\data\maven-repository\com\fasterxml\jackson\core\jackson-databind\2.16.1\jackson-databind-2.16.1.jar;D:\data\maven-repository\com\fasterxml\jackson\core\jackson-annotations\2.14.1\jackson-annotations-2.14.1.jar;D:\data\maven-repository\com\fasterxml\jackson\core\jackson-core\2.16.1\jackson-core-2.16.1.jar;D:\data\maven-repository\com\fasterxml\jackson\datatype\jackson-datatype-jsr310\2.14.1\jackson-datatype-jsr310-2.14.1.jar;D:\data\maven-repository\com\google\guava\guava\33.0.0-jre\guava-33.0.0-jre.jar;D:\data\maven-repository\com\google\guava\failureaccess\1.0.2\failureaccess-1.0.2.jar;D:\data\maven-repository\com\google\guava\listenablefuture\9999.0-empty-to-avoid-conflict-with-guava\listenablefuture-9999.0-empty-to-avoid-conflict-with-guava.jar;D:\data\maven-repository\com\google\code\findbugs\jsr305\3.0.2\jsr305-3.0.2.jar;D:\data\maven-repository\org\checkerframework\checker-qual\3.41.0\checker-qual-3.41.0.jar;D:\data\maven-repository\com\google\errorprone\error_prone_annotations\2.23.0\error_prone_annotations-2.23.0.jar;D:\data\maven-repository\com\google\j2objc\j2objc-annotations\2.8\j2objc-annotations-2.8.jar;D:\data\maven-repository\cn\hutool\hutool-all\5.8.26\hutool-all-5.8.26.jar;D:\data\maven-repository\org\apache\commons\commons-lang3\3.12.0\commons-lang3-3.12.0.jar;D:\data\maven-repository\org\springframework\boot\spring-boot-starter-web\3.0.2\spring-boot-starter-web-3.0.2.jar;D:\data\maven-repository\org\springframework\boot\spring-boot-starter\3.0.2\spring-boot-starter-3.0.2.jar;D:\data\maven-repository\org\springframework\boot\spring-boot\3.0.2\spring-boot-3.0.2.jar;D:\data\maven-repository\org\springframework\boot\spring-boot-autoconfigure\3.0.2\spring-boot-autoconfigure-3.0.2.jar;D:\data\maven-repository\org\springframework\boot\spring-boot-starter-logging\3.0.2\spring-boot-starter-logging-3.0.2.jar;D:\data\maven-repository\ch\qos\logback\logback-classic\1.4.5\logback-classic-1.4.5.jar;D:\data\maven-repository\ch\qos\logback\logback-core\1.4.5\logback-core-1.4.5.jar;D:\data\maven-repository\org\apache\logging\log4j\log4j-to-slf4j\2.19.0\log4j-to-slf4j-2.19.0.jar;D:\data\maven-repository\org\apache\logging\log4j\log4j-api\2.19.0\log4j-api-2.19.0.jar;D:\data\maven-repository\org\slf4j\jul-to-slf4j\2.0.6\jul-to-slf4j-2.0.6.jar;D:\data\maven-repository\jakarta\annotation\jakarta.annotation-api\2.1.1\jakarta.annotation-api-2.1.1.jar;D:\data\maven-repository\org\yaml\snakeyaml\1.33\snakeyaml-1.33.jar;D:\data\maven-repository\org\springframework\boot\spring-boot-starter-json\3.0.2\spring-boot-starter-json-3.0.2.jar;D:\data\maven-repository\com\fasterxml\jackson\datatype\jackson-datatype-jdk8\2.14.1\jackson-datatype-jdk8-2.14.1.jar;D:\data\maven-repository\com\fasterxml\jackson\module\jackson-module-parameter-names\2.14.1\jackson-module-parameter-names-2.14.1.jar;D:\data\maven-repository\org\springframework\boot\spring-boot-starter-tomcat\3.0.2\spring-boot-starter-tomcat-3.0.2.jar;D:\data\maven-repository\org\apache\tomcat\embed\tomcat-embed-core\10.1.5\tomcat-embed-core-10.1.5.jar;D:\data\maven-repository\org\apache\tomcat\embed\tomcat-embed-el\10.1.5\tomcat-embed-el-10.1.5.jar;D:\data\maven-repository\org\apache\tomcat\embed\tomcat-embed-websocket\10.1.5\tomcat-embed-websocket-10.1.5.jar;D:\data\maven-repository\org\springframework\spring-web\6.0.4\spring-web-6.0.4.jar;D:\data\maven-repository\org\springframework\spring-beans\6.0.4\spring-beans-6.0.4.jar;D:\data\maven-repository\io\micrometer\micrometer-observation\1.10.3\micrometer-observation-1.10.3.jar;D:\data\maven-repository\io\micrometer\micrometer-commons\1.10.3\micrometer-commons-1.10.3.jar;D:\data\maven-repository\org\springframework\spring-webmvc\6.0.4\spring-webmvc-6.0.4.jar;D:\data\maven-repository\org\springframework\spring-aop\6.0.4\spring-aop-6.0.4.jar;D:\data\maven-repository\org\springframework\spring-context\6.0.4\spring-context-6.0.4.jar;D:\data\maven-repository\org\springframework\spring-expression\6.0.4\spring-expression-6.0.4.jar;D:\data\maven-repository\org\slf4j\slf4j-api\2.0.6\slf4j-api-2.0.6.jar;D:\data\maven-repository\org\springframework\spring-core\6.0.4\spring-core-6.0.4.jar;D:\data\maven-repository\org\springframework\spring-jcl\6.0.4\spring-jcl-6.0.4.jar;D:\data\maven-repository\org\springframework\cloud\spring-cloud-starter-bootstrap\4.0.0\spring-cloud-starter-bootstrap-4.0.0.jar;D:\data\maven-repository\org\springframework\cloud\spring-cloud-starter\4.0.0\spring-cloud-starter-4.0.0.jar;D:\data\maven-repository\org\springframework\security\spring-security-rsa\1.0.11.RELEASE\spring-security-rsa-1.0.11.RELEASE.jar;D:\data\maven-repository\org\bouncycastle\bcpkix-jdk15on\1.69\bcpkix-jdk15on-1.69.jar;D:\data\maven-repository\org\bouncycastle\bcprov-jdk15on\1.69\bcprov-jdk15on-1.69.jar;D:\data\maven-repository\org\bouncycastle\bcutil-jdk15on\1.69\bcutil-jdk15on-1.69.jar;D:\data\maven-repository\com\alibaba\cloud\spring-cloud-starter-alibaba-nacos-discovery\2022.0.0.0\spring-cloud-starter-alibaba-nacos-discovery-2022.0.0.0.jar;D:\data\maven-repository\com\alibaba\cloud\spring-cloud-alibaba-commons\2022.0.0.0\spring-cloud-alibaba-commons-2022.0.0.0.jar;D:\data\maven-repository\com\alibaba\nacos\nacos-client\2.2.1\nacos-client-2.2.1.jar;D:\data\maven-repository\com\alibaba\nacos\nacos-auth-plugin\2.2.1\nacos-auth-plugin-2.2.1.jar;D:\data\maven-repository\com\alibaba\nacos\nacos-encryption-plugin\2.2.1\nacos-encryption-plugin-2.2.1.jar;D:\data\maven-repository\commons-codec\commons-codec\1.15\commons-codec-1.15.jar;D:\data\maven-repository\org\apache\httpcomponents\httpasyncclient\4.1.5\httpasyncclient-4.1.5.jar;D:\data\maven-repository\org\apache\httpcomponents\httpcore\4.4.16\httpcore-4.4.16.jar;D:\data\maven-repository\org\apache\httpcomponents\httpcore-nio\4.4.16\httpcore-nio-4.4.16.jar;D:\data\maven-repository\org\apache\httpcomponents\httpclient\4.5.14\httpclient-4.5.14.jar;D:\data\maven-repository\io\prometheus\simpleclient\0.16.0\simpleclient-0.16.0.jar;D:\data\maven-repository\io\prometheus\simpleclient_tracer_otel\0.16.0\simpleclient_tracer_otel-0.16.0.jar;D:\data\maven-repository\io\prometheus\simpleclient_tracer_common\0.16.0\simpleclient_tracer_common-0.16.0.jar;D:\data\maven-repository\io\prometheus\simpleclient_tracer_otel_agent\0.16.0\simpleclient_tracer_otel_agent-0.16.0.jar;D:\data\maven-repository\com\alibaba\spring\spring-context-support\1.0.11\spring-context-support-1.0.11.jar;D:\data\maven-repository\org\springframework\cloud\spring-cloud-commons\4.0.0\spring-cloud-commons-4.0.0.jar;D:\data\maven-repository\org\springframework\security\spring-security-crypto\6.0.1\spring-security-crypto-6.0.1.jar;D:\data\maven-repository\org\springframework\cloud\spring-cloud-context\4.0.0\spring-cloud-context-4.0.0.jar;D:\data\maven-repository\commons-io\commons-io\2.4\commons-io-2.4.jar;D:\data\maven-repository\org\perf4j\perf4j\0.9.16\perf4j-0.9.16.jar;D:\data\maven-repository\mysql\mysql-connector-java\8.0.29\mysql-connector-java-8.0.29.jar;D:\data\maven-repository\com\google\protobuf\protobuf-java\3.19.4\protobuf-java-3.19.4.jar;D:\data\maven-repository\com\alibaba\druid\1.0.18\druid-1.0.18.jar;D:\data\maven-repository\org\mybatis\mybatis\3.3.0\mybatis-3.3.0.jar;D:\data\maven-repository\org\apache\curator\curator-recipes\2.6.0\curator-recipes-2.6.0.jar;D:\data\maven-repository\org\apache\curator\curator-framework\5.1.0\curator-framework-5.1.0.jar;D:\data\maven-repository\org\apache\curator\curator-client\5.1.0\curator-client-5.1.0.jar;D:\data\maven-repository\org\apache\zookeeper\zookeeper\3.6.0\zookeeper-3.6.0.jar;D:\data\maven-repository\commons-lang\commons-lang\2.6\commons-lang-2.6.jar;D:\data\maven-repository\org\apache\zookeeper\zookeeper-jute\3.6.0\zookeeper-jute-3.6.0.jar;D:\data\maven-repository\org\apache\yetus\audience-annotations\0.5.0\audience-annotations-0.5.0.jar;D:\data\maven-repository\io\netty\netty-handler\4.1.87.Final\netty-handler-4.1.87.Final.jar;D:\data\maven-repository\io\netty\netty-common\4.1.87.Final\netty-common-4.1.87.Final.jar;D:\data\maven-repository\io\netty\netty-resolver\4.1.87.Final\netty-resolver-4.1.87.Final.jar;D:\data\maven-repository\io\netty\netty-buffer\4.1.87.Final\netty-buffer-4.1.87.Final.jar;D:\data\maven-repository\io\netty\netty-transport\4.1.87.Final\netty-transport-4.1.87.Final.jar;D:\data\maven-repository\io\netty\netty-transport-native-unix-common\4.1.87.Final\netty-transport-native-unix-common-4.1.87.Final.jar;D:\data\maven-repository\io\netty\netty-codec\4.1.87.Final\netty-codec-4.1.87.Final.jar;D:\data\maven-repository\io\netty\netty-transport-native-epoll\4.1.87.Final\netty-transport-native-epoll-4.1.87.Final.jar;D:\data\maven-repository\io\netty\netty-transport-classes-epoll\4.1.87.Final\netty-transport-classes-epoll-4.1.87.Final.jar
2025-09-29 14:31:39.904 [main] INFO  org.apache.zookeeper.ZooKeeper - Client environment:java.library.path=D:\Program Files\Java\jdk-17.0.12\bin;C:\WINDOWS\Sun\Java\bin;C:\WINDOWS\system32;C:\WINDOWS;C:\Program Files (x86)\Common Files\Oracle\Java\java8path;C:\Program Files (x86)\Common Files\Oracle\Java\javapath;D:\Program Files (x86)\VMware\VMware Workstation\bin\;C:\Windows\system32;C:\Windows;C:\Windows\System32\Wbem;C:\Windows\System32\WindowsPowerShell\v1.0\;C:\Windows\System32\OpenSSH\;D:\graalvm-ce-java17-22.3.0\bin;C:\Program Files\dotnet\;C:\WINDOWS\system32;C:\WINDOWS;C:\WINDOWS\System32\Wbem;C:\WINDOWS\System32\WindowsPowerShell\v1.0\;C:\WINDOWS\System32\OpenSSH\;D:\BaiduNetdiskDownload\runtime\win64;D:\BaiduNetdiskDownload\bin;D:\BaiduNetdiskDownload\polyspace\bin;C:\Users\Rey\mingw64\bin\;%MYSQL_HOME%\bin;C:\Program Files\Azure Data Studio\bin;D:\Program Files\MySQL\MySQL Server 8.0\bin;D:\Program Files\apache-tomcat-10.1.7\bin;D:\Program Files\nodejs\;D:\Server\maven\apache-maven-3.9.4\bin;D:\Program Files\Redis-x64-3.2.100;D:\Program Files\elasticsearch-7.17.16-windows-x86_64\elasticsearch-7.17.16\bin;D:\Program Files\elasticsearch-7.17.16-windows-x86_64\elasticsearch-7.17.16\jdk\bin;D:\Program Files\Git\cmd;D:\Program Files (x86)\NetSarang\Xshell 8\;D:\Program Files\NetSarang\Xftp 8\;D:\software\hadoop-3.1.3\bin;c:\Users\Rey\AppData\Local\Programs\cursor\resources\app\bin;D:\Program Files\Java\jdk-1.8\bin;D:\subject\Third_2\andoirdDev\soft\gradle-8.13-bin\gradle-8.13\bin;D:\software\lua-5.4.2_Win64_bin;D:\Program Files\python\Python38\Scripts;D:\Program Files\Python\Python38\;D:\Program Files (x86)\Tencent\微信web开发者工具\dll;D:\Program Files\apache-jmeter-5.6.3\bin;C:\WINDOWS\system32;C:\WINDOWS;C:\WINDOWS\System32\Wbem;C:\WINDOWS\System32\WindowsPowerShell\v1.0\;C:\WINDOWS\System32\OpenSSH\;D:\subject\JAVA\apache-cassandra-4.0.18\bin;C:\Program Files\Docker\Docker\resources\bin;D:\Program Files\Python\Python38\Scripts\;D:\Program Files\Python\Python38\;C:\Users\Rey\AppData\Local\Microsoft\WindowsApps;C:\Users\Rey\.dotnet\tools;C:\Users\Rey\mingw64\bin;C:\Program Files\Azure Data Studio\bin;D:\software\vscode\Microsoft VS Code\bin;C:\Users\Rey\AppData\Roaming\npm;D:\Program Files\Java\jdk-1.8\bin;D:\Program Files\JetBrains\PyCharm 2024.3.5\bin;;;D:\Program Files\Huawei\DevEco Studio\bin;;.
2025-09-29 14:31:39.904 [main] INFO  org.apache.zookeeper.ZooKeeper - Client environment:java.io.tmpdir=C:\Users\Rey\AppData\Local\Temp\
2025-09-29 14:31:39.904 [main] INFO  org.apache.zookeeper.ZooKeeper - Client environment:java.compiler=<NA>
2025-09-29 14:31:39.904 [main] INFO  org.apache.zookeeper.ZooKeeper - Client environment:os.name=Windows 11
2025-09-29 14:31:39.904 [main] INFO  org.apache.zookeeper.ZooKeeper - Client environment:os.arch=amd64
2025-09-29 14:31:39.904 [main] INFO  org.apache.zookeeper.ZooKeeper - Client environment:os.version=10.0
2025-09-29 14:31:39.904 [main] INFO  org.apache.zookeeper.ZooKeeper - Client environment:user.name=Rey
2025-09-29 14:31:39.904 [main] INFO  org.apache.zookeeper.ZooKeeper - Client environment:user.home=C:\Users\Rey
2025-09-29 14:31:39.904 [main] INFO  org.apache.zookeeper.ZooKeeper - Client environment:user.dir=D:\subject\JAVA\SpringCloud\xiaohongshu
2025-09-29 14:31:39.904 [main] INFO  org.apache.zookeeper.ZooKeeper - Client environment:os.memory.free=31MB
2025-09-29 14:31:39.904 [main] INFO  org.apache.zookeeper.ZooKeeper - Client environment:os.memory.max=4028MB
2025-09-29 14:31:39.904 [main] INFO  org.apache.zookeeper.ZooKeeper - Client environment:os.memory.total=60MB
2025-09-29 14:31:39.908 [main] INFO  org.apache.zookeeper.ZooKeeper - Initiating client connection, connectString=127.0.0.1:2181 sessionTimeout=6000 watcher=org.apache.curator.ConnectionState@486e9d1d
2025-09-29 14:31:39.910 [main] INFO  org.apache.zookeeper.common.X509Util - Setting -D jdk.tls.rejectClientInitiatedRenegotiation=true to disable client-initiated TLS renegotiation
2025-09-29 14:31:39.922 [main] INFO  org.apache.zookeeper.ClientCnxnSocket - jute.maxbuffer value is 1048575 Bytes
2025-09-29 14:31:39.928 [main] INFO  org.apache.zookeeper.ClientCnxn - zookeeper.request.timeout value is 0. feature enabled=false
2025-09-29 14:31:39.931 [main-SendThread(127.0.0.1:2181)] INFO  org.apache.zookeeper.ClientCnxn - Opening socket connection to server kubernetes.docker.internal/127.0.0.1:2181.
2025-09-29 14:31:39.931 [main-SendThread(127.0.0.1:2181)] INFO  org.apache.zookeeper.ClientCnxn - SASL config status: Will not attempt to authenticate using SASL (unknown error)
2025-09-29 14:31:39.934 [main-SendThread(127.0.0.1:2181)] INFO  org.apache.zookeeper.ClientCnxn - Socket connection established, initiating session, client: /127.0.0.1:60360, server: kubernetes.docker.internal/127.0.0.1:2181
2025-09-29 14:31:39.934 [main] INFO  o.a.curator.framework.imps.CuratorFrameworkImpl - Default schema
2025-09-29 14:31:39.942 [main-SendThread(127.0.0.1:2181)] INFO  org.apache.zookeeper.ClientCnxn - Session establishment complete on server kubernetes.docker.internal/127.0.0.1:2181, session id = 0x1000001fafd0002, negotiated timeout = 6000
2025-09-29 14:31:39.947 [main-EventThread] INFO  o.a.curator.framework.state.ConnectionStateManager - State change: CONNECTED
2025-09-29 14:31:39.954 [main-EventThread] INFO  org.apache.curator.framework.imps.EnsembleTracker - New config event received: {}
2025-09-29 14:31:39.955 [main-EventThread] INFO  org.apache.curator.framework.imps.EnsembleTracker - New config event received: {}
2025-09-29 14:31:40.010 [main] INFO  c.z.x.d.i.g.b.c.snowflake.SnowflakeZookeeperHolder - file exists status is true
2025-09-29 14:31:40.016 [main] INFO  c.z.x.d.i.g.b.c.snowflake.SnowflakeZookeeperHolder - update file cache workerID is 4
2025-09-29 14:31:40.016 [main] INFO  c.z.x.d.i.g.b.c.snowflake.SnowflakeZookeeperHolder - [Old NODE]find forever node have this endpoint ip-10.95.157.254 port-2222 workid-4 childnode and start SUCCESS
2025-09-29 14:31:40.016 [main] INFO  c.z.x.d.i.g.biz.core.snowflake.SnowflakeIDGenImpl - START SUCCESS USE ZK WORKERID-4
2025-09-29 14:31:40.016 [main] INFO  c.z.x.d.id.generator.biz.service.SnowflakeService - Snowflake Service Init Successfully
2025-09-29 14:31:40.897 [main] INFO  o.s.boot.web.embedded.tomcat.TomcatWebServer - Tomcat started on port(s): 8087 (http) with context path ''
2025-09-29 14:31:40.903 [main] WARN  com.alibaba.nacos.client.logging.NacosLogging - Load Logback Configuration of Nacos fail, message: Could not initialize Logback Nacos logging from classpath:nacos-logback.xml
2025-09-29 14:31:40.904 [main] INFO  com.alibaba.nacos.client.naming - initializer namespace from ans.namespace attribute : null
2025-09-29 14:31:40.904 [main] INFO  com.alibaba.nacos.client.naming - initializer namespace from ALIBABA_ALIWARE_NAMESPACE attribute :null
2025-09-29 14:31:40.904 [main] INFO  com.alibaba.nacos.client.naming - initializer namespace from namespace attribute :null
2025-09-29 14:31:40.925 [main] INFO  com.alibaba.nacos.client.utils.ParamUtil - [settings] [req-serv] nacos-server port:8848
2025-09-29 14:31:40.925 [main] INFO  com.alibaba.nacos.client.utils.ParamUtil - [settings] [http-client] connect timeout:1000
2025-09-29 14:31:40.927 [main] INFO  com.alibaba.nacos.client.utils.ParamUtil - PER_TASK_CONFIG_SIZE: 3000.0
2025-09-29 14:31:40.930 [main] INFO  c.a.n.p.auth.spi.client.ClientAuthPluginManager - [ClientAuthPluginManager] Load ClientAuthService com.alibaba.nacos.client.auth.impl.NacosClientAuthServiceImpl success.
2025-09-29 14:31:40.930 [main] INFO  c.a.n.p.auth.spi.client.ClientAuthPluginManager - [ClientAuthPluginManager] Load ClientAuthService com.alibaba.nacos.client.auth.ram.RamClientAuthServiceImpl success.
2025-09-29 14:31:40.933 [main] INFO  c.a.n.client.auth.ram.identify.CredentialWatcher - null No credential found
2025-09-29 14:31:40.942 [main] INFO  com.alibaba.nacos.common.remote.client - [RpcClientFactory] create a new rpc client of dc2ca1e1-724a-4906-9c8a-641558987e9c
2025-09-29 14:31:40.962 [main] INFO  com.alibaba.nacos.common.remote.client - [dc2ca1e1-724a-4906-9c8a-641558987e9c] RpcClient init, ServerListFactory = com.alibaba.nacos.client.naming.core.ServerListManager
2025-09-29 14:31:40.962 [main] INFO  com.alibaba.nacos.common.remote.client - [dc2ca1e1-724a-4906-9c8a-641558987e9c] Registry connection listener to current client:com.alibaba.nacos.client.naming.remote.gprc.redo.NamingGrpcRedoService
2025-09-29 14:31:40.963 [main] INFO  com.alibaba.nacos.common.remote.client - [dc2ca1e1-724a-4906-9c8a-641558987e9c] Register server push request handler:com.alibaba.nacos.client.naming.remote.gprc.NamingPushRequestHandler
2025-09-29 14:31:40.966 [main] INFO  com.alibaba.nacos.common.remote.client - [dc2ca1e1-724a-4906-9c8a-641558987e9c] Try to connect to server on start up, server: {serverIp = '8.134.88.169', server main port = 8848}
2025-09-29 14:31:40.979 [main] INFO  c.a.nacos.common.remote.client.grpc.GrpcClient - grpc client connection server:8.134.88.169 ip,serverPort:9848,grpcTslConfig:{"sslProvider":"OPENSSL","enableTls":false,"mutualAuthEnable":false,"trustAll":false}
2025-09-29 14:31:41.887 [main] INFO  com.alibaba.nacos.common.remote.client - [dc2ca1e1-724a-4906-9c8a-641558987e9c] Success to connect to server [8.134.88.169:8848] on start up, connectionId = 1759127501718_112.94.129.177_3679
2025-09-29 14:31:41.888 [com.alibaba.nacos.client.remote.worker] INFO  com.alibaba.nacos.common.remote.client - [dc2ca1e1-724a-4906-9c8a-641558987e9c] Notify connected event to listeners.
2025-09-29 14:31:41.888 [com.alibaba.nacos.client.remote.worker] INFO  com.alibaba.nacos.client.naming - Grpc connection connect
2025-09-29 14:31:41.888 [main] INFO  com.alibaba.nacos.common.remote.client - [dc2ca1e1-724a-4906-9c8a-641558987e9c] Register server push request handler:com.alibaba.nacos.common.remote.client.RpcClient$ConnectResetRequestHandler
2025-09-29 14:31:41.889 [main] INFO  com.alibaba.nacos.common.remote.client - [dc2ca1e1-724a-4906-9c8a-641558987e9c] Register server push request handler:com.alibaba.nacos.common.remote.client.RpcClient$$Lambda$978/0x0000022bb072e300
2025-09-29 14:31:41.890 [main] INFO  com.alibaba.nacos.client.naming - [REGISTER-SERVICE] xiaohongshu registering service xiaohongshu-distributed-id-generator with instance Instance{instanceId='null', ip='10.95.157.254', port=8087, weight=1.0, healthy=true, enabled=true, ephemeral=true, clusterName='DEFAULT', serviceName='null', metadata={IPv6=null, preserved.register.source=SPRING_CLOUD}}
2025-09-29 14:31:41.912 [main] INFO  c.a.cloud.nacos.registry.NacosServiceRegistry - nacos registry, DEFAULT_GROUP xiaohongshu-distributed-id-generator 10.95.157.254:8087 register finished
2025-09-29 14:31:42.117 [main] INFO  c.z.x.d.i.g.b.XiaohongshuDistributedIdGeneratorBizApplication - Started XiaohongshuDistributedIdGeneratorBizApplication in 4.776 seconds (process running for 5.42)
2025-09-29 14:32:39.825 [check-idCache-thread] INFO  c.z.x.d.i.g.biz.core.segment.SegmentIDGenImpl - update cache from db
2025-09-29 14:32:39.832 [check-idCache-thread] INFO  org.perf4j.TimingLogger - start[1759127559825] time[6] tag[updateCacheFromDb]
2025-09-29 14:33:39.837 [check-idCache-thread] INFO  c.z.x.d.i.g.biz.core.segment.SegmentIDGenImpl - update cache from db
2025-09-29 14:33:39.839 [check-idCache-thread] INFO  org.perf4j.TimingLogger - start[1759127619837] time[2] tag[updateCacheFromDb]
2025-09-29 14:34:15.491 [main-SendThread(127.0.0.1:2181)] WARN  org.apache.zookeeper.ClientCnxn - Session 0x1000001fafd0002 for sever kubernetes.docker.internal/127.0.0.1:2181, Closing socket connection. Attempting reconnect except it is a SessionExpiredException.
org.apache.zookeeper.ClientCnxn$EndOfStreamException: Unable to read additional data from server sessionid 0x1000001fafd0002, likely server has closed socket
	at org.apache.zookeeper.ClientCnxnSocketNIO.doIO(ClientCnxnSocketNIO.java:75)
	at org.apache.zookeeper.ClientCnxnSocketNIO.doTransport(ClientCnxnSocketNIO.java:348)
	at org.apache.zookeeper.ClientCnxn$SendThread.run(ClientCnxn.java:1262)
2025-09-29 14:34:15.604 [main-EventThread] INFO  o.a.curator.framework.state.ConnectionStateManager - State change: SUSPENDED
2025-09-29 14:34:17.068 [main-SendThread(127.0.0.1:2181)] INFO  org.apache.zookeeper.ClientCnxn - Opening socket connection to server kubernetes.docker.internal/127.0.0.1:2181.
2025-09-29 14:34:17.068 [main-SendThread(127.0.0.1:2181)] INFO  org.apache.zookeeper.ClientCnxn - SASL config status: Will not attempt to authenticate using SASL (unknown error)
2025-09-29 14:34:17.071 [main-SendThread(127.0.0.1:2181)] WARN  org.apache.zookeeper.ClientCnxn - Session 0x1000001fafd0002 for sever kubernetes.docker.internal/127.0.0.1:2181, Closing socket connection. Attempting reconnect except it is a SessionExpiredException.
java.net.ConnectException: Connection refused: no further information
	at java.base/sun.nio.ch.Net.pollConnect(Native Method)
	at java.base/sun.nio.ch.Net.pollConnectNow(Net.java:672)
	at java.base/sun.nio.ch.SocketChannelImpl.finishConnect(SocketChannelImpl.java:946)
	at org.apache.zookeeper.ClientCnxnSocketNIO.doTransport(ClientCnxnSocketNIO.java:342)
	at org.apache.zookeeper.ClientCnxn$SendThread.run(ClientCnxn.java:1262)
2025-09-29 14:34:18.811 [main-SendThread(127.0.0.1:2181)] INFO  org.apache.zookeeper.ClientCnxn - Opening socket connection to server kubernetes.docker.internal/127.0.0.1:2181.
2025-09-29 14:34:18.811 [main-SendThread(127.0.0.1:2181)] INFO  org.apache.zookeeper.ClientCnxn - SASL config status: Will not attempt to authenticate using SASL (unknown error)
2025-09-29 14:34:18.812 [main-SendThread(127.0.0.1:2181)] WARN  org.apache.zookeeper.ClientCnxn - Session 0x1000001fafd0002 for sever kubernetes.docker.internal/127.0.0.1:2181, Closing socket connection. Attempting reconnect except it is a SessionExpiredException.
java.net.ConnectException: Connection refused: no further information
	at java.base/sun.nio.ch.Net.pollConnect(Native Method)
	at java.base/sun.nio.ch.Net.pollConnectNow(Net.java:672)
	at java.base/sun.nio.ch.SocketChannelImpl.finishConnect(SocketChannelImpl.java:946)
	at org.apache.zookeeper.ClientCnxnSocketNIO.doTransport(ClientCnxnSocketNIO.java:342)
	at org.apache.zookeeper.ClientCnxn$SendThread.run(ClientCnxn.java:1262)
2025-09-29 14:34:20.411 [main-SendThread(127.0.0.1:2181)] INFO  org.apache.zookeeper.ClientCnxn - Opening socket connection to server kubernetes.docker.internal/127.0.0.1:2181.
2025-09-29 14:34:20.411 [main-SendThread(127.0.0.1:2181)] INFO  org.apache.zookeeper.ClientCnxn - SASL config status: Will not attempt to authenticate using SASL (unknown error)
2025-09-29 14:34:20.413 [main-SendThread(127.0.0.1:2181)] WARN  org.apache.zookeeper.ClientCnxn - Session 0x1000001fafd0002 for sever kubernetes.docker.internal/127.0.0.1:2181, Closing socket connection. Attempting reconnect except it is a SessionExpiredException.
java.net.ConnectException: Connection refused: no further information
	at java.base/sun.nio.ch.Net.pollConnect(Native Method)
	at java.base/sun.nio.ch.Net.pollConnectNow(Net.java:672)
	at java.base/sun.nio.ch.SocketChannelImpl.finishConnect(SocketChannelImpl.java:946)
	at org.apache.zookeeper.ClientCnxnSocketNIO.doTransport(ClientCnxnSocketNIO.java:342)
	at org.apache.zookeeper.ClientCnxn$SendThread.run(ClientCnxn.java:1262)
2025-09-29 14:34:21.408 [Thread-8] WARN  com.alibaba.nacos.common.notify.NotifyCenter - [NotifyCenter] Start destroying Publisher
2025-09-29 14:34:21.408 [Thread-11] WARN  c.alibaba.nacos.common.http.HttpClientBeanHolder - [HttpClientBeanHolder] Start destroying common HttpClient
2025-09-29 14:34:21.408 [Thread-8] WARN  com.alibaba.nacos.common.notify.NotifyCenter - [NotifyCenter] Destruction of the end
2025-09-29 14:34:21.410 [Thread-11] WARN  c.alibaba.nacos.common.http.HttpClientBeanHolder - [HttpClientBeanHolder] Destruction of the end
2025-09-29 14:34:21.446 [SpringApplicationShutdownHook] INFO  c.a.cloud.nacos.registry.NacosServiceRegistry - De-registering from Nacos Server now...
2025-09-29 14:34:21.447 [SpringApplicationShutdownHook] INFO  com.alibaba.nacos.client.naming - [DEREGISTER-SERVICE] xiaohongshu deregistering service xiaohongshu-distributed-id-generator with instance: Instance{instanceId='null', ip='10.95.157.254', port=8087, weight=1.0, healthy=true, enabled=true, ephemeral=true, clusterName='DEFAULT', serviceName='null', metadata={}}
2025-09-29 14:34:21.463 [SpringApplicationShutdownHook] INFO  c.a.cloud.nacos.registry.NacosServiceRegistry - De-registration finished.
2025-09-29 14:34:21.463 [SpringApplicationShutdownHook] INFO  com.alibaba.nacos.client.naming - com.alibaba.nacos.client.naming.cache.ServiceInfoHolder do shutdown begin
2025-09-29 14:34:21.463 [SpringApplicationShutdownHook] INFO  com.alibaba.nacos.client.naming - com.alibaba.nacos.client.naming.backups.FailoverReactor do shutdown begin
2025-09-29 14:34:21.463 [SpringApplicationShutdownHook] INFO  com.alibaba.nacos.client.naming - com.alibaba.nacos.client.naming.backups.FailoverReactor do shutdown stop
2025-09-29 14:34:21.463 [SpringApplicationShutdownHook] INFO  com.alibaba.nacos.client.naming - com.alibaba.nacos.client.naming.cache.ServiceInfoHolder do shutdown stop
2025-09-29 14:34:21.463 [SpringApplicationShutdownHook] INFO  com.alibaba.nacos.client.naming - com.alibaba.nacos.client.naming.remote.NamingClientProxyDelegate do shutdown begin
2025-09-29 14:34:21.463 [SpringApplicationShutdownHook] INFO  com.alibaba.nacos.client.naming - com.alibaba.nacos.client.naming.core.ServiceInfoUpdateService do shutdown begin
2025-09-29 14:34:21.463 [SpringApplicationShutdownHook] INFO  com.alibaba.nacos.client.naming - com.alibaba.nacos.client.naming.core.ServiceInfoUpdateService do shutdown stop
2025-09-29 14:34:21.463 [SpringApplicationShutdownHook] INFO  com.alibaba.nacos.client.naming - com.alibaba.nacos.client.naming.core.ServerListManager do shutdown begin
2025-09-29 14:34:21.463 [SpringApplicationShutdownHook] WARN  com.alibaba.nacos.client.naming - [NamingHttpClientManager] Start destroying NacosRestTemplate
2025-09-29 14:34:21.463 [SpringApplicationShutdownHook] WARN  com.alibaba.nacos.client.naming - [NamingHttpClientManager] Destruction of the end
2025-09-29 14:34:21.463 [SpringApplicationShutdownHook] INFO  com.alibaba.nacos.client.naming - com.alibaba.nacos.client.naming.core.ServerListManager do shutdown stop
2025-09-29 14:34:21.463 [SpringApplicationShutdownHook] INFO  com.alibaba.nacos.client.naming - com.alibaba.nacos.client.naming.remote.http.NamingHttpClientProxy do shutdown begin
2025-09-29 14:34:21.463 [SpringApplicationShutdownHook] WARN  com.alibaba.nacos.client.naming - [NamingHttpClientManager] Start destroying NacosRestTemplate
2025-09-29 14:34:21.463 [SpringApplicationShutdownHook] WARN  com.alibaba.nacos.client.naming - [NamingHttpClientManager] Destruction of the end
2025-09-29 14:34:21.463 [SpringApplicationShutdownHook] INFO  com.alibaba.nacos.client.naming - com.alibaba.nacos.client.naming.remote.http.NamingHttpClientProxy do shutdown stop
2025-09-29 14:34:21.463 [SpringApplicationShutdownHook] INFO  com.alibaba.nacos.common.remote.client - Shutdown rpc client, set status to shutdown
2025-09-29 14:34:21.464 [SpringApplicationShutdownHook] INFO  com.alibaba.nacos.common.remote.client - Shutdown client event executor java.util.concurrent.ScheduledThreadPoolExecutor@556e96b6[Running, pool size = 2, active threads = 2, queued tasks = 0, completed tasks = 0]
2025-09-29 14:34:21.464 [SpringApplicationShutdownHook] INFO  com.alibaba.nacos.common.remote.client - Close current connection 1759127501718_112.94.129.177_3679
2025-09-29 14:34:21.466 [nacos-grpc-client-executor-8.134.88.169-53] WARN  c.a.nacos.common.remote.client.grpc.GrpcClient - [1759127501718_112.94.129.177_3679]Ignore error event,isRunning:false,isAbandon=false
2025-09-29 14:34:21.467 [SpringApplicationShutdownHook] INFO  c.a.nacos.common.remote.client.grpc.GrpcClient - Shutdown grpc executor java.util.concurrent.ThreadPoolExecutor@5ee2dbda[Running, pool size = 4, active threads = 0, queued tasks = 0, completed tasks = 54]
2025-09-29 14:34:21.467 [SpringApplicationShutdownHook] INFO  com.alibaba.nacos.client.naming - Shutdown grpc redo service executor java.util.concurrent.ScheduledThreadPoolExecutor@712b9c65[Running, pool size = 1, active threads = 0, queued tasks = 1, completed tasks = 53]
2025-09-29 14:34:21.467 [SpringApplicationShutdownHook] INFO  c.a.n.client.auth.ram.identify.CredentialWatcher - [null] CredentialWatcher is stopped
2025-09-29 14:34:21.467 [SpringApplicationShutdownHook] INFO  c.a.n.client.auth.ram.identify.CredentialService - [null] CredentialService is freed
2025-09-29 14:34:21.467 [SpringApplicationShutdownHook] INFO  com.alibaba.nacos.client.naming - com.alibaba.nacos.client.naming.remote.NamingClientProxyDelegate do shutdown stop
2025-09-29 14:34:24.083 [main] WARN  com.alibaba.nacos.client.logging.NacosLogging - Load Logback Configuration of Nacos fail, message: Could not initialize Logback Nacos logging from classpath:nacos-logback.xml
2025-09-29 14:34:24.142 [main] WARN  com.alibaba.nacos.client.logging.NacosLogging - Load Logback Configuration of Nacos fail, message: Could not initialize Logback Nacos logging from classpath:nacos-logback.xml
2025-09-29 14:34:24.637 [main] WARN  com.alibaba.nacos.client.logging.NacosLogging - Load Logback Configuration of Nacos fail, message: Could not initialize Logback Nacos logging from classpath:nacos-logback.xml
2025-09-29 14:34:24.650 [main] WARN  com.alibaba.nacos.client.logging.NacosLogging - Load Logback Configuration of Nacos fail, message: Could not initialize Logback Nacos logging from classpath:nacos-logback.xml
2025-09-29 14:34:24.651 [main] INFO  c.z.x.d.i.g.b.XiaohongshuDistributedIdGeneratorBizApplication - The following 1 profile is active: "dev"
2025-09-29 14:34:25.095 [main] INFO  o.springframework.cloud.context.scope.GenericScope - BeanFactory id=d0565002-c872-3656-bac4-6138f85662d0
2025-09-29 14:34:25.309 [main] INFO  o.s.boot.web.embedded.tomcat.TomcatWebServer - Tomcat initialized with port(s): 8087 (http)
2025-09-29 14:34:25.311 [main] INFO  org.apache.catalina.core.AprLifecycleListener - Loaded Apache Tomcat Native library [2.0.3] using APR version [1.7.2].
2025-09-29 14:34:25.315 [main] INFO  org.apache.catalina.core.AprLifecycleListener - OpenSSL successfully initialized [OpenSSL 3.0.8 7 Feb 2023]
2025-09-29 14:34:25.324 [main] INFO  org.apache.catalina.core.StandardService - Starting service [Tomcat]
2025-09-29 14:34:25.324 [main] INFO  org.apache.catalina.core.StandardEngine - Starting Servlet engine: [Apache Tomcat/10.1.5]
2025-09-29 14:34:25.422 [main] INFO  o.a.c.core.ContainerBase.[Tomcat].[localhost].[/] - Initializing Spring embedded WebApplicationContext
2025-09-29 14:34:25.423 [main] INFO  o.s.b.w.s.c.ServletWebServerApplicationContext - Root WebApplicationContext: initialization completed in 758 ms
2025-09-29 14:34:25.538 [main] INFO  com.alibaba.druid.pool.DruidDataSource - {dataSource-1} inited
2025-09-29 14:34:25.595 [main] INFO  c.z.x.d.i.g.biz.core.segment.SegmentIDGenImpl - Init ...
2025-09-29 14:34:25.595 [main] INFO  c.z.x.d.i.g.biz.core.segment.SegmentIDGenImpl - update cache from db
2025-09-29 14:34:25.777 [main] INFO  c.z.x.d.i.g.biz.core.segment.SegmentIDGenImpl - Add tag leaf-segment-comment-id from db to IdCache, SegmentBuffer SegmentBuffer{key='leaf-segment-comment-id', segments=[Segment(value:0,max:0,step:0), Segment(value:0,max:0,step:0)], currentPos=0, nextReady=false, initOk=false, threadRunning=false, step=0, minStep=0, updateTimestamp=0}
2025-09-29 14:34:25.777 [main] INFO  c.z.x.d.i.g.biz.core.segment.SegmentIDGenImpl - Add tag leaf-segment-test from db to IdCache, SegmentBuffer SegmentBuffer{key='leaf-segment-test', segments=[Segment(value:0,max:0,step:0), Segment(value:0,max:0,step:0)], currentPos=0, nextReady=false, initOk=false, threadRunning=false, step=0, minStep=0, updateTimestamp=0}
2025-09-29 14:34:25.777 [main] INFO  c.z.x.d.i.g.biz.core.segment.SegmentIDGenImpl - Add tag leaf-segment-user-id from db to IdCache, SegmentBuffer SegmentBuffer{key='leaf-segment-user-id', segments=[Segment(value:0,max:0,step:0), Segment(value:0,max:0,step:0)], currentPos=0, nextReady=false, initOk=false, threadRunning=false, step=0, minStep=0, updateTimestamp=0}
2025-09-29 14:34:25.777 [main] INFO  c.z.x.d.i.g.biz.core.segment.SegmentIDGenImpl - Add tag leaf-segment-xiaohongshu-id from db to IdCache, SegmentBuffer SegmentBuffer{key='leaf-segment-xiaohongshu-id', segments=[Segment(value:0,max:0,step:0), Segment(value:0,max:0,step:0)], currentPos=0, nextReady=false, initOk=false, threadRunning=false, step=0, minStep=0, updateTimestamp=0}
2025-09-29 14:34:25.778 [main] INFO  org.perf4j.TimingLogger - start[1759127665596] time[182] tag[updateCacheFromDb]
2025-09-29 14:34:25.780 [main] INFO  c.z.x.d.id.generator.biz.service.SegmentService - Segment Service Init Successfully
2025-09-29 14:34:25.799 [main] INFO  c.z.x.d.i.g.biz.core.snowflake.SnowflakeIDGenImpl - twepoch:1288834974657 ,ip:10.95.157.254 ,zkAddress:127.0.0.1:2181 port:2222
2025-09-29 14:34:25.850 [main] WARN  org.apache.curator.CuratorZookeeperClient - session timeout [6000] is less than connection timeout [10000]
2025-09-29 14:34:25.863 [main] INFO  o.a.curator.framework.imps.CuratorFrameworkImpl - Starting
2025-09-29 14:34:25.869 [main] INFO  org.apache.zookeeper.ZooKeeper - Client environment:zookeeper.version=3.6.0--b4c89dc7f6083829e18fae6e446907ae0b1f22d7, built on 02/25/2020 14:38 GMT
2025-09-29 14:34:25.869 [main] INFO  org.apache.zookeeper.ZooKeeper - Client environment:host.name=10.95.157.254
2025-09-29 14:34:25.870 [main] INFO  org.apache.zookeeper.ZooKeeper - Client environment:java.version=17.0.12
2025-09-29 14:34:25.870 [main] INFO  org.apache.zookeeper.ZooKeeper - Client environment:java.vendor=Oracle Corporation
2025-09-29 14:34:25.870 [main] INFO  org.apache.zookeeper.ZooKeeper - Client environment:java.home=D:\Program Files\Java\jdk-17.0.12
2025-09-29 14:34:25.870 [main] INFO  org.apache.zookeeper.ZooKeeper - Client environment:java.class.path=D:\subject\JAVA\SpringCloud\xiaohongshu\xiaohongshu-distributed-id-generator\xiaohongshu-distributed-id-generator-biz\target\classes;D:\subject\JAVA\SpringCloud\xiaohongshu\xiaohongshu-framework\xiaohongshu-common\target\classes;D:\data\maven-repository\jakarta\validation\jakarta.validation-api\3.0.2\jakarta.validation-api-3.0.2.jar;D:\data\maven-repository\org\hibernate\validator\hibernate-validator\8.0.0.Final\hibernate-validator-8.0.0.Final.jar;D:\data\maven-repository\org\jboss\logging\jboss-logging\3.5.0.Final\jboss-logging-3.5.0.Final.jar;D:\data\maven-repository\com\fasterxml\classmate\1.5.1\classmate-1.5.1.jar;D:\data\maven-repository\org\projectlombok\lombok\1.18.30\lombok-1.18.30.jar;D:\data\maven-repository\com\fasterxml\jackson\core\jackson-databind\2.16.1\jackson-databind-2.16.1.jar;D:\data\maven-repository\com\fasterxml\jackson\core\jackson-annotations\2.14.1\jackson-annotations-2.14.1.jar;D:\data\maven-repository\com\fasterxml\jackson\core\jackson-core\2.16.1\jackson-core-2.16.1.jar;D:\data\maven-repository\com\fasterxml\jackson\datatype\jackson-datatype-jsr310\2.14.1\jackson-datatype-jsr310-2.14.1.jar;D:\data\maven-repository\com\google\guava\guava\33.0.0-jre\guava-33.0.0-jre.jar;D:\data\maven-repository\com\google\guava\failureaccess\1.0.2\failureaccess-1.0.2.jar;D:\data\maven-repository\com\google\guava\listenablefuture\9999.0-empty-to-avoid-conflict-with-guava\listenablefuture-9999.0-empty-to-avoid-conflict-with-guava.jar;D:\data\maven-repository\com\google\code\findbugs\jsr305\3.0.2\jsr305-3.0.2.jar;D:\data\maven-repository\org\checkerframework\checker-qual\3.41.0\checker-qual-3.41.0.jar;D:\data\maven-repository\com\google\errorprone\error_prone_annotations\2.23.0\error_prone_annotations-2.23.0.jar;D:\data\maven-repository\com\google\j2objc\j2objc-annotations\2.8\j2objc-annotations-2.8.jar;D:\data\maven-repository\cn\hutool\hutool-all\5.8.26\hutool-all-5.8.26.jar;D:\data\maven-repository\org\apache\commons\commons-lang3\3.12.0\commons-lang3-3.12.0.jar;D:\data\maven-repository\org\springframework\boot\spring-boot-starter-web\3.0.2\spring-boot-starter-web-3.0.2.jar;D:\data\maven-repository\org\springframework\boot\spring-boot-starter\3.0.2\spring-boot-starter-3.0.2.jar;D:\data\maven-repository\org\springframework\boot\spring-boot\3.0.2\spring-boot-3.0.2.jar;D:\data\maven-repository\org\springframework\boot\spring-boot-autoconfigure\3.0.2\spring-boot-autoconfigure-3.0.2.jar;D:\data\maven-repository\org\springframework\boot\spring-boot-starter-logging\3.0.2\spring-boot-starter-logging-3.0.2.jar;D:\data\maven-repository\ch\qos\logback\logback-classic\1.4.5\logback-classic-1.4.5.jar;D:\data\maven-repository\ch\qos\logback\logback-core\1.4.5\logback-core-1.4.5.jar;D:\data\maven-repository\org\apache\logging\log4j\log4j-to-slf4j\2.19.0\log4j-to-slf4j-2.19.0.jar;D:\data\maven-repository\org\apache\logging\log4j\log4j-api\2.19.0\log4j-api-2.19.0.jar;D:\data\maven-repository\org\slf4j\jul-to-slf4j\2.0.6\jul-to-slf4j-2.0.6.jar;D:\data\maven-repository\jakarta\annotation\jakarta.annotation-api\2.1.1\jakarta.annotation-api-2.1.1.jar;D:\data\maven-repository\org\yaml\snakeyaml\1.33\snakeyaml-1.33.jar;D:\data\maven-repository\org\springframework\boot\spring-boot-starter-json\3.0.2\spring-boot-starter-json-3.0.2.jar;D:\data\maven-repository\com\fasterxml\jackson\datatype\jackson-datatype-jdk8\2.14.1\jackson-datatype-jdk8-2.14.1.jar;D:\data\maven-repository\com\fasterxml\jackson\module\jackson-module-parameter-names\2.14.1\jackson-module-parameter-names-2.14.1.jar;D:\data\maven-repository\org\springframework\boot\spring-boot-starter-tomcat\3.0.2\spring-boot-starter-tomcat-3.0.2.jar;D:\data\maven-repository\org\apache\tomcat\embed\tomcat-embed-core\10.1.5\tomcat-embed-core-10.1.5.jar;D:\data\maven-repository\org\apache\tomcat\embed\tomcat-embed-el\10.1.5\tomcat-embed-el-10.1.5.jar;D:\data\maven-repository\org\apache\tomcat\embed\tomcat-embed-websocket\10.1.5\tomcat-embed-websocket-10.1.5.jar;D:\data\maven-repository\org\springframework\spring-web\6.0.4\spring-web-6.0.4.jar;D:\data\maven-repository\org\springframework\spring-beans\6.0.4\spring-beans-6.0.4.jar;D:\data\maven-repository\io\micrometer\micrometer-observation\1.10.3\micrometer-observation-1.10.3.jar;D:\data\maven-repository\io\micrometer\micrometer-commons\1.10.3\micrometer-commons-1.10.3.jar;D:\data\maven-repository\org\springframework\spring-webmvc\6.0.4\spring-webmvc-6.0.4.jar;D:\data\maven-repository\org\springframework\spring-aop\6.0.4\spring-aop-6.0.4.jar;D:\data\maven-repository\org\springframework\spring-context\6.0.4\spring-context-6.0.4.jar;D:\data\maven-repository\org\springframework\spring-expression\6.0.4\spring-expression-6.0.4.jar;D:\data\maven-repository\org\slf4j\slf4j-api\2.0.6\slf4j-api-2.0.6.jar;D:\data\maven-repository\org\springframework\spring-core\6.0.4\spring-core-6.0.4.jar;D:\data\maven-repository\org\springframework\spring-jcl\6.0.4\spring-jcl-6.0.4.jar;D:\data\maven-repository\org\springframework\cloud\spring-cloud-starter-bootstrap\4.0.0\spring-cloud-starter-bootstrap-4.0.0.jar;D:\data\maven-repository\org\springframework\cloud\spring-cloud-starter\4.0.0\spring-cloud-starter-4.0.0.jar;D:\data\maven-repository\org\springframework\security\spring-security-rsa\1.0.11.RELEASE\spring-security-rsa-1.0.11.RELEASE.jar;D:\data\maven-repository\org\bouncycastle\bcpkix-jdk15on\1.69\bcpkix-jdk15on-1.69.jar;D:\data\maven-repository\org\bouncycastle\bcprov-jdk15on\1.69\bcprov-jdk15on-1.69.jar;D:\data\maven-repository\org\bouncycastle\bcutil-jdk15on\1.69\bcutil-jdk15on-1.69.jar;D:\data\maven-repository\com\alibaba\cloud\spring-cloud-starter-alibaba-nacos-discovery\2022.0.0.0\spring-cloud-starter-alibaba-nacos-discovery-2022.0.0.0.jar;D:\data\maven-repository\com\alibaba\cloud\spring-cloud-alibaba-commons\2022.0.0.0\spring-cloud-alibaba-commons-2022.0.0.0.jar;D:\data\maven-repository\com\alibaba\nacos\nacos-client\2.2.1\nacos-client-2.2.1.jar;D:\data\maven-repository\com\alibaba\nacos\nacos-auth-plugin\2.2.1\nacos-auth-plugin-2.2.1.jar;D:\data\maven-repository\com\alibaba\nacos\nacos-encryption-plugin\2.2.1\nacos-encryption-plugin-2.2.1.jar;D:\data\maven-repository\commons-codec\commons-codec\1.15\commons-codec-1.15.jar;D:\data\maven-repository\org\apache\httpcomponents\httpasyncclient\4.1.5\httpasyncclient-4.1.5.jar;D:\data\maven-repository\org\apache\httpcomponents\httpcore\4.4.16\httpcore-4.4.16.jar;D:\data\maven-repository\org\apache\httpcomponents\httpcore-nio\4.4.16\httpcore-nio-4.4.16.jar;D:\data\maven-repository\org\apache\httpcomponents\httpclient\4.5.14\httpclient-4.5.14.jar;D:\data\maven-repository\io\prometheus\simpleclient\0.16.0\simpleclient-0.16.0.jar;D:\data\maven-repository\io\prometheus\simpleclient_tracer_otel\0.16.0\simpleclient_tracer_otel-0.16.0.jar;D:\data\maven-repository\io\prometheus\simpleclient_tracer_common\0.16.0\simpleclient_tracer_common-0.16.0.jar;D:\data\maven-repository\io\prometheus\simpleclient_tracer_otel_agent\0.16.0\simpleclient_tracer_otel_agent-0.16.0.jar;D:\data\maven-repository\com\alibaba\spring\spring-context-support\1.0.11\spring-context-support-1.0.11.jar;D:\data\maven-repository\org\springframework\cloud\spring-cloud-commons\4.0.0\spring-cloud-commons-4.0.0.jar;D:\data\maven-repository\org\springframework\security\spring-security-crypto\6.0.1\spring-security-crypto-6.0.1.jar;D:\data\maven-repository\org\springframework\cloud\spring-cloud-context\4.0.0\spring-cloud-context-4.0.0.jar;D:\data\maven-repository\commons-io\commons-io\2.4\commons-io-2.4.jar;D:\data\maven-repository\org\perf4j\perf4j\0.9.16\perf4j-0.9.16.jar;D:\data\maven-repository\mysql\mysql-connector-java\8.0.29\mysql-connector-java-8.0.29.jar;D:\data\maven-repository\com\google\protobuf\protobuf-java\3.19.4\protobuf-java-3.19.4.jar;D:\data\maven-repository\com\alibaba\druid\1.0.18\druid-1.0.18.jar;D:\data\maven-repository\org\mybatis\mybatis\3.3.0\mybatis-3.3.0.jar;D:\data\maven-repository\org\apache\curator\curator-recipes\2.6.0\curator-recipes-2.6.0.jar;D:\data\maven-repository\org\apache\curator\curator-framework\5.1.0\curator-framework-5.1.0.jar;D:\data\maven-repository\org\apache\curator\curator-client\5.1.0\curator-client-5.1.0.jar;D:\data\maven-repository\org\apache\zookeeper\zookeeper\3.6.0\zookeeper-3.6.0.jar;D:\data\maven-repository\commons-lang\commons-lang\2.6\commons-lang-2.6.jar;D:\data\maven-repository\org\apache\zookeeper\zookeeper-jute\3.6.0\zookeeper-jute-3.6.0.jar;D:\data\maven-repository\org\apache\yetus\audience-annotations\0.5.0\audience-annotations-0.5.0.jar;D:\data\maven-repository\io\netty\netty-handler\4.1.87.Final\netty-handler-4.1.87.Final.jar;D:\data\maven-repository\io\netty\netty-common\4.1.87.Final\netty-common-4.1.87.Final.jar;D:\data\maven-repository\io\netty\netty-resolver\4.1.87.Final\netty-resolver-4.1.87.Final.jar;D:\data\maven-repository\io\netty\netty-buffer\4.1.87.Final\netty-buffer-4.1.87.Final.jar;D:\data\maven-repository\io\netty\netty-transport\4.1.87.Final\netty-transport-4.1.87.Final.jar;D:\data\maven-repository\io\netty\netty-transport-native-unix-common\4.1.87.Final\netty-transport-native-unix-common-4.1.87.Final.jar;D:\data\maven-repository\io\netty\netty-codec\4.1.87.Final\netty-codec-4.1.87.Final.jar;D:\data\maven-repository\io\netty\netty-transport-native-epoll\4.1.87.Final\netty-transport-native-epoll-4.1.87.Final.jar;D:\data\maven-repository\io\netty\netty-transport-classes-epoll\4.1.87.Final\netty-transport-classes-epoll-4.1.87.Final.jar
2025-09-29 14:34:25.870 [main] INFO  org.apache.zookeeper.ZooKeeper - Client environment:java.library.path=D:\Program Files\Java\jdk-17.0.12\bin;C:\WINDOWS\Sun\Java\bin;C:\WINDOWS\system32;C:\WINDOWS;C:\Program Files (x86)\Common Files\Oracle\Java\java8path;C:\Program Files (x86)\Common Files\Oracle\Java\javapath;D:\Program Files (x86)\VMware\VMware Workstation\bin\;C:\Windows\system32;C:\Windows;C:\Windows\System32\Wbem;C:\Windows\System32\WindowsPowerShell\v1.0\;C:\Windows\System32\OpenSSH\;D:\graalvm-ce-java17-22.3.0\bin;C:\Program Files\dotnet\;C:\WINDOWS\system32;C:\WINDOWS;C:\WINDOWS\System32\Wbem;C:\WINDOWS\System32\WindowsPowerShell\v1.0\;C:\WINDOWS\System32\OpenSSH\;D:\BaiduNetdiskDownload\runtime\win64;D:\BaiduNetdiskDownload\bin;D:\BaiduNetdiskDownload\polyspace\bin;C:\Users\Rey\mingw64\bin\;%MYSQL_HOME%\bin;C:\Program Files\Azure Data Studio\bin;D:\Program Files\MySQL\MySQL Server 8.0\bin;D:\Program Files\apache-tomcat-10.1.7\bin;D:\Program Files\nodejs\;D:\Server\maven\apache-maven-3.9.4\bin;D:\Program Files\Redis-x64-3.2.100;D:\Program Files\elasticsearch-7.17.16-windows-x86_64\elasticsearch-7.17.16\bin;D:\Program Files\elasticsearch-7.17.16-windows-x86_64\elasticsearch-7.17.16\jdk\bin;D:\Program Files\Git\cmd;D:\Program Files (x86)\NetSarang\Xshell 8\;D:\Program Files\NetSarang\Xftp 8\;D:\software\hadoop-3.1.3\bin;c:\Users\Rey\AppData\Local\Programs\cursor\resources\app\bin;D:\Program Files\Java\jdk-1.8\bin;D:\subject\Third_2\andoirdDev\soft\gradle-8.13-bin\gradle-8.13\bin;D:\software\lua-5.4.2_Win64_bin;D:\Program Files\python\Python38\Scripts;D:\Program Files\Python\Python38\;D:\Program Files (x86)\Tencent\微信web开发者工具\dll;D:\Program Files\apache-jmeter-5.6.3\bin;C:\WINDOWS\system32;C:\WINDOWS;C:\WINDOWS\System32\Wbem;C:\WINDOWS\System32\WindowsPowerShell\v1.0\;C:\WINDOWS\System32\OpenSSH\;D:\subject\JAVA\apache-cassandra-4.0.18\bin;C:\Program Files\Docker\Docker\resources\bin;D:\Program Files\Python\Python38\Scripts\;D:\Program Files\Python\Python38\;C:\Users\Rey\AppData\Local\Microsoft\WindowsApps;C:\Users\Rey\.dotnet\tools;C:\Users\Rey\mingw64\bin;C:\Program Files\Azure Data Studio\bin;D:\software\vscode\Microsoft VS Code\bin;C:\Users\Rey\AppData\Roaming\npm;D:\Program Files\Java\jdk-1.8\bin;D:\Program Files\JetBrains\PyCharm 2024.3.5\bin;;;D:\Program Files\Huawei\DevEco Studio\bin;;.
2025-09-29 14:34:25.870 [main] INFO  org.apache.zookeeper.ZooKeeper - Client environment:java.io.tmpdir=C:\Users\Rey\AppData\Local\Temp\
2025-09-29 14:34:25.870 [main] INFO  org.apache.zookeeper.ZooKeeper - Client environment:java.compiler=<NA>
2025-09-29 14:34:25.870 [main] INFO  org.apache.zookeeper.ZooKeeper - Client environment:os.name=Windows 11
2025-09-29 14:34:25.870 [main] INFO  org.apache.zookeeper.ZooKeeper - Client environment:os.arch=amd64
2025-09-29 14:34:25.870 [main] INFO  org.apache.zookeeper.ZooKeeper - Client environment:os.version=10.0
2025-09-29 14:34:25.870 [main] INFO  org.apache.zookeeper.ZooKeeper - Client environment:user.name=Rey
2025-09-29 14:34:25.870 [main] INFO  org.apache.zookeeper.ZooKeeper - Client environment:user.home=C:\Users\Rey
2025-09-29 14:34:25.870 [main] INFO  org.apache.zookeeper.ZooKeeper - Client environment:user.dir=D:\subject\JAVA\SpringCloud\xiaohongshu
2025-09-29 14:34:25.871 [main] INFO  org.apache.zookeeper.ZooKeeper - Client environment:os.memory.free=31MB
2025-09-29 14:34:25.871 [main] INFO  org.apache.zookeeper.ZooKeeper - Client environment:os.memory.max=4028MB
2025-09-29 14:34:25.871 [main] INFO  org.apache.zookeeper.ZooKeeper - Client environment:os.memory.total=60MB
2025-09-29 14:34:25.873 [main] INFO  org.apache.zookeeper.ZooKeeper - Initiating client connection, connectString=127.0.0.1:2181 sessionTimeout=6000 watcher=org.apache.curator.ConnectionState@3b41e1bf
2025-09-29 14:34:25.877 [main] INFO  org.apache.zookeeper.common.X509Util - Setting -D jdk.tls.rejectClientInitiatedRenegotiation=true to disable client-initiated TLS renegotiation
2025-09-29 14:34:25.892 [main] INFO  org.apache.zookeeper.ClientCnxnSocket - jute.maxbuffer value is 1048575 Bytes
2025-09-29 14:34:25.898 [main] INFO  org.apache.zookeeper.ClientCnxn - zookeeper.request.timeout value is 0. feature enabled=false
2025-09-29 14:34:25.902 [main-SendThread(127.0.0.1:2181)] INFO  org.apache.zookeeper.ClientCnxn - Opening socket connection to server kubernetes.docker.internal/127.0.0.1:2181.
2025-09-29 14:34:25.902 [main-SendThread(127.0.0.1:2181)] INFO  org.apache.zookeeper.ClientCnxn - SASL config status: Will not attempt to authenticate using SASL (unknown error)
2025-09-29 14:34:25.905 [main] INFO  o.a.curator.framework.imps.CuratorFrameworkImpl - Default schema
2025-09-29 14:34:25.905 [main-SendThread(127.0.0.1:2181)] WARN  org.apache.zookeeper.ClientCnxn - Session 0x0 for sever kubernetes.docker.internal/127.0.0.1:2181, Closing socket connection. Attempting reconnect except it is a SessionExpiredException.
java.net.ConnectException: Connection refused: no further information
	at java.base/sun.nio.ch.Net.pollConnect(Native Method)
	at java.base/sun.nio.ch.Net.pollConnectNow(Net.java:672)
	at java.base/sun.nio.ch.SocketChannelImpl.finishConnect(SocketChannelImpl.java:946)
	at org.apache.zookeeper.ClientCnxnSocketNIO.doTransport(ClientCnxnSocketNIO.java:342)
	at org.apache.zookeeper.ClientCnxn$SendThread.run(ClientCnxn.java:1262)
2025-09-29 14:34:27.022 [main-SendThread(127.0.0.1:2181)] INFO  org.apache.zookeeper.ClientCnxn - Opening socket connection to server kubernetes.docker.internal/127.0.0.1:2181.
2025-09-29 14:34:27.022 [main-SendThread(127.0.0.1:2181)] INFO  org.apache.zookeeper.ClientCnxn - SASL config status: Will not attempt to authenticate using SASL (unknown error)
2025-09-29 14:34:27.025 [main-SendThread(127.0.0.1:2181)] WARN  org.apache.zookeeper.ClientCnxn - Session 0x0 for sever kubernetes.docker.internal/127.0.0.1:2181, Closing socket connection. Attempting reconnect except it is a SessionExpiredException.
java.net.ConnectException: Connection refused: no further information
	at java.base/sun.nio.ch.Net.pollConnect(Native Method)
	at java.base/sun.nio.ch.Net.pollConnectNow(Net.java:672)
	at java.base/sun.nio.ch.SocketChannelImpl.finishConnect(SocketChannelImpl.java:946)
	at org.apache.zookeeper.ClientCnxnSocketNIO.doTransport(ClientCnxnSocketNIO.java:342)
	at org.apache.zookeeper.ClientCnxn$SendThread.run(ClientCnxn.java:1262)
2025-09-29 14:34:28.142 [main-SendThread(127.0.0.1:2181)] INFO  org.apache.zookeeper.ClientCnxn - Opening socket connection to server kubernetes.docker.internal/127.0.0.1:2181.
2025-09-29 14:34:28.143 [main-SendThread(127.0.0.1:2181)] INFO  org.apache.zookeeper.ClientCnxn - SASL config status: Will not attempt to authenticate using SASL (unknown error)
2025-09-29 14:34:28.144 [main-SendThread(127.0.0.1:2181)] WARN  org.apache.zookeeper.ClientCnxn - Session 0x0 for sever kubernetes.docker.internal/127.0.0.1:2181, Closing socket connection. Attempting reconnect except it is a SessionExpiredException.
java.net.ConnectException: Connection refused: no further information
	at java.base/sun.nio.ch.Net.pollConnect(Native Method)
	at java.base/sun.nio.ch.Net.pollConnectNow(Net.java:672)
	at java.base/sun.nio.ch.SocketChannelImpl.finishConnect(SocketChannelImpl.java:946)
	at org.apache.zookeeper.ClientCnxnSocketNIO.doTransport(ClientCnxnSocketNIO.java:342)
	at org.apache.zookeeper.ClientCnxn$SendThread.run(ClientCnxn.java:1262)
2025-09-29 14:34:29.256 [main-SendThread(127.0.0.1:2181)] INFO  org.apache.zookeeper.ClientCnxn - Opening socket connection to server kubernetes.docker.internal/127.0.0.1:2181.
2025-09-29 14:34:29.256 [main-SendThread(127.0.0.1:2181)] INFO  org.apache.zookeeper.ClientCnxn - SASL config status: Will not attempt to authenticate using SASL (unknown error)
2025-09-29 14:34:29.258 [main-SendThread(127.0.0.1:2181)] WARN  org.apache.zookeeper.ClientCnxn - Session 0x0 for sever kubernetes.docker.internal/127.0.0.1:2181, Closing socket connection. Attempting reconnect except it is a SessionExpiredException.
java.net.ConnectException: Connection refused: no further information
	at java.base/sun.nio.ch.Net.pollConnect(Native Method)
	at java.base/sun.nio.ch.Net.pollConnectNow(Net.java:672)
	at java.base/sun.nio.ch.SocketChannelImpl.finishConnect(SocketChannelImpl.java:946)
	at org.apache.zookeeper.ClientCnxnSocketNIO.doTransport(ClientCnxnSocketNIO.java:342)
	at org.apache.zookeeper.ClientCnxn$SendThread.run(ClientCnxn.java:1262)
2025-09-29 14:34:30.374 [main-SendThread(127.0.0.1:2181)] INFO  org.apache.zookeeper.ClientCnxn - Opening socket connection to server kubernetes.docker.internal/127.0.0.1:2181.
2025-09-29 14:34:30.374 [main-SendThread(127.0.0.1:2181)] INFO  org.apache.zookeeper.ClientCnxn - SASL config status: Will not attempt to authenticate using SASL (unknown error)
2025-09-29 14:34:30.395 [main-SendThread(127.0.0.1:2181)] WARN  org.apache.zookeeper.ClientCnxn - Session 0x0 for sever kubernetes.docker.internal/127.0.0.1:2181, Closing socket connection. Attempting reconnect except it is a SessionExpiredException.
java.net.ConnectException: Connection refused: no further information
	at java.base/sun.nio.ch.Net.pollConnect(Native Method)
	at java.base/sun.nio.ch.Net.pollConnectNow(Net.java:672)
	at java.base/sun.nio.ch.SocketChannelImpl.finishConnect(SocketChannelImpl.java:946)
	at org.apache.zookeeper.ClientCnxnSocketNIO.doTransport(ClientCnxnSocketNIO.java:342)
	at org.apache.zookeeper.ClientCnxn$SendThread.run(ClientCnxn.java:1262)
2025-09-29 14:34:31.518 [main-SendThread(127.0.0.1:2181)] INFO  org.apache.zookeeper.ClientCnxn - Opening socket connection to server kubernetes.docker.internal/127.0.0.1:2181.
2025-09-29 14:34:31.519 [main-SendThread(127.0.0.1:2181)] INFO  org.apache.zookeeper.ClientCnxn - SASL config status: Will not attempt to authenticate using SASL (unknown error)
2025-09-29 14:34:31.520 [main-SendThread(127.0.0.1:2181)] WARN  org.apache.zookeeper.ClientCnxn - Session 0x0 for sever kubernetes.docker.internal/127.0.0.1:2181, Closing socket connection. Attempting reconnect except it is a SessionExpiredException.
java.net.ConnectException: Connection refused: no further information
	at java.base/sun.nio.ch.Net.pollConnect(Native Method)
	at java.base/sun.nio.ch.Net.pollConnectNow(Net.java:672)
	at java.base/sun.nio.ch.SocketChannelImpl.finishConnect(SocketChannelImpl.java:946)
	at org.apache.zookeeper.ClientCnxnSocketNIO.doTransport(ClientCnxnSocketNIO.java:342)
	at org.apache.zookeeper.ClientCnxn$SendThread.run(ClientCnxn.java:1262)
2025-09-29 14:34:32.636 [main-SendThread(127.0.0.1:2181)] INFO  org.apache.zookeeper.ClientCnxn - Opening socket connection to server kubernetes.docker.internal/127.0.0.1:2181.
2025-09-29 14:34:32.636 [main-SendThread(127.0.0.1:2181)] INFO  org.apache.zookeeper.ClientCnxn - SASL config status: Will not attempt to authenticate using SASL (unknown error)
2025-09-29 14:34:32.637 [main-SendThread(127.0.0.1:2181)] WARN  org.apache.zookeeper.ClientCnxn - Session 0x0 for sever kubernetes.docker.internal/127.0.0.1:2181, Closing socket connection. Attempting reconnect except it is a SessionExpiredException.
java.net.ConnectException: Connection refused: no further information
	at java.base/sun.nio.ch.Net.pollConnect(Native Method)
	at java.base/sun.nio.ch.Net.pollConnectNow(Net.java:672)
	at java.base/sun.nio.ch.SocketChannelImpl.finishConnect(SocketChannelImpl.java:946)
	at org.apache.zookeeper.ClientCnxnSocketNIO.doTransport(ClientCnxnSocketNIO.java:342)
	at org.apache.zookeeper.ClientCnxn$SendThread.run(ClientCnxn.java:1262)
2025-09-29 14:34:33.756 [main-SendThread(127.0.0.1:2181)] INFO  org.apache.zookeeper.ClientCnxn - Opening socket connection to server kubernetes.docker.internal/127.0.0.1:2181.
2025-09-29 14:34:33.756 [main-SendThread(127.0.0.1:2181)] INFO  org.apache.zookeeper.ClientCnxn - SASL config status: Will not attempt to authenticate using SASL (unknown error)
2025-09-29 14:34:33.757 [main-SendThread(127.0.0.1:2181)] WARN  org.apache.zookeeper.ClientCnxn - Session 0x0 for sever kubernetes.docker.internal/127.0.0.1:2181, Closing socket connection. Attempting reconnect except it is a SessionExpiredException.
java.net.ConnectException: Connection refused: no further information
	at java.base/sun.nio.ch.Net.pollConnect(Native Method)
	at java.base/sun.nio.ch.Net.pollConnectNow(Net.java:672)
	at java.base/sun.nio.ch.SocketChannelImpl.finishConnect(SocketChannelImpl.java:946)
	at org.apache.zookeeper.ClientCnxnSocketNIO.doTransport(ClientCnxnSocketNIO.java:342)
	at org.apache.zookeeper.ClientCnxn$SendThread.run(ClientCnxn.java:1262)
2025-09-29 14:34:34.870 [main-SendThread(127.0.0.1:2181)] INFO  org.apache.zookeeper.ClientCnxn - Opening socket connection to server kubernetes.docker.internal/127.0.0.1:2181.
2025-09-29 14:34:34.870 [main-SendThread(127.0.0.1:2181)] INFO  org.apache.zookeeper.ClientCnxn - SASL config status: Will not attempt to authenticate using SASL (unknown error)
2025-09-29 14:34:34.870 [main-SendThread(127.0.0.1:2181)] WARN  org.apache.zookeeper.ClientCnxn - Session 0x0 for sever kubernetes.docker.internal/127.0.0.1:2181, Closing socket connection. Attempting reconnect except it is a SessionExpiredException.
java.net.ConnectException: Connection refused: no further information
	at java.base/sun.nio.ch.Net.pollConnect(Native Method)
	at java.base/sun.nio.ch.Net.pollConnectNow(Net.java:672)
	at java.base/sun.nio.ch.SocketChannelImpl.finishConnect(SocketChannelImpl.java:946)
	at org.apache.zookeeper.ClientCnxnSocketNIO.doTransport(ClientCnxnSocketNIO.java:342)
	at org.apache.zookeeper.ClientCnxn$SendThread.run(ClientCnxn.java:1262)
2025-09-29 14:34:35.989 [main-SendThread(127.0.0.1:2181)] INFO  org.apache.zookeeper.ClientCnxn - Opening socket connection to server kubernetes.docker.internal/127.0.0.1:2181.
2025-09-29 14:34:35.990 [main-SendThread(127.0.0.1:2181)] INFO  org.apache.zookeeper.ClientCnxn - SASL config status: Will not attempt to authenticate using SASL (unknown error)
2025-09-29 14:34:35.992 [main-SendThread(127.0.0.1:2181)] WARN  org.apache.zookeeper.ClientCnxn - Session 0x0 for sever kubernetes.docker.internal/127.0.0.1:2181, Closing socket connection. Attempting reconnect except it is a SessionExpiredException.
java.net.ConnectException: Connection refused: no further information
	at java.base/sun.nio.ch.Net.pollConnect(Native Method)
	at java.base/sun.nio.ch.Net.pollConnectNow(Net.java:672)
	at java.base/sun.nio.ch.SocketChannelImpl.finishConnect(SocketChannelImpl.java:946)
	at org.apache.zookeeper.ClientCnxnSocketNIO.doTransport(ClientCnxnSocketNIO.java:342)
	at org.apache.zookeeper.ClientCnxn$SendThread.run(ClientCnxn.java:1262)
2025-09-29 14:34:36.004 [Curator-Framework-0] INFO  o.a.curator.framework.state.ConnectionStateManager - State change: SUSPENDED
2025-09-29 14:34:36.004 [Curator-Framework-0] ERROR o.a.curator.framework.imps.CuratorFrameworkImpl - Background operation retry gave up
org.apache.zookeeper.KeeperException$ConnectionLossException: KeeperErrorCode = ConnectionLoss
	at org.apache.zookeeper.KeeperException.create(KeeperException.java:102)
	at org.apache.curator.framework.imps.CuratorFrameworkImpl.checkBackgroundRetry(CuratorFrameworkImpl.java:851)
	at org.apache.curator.framework.imps.CuratorFrameworkImpl.performBackgroundOperation(CuratorFrameworkImpl.java:999)
	at org.apache.curator.framework.imps.CuratorFrameworkImpl.backgroundOperationsLoop(CuratorFrameworkImpl.java:952)
	at org.apache.curator.framework.imps.CuratorFrameworkImpl.access$300(CuratorFrameworkImpl.java:66)
	at org.apache.curator.framework.imps.CuratorFrameworkImpl$4.call(CuratorFrameworkImpl.java:342)
	at java.base/java.util.concurrent.FutureTask.run(FutureTask.java:264)
	at java.base/java.util.concurrent.ScheduledThreadPoolExecutor$ScheduledFutureTask.run(ScheduledThreadPoolExecutor.java:304)
	at java.base/java.util.concurrent.ThreadPoolExecutor.runWorker(ThreadPoolExecutor.java:1136)
	at java.base/java.util.concurrent.ThreadPoolExecutor$Worker.run(ThreadPoolExecutor.java:635)
	at java.base/java.lang.Thread.run(Thread.java:842)
2025-09-29 14:34:36.005 [Curator-Framework-0] ERROR o.a.curator.framework.imps.CuratorFrameworkImpl - Background retry gave up
org.apache.curator.CuratorConnectionLossException: KeeperErrorCode = ConnectionLoss
	at org.apache.curator.framework.imps.CuratorFrameworkImpl.performBackgroundOperation(CuratorFrameworkImpl.java:981)
	at org.apache.curator.framework.imps.CuratorFrameworkImpl.backgroundOperationsLoop(CuratorFrameworkImpl.java:952)
	at org.apache.curator.framework.imps.CuratorFrameworkImpl.access$300(CuratorFrameworkImpl.java:66)
	at org.apache.curator.framework.imps.CuratorFrameworkImpl$4.call(CuratorFrameworkImpl.java:342)
	at java.base/java.util.concurrent.FutureTask.run(FutureTask.java:264)
	at java.base/java.util.concurrent.ScheduledThreadPoolExecutor$ScheduledFutureTask.run(ScheduledThreadPoolExecutor.java:304)
	at java.base/java.util.concurrent.ThreadPoolExecutor.runWorker(ThreadPoolExecutor.java:1136)
	at java.base/java.util.concurrent.ThreadPoolExecutor$Worker.run(ThreadPoolExecutor.java:635)
	at java.base/java.lang.Thread.run(Thread.java:842)
2025-09-29 14:34:37.110 [main-SendThread(127.0.0.1:2181)] INFO  org.apache.zookeeper.ClientCnxn - Opening socket connection to server kubernetes.docker.internal/127.0.0.1:2181.
2025-09-29 14:34:37.110 [main-SendThread(127.0.0.1:2181)] INFO  org.apache.zookeeper.ClientCnxn - SASL config status: Will not attempt to authenticate using SASL (unknown error)
2025-09-29 14:34:37.111 [main-SendThread(127.0.0.1:2181)] WARN  org.apache.zookeeper.ClientCnxn - Session 0x0 for sever kubernetes.docker.internal/127.0.0.1:2181, Closing socket connection. Attempting reconnect except it is a SessionExpiredException.
java.net.ConnectException: Connection refused: no further information
	at java.base/sun.nio.ch.Net.pollConnect(Native Method)
	at java.base/sun.nio.ch.Net.pollConnectNow(Net.java:672)
	at java.base/sun.nio.ch.SocketChannelImpl.finishConnect(SocketChannelImpl.java:946)
	at org.apache.zookeeper.ClientCnxnSocketNIO.doTransport(ClientCnxnSocketNIO.java:342)
	at org.apache.zookeeper.ClientCnxn$SendThread.run(ClientCnxn.java:1262)
2025-09-29 14:34:37.223 [main] ERROR c.z.x.d.i.g.b.c.snowflake.SnowflakeZookeeperHolder - Start node ERROR {}
org.apache.zookeeper.KeeperException$ConnectionLossException: KeeperErrorCode = ConnectionLoss for /snowflake/com.sankuai.leaf.opensource.test/forever
	at org.apache.zookeeper.KeeperException.create(KeeperException.java:102)
	at org.apache.zookeeper.KeeperException.create(KeeperException.java:54)
	at org.apache.zookeeper.ZooKeeper.exists(ZooKeeper.java:2246)
	at org.apache.curator.framework.imps.ExistsBuilderImpl$3.call(ExistsBuilderImpl.java:268)
	at org.apache.curator.framework.imps.ExistsBuilderImpl$3.call(ExistsBuilderImpl.java:257)
	at org.apache.curator.RetryLoop.callWithRetry(RetryLoop.java:93)
	at org.apache.curator.framework.imps.ExistsBuilderImpl.pathInForegroundStandard(ExistsBuilderImpl.java:254)
	at org.apache.curator.framework.imps.ExistsBuilderImpl.pathInForeground(ExistsBuilderImpl.java:247)
	at org.apache.curator.framework.imps.ExistsBuilderImpl.forPath(ExistsBuilderImpl.java:206)
	at org.apache.curator.framework.imps.ExistsBuilderImpl.forPath(ExistsBuilderImpl.java:35)
	at com.zry.xiaohongshu.distributed.id.generator.biz.core.snowflake.SnowflakeZookeeperHolder.init(SnowflakeZookeeperHolder.java:52)
	at com.zry.xiaohongshu.distributed.id.generator.biz.core.snowflake.SnowflakeIDGenImpl.<init>(SnowflakeIDGenImpl.java:51)
	at com.zry.xiaohongshu.distributed.id.generator.biz.core.snowflake.SnowflakeIDGenImpl.<init>(SnowflakeIDGenImpl.java:37)
	at com.zry.xiaohongshu.distributed.id.generator.biz.service.SnowflakeService.<init>(SnowflakeService.java:29)
	at java.base/jdk.internal.reflect.NativeConstructorAccessorImpl.newInstance0(Native Method)
	at java.base/jdk.internal.reflect.NativeConstructorAccessorImpl.newInstance(NativeConstructorAccessorImpl.java:77)
	at java.base/jdk.internal.reflect.DelegatingConstructorAccessorImpl.newInstance(DelegatingConstructorAccessorImpl.java:45)
	at java.base/java.lang.reflect.Constructor.newInstanceWithCaller(Constructor.java:499)
	at java.base/java.lang.reflect.Constructor.newInstance(Constructor.java:480)
	at org.springframework.beans.BeanUtils.instantiateClass(BeanUtils.java:197)
	at org.springframework.beans.factory.support.SimpleInstantiationStrategy.instantiate(SimpleInstantiationStrategy.java:87)
	at org.springframework.beans.factory.support.AbstractAutowireCapableBeanFactory.instantiateBean(AbstractAutowireCapableBeanFactory.java:1300)
	at org.springframework.beans.factory.support.AbstractAutowireCapableBeanFactory.createBeanInstance(AbstractAutowireCapableBeanFactory.java:1198)
	at org.springframework.beans.factory.support.AbstractAutowireCapableBeanFactory.doCreateBean(AbstractAutowireCapableBeanFactory.java:561)
	at org.springframework.beans.factory.support.AbstractAutowireCapableBeanFactory.createBean(AbstractAutowireCapableBeanFactory.java:521)
	at org.springframework.beans.factory.support.AbstractBeanFactory.lambda$doGetBean$0(AbstractBeanFactory.java:326)
	at org.springframework.beans.factory.support.DefaultSingletonBeanRegistry.getSingleton(DefaultSingletonBeanRegistry.java:234)
	at org.springframework.beans.factory.support.AbstractBeanFactory.doGetBean(AbstractBeanFactory.java:324)
	at org.springframework.beans.factory.support.AbstractBeanFactory.getBean(AbstractBeanFactory.java:200)
	at org.springframework.beans.factory.config.DependencyDescriptor.resolveCandidate(DependencyDescriptor.java:254)
	at org.springframework.beans.factory.support.DefaultListableBeanFactory.doResolveDependency(DefaultListableBeanFactory.java:1405)
	at org.springframework.beans.factory.support.DefaultListableBeanFactory.resolveDependency(DefaultListableBeanFactory.java:1325)
	at org.springframework.beans.factory.annotation.AutowiredAnnotationBeanPostProcessor$AutowiredFieldElement.resolveFieldValue(AutowiredAnnotationBeanPostProcessor.java:709)
	at org.springframework.beans.factory.annotation.AutowiredAnnotationBeanPostProcessor$AutowiredFieldElement.inject(AutowiredAnnotationBeanPostProcessor.java:692)
	at org.springframework.beans.factory.annotation.InjectionMetadata.inject(InjectionMetadata.java:133)
	at org.springframework.beans.factory.annotation.AutowiredAnnotationBeanPostProcessor.postProcessProperties(AutowiredAnnotationBeanPostProcessor.java:481)
	at org.springframework.beans.factory.support.AbstractAutowireCapableBeanFactory.populateBean(AbstractAutowireCapableBeanFactory.java:1397)
	at org.springframework.beans.factory.support.AbstractAutowireCapableBeanFactory.doCreateBean(AbstractAutowireCapableBeanFactory.java:598)
	at org.springframework.beans.factory.support.AbstractAutowireCapableBeanFactory.createBean(AbstractAutowireCapableBeanFactory.java:521)
	at org.springframework.beans.factory.support.AbstractBeanFactory.lambda$doGetBean$0(AbstractBeanFactory.java:326)
	at org.springframework.beans.factory.support.DefaultSingletonBeanRegistry.getSingleton(DefaultSingletonBeanRegistry.java:234)
	at org.springframework.beans.factory.support.AbstractBeanFactory.doGetBean(AbstractBeanFactory.java:324)
	at org.springframework.beans.factory.support.AbstractBeanFactory.getBean(AbstractBeanFactory.java:200)
	at org.springframework.beans.factory.support.DefaultListableBeanFactory.preInstantiateSingletons(DefaultListableBeanFactory.java:961)
	at org.springframework.context.support.AbstractApplicationContext.finishBeanFactoryInitialization(AbstractApplicationContext.java:915)
	at org.springframework.context.support.AbstractApplicationContext.refresh(AbstractApplicationContext.java:584)
	at org.springframework.boot.web.servlet.context.ServletWebServerApplicationContext.refresh(ServletWebServerApplicationContext.java:146)
	at org.springframework.boot.SpringApplication.refresh(SpringApplication.java:730)
	at org.springframework.boot.SpringApplication.refreshContext(SpringApplication.java:432)
	at org.springframework.boot.SpringApplication.run(SpringApplication.java:308)
	at org.springframework.boot.SpringApplication.run(SpringApplication.java:1302)
	at org.springframework.boot.SpringApplication.run(SpringApplication.java:1291)
	at com.zry.xiaohongshu.distributed.id.generator.biz.XiaohongshuDistributedIdGeneratorBizApplication.main(XiaohongshuDistributedIdGeneratorBizApplication.java:10)
2025-09-29 14:34:37.227 [main] WARN  c.z.x.d.i.g.b.c.snowflake.SnowflakeZookeeperHolder - START FAILED ,use local node file properties workerID-4
2025-09-29 14:34:37.227 [main] INFO  c.z.x.d.i.g.biz.core.snowflake.SnowflakeIDGenImpl - START SUCCESS USE ZK WORKERID-4
2025-09-29 14:34:37.227 [main] INFO  c.z.x.d.id.generator.biz.service.SnowflakeService - Snowflake Service Init Successfully
2025-09-29 14:34:38.189 [main] INFO  o.s.boot.web.embedded.tomcat.TomcatWebServer - Tomcat started on port(s): 8087 (http) with context path ''
2025-09-29 14:34:38.196 [main] WARN  com.alibaba.nacos.client.logging.NacosLogging - Load Logback Configuration of Nacos fail, message: Could not initialize Logback Nacos logging from classpath:nacos-logback.xml
2025-09-29 14:34:38.196 [main] INFO  com.alibaba.nacos.client.naming - initializer namespace from ans.namespace attribute : null
2025-09-29 14:34:38.197 [main] INFO  com.alibaba.nacos.client.naming - initializer namespace from ALIBABA_ALIWARE_NAMESPACE attribute :null
2025-09-29 14:34:38.197 [main] INFO  com.alibaba.nacos.client.naming - initializer namespace from namespace attribute :null
2025-09-29 14:34:38.223 [main] INFO  com.alibaba.nacos.client.utils.ParamUtil - [settings] [req-serv] nacos-server port:8848
2025-09-29 14:34:38.223 [main] INFO  com.alibaba.nacos.client.utils.ParamUtil - [settings] [http-client] connect timeout:1000
2025-09-29 14:34:38.224 [main] INFO  com.alibaba.nacos.client.utils.ParamUtil - PER_TASK_CONFIG_SIZE: 3000.0
2025-09-29 14:34:38.228 [main] INFO  c.a.n.p.auth.spi.client.ClientAuthPluginManager - [ClientAuthPluginManager] Load ClientAuthService com.alibaba.nacos.client.auth.impl.NacosClientAuthServiceImpl success.
2025-09-29 14:34:38.228 [main] INFO  c.a.n.p.auth.spi.client.ClientAuthPluginManager - [ClientAuthPluginManager] Load ClientAuthService com.alibaba.nacos.client.auth.ram.RamClientAuthServiceImpl success.
2025-09-29 14:34:38.231 [main] INFO  c.a.n.client.auth.ram.identify.CredentialWatcher - null No credential found
2025-09-29 14:34:38.232 [main-SendThread(127.0.0.1:2181)] INFO  org.apache.zookeeper.ClientCnxn - Opening socket connection to server kubernetes.docker.internal/127.0.0.1:2181.
2025-09-29 14:34:38.232 [main-SendThread(127.0.0.1:2181)] INFO  org.apache.zookeeper.ClientCnxn - SASL config status: Will not attempt to authenticate using SASL (unknown error)
2025-09-29 14:34:38.233 [main-SendThread(127.0.0.1:2181)] WARN  org.apache.zookeeper.ClientCnxn - Session 0x0 for sever kubernetes.docker.internal/127.0.0.1:2181, Closing socket connection. Attempting reconnect except it is a SessionExpiredException.
java.net.ConnectException: Connection refused: no further information
	at java.base/sun.nio.ch.Net.pollConnect(Native Method)
	at java.base/sun.nio.ch.Net.pollConnectNow(Net.java:672)
	at java.base/sun.nio.ch.SocketChannelImpl.finishConnect(SocketChannelImpl.java:946)
	at org.apache.zookeeper.ClientCnxnSocketNIO.doTransport(ClientCnxnSocketNIO.java:342)
	at org.apache.zookeeper.ClientCnxn$SendThread.run(ClientCnxn.java:1262)
2025-09-29 14:34:38.242 [main] INFO  com.alibaba.nacos.common.remote.client - [RpcClientFactory] create a new rpc client of fde0e045-1efe-41a9-8eea-e2035c6fed12
2025-09-29 14:34:38.261 [main] INFO  com.alibaba.nacos.common.remote.client - [fde0e045-1efe-41a9-8eea-e2035c6fed12] RpcClient init, ServerListFactory = com.alibaba.nacos.client.naming.core.ServerListManager
2025-09-29 14:34:38.261 [main] INFO  com.alibaba.nacos.common.remote.client - [fde0e045-1efe-41a9-8eea-e2035c6fed12] Registry connection listener to current client:com.alibaba.nacos.client.naming.remote.gprc.redo.NamingGrpcRedoService
2025-09-29 14:34:38.261 [main] INFO  com.alibaba.nacos.common.remote.client - [fde0e045-1efe-41a9-8eea-e2035c6fed12] Register server push request handler:com.alibaba.nacos.client.naming.remote.gprc.NamingPushRequestHandler
2025-09-29 14:34:38.265 [main] INFO  com.alibaba.nacos.common.remote.client - [fde0e045-1efe-41a9-8eea-e2035c6fed12] Try to connect to server on start up, server: {serverIp = '8.134.88.169', server main port = 8848}
2025-09-29 14:34:38.299 [main] INFO  c.a.nacos.common.remote.client.grpc.GrpcClient - grpc client connection server:8.134.88.169 ip,serverPort:9848,grpcTslConfig:{"sslProvider":"OPENSSL","enableTls":false,"mutualAuthEnable":false,"trustAll":false}
2025-09-29 14:34:39.223 [main] INFO  com.alibaba.nacos.common.remote.client - [fde0e045-1efe-41a9-8eea-e2035c6fed12] Success to connect to server [8.134.88.169:8848] on start up, connectionId = 1759127679037_112.94.129.177_3731
2025-09-29 14:34:39.224 [com.alibaba.nacos.client.remote.worker] INFO  com.alibaba.nacos.common.remote.client - [fde0e045-1efe-41a9-8eea-e2035c6fed12] Notify connected event to listeners.
2025-09-29 14:34:39.225 [com.alibaba.nacos.client.remote.worker] INFO  com.alibaba.nacos.client.naming - Grpc connection connect
2025-09-29 14:34:39.225 [main] INFO  com.alibaba.nacos.common.remote.client - [fde0e045-1efe-41a9-8eea-e2035c6fed12] Register server push request handler:com.alibaba.nacos.common.remote.client.RpcClient$ConnectResetRequestHandler
2025-09-29 14:34:39.226 [main] INFO  com.alibaba.nacos.common.remote.client - [fde0e045-1efe-41a9-8eea-e2035c6fed12] Register server push request handler:com.alibaba.nacos.common.remote.client.RpcClient$$Lambda$979/0x0000020225725180
2025-09-29 14:34:39.229 [main] INFO  com.alibaba.nacos.client.naming - [REGISTER-SERVICE] xiaohongshu registering service xiaohongshu-distributed-id-generator with instance Instance{instanceId='null', ip='10.95.157.254', port=8087, weight=1.0, healthy=true, enabled=true, ephemeral=true, clusterName='DEFAULT', serviceName='null', metadata={IPv6=null, preserved.register.source=SPRING_CLOUD}}
2025-09-29 14:34:39.254 [main] INFO  c.a.cloud.nacos.registry.NacosServiceRegistry - nacos registry, DEFAULT_GROUP xiaohongshu-distributed-id-generator 10.95.157.254:8087 register finished
2025-09-29 14:34:39.347 [main-SendThread(127.0.0.1:2181)] INFO  org.apache.zookeeper.ClientCnxn - Opening socket connection to server kubernetes.docker.internal/127.0.0.1:2181.
2025-09-29 14:34:39.347 [main-SendThread(127.0.0.1:2181)] INFO  org.apache.zookeeper.ClientCnxn - SASL config status: Will not attempt to authenticate using SASL (unknown error)
2025-09-29 14:34:39.348 [main-SendThread(127.0.0.1:2181)] WARN  org.apache.zookeeper.ClientCnxn - Session 0x0 for sever kubernetes.docker.internal/127.0.0.1:2181, Closing socket connection. Attempting reconnect except it is a SessionExpiredException.
java.net.ConnectException: Connection refused: no further information
	at java.base/sun.nio.ch.Net.pollConnect(Native Method)
	at java.base/sun.nio.ch.Net.pollConnectNow(Net.java:672)
	at java.base/sun.nio.ch.SocketChannelImpl.finishConnect(SocketChannelImpl.java:946)
	at org.apache.zookeeper.ClientCnxnSocketNIO.doTransport(ClientCnxnSocketNIO.java:342)
	at org.apache.zookeeper.ClientCnxn$SendThread.run(ClientCnxn.java:1262)
2025-09-29 14:34:39.455 [main] INFO  c.z.x.d.i.g.b.XiaohongshuDistributedIdGeneratorBizApplication - Started XiaohongshuDistributedIdGeneratorBizApplication in 16.15 seconds (process running for 16.845)
2025-09-29 14:34:40.471 [main-SendThread(127.0.0.1:2181)] INFO  org.apache.zookeeper.ClientCnxn - Opening socket connection to server kubernetes.docker.internal/127.0.0.1:2181.
2025-09-29 14:34:40.471 [main-SendThread(127.0.0.1:2181)] INFO  org.apache.zookeeper.ClientCnxn - SASL config status: Will not attempt to authenticate using SASL (unknown error)
2025-09-29 14:34:40.472 [main-SendThread(127.0.0.1:2181)] WARN  org.apache.zookeeper.ClientCnxn - Session 0x0 for sever kubernetes.docker.internal/127.0.0.1:2181, Closing socket connection. Attempting reconnect except it is a SessionExpiredException.
java.net.ConnectException: Connection refused: no further information
	at java.base/sun.nio.ch.Net.pollConnect(Native Method)
	at java.base/sun.nio.ch.Net.pollConnectNow(Net.java:672)
	at java.base/sun.nio.ch.SocketChannelImpl.finishConnect(SocketChannelImpl.java:946)
	at org.apache.zookeeper.ClientCnxnSocketNIO.doTransport(ClientCnxnSocketNIO.java:342)
	at org.apache.zookeeper.ClientCnxn$SendThread.run(ClientCnxn.java:1262)
2025-09-29 14:34:40.546 [Thread-11] WARN  c.alibaba.nacos.common.http.HttpClientBeanHolder - [HttpClientBeanHolder] Start destroying common HttpClient
2025-09-29 14:34:40.546 [Thread-8] WARN  com.alibaba.nacos.common.notify.NotifyCenter - [NotifyCenter] Start destroying Publisher
2025-09-29 14:34:40.546 [Thread-8] WARN  com.alibaba.nacos.common.notify.NotifyCenter - [NotifyCenter] Destruction of the end
2025-09-29 14:34:40.547 [Thread-11] WARN  c.alibaba.nacos.common.http.HttpClientBeanHolder - [HttpClientBeanHolder] Destruction of the end
2025-09-29 14:34:40.576 [SpringApplicationShutdownHook] INFO  c.a.cloud.nacos.registry.NacosServiceRegistry - De-registering from Nacos Server now...
2025-09-29 14:34:40.576 [SpringApplicationShutdownHook] INFO  com.alibaba.nacos.client.naming - [DEREGISTER-SERVICE] xiaohongshu deregistering service xiaohongshu-distributed-id-generator with instance: Instance{instanceId='null', ip='10.95.157.254', port=8087, weight=1.0, healthy=true, enabled=true, ephemeral=true, clusterName='DEFAULT', serviceName='null', metadata={}}
2025-09-29 14:34:40.597 [SpringApplicationShutdownHook] INFO  c.a.cloud.nacos.registry.NacosServiceRegistry - De-registration finished.
2025-09-29 14:34:40.597 [SpringApplicationShutdownHook] INFO  com.alibaba.nacos.client.naming - com.alibaba.nacos.client.naming.cache.ServiceInfoHolder do shutdown begin
2025-09-29 14:34:40.599 [SpringApplicationShutdownHook] INFO  com.alibaba.nacos.client.naming - com.alibaba.nacos.client.naming.backups.FailoverReactor do shutdown begin
2025-09-29 14:34:40.920 [SpringApplicationShutdownHook] INFO  com.alibaba.nacos.client.naming - com.alibaba.nacos.client.naming.backups.FailoverReactor do shutdown stop
2025-09-29 14:34:40.920 [SpringApplicationShutdownHook] INFO  com.alibaba.nacos.client.naming - com.alibaba.nacos.client.naming.cache.ServiceInfoHolder do shutdown stop
2025-09-29 14:34:40.920 [SpringApplicationShutdownHook] INFO  com.alibaba.nacos.client.naming - com.alibaba.nacos.client.naming.remote.NamingClientProxyDelegate do shutdown begin
2025-09-29 14:34:40.920 [SpringApplicationShutdownHook] INFO  com.alibaba.nacos.client.naming - com.alibaba.nacos.client.naming.core.ServiceInfoUpdateService do shutdown begin
2025-09-29 14:34:40.920 [SpringApplicationShutdownHook] INFO  com.alibaba.nacos.client.naming - com.alibaba.nacos.client.naming.core.ServiceInfoUpdateService do shutdown stop
2025-09-29 14:34:40.920 [SpringApplicationShutdownHook] INFO  com.alibaba.nacos.client.naming - com.alibaba.nacos.client.naming.core.ServerListManager do shutdown begin
2025-09-29 14:34:40.920 [SpringApplicationShutdownHook] WARN  com.alibaba.nacos.client.naming - [NamingHttpClientManager] Start destroying NacosRestTemplate
2025-09-29 14:34:40.921 [SpringApplicationShutdownHook] WARN  com.alibaba.nacos.client.naming - [NamingHttpClientManager] Destruction of the end
2025-09-29 14:34:40.921 [SpringApplicationShutdownHook] INFO  com.alibaba.nacos.client.naming - com.alibaba.nacos.client.naming.core.ServerListManager do shutdown stop
2025-09-29 14:34:40.921 [SpringApplicationShutdownHook] INFO  com.alibaba.nacos.client.naming - com.alibaba.nacos.client.naming.remote.http.NamingHttpClientProxy do shutdown begin
2025-09-29 14:34:40.921 [SpringApplicationShutdownHook] WARN  com.alibaba.nacos.client.naming - [NamingHttpClientManager] Start destroying NacosRestTemplate
2025-09-29 14:34:40.921 [SpringApplicationShutdownHook] WARN  com.alibaba.nacos.client.naming - [NamingHttpClientManager] Destruction of the end
2025-09-29 14:34:40.921 [SpringApplicationShutdownHook] INFO  com.alibaba.nacos.client.naming - com.alibaba.nacos.client.naming.remote.http.NamingHttpClientProxy do shutdown stop
2025-09-29 14:34:40.921 [SpringApplicationShutdownHook] INFO  com.alibaba.nacos.common.remote.client - Shutdown rpc client, set status to shutdown
2025-09-29 14:34:40.921 [SpringApplicationShutdownHook] INFO  com.alibaba.nacos.common.remote.client - Shutdown client event executor java.util.concurrent.ScheduledThreadPoolExecutor@47fa029d[Running, pool size = 2, active threads = 2, queued tasks = 0, completed tasks = 0]
2025-09-29 14:34:40.921 [SpringApplicationShutdownHook] INFO  com.alibaba.nacos.common.remote.client - Close current connection 1759127679037_112.94.129.177_3731
2025-09-29 14:34:40.928 [nacos-grpc-client-executor-8.134.88.169-10] WARN  c.a.nacos.common.remote.client.grpc.GrpcClient - [1759127679037_112.94.129.177_3731]Ignore error event,isRunning:false,isAbandon=false
2025-09-29 14:34:40.930 [SpringApplicationShutdownHook] INFO  c.a.nacos.common.remote.client.grpc.GrpcClient - Shutdown grpc executor java.util.concurrent.ThreadPoolExecutor@4bf6e7a1[Running, pool size = 11, active threads = 0, queued tasks = 0, completed tasks = 11]
2025-09-29 14:34:40.930 [SpringApplicationShutdownHook] INFO  com.alibaba.nacos.client.naming - Shutdown grpc redo service executor java.util.concurrent.ScheduledThreadPoolExecutor@6c3db8fc[Running, pool size = 1, active threads = 0, queued tasks = 1, completed tasks = 0]
2025-09-29 14:34:40.930 [SpringApplicationShutdownHook] INFO  c.a.n.client.auth.ram.identify.CredentialWatcher - [null] CredentialWatcher is stopped
2025-09-29 14:34:40.930 [SpringApplicationShutdownHook] INFO  c.a.n.client.auth.ram.identify.CredentialService - [null] CredentialService is freed
2025-09-29 14:34:40.930 [SpringApplicationShutdownHook] INFO  com.alibaba.nacos.client.naming - com.alibaba.nacos.client.naming.remote.NamingClientProxyDelegate do shutdown stop
