2025-09-18 15:11:34.481 [main] WARN  com.alibaba.nacos.client.logging.NacosLogging - Load Logback Configuration of Nacos fail, message: Could not initialize Logback Nacos logging from classpath:nacos-logback.xml
2025-09-18 15:11:34.539 [main] WARN  com.alibaba.nacos.client.logging.NacosLogging - Load Logback Configuration of Nacos fail, message: Could not initialize Logback Nacos logging from classpath:nacos-logback.xml
2025-09-18 15:11:34.767 [main] WARN  com.alibaba.nacos.client.logging.NacosLogging - Load Logback Configuration of Nacos fail, message: Could not initialize Logback Nacos logging from classpath:nacos-logback.xml
2025-09-18 15:11:34.769 [main] INFO  com.alibaba.nacos.client.utils.ParamUtil - [settings] [req-serv] nacos-server port:8848
2025-09-18 15:11:34.769 [main] INFO  com.alibaba.nacos.client.utils.ParamUtil - [settings] [http-client] connect timeout:1000
2025-09-18 15:11:34.770 [main] INFO  com.alibaba.nacos.client.utils.ParamUtil - PER_TASK_CONFIG_SIZE: 3000.0
2025-09-18 15:11:34.795 [main] INFO  c.a.n.p.auth.spi.client.ClientAuthPluginManager - [ClientAuthPluginManager] Load ClientAuthService com.alibaba.nacos.client.auth.impl.NacosClientAuthServiceImpl success.
2025-09-18 15:11:34.795 [main] INFO  c.a.n.p.auth.spi.client.ClientAuthPluginManager - [ClientAuthPluginManager] Load ClientAuthService com.alibaba.nacos.client.auth.ram.RamClientAuthServiceImpl success.
2025-09-18 15:11:34.798 [main] INFO  c.a.n.client.auth.ram.identify.CredentialWatcher - null No credential found
2025-09-18 15:11:35.190 [main] WARN  com.alibaba.nacos.client.logging.NacosLogging - Load Logback Configuration of Nacos fail, message: Could not initialize Logback Nacos logging from classpath:nacos-logback.xml
2025-09-18 15:11:35.206 [main] INFO  c.a.n.client.config.impl.LocalConfigInfoProcessor - LOCAL_SNAPSHOT_PATH:C:\Users\Rey\nacos\config
2025-09-18 15:11:35.212 [main] INFO  com.alibaba.nacos.common.remote.client - [RpcClientFactory] create a new rpc client of 37083d8d-4d22-49b1-8473-920c47768a2a_config-0
2025-09-18 15:11:35.236 [main] INFO  com.alibaba.nacos.common.remote.client - [37083d8d-4d22-49b1-8473-920c47768a2a_config-0] Register server push request handler:com.alibaba.nacos.client.config.impl.ClientWorker$ConfigRpcTransportClient$$Lambda$587/0x0000023b1438f260
2025-09-18 15:11:35.237 [main] INFO  com.alibaba.nacos.common.remote.client - [37083d8d-4d22-49b1-8473-920c47768a2a_config-0] Register server push request handler:com.alibaba.nacos.client.config.impl.ClientWorker$ConfigRpcTransportClient$$Lambda$588/0x0000023b1438f680
2025-09-18 15:11:35.237 [main] INFO  com.alibaba.nacos.common.remote.client - [37083d8d-4d22-49b1-8473-920c47768a2a_config-0] Registry connection listener to current client:com.alibaba.nacos.client.config.impl.ClientWorker$ConfigRpcTransportClient$1
2025-09-18 15:11:35.238 [main] INFO  com.alibaba.nacos.common.remote.client - [37083d8d-4d22-49b1-8473-920c47768a2a_config-0] RpcClient init, ServerListFactory = com.alibaba.nacos.client.config.impl.ClientWorker$ConfigRpcTransportClient$2
2025-09-18 15:11:35.246 [main] INFO  com.alibaba.nacos.common.remote.client - [37083d8d-4d22-49b1-8473-920c47768a2a_config-0] Try to connect to server on start up, server: {serverIp = '47.236.36.111', server main port = 8848}
2025-09-18 15:11:35.287 [main] INFO  c.a.nacos.common.remote.client.grpc.GrpcClient - grpc client connection server:47.236.36.111 ip,serverPort:9848,grpcTslConfig:{"sslProvider":"OPENSSL","enableTls":false,"mutualAuthEnable":false,"trustAll":false}
2025-09-18 15:11:36.688 [main] INFO  com.alibaba.nacos.common.remote.client - [37083d8d-4d22-49b1-8473-920c47768a2a_config-0] Success to connect to server [47.236.36.111:8848] on start up, connectionId = 1758179496323_120.85.130.202_4638
2025-09-18 15:11:36.689 [com.alibaba.nacos.client.remote.worker] INFO  com.alibaba.nacos.common.remote.client - [37083d8d-4d22-49b1-8473-920c47768a2a_config-0] Notify connected event to listeners.
2025-09-18 15:11:36.689 [com.alibaba.nacos.client.remote.worker] INFO  com.alibaba.nacos.client.config.impl.ClientWorker - [37083d8d-4d22-49b1-8473-920c47768a2a_config-0] Connected,notify listen context...
2025-09-18 15:11:36.689 [main] INFO  com.alibaba.nacos.common.remote.client - [37083d8d-4d22-49b1-8473-920c47768a2a_config-0] Register server push request handler:com.alibaba.nacos.common.remote.client.RpcClient$ConnectResetRequestHandler
2025-09-18 15:11:36.689 [main] INFO  com.alibaba.nacos.common.remote.client - [37083d8d-4d22-49b1-8473-920c47768a2a_config-0] Register server push request handler:com.alibaba.nacos.common.remote.client.RpcClient$$Lambda$608/0x0000023b144d7158
2025-09-18 15:11:36.756 [main] INFO  com.alibaba.nacos.client.config.impl.Limiter - limitTime:5.0
2025-09-18 15:11:36.820 [main] WARN  c.a.cloud.nacos.client.NacosPropertySourceBuilder - Ignore the empty nacos configuration and get it based on dataId[xiaohongshu-oss] & group[DEFAULT_GROUP]
2025-09-18 15:11:36.873 [main] WARN  c.a.cloud.nacos.client.NacosPropertySourceBuilder - Ignore the empty nacos configuration and get it based on dataId[xiaohongshu-oss.yaml] & group[DEFAULT_GROUP]
2025-09-18 15:11:36.923 [main] INFO  com.alibaba.nacos.client.config.utils.JvmUtil - isMultiInstance:false
2025-09-18 15:11:36.928 [main] INFO  o.s.c.b.c.PropertySourceBootstrapConfiguration - Located property source: [BootstrapPropertySource {name='bootstrapProperties-xiaohongshu-oss-dev.yaml,DEFAULT_GROUP'}, BootstrapPropertySource {name='bootstrapProperties-xiaohongshu-oss.yaml,DEFAULT_GROUP'}, BootstrapPropertySource {name='bootstrapProperties-xiaohongshu-oss,DEFAULT_GROUP'}]
2025-09-18 15:11:36.935 [main] WARN  com.alibaba.nacos.client.logging.NacosLogging - Load Logback Configuration of Nacos fail, message: Could not initialize Logback Nacos logging from classpath:nacos-logback.xml
2025-09-18 15:11:36.936 [main] INFO  c.z.x.oss.biz.XiaohongshuOssBizApplication - The following 1 profile is active: "dev"
2025-09-18 15:11:37.603 [main] INFO  o.springframework.cloud.context.scope.GenericScope - BeanFactory id=622ba073-7c59-33b0-876f-d95fb493eb1a
2025-09-18 15:11:38.155 [main] INFO  o.s.boot.web.embedded.tomcat.TomcatWebServer - Tomcat initialized with port(s): 8083 (http)
2025-09-18 15:11:38.155 [main] INFO  org.apache.catalina.core.AprLifecycleListener - Loaded Apache Tomcat Native library [2.0.3] using APR version [1.7.2].
2025-09-18 15:11:38.162 [main] INFO  org.apache.catalina.core.AprLifecycleListener - OpenSSL successfully initialized [OpenSSL 3.0.8 7 Feb 2023]
2025-09-18 15:11:38.175 [main] INFO  org.apache.catalina.core.StandardService - Starting service [Tomcat]
2025-09-18 15:11:38.176 [main] INFO  org.apache.catalina.core.StandardEngine - Starting Servlet engine: [Apache Tomcat/10.1.5]
2025-09-18 15:11:38.279 [main] INFO  o.a.c.core.ContainerBase.[Tomcat].[localhost].[/] - Initializing Spring embedded WebApplicationContext
2025-09-18 15:11:38.279 [main] INFO  o.s.b.w.s.c.ServletWebServerApplicationContext - Root WebApplicationContext: initialization completed in 1328 ms
2025-09-18 15:11:40.351 [main] INFO  o.s.boot.web.embedded.tomcat.TomcatWebServer - Tomcat started on port(s): 8083 (http) with context path ''
2025-09-18 15:11:40.356 [main] INFO  com.alibaba.nacos.client.naming - initializer namespace from ans.namespace attribute : null
2025-09-18 15:11:40.356 [main] INFO  com.alibaba.nacos.client.naming - initializer namespace from ALIBABA_ALIWARE_NAMESPACE attribute :null
2025-09-18 15:11:40.357 [main] INFO  com.alibaba.nacos.client.naming - initializer namespace from namespace attribute :null
2025-09-18 15:11:40.364 [main] INFO  c.a.n.p.auth.spi.client.ClientAuthPluginManager - [ClientAuthPluginManager] Load ClientAuthService com.alibaba.nacos.client.auth.impl.NacosClientAuthServiceImpl success.
2025-09-18 15:11:40.364 [main] INFO  c.a.n.p.auth.spi.client.ClientAuthPluginManager - [ClientAuthPluginManager] Load ClientAuthService com.alibaba.nacos.client.auth.ram.RamClientAuthServiceImpl success.
2025-09-18 15:11:40.368 [main] INFO  com.alibaba.nacos.common.remote.client - [RpcClientFactory] create a new rpc client of a4048054-9c1b-414a-929e-92ab864c4589
2025-09-18 15:11:40.370 [main] INFO  com.alibaba.nacos.common.remote.client - [a4048054-9c1b-414a-929e-92ab864c4589] RpcClient init, ServerListFactory = com.alibaba.nacos.client.naming.core.ServerListManager
2025-09-18 15:11:40.370 [main] INFO  com.alibaba.nacos.common.remote.client - [a4048054-9c1b-414a-929e-92ab864c4589] Registry connection listener to current client:com.alibaba.nacos.client.naming.remote.gprc.redo.NamingGrpcRedoService
2025-09-18 15:11:40.370 [main] INFO  com.alibaba.nacos.common.remote.client - [a4048054-9c1b-414a-929e-92ab864c4589] Register server push request handler:com.alibaba.nacos.client.naming.remote.gprc.NamingPushRequestHandler
2025-09-18 15:11:40.371 [main] INFO  com.alibaba.nacos.common.remote.client - [a4048054-9c1b-414a-929e-92ab864c4589] Try to connect to server on start up, server: {serverIp = '47.236.36.111', server main port = 8848}
2025-09-18 15:11:40.371 [main] INFO  c.a.nacos.common.remote.client.grpc.GrpcClient - grpc client connection server:47.236.36.111 ip,serverPort:9848,grpcTslConfig:{"sslProvider":"OPENSSL","enableTls":false,"mutualAuthEnable":false,"trustAll":false}
2025-09-18 15:11:40.750 [main] INFO  com.alibaba.nacos.common.remote.client - [a4048054-9c1b-414a-929e-92ab864c4589] Success to connect to server [47.236.36.111:8848] on start up, connectionId = 1758179500476_120.85.130.202_4668
2025-09-18 15:11:40.750 [main] INFO  com.alibaba.nacos.common.remote.client - [a4048054-9c1b-414a-929e-92ab864c4589] Register server push request handler:com.alibaba.nacos.common.remote.client.RpcClient$ConnectResetRequestHandler
2025-09-18 15:11:40.750 [main] INFO  com.alibaba.nacos.common.remote.client - [a4048054-9c1b-414a-929e-92ab864c4589] Register server push request handler:com.alibaba.nacos.common.remote.client.RpcClient$$Lambda$608/0x0000023b144d7158
2025-09-18 15:11:40.750 [com.alibaba.nacos.client.remote.worker] INFO  com.alibaba.nacos.common.remote.client - [a4048054-9c1b-414a-929e-92ab864c4589] Notify connected event to listeners.
2025-09-18 15:11:40.750 [com.alibaba.nacos.client.remote.worker] INFO  com.alibaba.nacos.client.naming - Grpc connection connect
2025-09-18 15:11:40.751 [main] INFO  com.alibaba.nacos.client.naming - [REGISTER-SERVICE] xiaohongshu registering service xiaohongshu-oss with instance Instance{instanceId='null', ip='10.91.138.46', port=8083, weight=1.0, healthy=true, enabled=true, ephemeral=true, clusterName='DEFAULT', serviceName='null', metadata={IPv6=null, preserved.register.source=SPRING_CLOUD}}
2025-09-18 15:11:40.874 [main] ERROR com.alibaba.nacos.common.remote.client - Connection is unregistered, switch server, connectionId = 1758179500476_120.85.130.202_4668, request = InstanceRequest
2025-09-18 15:11:40.874 [com.alibaba.nacos.client.remote.worker] INFO  com.alibaba.nacos.common.remote.client - [a4048054-9c1b-414a-929e-92ab864c4589] Try to reconnect to a new server, server is  not appointed, will choose a random server.
2025-09-18 15:11:40.875 [com.alibaba.nacos.client.remote.worker] INFO  c.a.nacos.common.remote.client.grpc.GrpcClient - grpc client connection server:47.236.36.111 ip,serverPort:9848,grpcTslConfig:{"sslProvider":"OPENSSL","enableTls":false,"mutualAuthEnable":false,"trustAll":false}
2025-09-18 15:11:40.984 [main] ERROR com.alibaba.nacos.common.remote.client - Send request fail, request = InstanceRequest{headers={app=unknown}, requestId='null'}, retryTimes = 0, errorMessage = Connection is unregistered.
2025-09-18 15:11:41.092 [main] ERROR com.alibaba.nacos.common.remote.client - Send request fail, request = InstanceRequest{headers={app=unknown}, requestId='null'}, retryTimes = 1, errorMessage = Client not connected, current status:UNHEALTHY
2025-09-18 15:11:41.138 [com.alibaba.nacos.client.remote.worker] INFO  com.alibaba.nacos.common.remote.client - [a4048054-9c1b-414a-929e-92ab864c4589] Success to connect a server [47.236.36.111:8848], connectionId = 1758179500989_120.85.130.202_4671
2025-09-18 15:11:41.138 [com.alibaba.nacos.client.remote.worker] INFO  com.alibaba.nacos.common.remote.client - [a4048054-9c1b-414a-929e-92ab864c4589] Abandon prev connection, server is 47.236.36.111:8848, connectionId is 1758179500476_120.85.130.202_4668
2025-09-18 15:11:41.138 [com.alibaba.nacos.client.remote.worker] INFO  com.alibaba.nacos.common.remote.client - Close current connection 1758179500476_120.85.130.202_4668
2025-09-18 15:11:41.140 [nacos-grpc-client-executor-47.236.36.111-12] WARN  c.a.nacos.common.remote.client.grpc.GrpcClient - [1758179500476_120.85.130.202_4668]Ignore error event,isRunning:false,isAbandon=true
2025-09-18 15:11:41.142 [com.alibaba.nacos.client.remote.worker] INFO  com.alibaba.nacos.common.remote.client - [a4048054-9c1b-414a-929e-92ab864c4589] Notify disconnected event to listeners
2025-09-18 15:11:41.142 [com.alibaba.nacos.client.remote.worker] WARN  com.alibaba.nacos.client.naming - Grpc connection disconnect, mark to redo
2025-09-18 15:11:41.142 [com.alibaba.nacos.client.remote.worker] WARN  com.alibaba.nacos.client.naming - mark to redo completed
2025-09-18 15:11:41.142 [com.alibaba.nacos.client.remote.worker] INFO  com.alibaba.nacos.common.remote.client - [a4048054-9c1b-414a-929e-92ab864c4589] Notify connected event to listeners.
2025-09-18 15:11:41.143 [com.alibaba.nacos.client.remote.worker] INFO  com.alibaba.nacos.client.naming - Grpc connection connect
2025-09-18 15:11:41.200 [main] ERROR com.alibaba.nacos.common.remote.client - Send request fail, request = InstanceRequest{headers={app=unknown}, requestId='null'}, retryTimes = 2, errorMessage = Client not connected, current status:UNHEALTHY
2025-09-18 15:11:41.213 [main] ERROR c.a.cloud.nacos.registry.NacosServiceRegistry - nacos registry, xiaohongshu-oss register failed...NacosRegistration{nacosDiscoveryProperties=NacosDiscoveryProperties{serverAddr='http://47.236.36.111:8848', username='', password='', endpoint='', namespace='xiaohongshu', watchDelay=30000, logName='', service='xiaohongshu-oss', weight=1.0, clusterName='DEFAULT', group='DEFAULT_GROUP', namingLoadCacheAtStart='false', metadata={IPv6=null, preserved.register.source=SPRING_CLOUD}, registerEnabled=true, ip='10.91.138.46', networkInterface='', port=8083, secure=false, accessKey='', secretKey='', heartBeatInterval=null, heartBeatTimeout=null, ipDeleteTimeout=null, instanceEnabled=true, ephemeral=true, failureToleranceEnabled=false}, ipDeleteTimeout=null, failFast=true}},
com.alibaba.nacos.api.exception.NacosException: Client not connected, current status:UNHEALTHY
	at com.alibaba.nacos.common.remote.client.RpcClient.request(RpcClient.java:643)
	at com.alibaba.nacos.common.remote.client.RpcClient.request(RpcClient.java:623)
	at com.alibaba.nacos.client.naming.remote.gprc.NamingGrpcClientProxy.requestToServer(NamingGrpcClientProxy.java:357)
	at com.alibaba.nacos.client.naming.remote.gprc.NamingGrpcClientProxy.doRegisterService(NamingGrpcClientProxy.java:210)
	at com.alibaba.nacos.client.naming.remote.gprc.NamingGrpcClientProxy.registerService(NamingGrpcClientProxy.java:124)
	at com.alibaba.nacos.client.naming.remote.NamingClientProxyDelegate.registerService(NamingClientProxyDelegate.java:98)
	at com.alibaba.nacos.client.naming.NacosNamingService.registerInstance(NacosNamingService.java:143)
	at com.alibaba.cloud.nacos.registry.NacosServiceRegistry.register(NacosServiceRegistry.java:75)
	at org.springframework.cloud.client.serviceregistry.AbstractAutoServiceRegistration.register(AbstractAutoServiceRegistration.java:264)
	at com.alibaba.cloud.nacos.registry.NacosAutoServiceRegistration.register(NacosAutoServiceRegistration.java:78)
	at org.springframework.cloud.client.serviceregistry.AbstractAutoServiceRegistration.start(AbstractAutoServiceRegistration.java:156)
	at org.springframework.cloud.client.serviceregistry.AbstractAutoServiceRegistration.onApplicationEvent(AbstractAutoServiceRegistration.java:119)
	at org.springframework.cloud.client.serviceregistry.AbstractAutoServiceRegistration.onApplicationEvent(AbstractAutoServiceRegistration.java:49)
	at org.springframework.context.event.SimpleApplicationEventMulticaster.doInvokeListener(SimpleApplicationEventMulticaster.java:176)
	at org.springframework.context.event.SimpleApplicationEventMulticaster.invokeListener(SimpleApplicationEventMulticaster.java:169)
	at org.springframework.context.event.SimpleApplicationEventMulticaster.multicastEvent(SimpleApplicationEventMulticaster.java:143)
	at org.springframework.context.support.AbstractApplicationContext.publishEvent(AbstractApplicationContext.java:413)
	at org.springframework.context.support.AbstractApplicationContext.publishEvent(AbstractApplicationContext.java:370)
	at org.springframework.boot.web.servlet.context.WebServerStartStopLifecycle.start(WebServerStartStopLifecycle.java:47)
	at org.springframework.context.support.DefaultLifecycleProcessor.doStart(DefaultLifecycleProcessor.java:178)
	at org.springframework.context.support.DefaultLifecycleProcessor$LifecycleGroup.start(DefaultLifecycleProcessor.java:356)
	at java.base/java.lang.Iterable.forEach(Iterable.java:75)
	at org.springframework.context.support.DefaultLifecycleProcessor.startBeans(DefaultLifecycleProcessor.java:155)
	at org.springframework.context.support.DefaultLifecycleProcessor.onRefresh(DefaultLifecycleProcessor.java:123)
	at org.springframework.context.support.AbstractApplicationContext.finishRefresh(AbstractApplicationContext.java:932)
	at org.springframework.context.support.AbstractApplicationContext.refresh(AbstractApplicationContext.java:587)
	at org.springframework.boot.web.servlet.context.ServletWebServerApplicationContext.refresh(ServletWebServerApplicationContext.java:146)
	at org.springframework.boot.SpringApplication.refresh(SpringApplication.java:730)
	at org.springframework.boot.SpringApplication.refreshContext(SpringApplication.java:432)
	at org.springframework.boot.SpringApplication.run(SpringApplication.java:308)
	at org.springframework.boot.SpringApplication.run(SpringApplication.java:1302)
	at org.springframework.boot.SpringApplication.run(SpringApplication.java:1291)
	at com.zry.xiaohongshu.oss.biz.XiaohongshuOssBizApplication.main(XiaohongshuOssBizApplication.java:9)
2025-09-18 15:11:41.215 [main] WARN  o.s.b.w.s.c.AnnotationConfigServletWebServerApplicationContext - Exception encountered during context initialization - cancelling refresh attempt: org.springframework.context.ApplicationContextException: Failed to start bean 'webServerStartStop'
2025-09-18 15:11:41.217 [main] INFO  com.alibaba.nacos.client.naming - com.alibaba.nacos.client.naming.cache.ServiceInfoHolder do shutdown begin
2025-09-18 15:11:41.217 [main] INFO  com.alibaba.nacos.client.naming - com.alibaba.nacos.client.naming.backups.FailoverReactor do shutdown begin
2025-09-18 15:11:41.253 [com.alibaba.nacos.client.remote.worker] INFO  com.alibaba.nacos.common.remote.client - [a4048054-9c1b-414a-929e-92ab864c4589] Server check success, currentServer is 47.236.36.111:8848 
2025-09-18 15:11:41.543 [main] INFO  com.alibaba.nacos.client.naming - com.alibaba.nacos.client.naming.backups.FailoverReactor do shutdown stop
2025-09-18 15:11:41.543 [main] INFO  com.alibaba.nacos.client.naming - com.alibaba.nacos.client.naming.cache.ServiceInfoHolder do shutdown stop
2025-09-18 15:11:41.543 [main] INFO  com.alibaba.nacos.client.naming - com.alibaba.nacos.client.naming.remote.NamingClientProxyDelegate do shutdown begin
2025-09-18 15:11:41.543 [main] INFO  com.alibaba.nacos.client.naming - com.alibaba.nacos.client.naming.core.ServiceInfoUpdateService do shutdown begin
2025-09-18 15:11:41.543 [main] INFO  com.alibaba.nacos.client.naming - com.alibaba.nacos.client.naming.core.ServiceInfoUpdateService do shutdown stop
2025-09-18 15:11:41.543 [main] INFO  com.alibaba.nacos.client.naming - com.alibaba.nacos.client.naming.core.ServerListManager do shutdown begin
2025-09-18 15:11:41.543 [main] WARN  com.alibaba.nacos.client.naming - [NamingHttpClientManager] Start destroying NacosRestTemplate
2025-09-18 15:11:41.543 [main] WARN  com.alibaba.nacos.client.naming - [NamingHttpClientManager] Destruction of the end
2025-09-18 15:11:41.543 [main] INFO  com.alibaba.nacos.client.naming - com.alibaba.nacos.client.naming.core.ServerListManager do shutdown stop
2025-09-18 15:11:41.543 [main] INFO  com.alibaba.nacos.client.naming - com.alibaba.nacos.client.naming.remote.http.NamingHttpClientProxy do shutdown begin
2025-09-18 15:11:41.543 [main] WARN  com.alibaba.nacos.client.naming - [NamingHttpClientManager] Start destroying NacosRestTemplate
2025-09-18 15:11:41.543 [main] WARN  com.alibaba.nacos.client.naming - [NamingHttpClientManager] Destruction of the end
2025-09-18 15:11:41.543 [main] INFO  com.alibaba.nacos.client.naming - com.alibaba.nacos.client.naming.remote.http.NamingHttpClientProxy do shutdown stop
2025-09-18 15:11:41.543 [main] INFO  com.alibaba.nacos.common.remote.client - Shutdown rpc client, set status to shutdown
2025-09-18 15:11:41.543 [main] INFO  com.alibaba.nacos.common.remote.client - Shutdown client event executor java.util.concurrent.ScheduledThreadPoolExecutor@2ed84be9[Running, pool size = 2, active threads = 2, queued tasks = 0, completed tasks = 0]
2025-09-18 15:11:41.544 [main] INFO  com.alibaba.nacos.common.remote.client - Close current connection 1758179500989_120.85.130.202_4671
2025-09-18 15:11:41.544 [main] INFO  c.a.nacos.common.remote.client.grpc.GrpcClient - Shutdown grpc executor java.util.concurrent.ThreadPoolExecutor@3be369fc[Running, pool size = 16, active threads = 1, queued tasks = 0, completed tasks = 15]
2025-09-18 15:11:41.544 [nacos-grpc-client-executor-47.236.36.111-15] WARN  c.a.nacos.common.remote.client.grpc.GrpcClient - [1758179500989_120.85.130.202_4671]Ignore error event,isRunning:false,isAbandon=false
2025-09-18 15:11:41.545 [main] INFO  com.alibaba.nacos.client.naming - Shutdown grpc redo service executor java.util.concurrent.ScheduledThreadPoolExecutor@35744f8[Running, pool size = 1, active threads = 0, queued tasks = 1, completed tasks = 0]
2025-09-18 15:11:41.545 [main] INFO  c.a.n.client.auth.ram.identify.CredentialWatcher - [null] CredentialWatcher is stopped
2025-09-18 15:11:41.545 [main] INFO  c.a.n.client.auth.ram.identify.CredentialService - [null] CredentialService is freed
2025-09-18 15:11:41.545 [main] INFO  com.alibaba.nacos.client.naming - com.alibaba.nacos.client.naming.remote.NamingClientProxyDelegate do shutdown stop
2025-09-18 15:11:41.562 [main] INFO  org.apache.catalina.core.StandardService - Stopping service [Tomcat]
2025-09-18 15:11:41.577 [main] INFO  o.s.b.a.logging.ConditionEvaluationReportLogger - 

Error starting ApplicationContext. To display the condition evaluation report re-run your application with 'debug' enabled.
2025-09-18 15:11:41.592 [main] ERROR org.springframework.boot.SpringApplication - Application run failed
org.springframework.context.ApplicationContextException: Failed to start bean 'webServerStartStop'
	at org.springframework.context.support.DefaultLifecycleProcessor.doStart(DefaultLifecycleProcessor.java:181)
	at org.springframework.context.support.DefaultLifecycleProcessor$LifecycleGroup.start(DefaultLifecycleProcessor.java:356)
	at java.base/java.lang.Iterable.forEach(Iterable.java:75)
	at org.springframework.context.support.DefaultLifecycleProcessor.startBeans(DefaultLifecycleProcessor.java:155)
	at org.springframework.context.support.DefaultLifecycleProcessor.onRefresh(DefaultLifecycleProcessor.java:123)
	at org.springframework.context.support.AbstractApplicationContext.finishRefresh(AbstractApplicationContext.java:932)
	at org.springframework.context.support.AbstractApplicationContext.refresh(AbstractApplicationContext.java:587)
	at org.springframework.boot.web.servlet.context.ServletWebServerApplicationContext.refresh(ServletWebServerApplicationContext.java:146)
	at org.springframework.boot.SpringApplication.refresh(SpringApplication.java:730)
	at org.springframework.boot.SpringApplication.refreshContext(SpringApplication.java:432)
	at org.springframework.boot.SpringApplication.run(SpringApplication.java:308)
	at org.springframework.boot.SpringApplication.run(SpringApplication.java:1302)
	at org.springframework.boot.SpringApplication.run(SpringApplication.java:1291)
	at com.zry.xiaohongshu.oss.biz.XiaohongshuOssBizApplication.main(XiaohongshuOssBizApplication.java:9)
Caused by: java.lang.reflect.UndeclaredThrowableException: null
	at org.springframework.util.ReflectionUtils.rethrowRuntimeException(ReflectionUtils.java:147)
	at com.alibaba.cloud.nacos.registry.NacosServiceRegistry.register(NacosServiceRegistry.java:83)
	at org.springframework.cloud.client.serviceregistry.AbstractAutoServiceRegistration.register(AbstractAutoServiceRegistration.java:264)
	at com.alibaba.cloud.nacos.registry.NacosAutoServiceRegistration.register(NacosAutoServiceRegistration.java:78)
	at org.springframework.cloud.client.serviceregistry.AbstractAutoServiceRegistration.start(AbstractAutoServiceRegistration.java:156)
	at org.springframework.cloud.client.serviceregistry.AbstractAutoServiceRegistration.onApplicationEvent(AbstractAutoServiceRegistration.java:119)
	at org.springframework.cloud.client.serviceregistry.AbstractAutoServiceRegistration.onApplicationEvent(AbstractAutoServiceRegistration.java:49)
	at org.springframework.context.event.SimpleApplicationEventMulticaster.doInvokeListener(SimpleApplicationEventMulticaster.java:176)
	at org.springframework.context.event.SimpleApplicationEventMulticaster.invokeListener(SimpleApplicationEventMulticaster.java:169)
	at org.springframework.context.event.SimpleApplicationEventMulticaster.multicastEvent(SimpleApplicationEventMulticaster.java:143)
	at org.springframework.context.support.AbstractApplicationContext.publishEvent(AbstractApplicationContext.java:413)
	at org.springframework.context.support.AbstractApplicationContext.publishEvent(AbstractApplicationContext.java:370)
	at org.springframework.boot.web.servlet.context.WebServerStartStopLifecycle.start(WebServerStartStopLifecycle.java:47)
	at org.springframework.context.support.DefaultLifecycleProcessor.doStart(DefaultLifecycleProcessor.java:178)
	... 13 common frames omitted
Caused by: com.alibaba.nacos.api.exception.NacosException: Client not connected, current status:UNHEALTHY
	at com.alibaba.nacos.common.remote.client.RpcClient.request(RpcClient.java:643)
	at com.alibaba.nacos.common.remote.client.RpcClient.request(RpcClient.java:623)
	at com.alibaba.nacos.client.naming.remote.gprc.NamingGrpcClientProxy.requestToServer(NamingGrpcClientProxy.java:357)
	at com.alibaba.nacos.client.naming.remote.gprc.NamingGrpcClientProxy.doRegisterService(NamingGrpcClientProxy.java:210)
	at com.alibaba.nacos.client.naming.remote.gprc.NamingGrpcClientProxy.registerService(NamingGrpcClientProxy.java:124)
	at com.alibaba.nacos.client.naming.remote.NamingClientProxyDelegate.registerService(NamingClientProxyDelegate.java:98)
	at com.alibaba.nacos.client.naming.NacosNamingService.registerInstance(NacosNamingService.java:143)
	at com.alibaba.cloud.nacos.registry.NacosServiceRegistry.register(NacosServiceRegistry.java:75)
	... 25 common frames omitted
2025-09-18 15:11:41.594 [Thread-9] WARN  com.alibaba.nacos.common.notify.NotifyCenter - [NotifyCenter] Start destroying Publisher
2025-09-18 15:11:41.594 [Thread-9] WARN  com.alibaba.nacos.common.notify.NotifyCenter - [NotifyCenter] Destruction of the end
2025-09-18 15:11:41.594 [Thread-2] WARN  c.alibaba.nacos.common.http.HttpClientBeanHolder - [HttpClientBeanHolder] Start destroying common HttpClient
2025-09-18 15:12:10.596 [main] WARN  com.alibaba.nacos.client.logging.NacosLogging - Load Logback Configuration of Nacos fail, message: Could not initialize Logback Nacos logging from classpath:nacos-logback.xml
2025-09-18 15:12:10.651 [main] WARN  com.alibaba.nacos.client.logging.NacosLogging - Load Logback Configuration of Nacos fail, message: Could not initialize Logback Nacos logging from classpath:nacos-logback.xml
2025-09-18 15:12:10.898 [main] WARN  com.alibaba.nacos.client.logging.NacosLogging - Load Logback Configuration of Nacos fail, message: Could not initialize Logback Nacos logging from classpath:nacos-logback.xml
2025-09-18 15:12:10.900 [main] INFO  com.alibaba.nacos.client.utils.ParamUtil - [settings] [req-serv] nacos-server port:8848
2025-09-18 15:12:10.901 [main] INFO  com.alibaba.nacos.client.utils.ParamUtil - [settings] [http-client] connect timeout:1000
2025-09-18 15:12:10.902 [main] INFO  com.alibaba.nacos.client.utils.ParamUtil - PER_TASK_CONFIG_SIZE: 3000.0
2025-09-18 15:12:10.935 [main] INFO  c.a.n.p.auth.spi.client.ClientAuthPluginManager - [ClientAuthPluginManager] Load ClientAuthService com.alibaba.nacos.client.auth.impl.NacosClientAuthServiceImpl success.
2025-09-18 15:12:10.935 [main] INFO  c.a.n.p.auth.spi.client.ClientAuthPluginManager - [ClientAuthPluginManager] Load ClientAuthService com.alibaba.nacos.client.auth.ram.RamClientAuthServiceImpl success.
2025-09-18 15:12:10.939 [main] INFO  c.a.n.client.auth.ram.identify.CredentialWatcher - null No credential found
2025-09-18 15:12:11.324 [main] WARN  com.alibaba.nacos.client.logging.NacosLogging - Load Logback Configuration of Nacos fail, message: Could not initialize Logback Nacos logging from classpath:nacos-logback.xml
2025-09-18 15:12:11.340 [main] INFO  c.a.n.client.config.impl.LocalConfigInfoProcessor - LOCAL_SNAPSHOT_PATH:C:\Users\Rey\nacos\config
2025-09-18 15:12:11.347 [main] INFO  com.alibaba.nacos.common.remote.client - [RpcClientFactory] create a new rpc client of 4dafcacf-c146-41ec-a52b-2ce218362771_config-0
2025-09-18 15:12:11.369 [main] INFO  com.alibaba.nacos.common.remote.client - [4dafcacf-c146-41ec-a52b-2ce218362771_config-0] Register server push request handler:com.alibaba.nacos.client.config.impl.ClientWorker$ConfigRpcTransportClient$$Lambda$587/0x000001502738f3b0
2025-09-18 15:12:11.370 [main] INFO  com.alibaba.nacos.common.remote.client - [4dafcacf-c146-41ec-a52b-2ce218362771_config-0] Register server push request handler:com.alibaba.nacos.client.config.impl.ClientWorker$ConfigRpcTransportClient$$Lambda$588/0x000001502738f7d0
2025-09-18 15:12:11.370 [main] INFO  com.alibaba.nacos.common.remote.client - [4dafcacf-c146-41ec-a52b-2ce218362771_config-0] Registry connection listener to current client:com.alibaba.nacos.client.config.impl.ClientWorker$ConfigRpcTransportClient$1
2025-09-18 15:12:11.371 [main] INFO  com.alibaba.nacos.common.remote.client - [4dafcacf-c146-41ec-a52b-2ce218362771_config-0] RpcClient init, ServerListFactory = com.alibaba.nacos.client.config.impl.ClientWorker$ConfigRpcTransportClient$2
2025-09-18 15:12:11.378 [main] INFO  com.alibaba.nacos.common.remote.client - [4dafcacf-c146-41ec-a52b-2ce218362771_config-0] Try to connect to server on start up, server: {serverIp = '47.236.36.111', server main port = 8848}
2025-09-18 15:12:11.418 [main] INFO  c.a.nacos.common.remote.client.grpc.GrpcClient - grpc client connection server:47.236.36.111 ip,serverPort:9848,grpcTslConfig:{"sslProvider":"OPENSSL","enableTls":false,"mutualAuthEnable":false,"trustAll":false}
2025-09-18 15:12:12.692 [main] INFO  com.alibaba.nacos.common.remote.client - [4dafcacf-c146-41ec-a52b-2ce218362771_config-0] Success to connect to server [47.236.36.111:8848] on start up, connectionId = 1758179532450_120.85.130.202_4793
2025-09-18 15:12:12.693 [com.alibaba.nacos.client.remote.worker] INFO  com.alibaba.nacos.common.remote.client - [4dafcacf-c146-41ec-a52b-2ce218362771_config-0] Notify connected event to listeners.
2025-09-18 15:12:12.694 [com.alibaba.nacos.client.remote.worker] INFO  com.alibaba.nacos.client.config.impl.ClientWorker - [4dafcacf-c146-41ec-a52b-2ce218362771_config-0] Connected,notify listen context...
2025-09-18 15:12:12.696 [main] INFO  com.alibaba.nacos.common.remote.client - [4dafcacf-c146-41ec-a52b-2ce218362771_config-0] Register server push request handler:com.alibaba.nacos.common.remote.client.RpcClient$ConnectResetRequestHandler
2025-09-18 15:12:12.697 [main] INFO  com.alibaba.nacos.common.remote.client - [4dafcacf-c146-41ec-a52b-2ce218362771_config-0] Register server push request handler:com.alibaba.nacos.common.remote.client.RpcClient$$Lambda$608/0x00000150274d7080
2025-09-18 15:12:12.755 [main] INFO  com.alibaba.nacos.client.config.impl.Limiter - limitTime:5.0
2025-09-18 15:12:12.830 [main] WARN  c.a.cloud.nacos.client.NacosPropertySourceBuilder - Ignore the empty nacos configuration and get it based on dataId[xiaohongshu-oss] & group[DEFAULT_GROUP]
2025-09-18 15:12:12.898 [main] WARN  c.a.cloud.nacos.client.NacosPropertySourceBuilder - Ignore the empty nacos configuration and get it based on dataId[xiaohongshu-oss.yaml] & group[DEFAULT_GROUP]
2025-09-18 15:12:12.964 [main] INFO  com.alibaba.nacos.client.config.utils.JvmUtil - isMultiInstance:false
2025-09-18 15:12:12.972 [main] INFO  o.s.c.b.c.PropertySourceBootstrapConfiguration - Located property source: [BootstrapPropertySource {name='bootstrapProperties-xiaohongshu-oss-dev.yaml,DEFAULT_GROUP'}, BootstrapPropertySource {name='bootstrapProperties-xiaohongshu-oss.yaml,DEFAULT_GROUP'}, BootstrapPropertySource {name='bootstrapProperties-xiaohongshu-oss,DEFAULT_GROUP'}]
2025-09-18 15:12:12.979 [main] WARN  com.alibaba.nacos.client.logging.NacosLogging - Load Logback Configuration of Nacos fail, message: Could not initialize Logback Nacos logging from classpath:nacos-logback.xml
2025-09-18 15:12:12.980 [main] INFO  c.z.x.oss.biz.XiaohongshuOssBizApplication - The following 1 profile is active: "dev"
2025-09-18 15:12:13.590 [main] INFO  o.springframework.cloud.context.scope.GenericScope - BeanFactory id=622ba073-7c59-33b0-876f-d95fb493eb1a
2025-09-18 15:12:13.992 [main] INFO  o.s.boot.web.embedded.tomcat.TomcatWebServer - Tomcat initialized with port(s): 8083 (http)
2025-09-18 15:12:13.993 [main] INFO  org.apache.catalina.core.AprLifecycleListener - Loaded Apache Tomcat Native library [2.0.3] using APR version [1.7.2].
2025-09-18 15:12:13.997 [main] INFO  org.apache.catalina.core.AprLifecycleListener - OpenSSL successfully initialized [OpenSSL 3.0.8 7 Feb 2023]
2025-09-18 15:12:14.006 [main] INFO  org.apache.catalina.core.StandardService - Starting service [Tomcat]
2025-09-18 15:12:14.006 [main] INFO  org.apache.catalina.core.StandardEngine - Starting Servlet engine: [Apache Tomcat/10.1.5]
2025-09-18 15:12:14.075 [main] INFO  o.a.c.core.ContainerBase.[Tomcat].[localhost].[/] - Initializing Spring embedded WebApplicationContext
2025-09-18 15:12:14.076 [main] INFO  o.s.b.w.s.c.ServletWebServerApplicationContext - Root WebApplicationContext: initialization completed in 1084 ms
2025-09-18 15:12:15.811 [main] INFO  o.s.boot.web.embedded.tomcat.TomcatWebServer - Tomcat started on port(s): 8083 (http) with context path ''
2025-09-18 15:12:15.815 [main] INFO  com.alibaba.nacos.client.naming - initializer namespace from ans.namespace attribute : null
2025-09-18 15:12:15.815 [main] INFO  com.alibaba.nacos.client.naming - initializer namespace from ALIBABA_ALIWARE_NAMESPACE attribute :null
2025-09-18 15:12:15.816 [main] INFO  com.alibaba.nacos.client.naming - initializer namespace from namespace attribute :null
2025-09-18 15:12:15.826 [main] INFO  c.a.n.p.auth.spi.client.ClientAuthPluginManager - [ClientAuthPluginManager] Load ClientAuthService com.alibaba.nacos.client.auth.impl.NacosClientAuthServiceImpl success.
2025-09-18 15:12:15.826 [main] INFO  c.a.n.p.auth.spi.client.ClientAuthPluginManager - [ClientAuthPluginManager] Load ClientAuthService com.alibaba.nacos.client.auth.ram.RamClientAuthServiceImpl success.
2025-09-18 15:12:15.829 [main] INFO  com.alibaba.nacos.common.remote.client - [RpcClientFactory] create a new rpc client of fe1624c0-4b4d-40fa-8d44-d03486c612e7
2025-09-18 15:12:15.830 [main] INFO  com.alibaba.nacos.common.remote.client - [fe1624c0-4b4d-40fa-8d44-d03486c612e7] RpcClient init, ServerListFactory = com.alibaba.nacos.client.naming.core.ServerListManager
2025-09-18 15:12:15.830 [main] INFO  com.alibaba.nacos.common.remote.client - [fe1624c0-4b4d-40fa-8d44-d03486c612e7] Registry connection listener to current client:com.alibaba.nacos.client.naming.remote.gprc.redo.NamingGrpcRedoService
2025-09-18 15:12:15.831 [main] INFO  com.alibaba.nacos.common.remote.client - [fe1624c0-4b4d-40fa-8d44-d03486c612e7] Register server push request handler:com.alibaba.nacos.client.naming.remote.gprc.NamingPushRequestHandler
2025-09-18 15:12:15.831 [main] INFO  com.alibaba.nacos.common.remote.client - [fe1624c0-4b4d-40fa-8d44-d03486c612e7] Try to connect to server on start up, server: {serverIp = '47.236.36.111', server main port = 8848}
2025-09-18 15:12:15.831 [main] INFO  c.a.nacos.common.remote.client.grpc.GrpcClient - grpc client connection server:47.236.36.111 ip,serverPort:9848,grpcTslConfig:{"sslProvider":"OPENSSL","enableTls":false,"mutualAuthEnable":false,"trustAll":false}
2025-09-18 15:12:16.080 [main] INFO  com.alibaba.nacos.common.remote.client - [fe1624c0-4b4d-40fa-8d44-d03486c612e7] Success to connect to server [47.236.36.111:8848] on start up, connectionId = 1758179535936_120.85.130.202_4809
2025-09-18 15:12:16.080 [main] INFO  com.alibaba.nacos.common.remote.client - [fe1624c0-4b4d-40fa-8d44-d03486c612e7] Register server push request handler:com.alibaba.nacos.common.remote.client.RpcClient$ConnectResetRequestHandler
2025-09-18 15:12:16.080 [main] INFO  com.alibaba.nacos.common.remote.client - [fe1624c0-4b4d-40fa-8d44-d03486c612e7] Register server push request handler:com.alibaba.nacos.common.remote.client.RpcClient$$Lambda$608/0x00000150274d7080
2025-09-18 15:12:16.080 [com.alibaba.nacos.client.remote.worker] INFO  com.alibaba.nacos.common.remote.client - [fe1624c0-4b4d-40fa-8d44-d03486c612e7] Notify connected event to listeners.
2025-09-18 15:12:16.080 [com.alibaba.nacos.client.remote.worker] INFO  com.alibaba.nacos.client.naming - Grpc connection connect
2025-09-18 15:12:16.081 [main] INFO  com.alibaba.nacos.client.naming - [REGISTER-SERVICE] xiaohongshu registering service xiaohongshu-oss with instance Instance{instanceId='null', ip='10.91.138.46', port=8083, weight=1.0, healthy=true, enabled=true, ephemeral=true, clusterName='DEFAULT', serviceName='null', metadata={IPv6=null, preserved.register.source=SPRING_CLOUD}}
2025-09-18 15:12:16.133 [main] INFO  c.a.cloud.nacos.registry.NacosServiceRegistry - nacos registry, DEFAULT_GROUP xiaohongshu-oss 10.91.138.46:8083 register finished
2025-09-18 15:12:16.384 [main] INFO  c.z.x.oss.biz.XiaohongshuOssBizApplication - Started XiaohongshuOssBizApplication in 6.739 seconds (process running for 7.458)
2025-09-18 15:12:16.388 [main] INFO  com.alibaba.nacos.client.config.impl.CacheData - nacos.cache.data.init.snapshot = true 
2025-09-18 15:12:16.389 [main] INFO  com.alibaba.nacos.client.config.impl.ClientWorker - [fixed-xiaohongshu-47.236.36.111_8848_] [subscribe] xiaohongshu-oss+DEFAULT_GROUP+xiaohongshu
2025-09-18 15:12:16.397 [main] INFO  com.alibaba.nacos.client.config.impl.CacheData - [fixed-xiaohongshu-47.236.36.111_8848_] [add-listener] ok, tenant=xiaohongshu, dataId=xiaohongshu-oss, group=DEFAULT_GROUP, cnt=1
2025-09-18 15:12:16.397 [main] INFO  c.a.cloud.nacos.refresh.NacosContextRefresher - [Nacos Config] Listening config: dataId=xiaohongshu-oss, group=DEFAULT_GROUP
2025-09-18 15:12:16.398 [main] INFO  com.alibaba.nacos.client.config.impl.ClientWorker - [fixed-xiaohongshu-47.236.36.111_8848_] [subscribe] xiaohongshu-oss.yaml+DEFAULT_GROUP+xiaohongshu
2025-09-18 15:12:16.398 [main] INFO  com.alibaba.nacos.client.config.impl.CacheData - [fixed-xiaohongshu-47.236.36.111_8848_] [add-listener] ok, tenant=xiaohongshu, dataId=xiaohongshu-oss.yaml, group=DEFAULT_GROUP, cnt=1
2025-09-18 15:12:16.398 [main] INFO  c.a.cloud.nacos.refresh.NacosContextRefresher - [Nacos Config] Listening config: dataId=xiaohongshu-oss.yaml, group=DEFAULT_GROUP
2025-09-18 15:12:16.400 [main] INFO  com.alibaba.nacos.client.config.impl.ClientWorker - [fixed-xiaohongshu-47.236.36.111_8848_] [subscribe] xiaohongshu-oss-dev.yaml+DEFAULT_GROUP+xiaohongshu
2025-09-18 15:12:16.400 [main] INFO  com.alibaba.nacos.client.config.impl.CacheData - [fixed-xiaohongshu-47.236.36.111_8848_] [add-listener] ok, tenant=xiaohongshu, dataId=xiaohongshu-oss-dev.yaml, group=DEFAULT_GROUP, cnt=1
2025-09-18 15:12:16.400 [main] INFO  c.a.cloud.nacos.refresh.NacosContextRefresher - [Nacos Config] Listening config: dataId=xiaohongshu-oss-dev.yaml, group=DEFAULT_GROUP
2025-09-18 15:49:36.244 [nacos-grpc-client-executor-47.236.36.111-461] ERROR c.a.nacos.common.remote.client.grpc.GrpcClient - [1758179532450_120.85.130.202_4793]Request stream error, switch server,error={}
com.alibaba.nacos.shaded.io.grpc.StatusRuntimeException: UNAVAILABLE: io exception
	at com.alibaba.nacos.shaded.io.grpc.Status.asRuntimeException(Status.java:539)
	at com.alibaba.nacos.shaded.io.grpc.stub.ClientCalls$StreamObserverToCallListenerAdapter.onClose(ClientCalls.java:487)
	at com.alibaba.nacos.shaded.io.grpc.internal.ClientCallImpl.closeObserver(ClientCallImpl.java:563)
	at com.alibaba.nacos.shaded.io.grpc.internal.ClientCallImpl.access$300(ClientCallImpl.java:70)
	at com.alibaba.nacos.shaded.io.grpc.internal.ClientCallImpl$ClientStreamListenerImpl$1StreamClosed.runInternal(ClientCallImpl.java:744)
	at com.alibaba.nacos.shaded.io.grpc.internal.ClientCallImpl$ClientStreamListenerImpl$1StreamClosed.runInContext(ClientCallImpl.java:723)
	at com.alibaba.nacos.shaded.io.grpc.internal.ContextRunnable.run(ContextRunnable.java:37)
	at com.alibaba.nacos.shaded.io.grpc.internal.SerializingExecutor.run(SerializingExecutor.java:133)
	at java.base/java.util.concurrent.ThreadPoolExecutor.runWorker(ThreadPoolExecutor.java:1136)
	at java.base/java.util.concurrent.ThreadPoolExecutor$Worker.run(ThreadPoolExecutor.java:635)
	at java.base/java.lang.Thread.run(Thread.java:842)
Caused by: java.net.SocketException: Connection reset
	at java.base/sun.nio.ch.SocketChannelImpl.throwConnectionReset(SocketChannelImpl.java:394)
	at java.base/sun.nio.ch.SocketChannelImpl.read(SocketChannelImpl.java:426)
	at com.alibaba.nacos.shaded.io.grpc.netty.shaded.io.netty.buffer.PooledByteBuf.setBytes(PooledByteBuf.java:258)
	at com.alibaba.nacos.shaded.io.grpc.netty.shaded.io.netty.buffer.AbstractByteBuf.writeBytes(AbstractByteBuf.java:1132)
	at com.alibaba.nacos.shaded.io.grpc.netty.shaded.io.netty.channel.socket.nio.NioSocketChannel.doReadBytes(NioSocketChannel.java:357)
	at com.alibaba.nacos.shaded.io.grpc.netty.shaded.io.netty.channel.nio.AbstractNioByteChannel$NioByteUnsafe.read(AbstractNioByteChannel.java:151)
	at com.alibaba.nacos.shaded.io.grpc.netty.shaded.io.netty.channel.nio.NioEventLoop.processSelectedKey(NioEventLoop.java:722)
	at com.alibaba.nacos.shaded.io.grpc.netty.shaded.io.netty.channel.nio.NioEventLoop.processSelectedKeysOptimized(NioEventLoop.java:658)
	at com.alibaba.nacos.shaded.io.grpc.netty.shaded.io.netty.channel.nio.NioEventLoop.processSelectedKeys(NioEventLoop.java:584)
	at com.alibaba.nacos.shaded.io.grpc.netty.shaded.io.netty.channel.nio.NioEventLoop.run(NioEventLoop.java:496)
	at com.alibaba.nacos.shaded.io.grpc.netty.shaded.io.netty.util.concurrent.SingleThreadEventExecutor$4.run(SingleThreadEventExecutor.java:997)
	at com.alibaba.nacos.shaded.io.grpc.netty.shaded.io.netty.util.internal.ThreadExecutorMap$2.run(ThreadExecutorMap.java:74)
	at com.alibaba.nacos.shaded.io.grpc.netty.shaded.io.netty.util.concurrent.FastThreadLocalRunnable.run(FastThreadLocalRunnable.java:30)
	... 1 common frames omitted
2025-09-18 15:49:36.272 [nacos-grpc-client-executor-47.236.36.111-456] ERROR c.a.nacos.common.remote.client.grpc.GrpcClient - [1758179535936_120.85.130.202_4809]Request stream error, switch server,error={}
com.alibaba.nacos.shaded.io.grpc.StatusRuntimeException: UNAVAILABLE: io exception
	at com.alibaba.nacos.shaded.io.grpc.Status.asRuntimeException(Status.java:539)
	at com.alibaba.nacos.shaded.io.grpc.stub.ClientCalls$StreamObserverToCallListenerAdapter.onClose(ClientCalls.java:487)
	at com.alibaba.nacos.shaded.io.grpc.internal.ClientCallImpl.closeObserver(ClientCallImpl.java:563)
	at com.alibaba.nacos.shaded.io.grpc.internal.ClientCallImpl.access$300(ClientCallImpl.java:70)
	at com.alibaba.nacos.shaded.io.grpc.internal.ClientCallImpl$ClientStreamListenerImpl$1StreamClosed.runInternal(ClientCallImpl.java:744)
	at com.alibaba.nacos.shaded.io.grpc.internal.ClientCallImpl$ClientStreamListenerImpl$1StreamClosed.runInContext(ClientCallImpl.java:723)
	at com.alibaba.nacos.shaded.io.grpc.internal.ContextRunnable.run(ContextRunnable.java:37)
	at com.alibaba.nacos.shaded.io.grpc.internal.SerializingExecutor.run(SerializingExecutor.java:133)
	at java.base/java.util.concurrent.ThreadPoolExecutor.runWorker(ThreadPoolExecutor.java:1136)
	at java.base/java.util.concurrent.ThreadPoolExecutor$Worker.run(ThreadPoolExecutor.java:635)
	at java.base/java.lang.Thread.run(Thread.java:842)
Caused by: java.net.SocketException: Connection reset
	at java.base/sun.nio.ch.SocketChannelImpl.throwConnectionReset(SocketChannelImpl.java:394)
	at java.base/sun.nio.ch.SocketChannelImpl.read(SocketChannelImpl.java:426)
	at com.alibaba.nacos.shaded.io.grpc.netty.shaded.io.netty.buffer.PooledByteBuf.setBytes(PooledByteBuf.java:258)
	at com.alibaba.nacos.shaded.io.grpc.netty.shaded.io.netty.buffer.AbstractByteBuf.writeBytes(AbstractByteBuf.java:1132)
	at com.alibaba.nacos.shaded.io.grpc.netty.shaded.io.netty.channel.socket.nio.NioSocketChannel.doReadBytes(NioSocketChannel.java:357)
	at com.alibaba.nacos.shaded.io.grpc.netty.shaded.io.netty.channel.nio.AbstractNioByteChannel$NioByteUnsafe.read(AbstractNioByteChannel.java:151)
	at com.alibaba.nacos.shaded.io.grpc.netty.shaded.io.netty.channel.nio.NioEventLoop.processSelectedKey(NioEventLoop.java:722)
	at com.alibaba.nacos.shaded.io.grpc.netty.shaded.io.netty.channel.nio.NioEventLoop.processSelectedKeysOptimized(NioEventLoop.java:658)
	at com.alibaba.nacos.shaded.io.grpc.netty.shaded.io.netty.channel.nio.NioEventLoop.processSelectedKeys(NioEventLoop.java:584)
	at com.alibaba.nacos.shaded.io.grpc.netty.shaded.io.netty.channel.nio.NioEventLoop.run(NioEventLoop.java:496)
	at com.alibaba.nacos.shaded.io.grpc.netty.shaded.io.netty.util.concurrent.SingleThreadEventExecutor$4.run(SingleThreadEventExecutor.java:997)
	at com.alibaba.nacos.shaded.io.grpc.netty.shaded.io.netty.util.internal.ThreadExecutorMap$2.run(ThreadExecutorMap.java:74)
	at com.alibaba.nacos.shaded.io.grpc.netty.shaded.io.netty.util.concurrent.FastThreadLocalRunnable.run(FastThreadLocalRunnable.java:30)
	... 1 common frames omitted
2025-09-18 15:49:36.300 [com.alibaba.nacos.client.remote.worker] INFO  com.alibaba.nacos.common.remote.client - [fe1624c0-4b4d-40fa-8d44-d03486c612e7] Try to reconnect to a new server, server is  not appointed, will choose a random server.
2025-09-18 15:49:36.305 [com.alibaba.nacos.client.remote.worker] INFO  c.a.nacos.common.remote.client.grpc.GrpcClient - grpc client connection server:47.236.36.111 ip,serverPort:9848,grpcTslConfig:{"sslProvider":"OPENSSL","enableTls":false,"mutualAuthEnable":false,"trustAll":false}
2025-09-18 15:49:39.322 [com.alibaba.nacos.client.remote.worker] ERROR c.a.nacos.common.remote.client.grpc.GrpcClient - Server check fail, please check server 47.236.36.111 ,port 9848 is available , error ={}
java.util.concurrent.TimeoutException: Waited 3000 milliseconds (plus 8 milliseconds, 708900 nanoseconds delay) for com.alibaba.nacos.shaded.io.grpc.stub.ClientCalls$GrpcFuture@5f5e9fc[status=PENDING, info=[GrpcFuture{clientCall=PendingCall{realCall=ClientCallImpl{method=MethodDescriptor{fullMethodName=Request/request, type=UNARY, idempotent=false, safe=false, sampledToLocalTracing=true, requestMarshaller=com.alibaba.nacos.shaded.io.grpc.protobuf.lite.ProtoLiteUtils$MessageMarshaller@70371835, responseMarshaller=com.alibaba.nacos.shaded.io.grpc.protobuf.lite.ProtoLiteUtils$MessageMarshaller@56ebb1f7, schemaDescriptor=com.alibaba.nacos.api.grpc.auto.RequestGrpc$RequestMethodDescriptorSupplier@48394155}}}}]]
	at com.alibaba.nacos.shaded.com.google.common.util.concurrent.AbstractFuture.get(AbstractFuture.java:508)
	at com.alibaba.nacos.common.remote.client.grpc.GrpcClient.serverCheck(GrpcClient.java:218)
	at com.alibaba.nacos.common.remote.client.grpc.GrpcClient.connectToServer(GrpcClient.java:329)
	at com.alibaba.nacos.common.remote.client.RpcClient.reconnect(RpcClient.java:502)
	at com.alibaba.nacos.common.remote.client.RpcClient.lambda$start$2(RpcClient.java:343)
	at java.base/java.util.concurrent.Executors$RunnableAdapter.call(Executors.java:539)
	at java.base/java.util.concurrent.FutureTask.run(FutureTask.java:264)
	at java.base/java.util.concurrent.ScheduledThreadPoolExecutor$ScheduledFutureTask.run(ScheduledThreadPoolExecutor.java:304)
	at java.base/java.util.concurrent.ThreadPoolExecutor.runWorker(ThreadPoolExecutor.java:1136)
	at java.base/java.util.concurrent.ThreadPoolExecutor$Worker.run(ThreadPoolExecutor.java:635)
	at java.base/java.lang.Thread.run(Thread.java:842)
2025-09-18 15:49:39.466 [com.alibaba.nacos.client.remote.worker] INFO  c.a.nacos.common.remote.client.grpc.GrpcClient - grpc client connection server:47.236.36.111 ip,serverPort:9848,grpcTslConfig:{"sslProvider":"OPENSSL","enableTls":false,"mutualAuthEnable":false,"trustAll":false}
2025-09-18 15:49:42.480 [com.alibaba.nacos.client.remote.worker] ERROR c.a.nacos.common.remote.client.grpc.GrpcClient - Server check fail, please check server 47.236.36.111 ,port 9848 is available , error ={}
java.util.concurrent.TimeoutException: Waited 3000 milliseconds (plus 9 milliseconds, 252000 nanoseconds delay) for com.alibaba.nacos.shaded.io.grpc.stub.ClientCalls$GrpcFuture@3dddb417[status=PENDING, info=[GrpcFuture{clientCall=PendingCall{realCall=ClientCallImpl{method=MethodDescriptor{fullMethodName=Request/request, type=UNARY, idempotent=false, safe=false, sampledToLocalTracing=true, requestMarshaller=com.alibaba.nacos.shaded.io.grpc.protobuf.lite.ProtoLiteUtils$MessageMarshaller@70371835, responseMarshaller=com.alibaba.nacos.shaded.io.grpc.protobuf.lite.ProtoLiteUtils$MessageMarshaller@56ebb1f7, schemaDescriptor=com.alibaba.nacos.api.grpc.auto.RequestGrpc$RequestMethodDescriptorSupplier@48394155}}}}]]
	at com.alibaba.nacos.shaded.com.google.common.util.concurrent.AbstractFuture.get(AbstractFuture.java:508)
	at com.alibaba.nacos.common.remote.client.grpc.GrpcClient.serverCheck(GrpcClient.java:218)
	at com.alibaba.nacos.common.remote.client.grpc.GrpcClient.connectToServer(GrpcClient.java:329)
	at com.alibaba.nacos.common.remote.client.RpcClient.reconnect(RpcClient.java:502)
	at com.alibaba.nacos.common.remote.client.RpcClient.lambda$start$2(RpcClient.java:343)
	at java.base/java.util.concurrent.Executors$RunnableAdapter.call(Executors.java:539)
	at java.base/java.util.concurrent.FutureTask.run(FutureTask.java:264)
	at java.base/java.util.concurrent.ScheduledThreadPoolExecutor$ScheduledFutureTask.run(ScheduledThreadPoolExecutor.java:304)
	at java.base/java.util.concurrent.ThreadPoolExecutor.runWorker(ThreadPoolExecutor.java:1136)
	at java.base/java.util.concurrent.ThreadPoolExecutor$Worker.run(ThreadPoolExecutor.java:635)
	at java.base/java.lang.Thread.run(Thread.java:842)
2025-09-18 15:49:42.488 [com.alibaba.nacos.client.remote.worker] INFO  com.alibaba.nacos.common.remote.client - [fe1624c0-4b4d-40fa-8d44-d03486c612e7] Fail to connect server, after trying 1 times, last try server is {serverIp = '47.236.36.111', server main port = 8848}, error = unknown
2025-09-18 15:49:42.693 [com.alibaba.nacos.client.remote.worker] INFO  c.a.nacos.common.remote.client.grpc.GrpcClient - grpc client connection server:47.236.36.111 ip,serverPort:9848,grpcTslConfig:{"sslProvider":"OPENSSL","enableTls":false,"mutualAuthEnable":false,"trustAll":false}
2025-09-18 15:49:45.700 [com.alibaba.nacos.client.remote.worker] ERROR c.a.nacos.common.remote.client.grpc.GrpcClient - Server check fail, please check server 47.236.36.111 ,port 9848 is available , error ={}
java.util.concurrent.TimeoutException: Waited 3000 milliseconds (plus 3 milliseconds, 341900 nanoseconds delay) for com.alibaba.nacos.shaded.io.grpc.stub.ClientCalls$GrpcFuture@77ff7f96[status=PENDING, info=[GrpcFuture{clientCall=PendingCall{realCall=ClientCallImpl{method=MethodDescriptor{fullMethodName=Request/request, type=UNARY, idempotent=false, safe=false, sampledToLocalTracing=true, requestMarshaller=com.alibaba.nacos.shaded.io.grpc.protobuf.lite.ProtoLiteUtils$MessageMarshaller@70371835, responseMarshaller=com.alibaba.nacos.shaded.io.grpc.protobuf.lite.ProtoLiteUtils$MessageMarshaller@56ebb1f7, schemaDescriptor=com.alibaba.nacos.api.grpc.auto.RequestGrpc$RequestMethodDescriptorSupplier@48394155}}}}]]
	at com.alibaba.nacos.shaded.com.google.common.util.concurrent.AbstractFuture.get(AbstractFuture.java:508)
	at com.alibaba.nacos.common.remote.client.grpc.GrpcClient.serverCheck(GrpcClient.java:218)
	at com.alibaba.nacos.common.remote.client.grpc.GrpcClient.connectToServer(GrpcClient.java:329)
	at com.alibaba.nacos.common.remote.client.RpcClient.reconnect(RpcClient.java:502)
	at com.alibaba.nacos.common.remote.client.RpcClient.lambda$start$2(RpcClient.java:343)
	at java.base/java.util.concurrent.Executors$RunnableAdapter.call(Executors.java:539)
	at java.base/java.util.concurrent.FutureTask.run(FutureTask.java:264)
	at java.base/java.util.concurrent.ScheduledThreadPoolExecutor$ScheduledFutureTask.run(ScheduledThreadPoolExecutor.java:304)
	at java.base/java.util.concurrent.ThreadPoolExecutor.runWorker(ThreadPoolExecutor.java:1136)
	at java.base/java.util.concurrent.ThreadPoolExecutor$Worker.run(ThreadPoolExecutor.java:635)
	at java.base/java.lang.Thread.run(Thread.java:842)
2025-09-18 15:49:45.701 [com.alibaba.nacos.client.remote.worker] INFO  com.alibaba.nacos.common.remote.client - [fe1624c0-4b4d-40fa-8d44-d03486c612e7] Fail to connect server, after trying 2 times, last try server is {serverIp = '47.236.36.111', server main port = 8848}, error = unknown
2025-09-18 15:49:46.010 [com.alibaba.nacos.client.remote.worker] INFO  c.a.nacos.common.remote.client.grpc.GrpcClient - grpc client connection server:47.236.36.111 ip,serverPort:9848,grpcTslConfig:{"sslProvider":"OPENSSL","enableTls":false,"mutualAuthEnable":false,"trustAll":false}
2025-09-18 15:49:48.266 [com.alibaba.nacos.client.remote.worker] INFO  com.alibaba.nacos.common.remote.client - [4dafcacf-c146-41ec-a52b-2ce218362771_config-0] Server healthy check fail, currentConnection = 1758179532450_120.85.130.202_4793
2025-09-18 15:49:48.267 [com.alibaba.nacos.client.remote.worker] INFO  com.alibaba.nacos.common.remote.client - [4dafcacf-c146-41ec-a52b-2ce218362771_config-0] Try to reconnect to a new server, server is  not appointed, will choose a random server.
2025-09-18 15:49:48.270 [com.alibaba.nacos.client.remote.worker] INFO  c.a.nacos.common.remote.client.grpc.GrpcClient - grpc client connection server:47.236.36.111 ip,serverPort:9848,grpcTslConfig:{"sslProvider":"OPENSSL","enableTls":false,"mutualAuthEnable":false,"trustAll":false}
2025-09-18 15:49:48.523 [com.alibaba.nacos.client.remote.worker] INFO  com.alibaba.nacos.common.remote.client - [4dafcacf-c146-41ec-a52b-2ce218362771_config-0] Success to connect a server [47.236.36.111:8848], connectionId = 1758181788397_112.94.129.56_8544
2025-09-18 15:49:48.523 [com.alibaba.nacos.client.remote.worker] INFO  com.alibaba.nacos.common.remote.client - [4dafcacf-c146-41ec-a52b-2ce218362771_config-0] Abandon prev connection, server is 47.236.36.111:8848, connectionId is 1758179532450_120.85.130.202_4793
2025-09-18 15:49:48.523 [com.alibaba.nacos.client.remote.worker] INFO  com.alibaba.nacos.common.remote.client - Close current connection 1758179532450_120.85.130.202_4793
2025-09-18 15:49:48.526 [com.alibaba.nacos.client.remote.worker] INFO  com.alibaba.nacos.common.remote.client - [4dafcacf-c146-41ec-a52b-2ce218362771_config-0] Try to reconnect to a new server, server is  not appointed, will choose a random server.
2025-09-18 15:49:48.526 [com.alibaba.nacos.client.remote.worker] INFO  c.a.nacos.common.remote.client.grpc.GrpcClient - grpc client connection server:47.236.36.111 ip,serverPort:9848,grpcTslConfig:{"sslProvider":"OPENSSL","enableTls":false,"mutualAuthEnable":false,"trustAll":false}
2025-09-18 15:49:48.528 [com.alibaba.nacos.client.remote.worker] INFO  com.alibaba.nacos.common.remote.client - [4dafcacf-c146-41ec-a52b-2ce218362771_config-0] Notify disconnected event to listeners
2025-09-18 15:49:48.528 [com.alibaba.nacos.client.remote.worker] INFO  com.alibaba.nacos.client.config.impl.ClientWorker - [4dafcacf-c146-41ec-a52b-2ce218362771_config-0] DisConnected,clear listen context...
2025-09-18 15:49:48.529 [com.alibaba.nacos.client.remote.worker] INFO  com.alibaba.nacos.common.remote.client - [4dafcacf-c146-41ec-a52b-2ce218362771_config-0] Notify connected event to listeners.
2025-09-18 15:49:48.529 [com.alibaba.nacos.client.remote.worker] INFO  com.alibaba.nacos.client.config.impl.ClientWorker - [4dafcacf-c146-41ec-a52b-2ce218362771_config-0] Connected,notify listen context...
2025-09-18 15:49:48.781 [com.alibaba.nacos.client.remote.worker] INFO  com.alibaba.nacos.common.remote.client - [4dafcacf-c146-41ec-a52b-2ce218362771_config-0] Success to connect a server [47.236.36.111:8848], connectionId = 1758181788644_112.94.129.56_8549
2025-09-18 15:49:48.781 [com.alibaba.nacos.client.remote.worker] INFO  com.alibaba.nacos.common.remote.client - [4dafcacf-c146-41ec-a52b-2ce218362771_config-0] Abandon prev connection, server is 47.236.36.111:8848, connectionId is 1758181788397_112.94.129.56_8544
2025-09-18 15:49:48.784 [com.alibaba.nacos.client.remote.worker] INFO  com.alibaba.nacos.common.remote.client - Close current connection 1758181788397_112.94.129.56_8544
2025-09-18 15:49:48.785 [com.alibaba.nacos.client.remote.worker] INFO  com.alibaba.nacos.common.remote.client - [4dafcacf-c146-41ec-a52b-2ce218362771_config-0] Notify disconnected event to listeners
2025-09-18 15:49:48.786 [com.alibaba.nacos.client.remote.worker] INFO  com.alibaba.nacos.client.config.impl.ClientWorker - [4dafcacf-c146-41ec-a52b-2ce218362771_config-0] DisConnected,clear listen context...
2025-09-18 15:49:48.786 [nacos-grpc-client-executor-47.236.36.111-478] WARN  c.a.nacos.common.remote.client.grpc.GrpcClient - [1758181788397_112.94.129.56_8544]Ignore error event,isRunning:true,isAbandon=true
2025-09-18 15:49:48.786 [com.alibaba.nacos.client.remote.worker] INFO  com.alibaba.nacos.common.remote.client - [4dafcacf-c146-41ec-a52b-2ce218362771_config-0] Notify connected event to listeners.
2025-09-18 15:49:48.786 [com.alibaba.nacos.client.remote.worker] INFO  com.alibaba.nacos.client.config.impl.ClientWorker - [4dafcacf-c146-41ec-a52b-2ce218362771_config-0] Connected,notify listen context...
2025-09-18 15:49:49.019 [com.alibaba.nacos.client.remote.worker] ERROR c.a.nacos.common.remote.client.grpc.GrpcClient - Server check fail, please check server 47.236.36.111 ,port 9848 is available , error ={}
java.util.concurrent.TimeoutException: Waited 3000 milliseconds (plus 4 milliseconds, 604200 nanoseconds delay) for com.alibaba.nacos.shaded.io.grpc.stub.ClientCalls$GrpcFuture@3d734fe0[status=PENDING, info=[GrpcFuture{clientCall=PendingCall{realCall=ClientCallImpl{method=MethodDescriptor{fullMethodName=Request/request, type=UNARY, idempotent=false, safe=false, sampledToLocalTracing=true, requestMarshaller=com.alibaba.nacos.shaded.io.grpc.protobuf.lite.ProtoLiteUtils$MessageMarshaller@70371835, responseMarshaller=com.alibaba.nacos.shaded.io.grpc.protobuf.lite.ProtoLiteUtils$MessageMarshaller@56ebb1f7, schemaDescriptor=com.alibaba.nacos.api.grpc.auto.RequestGrpc$RequestMethodDescriptorSupplier@48394155}}}}]]
	at com.alibaba.nacos.shaded.com.google.common.util.concurrent.AbstractFuture.get(AbstractFuture.java:508)
	at com.alibaba.nacos.common.remote.client.grpc.GrpcClient.serverCheck(GrpcClient.java:218)
	at com.alibaba.nacos.common.remote.client.grpc.GrpcClient.connectToServer(GrpcClient.java:329)
	at com.alibaba.nacos.common.remote.client.RpcClient.reconnect(RpcClient.java:502)
	at com.alibaba.nacos.common.remote.client.RpcClient.lambda$start$2(RpcClient.java:343)
	at java.base/java.util.concurrent.Executors$RunnableAdapter.call(Executors.java:539)
	at java.base/java.util.concurrent.FutureTask.run(FutureTask.java:264)
	at java.base/java.util.concurrent.ScheduledThreadPoolExecutor$ScheduledFutureTask.run(ScheduledThreadPoolExecutor.java:304)
	at java.base/java.util.concurrent.ThreadPoolExecutor.runWorker(ThreadPoolExecutor.java:1136)
	at java.base/java.util.concurrent.ThreadPoolExecutor$Worker.run(ThreadPoolExecutor.java:635)
	at java.base/java.lang.Thread.run(Thread.java:842)
2025-09-18 15:49:49.021 [com.alibaba.nacos.client.remote.worker] INFO  com.alibaba.nacos.common.remote.client - [fe1624c0-4b4d-40fa-8d44-d03486c612e7] Fail to connect server, after trying 3 times, last try server is {serverIp = '47.236.36.111', server main port = 8848}, error = unknown
2025-09-18 15:49:49.423 [com.alibaba.nacos.client.remote.worker] INFO  c.a.nacos.common.remote.client.grpc.GrpcClient - grpc client connection server:47.236.36.111 ip,serverPort:9848,grpcTslConfig:{"sslProvider":"OPENSSL","enableTls":false,"mutualAuthEnable":false,"trustAll":false}
2025-09-18 15:49:49.692 [com.alibaba.nacos.client.remote.worker] INFO  com.alibaba.nacos.common.remote.client - [fe1624c0-4b4d-40fa-8d44-d03486c612e7] Success to connect a server [47.236.36.111:8848], connectionId = 1758181789549_112.94.129.56_8561
2025-09-18 15:49:49.692 [com.alibaba.nacos.client.remote.worker] INFO  com.alibaba.nacos.common.remote.client - [fe1624c0-4b4d-40fa-8d44-d03486c612e7] Abandon prev connection, server is 47.236.36.111:8848, connectionId is 1758179535936_120.85.130.202_4809
2025-09-18 15:49:49.693 [com.alibaba.nacos.client.remote.worker] INFO  com.alibaba.nacos.common.remote.client - Close current connection 1758179535936_120.85.130.202_4809
2025-09-18 15:49:49.693 [com.alibaba.nacos.client.remote.worker] INFO  com.alibaba.nacos.common.remote.client - [fe1624c0-4b4d-40fa-8d44-d03486c612e7] Notify disconnected event to listeners
2025-09-18 15:49:49.693 [com.alibaba.nacos.client.remote.worker] WARN  com.alibaba.nacos.client.naming - Grpc connection disconnect, mark to redo
2025-09-18 15:49:49.703 [com.alibaba.nacos.client.remote.worker] WARN  com.alibaba.nacos.client.naming - mark to redo completed
2025-09-18 15:49:49.704 [com.alibaba.nacos.client.remote.worker] INFO  com.alibaba.nacos.common.remote.client - [fe1624c0-4b4d-40fa-8d44-d03486c612e7] Notify connected event to listeners.
2025-09-18 15:49:49.704 [com.alibaba.nacos.client.remote.worker] INFO  com.alibaba.nacos.client.naming - Grpc connection connect
2025-09-18 15:49:51.465 [com.alibaba.nacos.client.naming.grpc.redo.0] INFO  com.alibaba.nacos.client.naming - Redo instance operation REGISTER for DEFAULT_GROUP@@xiaohongshu-oss
2025-09-18 15:55:07.023 [Thread-9] WARN  com.alibaba.nacos.common.notify.NotifyCenter - [NotifyCenter] Start destroying Publisher
2025-09-18 15:55:07.023 [Thread-2] WARN  c.alibaba.nacos.common.http.HttpClientBeanHolder - [HttpClientBeanHolder] Start destroying common HttpClient
2025-09-18 15:55:07.024 [Thread-9] WARN  com.alibaba.nacos.common.notify.NotifyCenter - [NotifyCenter] Destruction of the end
2025-09-18 15:55:07.029 [Thread-2] WARN  c.alibaba.nacos.common.http.HttpClientBeanHolder - [HttpClientBeanHolder] Destruction of the end
2025-09-18 15:55:07.202 [SpringApplicationShutdownHook] INFO  c.a.cloud.nacos.registry.NacosServiceRegistry - De-registering from Nacos Server now...
2025-09-18 15:55:07.203 [SpringApplicationShutdownHook] INFO  com.alibaba.nacos.client.naming - [DEREGISTER-SERVICE] xiaohongshu deregistering service xiaohongshu-oss with instance: Instance{instanceId='null', ip='10.91.138.46', port=8083, weight=1.0, healthy=true, enabled=true, ephemeral=true, clusterName='DEFAULT', serviceName='null', metadata={}}
2025-09-18 15:55:07.308 [com.alibaba.nacos.client.naming.grpc.redo.0] INFO  com.alibaba.nacos.client.naming - Redo instance operation UNREGISTER for DEFAULT_GROUP@@xiaohongshu-oss
2025-09-18 15:55:07.381 [SpringApplicationShutdownHook] INFO  c.a.cloud.nacos.registry.NacosServiceRegistry - De-registration finished.
2025-09-18 15:55:07.382 [SpringApplicationShutdownHook] INFO  com.alibaba.nacos.client.naming - com.alibaba.nacos.client.naming.cache.ServiceInfoHolder do shutdown begin
2025-09-18 15:55:07.382 [SpringApplicationShutdownHook] INFO  com.alibaba.nacos.client.naming - com.alibaba.nacos.client.naming.backups.FailoverReactor do shutdown begin
2025-09-18 15:55:07.382 [SpringApplicationShutdownHook] INFO  com.alibaba.nacos.client.naming - com.alibaba.nacos.client.naming.backups.FailoverReactor do shutdown stop
2025-09-18 15:55:07.382 [SpringApplicationShutdownHook] INFO  com.alibaba.nacos.client.naming - com.alibaba.nacos.client.naming.cache.ServiceInfoHolder do shutdown stop
2025-09-18 15:55:07.382 [SpringApplicationShutdownHook] INFO  com.alibaba.nacos.client.naming - com.alibaba.nacos.client.naming.remote.NamingClientProxyDelegate do shutdown begin
2025-09-18 15:55:07.382 [SpringApplicationShutdownHook] INFO  com.alibaba.nacos.client.naming - com.alibaba.nacos.client.naming.core.ServiceInfoUpdateService do shutdown begin
2025-09-18 15:55:07.382 [SpringApplicationShutdownHook] INFO  com.alibaba.nacos.client.naming - com.alibaba.nacos.client.naming.core.ServiceInfoUpdateService do shutdown stop
2025-09-18 15:55:07.382 [SpringApplicationShutdownHook] INFO  com.alibaba.nacos.client.naming - com.alibaba.nacos.client.naming.core.ServerListManager do shutdown begin
2025-09-18 15:55:07.383 [SpringApplicationShutdownHook] WARN  com.alibaba.nacos.client.naming - [NamingHttpClientManager] Start destroying NacosRestTemplate
2025-09-18 15:55:07.383 [SpringApplicationShutdownHook] WARN  com.alibaba.nacos.client.naming - [NamingHttpClientManager] Destruction of the end
2025-09-18 15:55:07.383 [SpringApplicationShutdownHook] INFO  com.alibaba.nacos.client.naming - com.alibaba.nacos.client.naming.core.ServerListManager do shutdown stop
2025-09-18 15:55:07.384 [SpringApplicationShutdownHook] INFO  com.alibaba.nacos.client.naming - com.alibaba.nacos.client.naming.remote.http.NamingHttpClientProxy do shutdown begin
2025-09-18 15:55:07.384 [SpringApplicationShutdownHook] WARN  com.alibaba.nacos.client.naming - [NamingHttpClientManager] Start destroying NacosRestTemplate
2025-09-18 15:55:07.384 [SpringApplicationShutdownHook] WARN  com.alibaba.nacos.client.naming - [NamingHttpClientManager] Destruction of the end
2025-09-18 15:55:07.384 [SpringApplicationShutdownHook] INFO  com.alibaba.nacos.client.naming - com.alibaba.nacos.client.naming.remote.http.NamingHttpClientProxy do shutdown stop
2025-09-18 15:55:07.384 [SpringApplicationShutdownHook] INFO  com.alibaba.nacos.common.remote.client - Shutdown rpc client, set status to shutdown
2025-09-18 15:55:07.384 [SpringApplicationShutdownHook] INFO  com.alibaba.nacos.common.remote.client - Shutdown client event executor java.util.concurrent.ScheduledThreadPoolExecutor@40965f75[Running, pool size = 2, active threads = 2, queued tasks = 0, completed tasks = 0]
2025-09-18 15:55:07.384 [SpringApplicationShutdownHook] INFO  com.alibaba.nacos.common.remote.client - Close current connection 1758181789549_112.94.129.56_8561
2025-09-18 15:55:07.386 [SpringApplicationShutdownHook] INFO  c.a.nacos.common.remote.client.grpc.GrpcClient - Shutdown grpc executor java.util.concurrent.ThreadPoolExecutor@54a4e159[Running, pool size = 5, active threads = 1, queued tasks = 0, completed tasks = 538]
2025-09-18 15:55:07.387 [SpringApplicationShutdownHook] INFO  com.alibaba.nacos.client.naming - Shutdown grpc redo service executor java.util.concurrent.ScheduledThreadPoolExecutor@133e5d6a[Running, pool size = 1, active threads = 0, queued tasks = 1, completed tasks = 855]
2025-09-18 15:55:07.387 [nacos-grpc-client-executor-47.236.36.111-538] WARN  c.a.nacos.common.remote.client.grpc.GrpcClient - [1758181789549_112.94.129.56_8561]Ignore error event,isRunning:false,isAbandon=false
2025-09-18 15:55:07.388 [SpringApplicationShutdownHook] INFO  c.a.n.client.auth.ram.identify.CredentialWatcher - [null] CredentialWatcher is stopped
2025-09-18 15:55:07.388 [SpringApplicationShutdownHook] INFO  c.a.n.client.auth.ram.identify.CredentialService - [null] CredentialService is freed
2025-09-18 15:55:07.388 [SpringApplicationShutdownHook] INFO  com.alibaba.nacos.client.naming - com.alibaba.nacos.client.naming.remote.NamingClientProxyDelegate do shutdown stop
2025-09-18 15:55:11.317 [main] WARN  com.alibaba.nacos.client.logging.NacosLogging - Load Logback Configuration of Nacos fail, message: Could not initialize Logback Nacos logging from classpath:nacos-logback.xml
2025-09-18 15:55:11.380 [main] WARN  com.alibaba.nacos.client.logging.NacosLogging - Load Logback Configuration of Nacos fail, message: Could not initialize Logback Nacos logging from classpath:nacos-logback.xml
2025-09-18 15:55:11.639 [main] WARN  com.alibaba.nacos.client.logging.NacosLogging - Load Logback Configuration of Nacos fail, message: Could not initialize Logback Nacos logging from classpath:nacos-logback.xml
2025-09-18 15:55:11.641 [main] INFO  com.alibaba.nacos.client.utils.ParamUtil - [settings] [req-serv] nacos-server port:8848
2025-09-18 15:55:11.641 [main] INFO  com.alibaba.nacos.client.utils.ParamUtil - [settings] [http-client] connect timeout:1000
2025-09-18 15:55:11.642 [main] INFO  com.alibaba.nacos.client.utils.ParamUtil - PER_TASK_CONFIG_SIZE: 3000.0
2025-09-18 15:55:11.667 [main] INFO  c.a.n.p.auth.spi.client.ClientAuthPluginManager - [ClientAuthPluginManager] Load ClientAuthService com.alibaba.nacos.client.auth.impl.NacosClientAuthServiceImpl success.
2025-09-18 15:55:11.667 [main] INFO  c.a.n.p.auth.spi.client.ClientAuthPluginManager - [ClientAuthPluginManager] Load ClientAuthService com.alibaba.nacos.client.auth.ram.RamClientAuthServiceImpl success.
2025-09-18 15:55:11.669 [main] INFO  c.a.n.client.auth.ram.identify.CredentialWatcher - null No credential found
2025-09-18 15:55:11.988 [main] WARN  com.alibaba.nacos.client.logging.NacosLogging - Load Logback Configuration of Nacos fail, message: Could not initialize Logback Nacos logging from classpath:nacos-logback.xml
2025-09-18 15:55:12.005 [main] INFO  c.a.n.client.config.impl.LocalConfigInfoProcessor - LOCAL_SNAPSHOT_PATH:C:\Users\Rey\nacos\config
2025-09-18 15:55:12.011 [main] INFO  com.alibaba.nacos.common.remote.client - [RpcClientFactory] create a new rpc client of 0f4ac35c-3079-47a5-bdd9-f3f00e272a59_config-0
2025-09-18 15:55:12.030 [main] INFO  com.alibaba.nacos.common.remote.client - [0f4ac35c-3079-47a5-bdd9-f3f00e272a59_config-0] Register server push request handler:com.alibaba.nacos.client.config.impl.ClientWorker$ConfigRpcTransportClient$$Lambda$587/0x0000018a28390658
2025-09-18 15:55:12.030 [main] INFO  com.alibaba.nacos.common.remote.client - [0f4ac35c-3079-47a5-bdd9-f3f00e272a59_config-0] Register server push request handler:com.alibaba.nacos.client.config.impl.ClientWorker$ConfigRpcTransportClient$$Lambda$588/0x0000018a28390a78
2025-09-18 15:55:12.031 [main] INFO  com.alibaba.nacos.common.remote.client - [0f4ac35c-3079-47a5-bdd9-f3f00e272a59_config-0] Registry connection listener to current client:com.alibaba.nacos.client.config.impl.ClientWorker$ConfigRpcTransportClient$1
2025-09-18 15:55:12.031 [main] INFO  com.alibaba.nacos.common.remote.client - [0f4ac35c-3079-47a5-bdd9-f3f00e272a59_config-0] RpcClient init, ServerListFactory = com.alibaba.nacos.client.config.impl.ClientWorker$ConfigRpcTransportClient$2
2025-09-18 15:55:12.039 [main] INFO  com.alibaba.nacos.common.remote.client - [0f4ac35c-3079-47a5-bdd9-f3f00e272a59_config-0] Try to connect to server on start up, server: {serverIp = '47.236.36.111', server main port = 8848}
2025-09-18 15:55:12.077 [main] INFO  c.a.nacos.common.remote.client.grpc.GrpcClient - grpc client connection server:47.236.36.111 ip,serverPort:9848,grpcTslConfig:{"sslProvider":"OPENSSL","enableTls":false,"mutualAuthEnable":false,"trustAll":false}
2025-09-18 15:55:13.294 [main] INFO  com.alibaba.nacos.common.remote.client - [0f4ac35c-3079-47a5-bdd9-f3f00e272a59_config-0] Success to connect to server [47.236.36.111:8848] on start up, connectionId = 1758182113086_112.94.129.56_8961
2025-09-18 15:55:13.295 [com.alibaba.nacos.client.remote.worker] INFO  com.alibaba.nacos.common.remote.client - [0f4ac35c-3079-47a5-bdd9-f3f00e272a59_config-0] Notify connected event to listeners.
2025-09-18 15:55:13.295 [com.alibaba.nacos.client.remote.worker] INFO  com.alibaba.nacos.client.config.impl.ClientWorker - [0f4ac35c-3079-47a5-bdd9-f3f00e272a59_config-0] Connected,notify listen context...
2025-09-18 15:55:13.295 [main] INFO  com.alibaba.nacos.common.remote.client - [0f4ac35c-3079-47a5-bdd9-f3f00e272a59_config-0] Register server push request handler:com.alibaba.nacos.common.remote.client.RpcClient$ConnectResetRequestHandler
2025-09-18 15:55:13.296 [main] INFO  com.alibaba.nacos.common.remote.client - [0f4ac35c-3079-47a5-bdd9-f3f00e272a59_config-0] Register server push request handler:com.alibaba.nacos.common.remote.client.RpcClient$$Lambda$608/0x0000018a284d6188
2025-09-18 15:55:13.350 [main] INFO  com.alibaba.nacos.client.config.impl.Limiter - limitTime:5.0
2025-09-18 15:55:13.411 [main] WARN  c.a.cloud.nacos.client.NacosPropertySourceBuilder - Ignore the empty nacos configuration and get it based on dataId[xiaohongshu-oss] & group[DEFAULT_GROUP]
2025-09-18 15:55:13.460 [main] WARN  c.a.cloud.nacos.client.NacosPropertySourceBuilder - Ignore the empty nacos configuration and get it based on dataId[xiaohongshu-oss.yaml] & group[DEFAULT_GROUP]
2025-09-18 15:55:13.511 [main] INFO  com.alibaba.nacos.client.config.utils.JvmUtil - isMultiInstance:false
2025-09-18 15:55:13.517 [main] INFO  o.s.c.b.c.PropertySourceBootstrapConfiguration - Located property source: [BootstrapPropertySource {name='bootstrapProperties-xiaohongshu-oss-dev.yaml,DEFAULT_GROUP'}, BootstrapPropertySource {name='bootstrapProperties-xiaohongshu-oss.yaml,DEFAULT_GROUP'}, BootstrapPropertySource {name='bootstrapProperties-xiaohongshu-oss,DEFAULT_GROUP'}]
2025-09-18 15:55:13.522 [main] WARN  com.alibaba.nacos.client.logging.NacosLogging - Load Logback Configuration of Nacos fail, message: Could not initialize Logback Nacos logging from classpath:nacos-logback.xml
2025-09-18 15:55:13.523 [main] INFO  c.z.x.oss.biz.XiaohongshuOssBizApplication - The following 1 profile is active: "dev"
2025-09-18 15:55:14.162 [main] INFO  o.springframework.cloud.context.scope.GenericScope - BeanFactory id=622ba073-7c59-33b0-876f-d95fb493eb1a
2025-09-18 15:55:14.636 [main] INFO  o.s.boot.web.embedded.tomcat.TomcatWebServer - Tomcat initialized with port(s): 8083 (http)
2025-09-18 15:55:14.637 [main] INFO  org.apache.catalina.core.AprLifecycleListener - Loaded Apache Tomcat Native library [2.0.3] using APR version [1.7.2].
2025-09-18 15:55:14.650 [main] INFO  org.apache.catalina.core.AprLifecycleListener - OpenSSL successfully initialized [OpenSSL 3.0.8 7 Feb 2023]
2025-09-18 15:55:14.662 [main] INFO  org.apache.catalina.core.StandardService - Starting service [Tomcat]
2025-09-18 15:55:14.662 [main] INFO  org.apache.catalina.core.StandardEngine - Starting Servlet engine: [Apache Tomcat/10.1.5]
2025-09-18 15:55:14.748 [main] INFO  o.a.c.core.ContainerBase.[Tomcat].[localhost].[/] - Initializing Spring embedded WebApplicationContext
2025-09-18 15:55:14.749 [main] INFO  o.s.b.w.s.c.ServletWebServerApplicationContext - Root WebApplicationContext: initialization completed in 1211 ms
2025-09-18 15:55:16.783 [main] INFO  o.s.boot.web.embedded.tomcat.TomcatWebServer - Tomcat started on port(s): 8083 (http) with context path ''
2025-09-18 15:55:16.788 [main] INFO  com.alibaba.nacos.client.naming - initializer namespace from ans.namespace attribute : null
2025-09-18 15:55:16.788 [main] INFO  com.alibaba.nacos.client.naming - initializer namespace from ALIBABA_ALIWARE_NAMESPACE attribute :null
2025-09-18 15:55:16.789 [main] INFO  com.alibaba.nacos.client.naming - initializer namespace from namespace attribute :null
2025-09-18 15:55:16.797 [main] INFO  c.a.n.p.auth.spi.client.ClientAuthPluginManager - [ClientAuthPluginManager] Load ClientAuthService com.alibaba.nacos.client.auth.impl.NacosClientAuthServiceImpl success.
2025-09-18 15:55:16.798 [main] INFO  c.a.n.p.auth.spi.client.ClientAuthPluginManager - [ClientAuthPluginManager] Load ClientAuthService com.alibaba.nacos.client.auth.ram.RamClientAuthServiceImpl success.
2025-09-18 15:55:16.801 [main] INFO  com.alibaba.nacos.common.remote.client - [RpcClientFactory] create a new rpc client of 5ce2f50c-8678-4784-8bc7-b81321cfc30e
2025-09-18 15:55:16.802 [main] INFO  com.alibaba.nacos.common.remote.client - [5ce2f50c-8678-4784-8bc7-b81321cfc30e] RpcClient init, ServerListFactory = com.alibaba.nacos.client.naming.core.ServerListManager
2025-09-18 15:55:16.802 [main] INFO  com.alibaba.nacos.common.remote.client - [5ce2f50c-8678-4784-8bc7-b81321cfc30e] Registry connection listener to current client:com.alibaba.nacos.client.naming.remote.gprc.redo.NamingGrpcRedoService
2025-09-18 15:55:16.803 [main] INFO  com.alibaba.nacos.common.remote.client - [5ce2f50c-8678-4784-8bc7-b81321cfc30e] Register server push request handler:com.alibaba.nacos.client.naming.remote.gprc.NamingPushRequestHandler
2025-09-18 15:55:16.804 [main] INFO  com.alibaba.nacos.common.remote.client - [5ce2f50c-8678-4784-8bc7-b81321cfc30e] Try to connect to server on start up, server: {serverIp = '47.236.36.111', server main port = 8848}
2025-09-18 15:55:16.804 [main] INFO  c.a.nacos.common.remote.client.grpc.GrpcClient - grpc client connection server:47.236.36.111 ip,serverPort:9848,grpcTslConfig:{"sslProvider":"OPENSSL","enableTls":false,"mutualAuthEnable":false,"trustAll":false}
2025-09-18 15:55:17.277 [main] INFO  com.alibaba.nacos.common.remote.client - [5ce2f50c-8678-4784-8bc7-b81321cfc30e] Success to connect to server [47.236.36.111:8848] on start up, connectionId = 1758182117136_112.94.129.56_8963
2025-09-18 15:55:17.277 [main] INFO  com.alibaba.nacos.common.remote.client - [5ce2f50c-8678-4784-8bc7-b81321cfc30e] Register server push request handler:com.alibaba.nacos.common.remote.client.RpcClient$ConnectResetRequestHandler
2025-09-18 15:55:17.277 [main] INFO  com.alibaba.nacos.common.remote.client - [5ce2f50c-8678-4784-8bc7-b81321cfc30e] Register server push request handler:com.alibaba.nacos.common.remote.client.RpcClient$$Lambda$608/0x0000018a284d6188
2025-09-18 15:55:17.277 [com.alibaba.nacos.client.remote.worker] INFO  com.alibaba.nacos.common.remote.client - [5ce2f50c-8678-4784-8bc7-b81321cfc30e] Notify connected event to listeners.
2025-09-18 15:55:17.277 [com.alibaba.nacos.client.remote.worker] INFO  com.alibaba.nacos.client.naming - Grpc connection connect
2025-09-18 15:55:17.279 [main] INFO  com.alibaba.nacos.client.naming - [REGISTER-SERVICE] xiaohongshu registering service xiaohongshu-oss with instance Instance{instanceId='null', ip='10.95.158.9', port=8083, weight=1.0, healthy=true, enabled=true, ephemeral=true, clusterName='DEFAULT', serviceName='null', metadata={IPv6=null, preserved.register.source=SPRING_CLOUD}}
2025-09-18 15:55:17.338 [main] INFO  c.a.cloud.nacos.registry.NacosServiceRegistry - nacos registry, DEFAULT_GROUP xiaohongshu-oss 10.95.158.9:8083 register finished
2025-09-18 15:55:17.572 [main] INFO  c.z.x.oss.biz.XiaohongshuOssBizApplication - Started XiaohongshuOssBizApplication in 7.186 seconds (process running for 8.305)
2025-09-18 15:55:17.576 [main] INFO  com.alibaba.nacos.client.config.impl.CacheData - nacos.cache.data.init.snapshot = true 
2025-09-18 15:55:17.576 [main] INFO  com.alibaba.nacos.client.config.impl.ClientWorker - [fixed-xiaohongshu-47.236.36.111_8848_] [subscribe] xiaohongshu-oss+DEFAULT_GROUP+xiaohongshu
2025-09-18 15:55:17.585 [main] INFO  com.alibaba.nacos.client.config.impl.CacheData - [fixed-xiaohongshu-47.236.36.111_8848_] [add-listener] ok, tenant=xiaohongshu, dataId=xiaohongshu-oss, group=DEFAULT_GROUP, cnt=1
2025-09-18 15:55:17.585 [main] INFO  c.a.cloud.nacos.refresh.NacosContextRefresher - [Nacos Config] Listening config: dataId=xiaohongshu-oss, group=DEFAULT_GROUP
2025-09-18 15:55:17.585 [main] INFO  com.alibaba.nacos.client.config.impl.ClientWorker - [fixed-xiaohongshu-47.236.36.111_8848_] [subscribe] xiaohongshu-oss.yaml+DEFAULT_GROUP+xiaohongshu
2025-09-18 15:55:17.586 [main] INFO  com.alibaba.nacos.client.config.impl.CacheData - [fixed-xiaohongshu-47.236.36.111_8848_] [add-listener] ok, tenant=xiaohongshu, dataId=xiaohongshu-oss.yaml, group=DEFAULT_GROUP, cnt=1
2025-09-18 15:55:17.586 [main] INFO  c.a.cloud.nacos.refresh.NacosContextRefresher - [Nacos Config] Listening config: dataId=xiaohongshu-oss.yaml, group=DEFAULT_GROUP
2025-09-18 15:55:17.587 [main] INFO  com.alibaba.nacos.client.config.impl.ClientWorker - [fixed-xiaohongshu-47.236.36.111_8848_] [subscribe] xiaohongshu-oss-dev.yaml+DEFAULT_GROUP+xiaohongshu
2025-09-18 15:55:17.587 [main] INFO  com.alibaba.nacos.client.config.impl.CacheData - [fixed-xiaohongshu-47.236.36.111_8848_] [add-listener] ok, tenant=xiaohongshu, dataId=xiaohongshu-oss-dev.yaml, group=DEFAULT_GROUP, cnt=1
2025-09-18 15:55:17.587 [main] INFO  c.a.cloud.nacos.refresh.NacosContextRefresher - [Nacos Config] Listening config: dataId=xiaohongshu-oss-dev.yaml, group=DEFAULT_GROUP
2025-09-18 15:55:46.972 [Thread-9] WARN  com.alibaba.nacos.common.notify.NotifyCenter - [NotifyCenter] Start destroying Publisher
2025-09-18 15:55:46.972 [Thread-2] WARN  c.alibaba.nacos.common.http.HttpClientBeanHolder - [HttpClientBeanHolder] Start destroying common HttpClient
2025-09-18 15:55:46.973 [Thread-9] WARN  com.alibaba.nacos.common.notify.NotifyCenter - [NotifyCenter] Destruction of the end
2025-09-18 15:55:46.973 [Thread-2] WARN  c.alibaba.nacos.common.http.HttpClientBeanHolder - [HttpClientBeanHolder] Destruction of the end
2025-09-18 15:55:47.003 [SpringApplicationShutdownHook] INFO  c.a.cloud.nacos.registry.NacosServiceRegistry - De-registering from Nacos Server now...
2025-09-18 15:55:47.004 [SpringApplicationShutdownHook] INFO  com.alibaba.nacos.client.naming - [DEREGISTER-SERVICE] xiaohongshu deregistering service xiaohongshu-oss with instance: Instance{instanceId='null', ip='10.95.158.9', port=8083, weight=1.0, healthy=true, enabled=true, ephemeral=true, clusterName='DEFAULT', serviceName='null', metadata={}}
2025-09-18 15:55:47.060 [SpringApplicationShutdownHook] INFO  c.a.cloud.nacos.registry.NacosServiceRegistry - De-registration finished.
2025-09-18 15:55:47.060 [SpringApplicationShutdownHook] INFO  com.alibaba.nacos.client.naming - com.alibaba.nacos.client.naming.cache.ServiceInfoHolder do shutdown begin
2025-09-18 15:55:47.061 [SpringApplicationShutdownHook] INFO  com.alibaba.nacos.client.naming - com.alibaba.nacos.client.naming.backups.FailoverReactor do shutdown begin
2025-09-18 15:55:47.061 [SpringApplicationShutdownHook] INFO  com.alibaba.nacos.client.naming - com.alibaba.nacos.client.naming.backups.FailoverReactor do shutdown stop
2025-09-18 15:55:47.061 [SpringApplicationShutdownHook] INFO  com.alibaba.nacos.client.naming - com.alibaba.nacos.client.naming.cache.ServiceInfoHolder do shutdown stop
2025-09-18 15:55:47.061 [SpringApplicationShutdownHook] INFO  com.alibaba.nacos.client.naming - com.alibaba.nacos.client.naming.remote.NamingClientProxyDelegate do shutdown begin
2025-09-18 15:55:47.061 [SpringApplicationShutdownHook] INFO  com.alibaba.nacos.client.naming - com.alibaba.nacos.client.naming.core.ServiceInfoUpdateService do shutdown begin
2025-09-18 15:55:47.061 [SpringApplicationShutdownHook] INFO  com.alibaba.nacos.client.naming - com.alibaba.nacos.client.naming.core.ServiceInfoUpdateService do shutdown stop
2025-09-18 15:55:47.061 [SpringApplicationShutdownHook] INFO  com.alibaba.nacos.client.naming - com.alibaba.nacos.client.naming.core.ServerListManager do shutdown begin
2025-09-18 15:55:47.061 [SpringApplicationShutdownHook] WARN  com.alibaba.nacos.client.naming - [NamingHttpClientManager] Start destroying NacosRestTemplate
2025-09-18 15:55:47.061 [SpringApplicationShutdownHook] WARN  com.alibaba.nacos.client.naming - [NamingHttpClientManager] Destruction of the end
2025-09-18 15:55:47.061 [SpringApplicationShutdownHook] INFO  com.alibaba.nacos.client.naming - com.alibaba.nacos.client.naming.core.ServerListManager do shutdown stop
2025-09-18 15:55:47.061 [SpringApplicationShutdownHook] INFO  com.alibaba.nacos.client.naming - com.alibaba.nacos.client.naming.remote.http.NamingHttpClientProxy do shutdown begin
2025-09-18 15:55:47.061 [SpringApplicationShutdownHook] WARN  com.alibaba.nacos.client.naming - [NamingHttpClientManager] Start destroying NacosRestTemplate
2025-09-18 15:55:47.061 [SpringApplicationShutdownHook] WARN  com.alibaba.nacos.client.naming - [NamingHttpClientManager] Destruction of the end
2025-09-18 15:55:47.061 [SpringApplicationShutdownHook] INFO  com.alibaba.nacos.client.naming - com.alibaba.nacos.client.naming.remote.http.NamingHttpClientProxy do shutdown stop
2025-09-18 15:55:47.061 [SpringApplicationShutdownHook] INFO  com.alibaba.nacos.common.remote.client - Shutdown rpc client, set status to shutdown
2025-09-18 15:55:47.061 [SpringApplicationShutdownHook] INFO  com.alibaba.nacos.common.remote.client - Shutdown client event executor java.util.concurrent.ScheduledThreadPoolExecutor@72ffb4fb[Running, pool size = 2, active threads = 2, queued tasks = 0, completed tasks = 0]
2025-09-18 15:55:47.061 [SpringApplicationShutdownHook] INFO  com.alibaba.nacos.common.remote.client - Close current connection 1758182117136_112.94.129.56_8963
2025-09-18 15:55:47.065 [nacos-grpc-client-executor-47.236.36.111-14] WARN  c.a.nacos.common.remote.client.grpc.GrpcClient - [1758182117136_112.94.129.56_8963]Ignore error event,isRunning:false,isAbandon=false
2025-09-18 15:55:47.066 [SpringApplicationShutdownHook] INFO  c.a.nacos.common.remote.client.grpc.GrpcClient - Shutdown grpc executor java.util.concurrent.ThreadPoolExecutor@35f9e4ed[Running, pool size = 4, active threads = 0, queued tasks = 0, completed tasks = 15]
2025-09-18 15:55:47.066 [SpringApplicationShutdownHook] INFO  com.alibaba.nacos.client.naming - Shutdown grpc redo service executor java.util.concurrent.ScheduledThreadPoolExecutor@3e78b80f[Running, pool size = 1, active threads = 0, queued tasks = 1, completed tasks = 10]
2025-09-18 15:55:47.066 [SpringApplicationShutdownHook] INFO  c.a.n.client.auth.ram.identify.CredentialWatcher - [null] CredentialWatcher is stopped
2025-09-18 15:55:47.066 [SpringApplicationShutdownHook] INFO  c.a.n.client.auth.ram.identify.CredentialService - [null] CredentialService is freed
2025-09-18 15:55:47.067 [SpringApplicationShutdownHook] INFO  com.alibaba.nacos.client.naming - com.alibaba.nacos.client.naming.remote.NamingClientProxyDelegate do shutdown stop
2025-09-18 15:56:08.445 [main] WARN  com.alibaba.nacos.client.logging.NacosLogging - Load Logback Configuration of Nacos fail, message: Could not initialize Logback Nacos logging from classpath:nacos-logback.xml
2025-09-18 15:56:08.498 [main] WARN  com.alibaba.nacos.client.logging.NacosLogging - Load Logback Configuration of Nacos fail, message: Could not initialize Logback Nacos logging from classpath:nacos-logback.xml
2025-09-18 15:56:08.715 [main] WARN  com.alibaba.nacos.client.logging.NacosLogging - Load Logback Configuration of Nacos fail, message: Could not initialize Logback Nacos logging from classpath:nacos-logback.xml
2025-09-18 15:56:08.717 [main] INFO  com.alibaba.nacos.client.utils.ParamUtil - [settings] [req-serv] nacos-server port:8848
2025-09-18 15:56:08.718 [main] INFO  com.alibaba.nacos.client.utils.ParamUtil - [settings] [http-client] connect timeout:1000
2025-09-18 15:56:08.718 [main] INFO  com.alibaba.nacos.client.utils.ParamUtil - PER_TASK_CONFIG_SIZE: 3000.0
2025-09-18 15:56:08.750 [main] INFO  c.a.n.p.auth.spi.client.ClientAuthPluginManager - [ClientAuthPluginManager] Load ClientAuthService com.alibaba.nacos.client.auth.impl.NacosClientAuthServiceImpl success.
2025-09-18 15:56:08.750 [main] INFO  c.a.n.p.auth.spi.client.ClientAuthPluginManager - [ClientAuthPluginManager] Load ClientAuthService com.alibaba.nacos.client.auth.ram.RamClientAuthServiceImpl success.
2025-09-18 15:56:08.753 [main] INFO  c.a.n.client.auth.ram.identify.CredentialWatcher - null No credential found
2025-09-18 15:56:09.149 [main] WARN  com.alibaba.nacos.client.logging.NacosLogging - Load Logback Configuration of Nacos fail, message: Could not initialize Logback Nacos logging from classpath:nacos-logback.xml
2025-09-18 15:56:09.164 [main] INFO  c.a.n.client.config.impl.LocalConfigInfoProcessor - LOCAL_SNAPSHOT_PATH:C:\Users\Rey\nacos\config
2025-09-18 15:56:09.178 [main] INFO  com.alibaba.nacos.common.remote.client - [RpcClientFactory] create a new rpc client of 7dd54c7e-2720-4e27-b9ed-dd226d9501b1_config-0
2025-09-18 15:56:09.202 [main] INFO  com.alibaba.nacos.common.remote.client - [7dd54c7e-2720-4e27-b9ed-dd226d9501b1_config-0] Register server push request handler:com.alibaba.nacos.client.config.impl.ClientWorker$ConfigRpcTransportClient$$Lambda$587/0x0000028b0138f1b0
2025-09-18 15:56:09.203 [main] INFO  com.alibaba.nacos.common.remote.client - [7dd54c7e-2720-4e27-b9ed-dd226d9501b1_config-0] Register server push request handler:com.alibaba.nacos.client.config.impl.ClientWorker$ConfigRpcTransportClient$$Lambda$588/0x0000028b0138f5d0
2025-09-18 15:56:09.203 [main] INFO  com.alibaba.nacos.common.remote.client - [7dd54c7e-2720-4e27-b9ed-dd226d9501b1_config-0] Registry connection listener to current client:com.alibaba.nacos.client.config.impl.ClientWorker$ConfigRpcTransportClient$1
2025-09-18 15:56:09.203 [main] INFO  com.alibaba.nacos.common.remote.client - [7dd54c7e-2720-4e27-b9ed-dd226d9501b1_config-0] RpcClient init, ServerListFactory = com.alibaba.nacos.client.config.impl.ClientWorker$ConfigRpcTransportClient$2
2025-09-18 15:56:09.212 [main] INFO  com.alibaba.nacos.common.remote.client - [7dd54c7e-2720-4e27-b9ed-dd226d9501b1_config-0] Try to connect to server on start up, server: {serverIp = '47.236.36.111', server main port = 8848}
2025-09-18 15:56:09.254 [main] INFO  c.a.nacos.common.remote.client.grpc.GrpcClient - grpc client connection server:47.236.36.111 ip,serverPort:9848,grpcTslConfig:{"sslProvider":"OPENSSL","enableTls":false,"mutualAuthEnable":false,"trustAll":false}
2025-09-18 15:56:10.427 [main] INFO  com.alibaba.nacos.common.remote.client - [7dd54c7e-2720-4e27-b9ed-dd226d9501b1_config-0] Success to connect to server [47.236.36.111:8848] on start up, connectionId = 1758182170201_112.94.129.56_8983
2025-09-18 15:56:10.428 [com.alibaba.nacos.client.remote.worker] INFO  com.alibaba.nacos.common.remote.client - [7dd54c7e-2720-4e27-b9ed-dd226d9501b1_config-0] Notify connected event to listeners.
2025-09-18 15:56:10.428 [com.alibaba.nacos.client.remote.worker] INFO  com.alibaba.nacos.client.config.impl.ClientWorker - [7dd54c7e-2720-4e27-b9ed-dd226d9501b1_config-0] Connected,notify listen context...
2025-09-18 15:56:10.428 [main] INFO  com.alibaba.nacos.common.remote.client - [7dd54c7e-2720-4e27-b9ed-dd226d9501b1_config-0] Register server push request handler:com.alibaba.nacos.common.remote.client.RpcClient$ConnectResetRequestHandler
2025-09-18 15:56:10.429 [main] INFO  com.alibaba.nacos.common.remote.client - [7dd54c7e-2720-4e27-b9ed-dd226d9501b1_config-0] Register server push request handler:com.alibaba.nacos.common.remote.client.RpcClient$$Lambda$608/0x0000028b014d6a28
2025-09-18 15:56:10.476 [main] INFO  com.alibaba.nacos.client.config.impl.Limiter - limitTime:5.0
2025-09-18 15:56:10.771 [main] WARN  c.a.cloud.nacos.client.NacosPropertySourceBuilder - Ignore the empty nacos configuration and get it based on dataId[xiaohongshu-oss] & group[DEFAULT_GROUP]
2025-09-18 15:56:10.833 [main] WARN  c.a.cloud.nacos.client.NacosPropertySourceBuilder - Ignore the empty nacos configuration and get it based on dataId[xiaohongshu-oss.yaml] & group[DEFAULT_GROUP]
2025-09-18 15:56:10.896 [main] INFO  com.alibaba.nacos.client.config.utils.JvmUtil - isMultiInstance:false
2025-09-18 15:56:10.901 [main] INFO  o.s.c.b.c.PropertySourceBootstrapConfiguration - Located property source: [BootstrapPropertySource {name='bootstrapProperties-xiaohongshu-oss-dev.yaml,DEFAULT_GROUP'}, BootstrapPropertySource {name='bootstrapProperties-xiaohongshu-oss.yaml,DEFAULT_GROUP'}, BootstrapPropertySource {name='bootstrapProperties-xiaohongshu-oss,DEFAULT_GROUP'}]
2025-09-18 15:56:10.906 [main] WARN  com.alibaba.nacos.client.logging.NacosLogging - Load Logback Configuration of Nacos fail, message: Could not initialize Logback Nacos logging from classpath:nacos-logback.xml
2025-09-18 15:56:10.908 [main] INFO  c.z.x.oss.biz.XiaohongshuOssBizApplication - The following 1 profile is active: "dev"
2025-09-18 15:56:11.477 [main] INFO  o.springframework.cloud.context.scope.GenericScope - BeanFactory id=622ba073-7c59-33b0-876f-d95fb493eb1a
2025-09-18 15:56:11.876 [main] INFO  o.s.boot.web.embedded.tomcat.TomcatWebServer - Tomcat initialized with port(s): 8083 (http)
2025-09-18 15:56:11.877 [main] INFO  org.apache.catalina.core.AprLifecycleListener - Loaded Apache Tomcat Native library [2.0.3] using APR version [1.7.2].
2025-09-18 15:56:11.882 [main] INFO  org.apache.catalina.core.AprLifecycleListener - OpenSSL successfully initialized [OpenSSL 3.0.8 7 Feb 2023]
2025-09-18 15:56:11.893 [main] INFO  org.apache.catalina.core.StandardService - Starting service [Tomcat]
2025-09-18 15:56:11.894 [main] INFO  org.apache.catalina.core.StandardEngine - Starting Servlet engine: [Apache Tomcat/10.1.5]
2025-09-18 15:56:11.980 [main] INFO  o.a.c.core.ContainerBase.[Tomcat].[localhost].[/] - Initializing Spring embedded WebApplicationContext
2025-09-18 15:56:11.980 [main] INFO  o.s.b.w.s.c.ServletWebServerApplicationContext - Root WebApplicationContext: initialization completed in 1062 ms
2025-09-18 15:56:14.252 [main] INFO  o.s.boot.web.embedded.tomcat.TomcatWebServer - Tomcat started on port(s): 8083 (http) with context path ''
2025-09-18 15:56:14.257 [main] INFO  com.alibaba.nacos.client.naming - initializer namespace from ans.namespace attribute : null
2025-09-18 15:56:14.257 [main] INFO  com.alibaba.nacos.client.naming - initializer namespace from ALIBABA_ALIWARE_NAMESPACE attribute :null
2025-09-18 15:56:14.258 [main] INFO  com.alibaba.nacos.client.naming - initializer namespace from namespace attribute :null
2025-09-18 15:56:14.267 [main] INFO  c.a.n.p.auth.spi.client.ClientAuthPluginManager - [ClientAuthPluginManager] Load ClientAuthService com.alibaba.nacos.client.auth.impl.NacosClientAuthServiceImpl success.
2025-09-18 15:56:14.268 [main] INFO  c.a.n.p.auth.spi.client.ClientAuthPluginManager - [ClientAuthPluginManager] Load ClientAuthService com.alibaba.nacos.client.auth.ram.RamClientAuthServiceImpl success.
2025-09-18 15:56:14.272 [main] INFO  com.alibaba.nacos.common.remote.client - [RpcClientFactory] create a new rpc client of e5087f61-4897-478e-8b30-cf189ce1906c
2025-09-18 15:56:14.274 [main] INFO  com.alibaba.nacos.common.remote.client - [e5087f61-4897-478e-8b30-cf189ce1906c] RpcClient init, ServerListFactory = com.alibaba.nacos.client.naming.core.ServerListManager
2025-09-18 15:56:14.274 [main] INFO  com.alibaba.nacos.common.remote.client - [e5087f61-4897-478e-8b30-cf189ce1906c] Registry connection listener to current client:com.alibaba.nacos.client.naming.remote.gprc.redo.NamingGrpcRedoService
2025-09-18 15:56:14.274 [main] INFO  com.alibaba.nacos.common.remote.client - [e5087f61-4897-478e-8b30-cf189ce1906c] Register server push request handler:com.alibaba.nacos.client.naming.remote.gprc.NamingPushRequestHandler
2025-09-18 15:56:14.275 [main] INFO  com.alibaba.nacos.common.remote.client - [e5087f61-4897-478e-8b30-cf189ce1906c] Try to connect to server on start up, server: {serverIp = '47.236.36.111', server main port = 8848}
2025-09-18 15:56:14.275 [main] INFO  c.a.nacos.common.remote.client.grpc.GrpcClient - grpc client connection server:47.236.36.111 ip,serverPort:9848,grpcTslConfig:{"sslProvider":"OPENSSL","enableTls":false,"mutualAuthEnable":false,"trustAll":false}
2025-09-18 15:56:14.524 [main] INFO  com.alibaba.nacos.common.remote.client - [e5087f61-4897-478e-8b30-cf189ce1906c] Success to connect to server [47.236.36.111:8848] on start up, connectionId = 1758182174392_112.94.129.56_8986
2025-09-18 15:56:14.524 [com.alibaba.nacos.client.remote.worker] INFO  com.alibaba.nacos.common.remote.client - [e5087f61-4897-478e-8b30-cf189ce1906c] Notify connected event to listeners.
2025-09-18 15:56:14.524 [main] INFO  com.alibaba.nacos.common.remote.client - [e5087f61-4897-478e-8b30-cf189ce1906c] Register server push request handler:com.alibaba.nacos.common.remote.client.RpcClient$ConnectResetRequestHandler
2025-09-18 15:56:14.525 [com.alibaba.nacos.client.remote.worker] INFO  com.alibaba.nacos.client.naming - Grpc connection connect
2025-09-18 15:56:14.525 [main] INFO  com.alibaba.nacos.common.remote.client - [e5087f61-4897-478e-8b30-cf189ce1906c] Register server push request handler:com.alibaba.nacos.common.remote.client.RpcClient$$Lambda$608/0x0000028b014d6a28
2025-09-18 15:56:14.526 [main] INFO  com.alibaba.nacos.client.naming - [REGISTER-SERVICE] xiaohongshu registering service xiaohongshu-oss with instance Instance{instanceId='null', ip='10.95.158.9', port=8083, weight=1.0, healthy=true, enabled=true, ephemeral=true, clusterName='DEFAULT', serviceName='null', metadata={IPv6=null, preserved.register.source=SPRING_CLOUD}}
2025-09-18 15:56:14.585 [main] INFO  c.a.cloud.nacos.registry.NacosServiceRegistry - nacos registry, DEFAULT_GROUP xiaohongshu-oss 10.95.158.9:8083 register finished
2025-09-18 15:56:14.869 [main] INFO  c.z.x.oss.biz.XiaohongshuOssBizApplication - Started XiaohongshuOssBizApplication in 7.309 seconds (process running for 8.044)
2025-09-18 15:56:14.872 [main] INFO  com.alibaba.nacos.client.config.impl.CacheData - nacos.cache.data.init.snapshot = true 
2025-09-18 15:56:14.873 [main] INFO  com.alibaba.nacos.client.config.impl.ClientWorker - [fixed-xiaohongshu-47.236.36.111_8848_] [subscribe] xiaohongshu-oss+DEFAULT_GROUP+xiaohongshu
2025-09-18 15:56:14.880 [main] INFO  com.alibaba.nacos.client.config.impl.CacheData - [fixed-xiaohongshu-47.236.36.111_8848_] [add-listener] ok, tenant=xiaohongshu, dataId=xiaohongshu-oss, group=DEFAULT_GROUP, cnt=1
2025-09-18 15:56:14.881 [main] INFO  c.a.cloud.nacos.refresh.NacosContextRefresher - [Nacos Config] Listening config: dataId=xiaohongshu-oss, group=DEFAULT_GROUP
2025-09-18 15:56:14.881 [main] INFO  com.alibaba.nacos.client.config.impl.ClientWorker - [fixed-xiaohongshu-47.236.36.111_8848_] [subscribe] xiaohongshu-oss.yaml+DEFAULT_GROUP+xiaohongshu
2025-09-18 15:56:14.881 [main] INFO  com.alibaba.nacos.client.config.impl.CacheData - [fixed-xiaohongshu-47.236.36.111_8848_] [add-listener] ok, tenant=xiaohongshu, dataId=xiaohongshu-oss.yaml, group=DEFAULT_GROUP, cnt=1
2025-09-18 15:56:14.881 [main] INFO  c.a.cloud.nacos.refresh.NacosContextRefresher - [Nacos Config] Listening config: dataId=xiaohongshu-oss.yaml, group=DEFAULT_GROUP
2025-09-18 15:56:14.882 [main] INFO  com.alibaba.nacos.client.config.impl.ClientWorker - [fixed-xiaohongshu-47.236.36.111_8848_] [subscribe] xiaohongshu-oss-dev.yaml+DEFAULT_GROUP+xiaohongshu
2025-09-18 15:56:14.883 [main] INFO  com.alibaba.nacos.client.config.impl.CacheData - [fixed-xiaohongshu-47.236.36.111_8848_] [add-listener] ok, tenant=xiaohongshu, dataId=xiaohongshu-oss-dev.yaml, group=DEFAULT_GROUP, cnt=1
2025-09-18 15:56:14.883 [main] INFO  c.a.cloud.nacos.refresh.NacosContextRefresher - [Nacos Config] Listening config: dataId=xiaohongshu-oss-dev.yaml, group=DEFAULT_GROUP
2025-09-18 15:59:29.444 [http-nio-8083-exec-1] INFO  o.a.c.core.ContainerBase.[Tomcat].[localhost].[/] - Initializing Spring DispatcherServlet 'dispatcherServlet'
2025-09-18 15:59:29.444 [http-nio-8083-exec-1] INFO  org.springframework.web.servlet.DispatcherServlet - Initializing Servlet 'dispatcherServlet'
2025-09-18 15:59:29.449 [http-nio-8083-exec-1] INFO  org.springframework.web.servlet.DispatcherServlet - Completed initialization in 5 ms
2025-09-18 15:59:29.462 [http-nio-8083-exec-1] INFO  c.z.f.b.context.filter.HeaderUserId2ContextFilter - ## HeaderUserId2ContextFilter, 用户 ID: 100
2025-09-18 15:59:29.529 [http-nio-8083-exec-1] INFO  c.z.xiaohongshu.oss.biz.controller.FileController - ==> 用户： 100
2025-09-18 15:59:29.529 [http-nio-8083-exec-1] INFO  c.z.x.oss.biz.strategy.impl.AliyunOSSFileStrategy - ## 上传文件至阿里云 OSS ...
2025-09-18 15:59:29.538 [http-nio-8083-exec-1] INFO  c.z.x.oss.biz.strategy.impl.AliyunOSSFileStrategy - ==> 开始上传文件至阿里云 OSS, ObjectName: 40b0657f8da5496992a906b06036a645.gif
2025-09-18 15:59:30.071 [http-nio-8083-exec-1] INFO  c.z.x.oss.biz.strategy.impl.AliyunOSSFileStrategy - ==> 上传文件至阿里云 OSS 成功，访问路径: https://my-xiaohongshu-oss.https://oss-cn-guangzhou.aliyuncs.com/40b0657f8da5496992a906b06036a645.gif
2025-09-18 15:59:30.101 [http-nio-8083-exec-1] INFO  c.z.f.b.context.filter.HeaderUserId2ContextFilter - ===== 删除 ThreadLocal， userId: 100
2025-09-18 16:02:04.515 [Thread-2] WARN  c.alibaba.nacos.common.http.HttpClientBeanHolder - [HttpClientBeanHolder] Start destroying common HttpClient
2025-09-18 16:02:04.516 [Thread-9] WARN  com.alibaba.nacos.common.notify.NotifyCenter - [NotifyCenter] Start destroying Publisher
2025-09-18 16:02:04.517 [Thread-9] WARN  com.alibaba.nacos.common.notify.NotifyCenter - [NotifyCenter] Destruction of the end
2025-09-18 16:02:04.518 [Thread-2] WARN  c.alibaba.nacos.common.http.HttpClientBeanHolder - [HttpClientBeanHolder] Destruction of the end
2025-09-18 16:02:04.557 [SpringApplicationShutdownHook] INFO  c.a.cloud.nacos.registry.NacosServiceRegistry - De-registering from Nacos Server now...
2025-09-18 16:02:04.557 [SpringApplicationShutdownHook] INFO  com.alibaba.nacos.client.naming - [DEREGISTER-SERVICE] xiaohongshu deregistering service xiaohongshu-oss with instance: Instance{instanceId='null', ip='10.95.158.9', port=8083, weight=1.0, healthy=true, enabled=true, ephemeral=true, clusterName='DEFAULT', serviceName='null', metadata={}}
2025-09-18 16:02:04.608 [SpringApplicationShutdownHook] INFO  c.a.cloud.nacos.registry.NacosServiceRegistry - De-registration finished.
2025-09-18 16:02:04.608 [SpringApplicationShutdownHook] INFO  com.alibaba.nacos.client.naming - com.alibaba.nacos.client.naming.cache.ServiceInfoHolder do shutdown begin
2025-09-18 16:02:04.608 [SpringApplicationShutdownHook] INFO  com.alibaba.nacos.client.naming - com.alibaba.nacos.client.naming.backups.FailoverReactor do shutdown begin
2025-09-18 16:02:04.609 [SpringApplicationShutdownHook] INFO  com.alibaba.nacos.client.naming - com.alibaba.nacos.client.naming.backups.FailoverReactor do shutdown stop
2025-09-18 16:02:04.609 [SpringApplicationShutdownHook] INFO  com.alibaba.nacos.client.naming - com.alibaba.nacos.client.naming.cache.ServiceInfoHolder do shutdown stop
2025-09-18 16:02:04.609 [SpringApplicationShutdownHook] INFO  com.alibaba.nacos.client.naming - com.alibaba.nacos.client.naming.remote.NamingClientProxyDelegate do shutdown begin
2025-09-18 16:02:04.609 [SpringApplicationShutdownHook] INFO  com.alibaba.nacos.client.naming - com.alibaba.nacos.client.naming.core.ServiceInfoUpdateService do shutdown begin
2025-09-18 16:02:04.609 [SpringApplicationShutdownHook] INFO  com.alibaba.nacos.client.naming - com.alibaba.nacos.client.naming.core.ServiceInfoUpdateService do shutdown stop
2025-09-18 16:02:04.609 [SpringApplicationShutdownHook] INFO  com.alibaba.nacos.client.naming - com.alibaba.nacos.client.naming.core.ServerListManager do shutdown begin
2025-09-18 16:02:04.609 [SpringApplicationShutdownHook] WARN  com.alibaba.nacos.client.naming - [NamingHttpClientManager] Start destroying NacosRestTemplate
2025-09-18 16:02:04.609 [SpringApplicationShutdownHook] WARN  com.alibaba.nacos.client.naming - [NamingHttpClientManager] Destruction of the end
2025-09-18 16:02:04.609 [SpringApplicationShutdownHook] INFO  com.alibaba.nacos.client.naming - com.alibaba.nacos.client.naming.core.ServerListManager do shutdown stop
2025-09-18 16:02:04.609 [SpringApplicationShutdownHook] INFO  com.alibaba.nacos.client.naming - com.alibaba.nacos.client.naming.remote.http.NamingHttpClientProxy do shutdown begin
2025-09-18 16:02:04.609 [SpringApplicationShutdownHook] WARN  com.alibaba.nacos.client.naming - [NamingHttpClientManager] Start destroying NacosRestTemplate
2025-09-18 16:02:04.609 [SpringApplicationShutdownHook] WARN  com.alibaba.nacos.client.naming - [NamingHttpClientManager] Destruction of the end
2025-09-18 16:02:04.609 [SpringApplicationShutdownHook] INFO  com.alibaba.nacos.client.naming - com.alibaba.nacos.client.naming.remote.http.NamingHttpClientProxy do shutdown stop
2025-09-18 16:02:04.609 [SpringApplicationShutdownHook] INFO  com.alibaba.nacos.common.remote.client - Shutdown rpc client, set status to shutdown
2025-09-18 16:02:04.609 [SpringApplicationShutdownHook] INFO  com.alibaba.nacos.common.remote.client - Shutdown client event executor java.util.concurrent.ScheduledThreadPoolExecutor@4d514468[Running, pool size = 2, active threads = 2, queued tasks = 0, completed tasks = 0]
2025-09-18 16:02:04.610 [SpringApplicationShutdownHook] INFO  com.alibaba.nacos.common.remote.client - Close current connection 1758182174392_112.94.129.56_8986
2025-09-18 16:02:04.617 [nacos-grpc-client-executor-47.236.36.111-83] WARN  c.a.nacos.common.remote.client.grpc.GrpcClient - [1758182174392_112.94.129.56_8986]Ignore error event,isRunning:false,isAbandon=false
2025-09-18 16:02:04.620 [SpringApplicationShutdownHook] INFO  c.a.nacos.common.remote.client.grpc.GrpcClient - Shutdown grpc executor java.util.concurrent.ThreadPoolExecutor@104e77e3[Running, pool size = 4, active threads = 0, queued tasks = 0, completed tasks = 84]
2025-09-18 16:02:04.620 [SpringApplicationShutdownHook] INFO  com.alibaba.nacos.client.naming - Shutdown grpc redo service executor java.util.concurrent.ScheduledThreadPoolExecutor@f2acc01[Running, pool size = 1, active threads = 0, queued tasks = 1, completed tasks = 116]
2025-09-18 16:02:04.620 [SpringApplicationShutdownHook] INFO  c.a.n.client.auth.ram.identify.CredentialWatcher - [null] CredentialWatcher is stopped
2025-09-18 16:02:04.620 [SpringApplicationShutdownHook] INFO  c.a.n.client.auth.ram.identify.CredentialService - [null] CredentialService is freed
2025-09-18 16:02:04.620 [SpringApplicationShutdownHook] INFO  com.alibaba.nacos.client.naming - com.alibaba.nacos.client.naming.remote.NamingClientProxyDelegate do shutdown stop
2025-09-18 16:02:07.812 [main] WARN  com.alibaba.nacos.client.logging.NacosLogging - Load Logback Configuration of Nacos fail, message: Could not initialize Logback Nacos logging from classpath:nacos-logback.xml
2025-09-18 16:02:07.868 [main] WARN  com.alibaba.nacos.client.logging.NacosLogging - Load Logback Configuration of Nacos fail, message: Could not initialize Logback Nacos logging from classpath:nacos-logback.xml
2025-09-18 16:02:08.081 [main] WARN  com.alibaba.nacos.client.logging.NacosLogging - Load Logback Configuration of Nacos fail, message: Could not initialize Logback Nacos logging from classpath:nacos-logback.xml
2025-09-18 16:02:08.084 [main] INFO  com.alibaba.nacos.client.utils.ParamUtil - [settings] [req-serv] nacos-server port:8848
2025-09-18 16:02:08.084 [main] INFO  com.alibaba.nacos.client.utils.ParamUtil - [settings] [http-client] connect timeout:1000
2025-09-18 16:02:08.084 [main] INFO  com.alibaba.nacos.client.utils.ParamUtil - PER_TASK_CONFIG_SIZE: 3000.0
2025-09-18 16:02:08.111 [main] INFO  c.a.n.p.auth.spi.client.ClientAuthPluginManager - [ClientAuthPluginManager] Load ClientAuthService com.alibaba.nacos.client.auth.impl.NacosClientAuthServiceImpl success.
2025-09-18 16:02:08.111 [main] INFO  c.a.n.p.auth.spi.client.ClientAuthPluginManager - [ClientAuthPluginManager] Load ClientAuthService com.alibaba.nacos.client.auth.ram.RamClientAuthServiceImpl success.
2025-09-18 16:02:08.114 [main] INFO  c.a.n.client.auth.ram.identify.CredentialWatcher - null No credential found
2025-09-18 16:02:08.510 [main] WARN  com.alibaba.nacos.client.logging.NacosLogging - Load Logback Configuration of Nacos fail, message: Could not initialize Logback Nacos logging from classpath:nacos-logback.xml
2025-09-18 16:02:08.527 [main] INFO  c.a.n.client.config.impl.LocalConfigInfoProcessor - LOCAL_SNAPSHOT_PATH:C:\Users\Rey\nacos\config
2025-09-18 16:02:08.534 [main] INFO  com.alibaba.nacos.common.remote.client - [RpcClientFactory] create a new rpc client of c5868158-adda-42f5-8fbb-be6ed852af96_config-0
2025-09-18 16:02:08.554 [main] INFO  com.alibaba.nacos.common.remote.client - [c5868158-adda-42f5-8fbb-be6ed852af96_config-0] Register server push request handler:com.alibaba.nacos.client.config.impl.ClientWorker$ConfigRpcTransportClient$$Lambda$587/0x000001e00138eda8
2025-09-18 16:02:08.554 [main] INFO  com.alibaba.nacos.common.remote.client - [c5868158-adda-42f5-8fbb-be6ed852af96_config-0] Register server push request handler:com.alibaba.nacos.client.config.impl.ClientWorker$ConfigRpcTransportClient$$Lambda$588/0x000001e00138f1c8
2025-09-18 16:02:08.555 [main] INFO  com.alibaba.nacos.common.remote.client - [c5868158-adda-42f5-8fbb-be6ed852af96_config-0] Registry connection listener to current client:com.alibaba.nacos.client.config.impl.ClientWorker$ConfigRpcTransportClient$1
2025-09-18 16:02:08.555 [main] INFO  com.alibaba.nacos.common.remote.client - [c5868158-adda-42f5-8fbb-be6ed852af96_config-0] RpcClient init, ServerListFactory = com.alibaba.nacos.client.config.impl.ClientWorker$ConfigRpcTransportClient$2
2025-09-18 16:02:08.562 [main] INFO  com.alibaba.nacos.common.remote.client - [c5868158-adda-42f5-8fbb-be6ed852af96_config-0] Try to connect to server on start up, server: {serverIp = '47.236.36.111', server main port = 8848}
2025-09-18 16:02:08.600 [main] INFO  c.a.nacos.common.remote.client.grpc.GrpcClient - grpc client connection server:47.236.36.111 ip,serverPort:9848,grpcTslConfig:{"sslProvider":"OPENSSL","enableTls":false,"mutualAuthEnable":false,"trustAll":false}
2025-09-18 16:02:09.900 [main] INFO  com.alibaba.nacos.common.remote.client - [c5868158-adda-42f5-8fbb-be6ed852af96_config-0] Success to connect to server [47.236.36.111:8848] on start up, connectionId = 1758182529672_112.94.129.56_9147
2025-09-18 16:02:09.902 [com.alibaba.nacos.client.remote.worker] INFO  com.alibaba.nacos.common.remote.client - [c5868158-adda-42f5-8fbb-be6ed852af96_config-0] Notify connected event to listeners.
2025-09-18 16:02:09.903 [com.alibaba.nacos.client.remote.worker] INFO  com.alibaba.nacos.client.config.impl.ClientWorker - [c5868158-adda-42f5-8fbb-be6ed852af96_config-0] Connected,notify listen context...
2025-09-18 16:02:09.903 [main] INFO  com.alibaba.nacos.common.remote.client - [c5868158-adda-42f5-8fbb-be6ed852af96_config-0] Register server push request handler:com.alibaba.nacos.common.remote.client.RpcClient$ConnectResetRequestHandler
2025-09-18 16:02:09.904 [main] INFO  com.alibaba.nacos.common.remote.client - [c5868158-adda-42f5-8fbb-be6ed852af96_config-0] Register server push request handler:com.alibaba.nacos.common.remote.client.RpcClient$$Lambda$608/0x000001e0014d7158
2025-09-18 16:02:09.957 [main] INFO  com.alibaba.nacos.client.config.impl.Limiter - limitTime:5.0
2025-09-18 16:02:10.025 [main] WARN  c.a.cloud.nacos.client.NacosPropertySourceBuilder - Ignore the empty nacos configuration and get it based on dataId[xiaohongshu-oss] & group[DEFAULT_GROUP]
2025-09-18 16:02:10.080 [main] WARN  c.a.cloud.nacos.client.NacosPropertySourceBuilder - Ignore the empty nacos configuration and get it based on dataId[xiaohongshu-oss.yaml] & group[DEFAULT_GROUP]
2025-09-18 16:02:10.134 [main] INFO  com.alibaba.nacos.client.config.utils.JvmUtil - isMultiInstance:false
2025-09-18 16:02:10.139 [main] INFO  o.s.c.b.c.PropertySourceBootstrapConfiguration - Located property source: [BootstrapPropertySource {name='bootstrapProperties-xiaohongshu-oss-dev.yaml,DEFAULT_GROUP'}, BootstrapPropertySource {name='bootstrapProperties-xiaohongshu-oss.yaml,DEFAULT_GROUP'}, BootstrapPropertySource {name='bootstrapProperties-xiaohongshu-oss,DEFAULT_GROUP'}]
2025-09-18 16:02:10.144 [main] WARN  com.alibaba.nacos.client.logging.NacosLogging - Load Logback Configuration of Nacos fail, message: Could not initialize Logback Nacos logging from classpath:nacos-logback.xml
2025-09-18 16:02:10.145 [main] INFO  c.z.x.oss.biz.XiaohongshuOssBizApplication - The following 1 profile is active: "dev"
2025-09-18 16:02:10.695 [main] INFO  o.springframework.cloud.context.scope.GenericScope - BeanFactory id=622ba073-7c59-33b0-876f-d95fb493eb1a
2025-09-18 16:02:11.133 [main] INFO  o.s.boot.web.embedded.tomcat.TomcatWebServer - Tomcat initialized with port(s): 8083 (http)
2025-09-18 16:02:11.134 [main] INFO  org.apache.catalina.core.AprLifecycleListener - Loaded Apache Tomcat Native library [2.0.3] using APR version [1.7.2].
2025-09-18 16:02:11.139 [main] INFO  org.apache.catalina.core.AprLifecycleListener - OpenSSL successfully initialized [OpenSSL 3.0.8 7 Feb 2023]
2025-09-18 16:02:11.150 [main] INFO  org.apache.catalina.core.StandardService - Starting service [Tomcat]
2025-09-18 16:02:11.150 [main] INFO  org.apache.catalina.core.StandardEngine - Starting Servlet engine: [Apache Tomcat/10.1.5]
2025-09-18 16:02:11.236 [main] INFO  o.a.c.core.ContainerBase.[Tomcat].[localhost].[/] - Initializing Spring embedded WebApplicationContext
2025-09-18 16:02:11.237 [main] INFO  o.s.b.w.s.c.ServletWebServerApplicationContext - Root WebApplicationContext: initialization completed in 1078 ms
2025-09-18 16:02:13.129 [main] INFO  o.s.boot.web.embedded.tomcat.TomcatWebServer - Tomcat started on port(s): 8083 (http) with context path ''
2025-09-18 16:02:13.134 [main] INFO  com.alibaba.nacos.client.naming - initializer namespace from ans.namespace attribute : null
2025-09-18 16:02:13.134 [main] INFO  com.alibaba.nacos.client.naming - initializer namespace from ALIBABA_ALIWARE_NAMESPACE attribute :null
2025-09-18 16:02:13.135 [main] INFO  com.alibaba.nacos.client.naming - initializer namespace from namespace attribute :null
2025-09-18 16:02:13.143 [main] INFO  c.a.n.p.auth.spi.client.ClientAuthPluginManager - [ClientAuthPluginManager] Load ClientAuthService com.alibaba.nacos.client.auth.impl.NacosClientAuthServiceImpl success.
2025-09-18 16:02:13.143 [main] INFO  c.a.n.p.auth.spi.client.ClientAuthPluginManager - [ClientAuthPluginManager] Load ClientAuthService com.alibaba.nacos.client.auth.ram.RamClientAuthServiceImpl success.
2025-09-18 16:02:13.147 [main] INFO  com.alibaba.nacos.common.remote.client - [RpcClientFactory] create a new rpc client of 48dc02b1-d5c4-4cbf-b7de-aed701bb5cfa
2025-09-18 16:02:13.148 [main] INFO  com.alibaba.nacos.common.remote.client - [48dc02b1-d5c4-4cbf-b7de-aed701bb5cfa] RpcClient init, ServerListFactory = com.alibaba.nacos.client.naming.core.ServerListManager
2025-09-18 16:02:13.149 [main] INFO  com.alibaba.nacos.common.remote.client - [48dc02b1-d5c4-4cbf-b7de-aed701bb5cfa] Registry connection listener to current client:com.alibaba.nacos.client.naming.remote.gprc.redo.NamingGrpcRedoService
2025-09-18 16:02:13.149 [main] INFO  com.alibaba.nacos.common.remote.client - [48dc02b1-d5c4-4cbf-b7de-aed701bb5cfa] Register server push request handler:com.alibaba.nacos.client.naming.remote.gprc.NamingPushRequestHandler
2025-09-18 16:02:13.149 [main] INFO  com.alibaba.nacos.common.remote.client - [48dc02b1-d5c4-4cbf-b7de-aed701bb5cfa] Try to connect to server on start up, server: {serverIp = '47.236.36.111', server main port = 8848}
2025-09-18 16:02:13.149 [main] INFO  c.a.nacos.common.remote.client.grpc.GrpcClient - grpc client connection server:47.236.36.111 ip,serverPort:9848,grpcTslConfig:{"sslProvider":"OPENSSL","enableTls":false,"mutualAuthEnable":false,"trustAll":false}
2025-09-18 16:02:13.564 [main] INFO  com.alibaba.nacos.common.remote.client - [48dc02b1-d5c4-4cbf-b7de-aed701bb5cfa] Success to connect to server [47.236.36.111:8848] on start up, connectionId = 1758182533330_112.94.129.56_9149
2025-09-18 16:02:13.565 [com.alibaba.nacos.client.remote.worker] INFO  com.alibaba.nacos.common.remote.client - [48dc02b1-d5c4-4cbf-b7de-aed701bb5cfa] Notify connected event to listeners.
2025-09-18 16:02:13.565 [main] INFO  com.alibaba.nacos.common.remote.client - [48dc02b1-d5c4-4cbf-b7de-aed701bb5cfa] Register server push request handler:com.alibaba.nacos.common.remote.client.RpcClient$ConnectResetRequestHandler
2025-09-18 16:02:13.565 [com.alibaba.nacos.client.remote.worker] INFO  com.alibaba.nacos.client.naming - Grpc connection connect
2025-09-18 16:02:13.565 [main] INFO  com.alibaba.nacos.common.remote.client - [48dc02b1-d5c4-4cbf-b7de-aed701bb5cfa] Register server push request handler:com.alibaba.nacos.common.remote.client.RpcClient$$Lambda$608/0x000001e0014d7158
2025-09-18 16:02:13.568 [main] INFO  com.alibaba.nacos.client.naming - [REGISTER-SERVICE] xiaohongshu registering service xiaohongshu-oss with instance Instance{instanceId='null', ip='10.95.158.9', port=8083, weight=1.0, healthy=true, enabled=true, ephemeral=true, clusterName='DEFAULT', serviceName='null', metadata={IPv6=null, preserved.register.source=SPRING_CLOUD}}
2025-09-18 16:02:13.625 [main] INFO  c.a.cloud.nacos.registry.NacosServiceRegistry - nacos registry, DEFAULT_GROUP xiaohongshu-oss 10.95.158.9:8083 register finished
2025-09-18 16:02:13.896 [main] INFO  c.z.x.oss.biz.XiaohongshuOssBizApplication - Started XiaohongshuOssBizApplication in 6.985 seconds (process running for 7.782)
2025-09-18 16:02:13.899 [main] INFO  com.alibaba.nacos.client.config.impl.CacheData - nacos.cache.data.init.snapshot = true 
2025-09-18 16:02:13.900 [main] INFO  com.alibaba.nacos.client.config.impl.ClientWorker - [fixed-xiaohongshu-47.236.36.111_8848_] [subscribe] xiaohongshu-oss+DEFAULT_GROUP+xiaohongshu
2025-09-18 16:02:13.907 [main] INFO  com.alibaba.nacos.client.config.impl.CacheData - [fixed-xiaohongshu-47.236.36.111_8848_] [add-listener] ok, tenant=xiaohongshu, dataId=xiaohongshu-oss, group=DEFAULT_GROUP, cnt=1
2025-09-18 16:02:13.907 [main] INFO  c.a.cloud.nacos.refresh.NacosContextRefresher - [Nacos Config] Listening config: dataId=xiaohongshu-oss, group=DEFAULT_GROUP
2025-09-18 16:02:13.908 [main] INFO  com.alibaba.nacos.client.config.impl.ClientWorker - [fixed-xiaohongshu-47.236.36.111_8848_] [subscribe] xiaohongshu-oss.yaml+DEFAULT_GROUP+xiaohongshu
2025-09-18 16:02:13.908 [main] INFO  com.alibaba.nacos.client.config.impl.CacheData - [fixed-xiaohongshu-47.236.36.111_8848_] [add-listener] ok, tenant=xiaohongshu, dataId=xiaohongshu-oss.yaml, group=DEFAULT_GROUP, cnt=1
2025-09-18 16:02:13.908 [main] INFO  c.a.cloud.nacos.refresh.NacosContextRefresher - [Nacos Config] Listening config: dataId=xiaohongshu-oss.yaml, group=DEFAULT_GROUP
2025-09-18 16:02:13.909 [main] INFO  com.alibaba.nacos.client.config.impl.ClientWorker - [fixed-xiaohongshu-47.236.36.111_8848_] [subscribe] xiaohongshu-oss-dev.yaml+DEFAULT_GROUP+xiaohongshu
2025-09-18 16:02:13.910 [main] INFO  com.alibaba.nacos.client.config.impl.CacheData - [fixed-xiaohongshu-47.236.36.111_8848_] [add-listener] ok, tenant=xiaohongshu, dataId=xiaohongshu-oss-dev.yaml, group=DEFAULT_GROUP, cnt=1
2025-09-18 16:02:13.910 [main] INFO  c.a.cloud.nacos.refresh.NacosContextRefresher - [Nacos Config] Listening config: dataId=xiaohongshu-oss-dev.yaml, group=DEFAULT_GROUP
2025-09-18 16:04:02.174 [Thread-9] WARN  com.alibaba.nacos.common.notify.NotifyCenter - [NotifyCenter] Start destroying Publisher
2025-09-18 16:04:02.174 [Thread-2] WARN  c.alibaba.nacos.common.http.HttpClientBeanHolder - [HttpClientBeanHolder] Start destroying common HttpClient
2025-09-18 16:04:02.174 [Thread-9] WARN  com.alibaba.nacos.common.notify.NotifyCenter - [NotifyCenter] Destruction of the end
2025-09-18 16:04:02.175 [Thread-2] WARN  c.alibaba.nacos.common.http.HttpClientBeanHolder - [HttpClientBeanHolder] Destruction of the end
2025-09-18 16:04:02.204 [SpringApplicationShutdownHook] INFO  c.a.cloud.nacos.registry.NacosServiceRegistry - De-registering from Nacos Server now...
2025-09-18 16:04:02.204 [SpringApplicationShutdownHook] INFO  com.alibaba.nacos.client.naming - [DEREGISTER-SERVICE] xiaohongshu deregistering service xiaohongshu-oss with instance: Instance{instanceId='null', ip='10.95.158.9', port=8083, weight=1.0, healthy=true, enabled=true, ephemeral=true, clusterName='DEFAULT', serviceName='null', metadata={}}
2025-09-18 16:04:02.248 [SpringApplicationShutdownHook] INFO  c.a.cloud.nacos.registry.NacosServiceRegistry - De-registration finished.
2025-09-18 16:04:02.250 [SpringApplicationShutdownHook] INFO  com.alibaba.nacos.client.naming - com.alibaba.nacos.client.naming.cache.ServiceInfoHolder do shutdown begin
2025-09-18 16:04:02.250 [SpringApplicationShutdownHook] INFO  com.alibaba.nacos.client.naming - com.alibaba.nacos.client.naming.backups.FailoverReactor do shutdown begin
2025-09-18 16:04:02.250 [SpringApplicationShutdownHook] INFO  com.alibaba.nacos.client.naming - com.alibaba.nacos.client.naming.backups.FailoverReactor do shutdown stop
2025-09-18 16:04:02.250 [SpringApplicationShutdownHook] INFO  com.alibaba.nacos.client.naming - com.alibaba.nacos.client.naming.cache.ServiceInfoHolder do shutdown stop
2025-09-18 16:04:02.250 [SpringApplicationShutdownHook] INFO  com.alibaba.nacos.client.naming - com.alibaba.nacos.client.naming.remote.NamingClientProxyDelegate do shutdown begin
2025-09-18 16:04:02.250 [SpringApplicationShutdownHook] INFO  com.alibaba.nacos.client.naming - com.alibaba.nacos.client.naming.core.ServiceInfoUpdateService do shutdown begin
2025-09-18 16:04:02.250 [SpringApplicationShutdownHook] INFO  com.alibaba.nacos.client.naming - com.alibaba.nacos.client.naming.core.ServiceInfoUpdateService do shutdown stop
2025-09-18 16:04:02.250 [SpringApplicationShutdownHook] INFO  com.alibaba.nacos.client.naming - com.alibaba.nacos.client.naming.core.ServerListManager do shutdown begin
2025-09-18 16:04:02.250 [SpringApplicationShutdownHook] WARN  com.alibaba.nacos.client.naming - [NamingHttpClientManager] Start destroying NacosRestTemplate
2025-09-18 16:04:02.250 [SpringApplicationShutdownHook] WARN  com.alibaba.nacos.client.naming - [NamingHttpClientManager] Destruction of the end
2025-09-18 16:04:02.250 [SpringApplicationShutdownHook] INFO  com.alibaba.nacos.client.naming - com.alibaba.nacos.client.naming.core.ServerListManager do shutdown stop
2025-09-18 16:04:02.250 [SpringApplicationShutdownHook] INFO  com.alibaba.nacos.client.naming - com.alibaba.nacos.client.naming.remote.http.NamingHttpClientProxy do shutdown begin
2025-09-18 16:04:02.251 [SpringApplicationShutdownHook] WARN  com.alibaba.nacos.client.naming - [NamingHttpClientManager] Start destroying NacosRestTemplate
2025-09-18 16:04:02.251 [SpringApplicationShutdownHook] WARN  com.alibaba.nacos.client.naming - [NamingHttpClientManager] Destruction of the end
2025-09-18 16:04:02.251 [SpringApplicationShutdownHook] INFO  com.alibaba.nacos.client.naming - com.alibaba.nacos.client.naming.remote.http.NamingHttpClientProxy do shutdown stop
2025-09-18 16:04:02.251 [SpringApplicationShutdownHook] INFO  com.alibaba.nacos.common.remote.client - Shutdown rpc client, set status to shutdown
2025-09-18 16:04:02.251 [SpringApplicationShutdownHook] INFO  com.alibaba.nacos.common.remote.client - Shutdown client event executor java.util.concurrent.ScheduledThreadPoolExecutor@1f9a9708[Running, pool size = 2, active threads = 2, queued tasks = 0, completed tasks = 0]
2025-09-18 16:04:02.251 [SpringApplicationShutdownHook] INFO  com.alibaba.nacos.common.remote.client - Close current connection 1758182533330_112.94.129.56_9149
2025-09-18 16:04:02.253 [nacos-grpc-client-executor-47.236.36.111-31] WARN  c.a.nacos.common.remote.client.grpc.GrpcClient - [1758182533330_112.94.129.56_9149]Ignore error event,isRunning:false,isAbandon=false
2025-09-18 16:04:02.255 [SpringApplicationShutdownHook] INFO  c.a.nacos.common.remote.client.grpc.GrpcClient - Shutdown grpc executor java.util.concurrent.ThreadPoolExecutor@29a4a29b[Running, pool size = 5, active threads = 0, queued tasks = 0, completed tasks = 32]
2025-09-18 16:04:02.255 [SpringApplicationShutdownHook] INFO  com.alibaba.nacos.client.naming - Shutdown grpc redo service executor java.util.concurrent.ScheduledThreadPoolExecutor@46175f3c[Running, pool size = 1, active threads = 0, queued tasks = 1, completed tasks = 36]
2025-09-18 16:04:02.255 [SpringApplicationShutdownHook] INFO  c.a.n.client.auth.ram.identify.CredentialWatcher - [null] CredentialWatcher is stopped
2025-09-18 16:04:02.255 [SpringApplicationShutdownHook] INFO  c.a.n.client.auth.ram.identify.CredentialService - [null] CredentialService is freed
2025-09-18 16:04:02.256 [SpringApplicationShutdownHook] INFO  com.alibaba.nacos.client.naming - com.alibaba.nacos.client.naming.remote.NamingClientProxyDelegate do shutdown stop
2025-09-18 16:04:05.162 [main] WARN  com.alibaba.nacos.client.logging.NacosLogging - Load Logback Configuration of Nacos fail, message: Could not initialize Logback Nacos logging from classpath:nacos-logback.xml
2025-09-18 16:04:05.223 [main] WARN  com.alibaba.nacos.client.logging.NacosLogging - Load Logback Configuration of Nacos fail, message: Could not initialize Logback Nacos logging from classpath:nacos-logback.xml
2025-09-18 16:04:05.444 [main] WARN  com.alibaba.nacos.client.logging.NacosLogging - Load Logback Configuration of Nacos fail, message: Could not initialize Logback Nacos logging from classpath:nacos-logback.xml
2025-09-18 16:04:05.445 [main] INFO  com.alibaba.nacos.client.utils.ParamUtil - [settings] [req-serv] nacos-server port:8848
2025-09-18 16:04:05.446 [main] INFO  com.alibaba.nacos.client.utils.ParamUtil - [settings] [http-client] connect timeout:1000
2025-09-18 16:04:05.447 [main] INFO  com.alibaba.nacos.client.utils.ParamUtil - PER_TASK_CONFIG_SIZE: 3000.0
2025-09-18 16:04:05.474 [main] INFO  c.a.n.p.auth.spi.client.ClientAuthPluginManager - [ClientAuthPluginManager] Load ClientAuthService com.alibaba.nacos.client.auth.impl.NacosClientAuthServiceImpl success.
2025-09-18 16:04:05.474 [main] INFO  c.a.n.p.auth.spi.client.ClientAuthPluginManager - [ClientAuthPluginManager] Load ClientAuthService com.alibaba.nacos.client.auth.ram.RamClientAuthServiceImpl success.
2025-09-18 16:04:05.477 [main] INFO  c.a.n.client.auth.ram.identify.CredentialWatcher - null No credential found
2025-09-18 16:04:05.823 [main] WARN  com.alibaba.nacos.client.logging.NacosLogging - Load Logback Configuration of Nacos fail, message: Could not initialize Logback Nacos logging from classpath:nacos-logback.xml
2025-09-18 16:04:05.837 [main] INFO  c.a.n.client.config.impl.LocalConfigInfoProcessor - LOCAL_SNAPSHOT_PATH:C:\Users\Rey\nacos\config
2025-09-18 16:04:05.841 [main] INFO  com.alibaba.nacos.common.remote.client - [RpcClientFactory] create a new rpc client of 0a86ef36-2af0-43cd-bb9d-c83563c7c4f8_config-0
2025-09-18 16:04:05.857 [main] INFO  com.alibaba.nacos.common.remote.client - [0a86ef36-2af0-43cd-bb9d-c83563c7c4f8_config-0] Register server push request handler:com.alibaba.nacos.client.config.impl.ClientWorker$ConfigRpcTransportClient$$Lambda$587/0x00000185ad38fc60
2025-09-18 16:04:05.858 [main] INFO  com.alibaba.nacos.common.remote.client - [0a86ef36-2af0-43cd-bb9d-c83563c7c4f8_config-0] Register server push request handler:com.alibaba.nacos.client.config.impl.ClientWorker$ConfigRpcTransportClient$$Lambda$588/0x00000185ad390000
2025-09-18 16:04:05.859 [main] INFO  com.alibaba.nacos.common.remote.client - [0a86ef36-2af0-43cd-bb9d-c83563c7c4f8_config-0] Registry connection listener to current client:com.alibaba.nacos.client.config.impl.ClientWorker$ConfigRpcTransportClient$1
2025-09-18 16:04:05.859 [main] INFO  com.alibaba.nacos.common.remote.client - [0a86ef36-2af0-43cd-bb9d-c83563c7c4f8_config-0] RpcClient init, ServerListFactory = com.alibaba.nacos.client.config.impl.ClientWorker$ConfigRpcTransportClient$2
2025-09-18 16:04:05.873 [main] INFO  com.alibaba.nacos.common.remote.client - [0a86ef36-2af0-43cd-bb9d-c83563c7c4f8_config-0] Try to connect to server on start up, server: {serverIp = '47.236.36.111', server main port = 8848}
2025-09-18 16:04:05.909 [main] INFO  c.a.nacos.common.remote.client.grpc.GrpcClient - grpc client connection server:47.236.36.111 ip,serverPort:9848,grpcTslConfig:{"sslProvider":"OPENSSL","enableTls":false,"mutualAuthEnable":false,"trustAll":false}
2025-09-18 16:04:07.095 [main] INFO  com.alibaba.nacos.common.remote.client - [0a86ef36-2af0-43cd-bb9d-c83563c7c4f8_config-0] Success to connect to server [47.236.36.111:8848] on start up, connectionId = 1758182646881_112.94.129.56_8217
2025-09-18 16:04:07.095 [com.alibaba.nacos.client.remote.worker] INFO  com.alibaba.nacos.common.remote.client - [0a86ef36-2af0-43cd-bb9d-c83563c7c4f8_config-0] Notify connected event to listeners.
2025-09-18 16:04:07.095 [com.alibaba.nacos.client.remote.worker] INFO  com.alibaba.nacos.client.config.impl.ClientWorker - [0a86ef36-2af0-43cd-bb9d-c83563c7c4f8_config-0] Connected,notify listen context...
2025-09-18 16:04:07.095 [main] INFO  com.alibaba.nacos.common.remote.client - [0a86ef36-2af0-43cd-bb9d-c83563c7c4f8_config-0] Register server push request handler:com.alibaba.nacos.common.remote.client.RpcClient$ConnectResetRequestHandler
2025-09-18 16:04:07.095 [main] INFO  com.alibaba.nacos.common.remote.client - [0a86ef36-2af0-43cd-bb9d-c83563c7c4f8_config-0] Register server push request handler:com.alibaba.nacos.common.remote.client.RpcClient$$Lambda$608/0x00000185ad4d76d0
2025-09-18 16:04:07.144 [main] INFO  com.alibaba.nacos.client.config.impl.Limiter - limitTime:5.0
2025-09-18 16:04:07.208 [main] WARN  c.a.cloud.nacos.client.NacosPropertySourceBuilder - Ignore the empty nacos configuration and get it based on dataId[xiaohongshu-oss] & group[DEFAULT_GROUP]
2025-09-18 16:04:07.266 [main] WARN  c.a.cloud.nacos.client.NacosPropertySourceBuilder - Ignore the empty nacos configuration and get it based on dataId[xiaohongshu-oss.yaml] & group[DEFAULT_GROUP]
2025-09-18 16:04:07.320 [main] INFO  com.alibaba.nacos.client.config.utils.JvmUtil - isMultiInstance:false
2025-09-18 16:04:07.326 [main] INFO  o.s.c.b.c.PropertySourceBootstrapConfiguration - Located property source: [BootstrapPropertySource {name='bootstrapProperties-xiaohongshu-oss-dev.yaml,DEFAULT_GROUP'}, BootstrapPropertySource {name='bootstrapProperties-xiaohongshu-oss.yaml,DEFAULT_GROUP'}, BootstrapPropertySource {name='bootstrapProperties-xiaohongshu-oss,DEFAULT_GROUP'}]
2025-09-18 16:04:07.333 [main] WARN  com.alibaba.nacos.client.logging.NacosLogging - Load Logback Configuration of Nacos fail, message: Could not initialize Logback Nacos logging from classpath:nacos-logback.xml
2025-09-18 16:04:07.334 [main] INFO  c.z.x.oss.biz.XiaohongshuOssBizApplication - The following 1 profile is active: "dev"
2025-09-18 16:04:07.877 [main] INFO  o.springframework.cloud.context.scope.GenericScope - BeanFactory id=622ba073-7c59-33b0-876f-d95fb493eb1a
2025-09-18 16:04:08.279 [main] INFO  o.s.boot.web.embedded.tomcat.TomcatWebServer - Tomcat initialized with port(s): 8083 (http)
2025-09-18 16:04:08.281 [main] INFO  org.apache.catalina.core.AprLifecycleListener - Loaded Apache Tomcat Native library [2.0.3] using APR version [1.7.2].
2025-09-18 16:04:08.285 [main] INFO  org.apache.catalina.core.AprLifecycleListener - OpenSSL successfully initialized [OpenSSL 3.0.8 7 Feb 2023]
2025-09-18 16:04:08.295 [main] INFO  org.apache.catalina.core.StandardService - Starting service [Tomcat]
2025-09-18 16:04:08.295 [main] INFO  org.apache.catalina.core.StandardEngine - Starting Servlet engine: [Apache Tomcat/10.1.5]
2025-09-18 16:04:08.383 [main] INFO  o.a.c.core.ContainerBase.[Tomcat].[localhost].[/] - Initializing Spring embedded WebApplicationContext
2025-09-18 16:04:08.385 [main] INFO  o.s.b.w.s.c.ServletWebServerApplicationContext - Root WebApplicationContext: initialization completed in 1034 ms
2025-09-18 16:04:10.254 [main] INFO  o.s.boot.web.embedded.tomcat.TomcatWebServer - Tomcat started on port(s): 8083 (http) with context path ''
2025-09-18 16:04:10.259 [main] INFO  com.alibaba.nacos.client.naming - initializer namespace from ans.namespace attribute : null
2025-09-18 16:04:10.260 [main] INFO  com.alibaba.nacos.client.naming - initializer namespace from ALIBABA_ALIWARE_NAMESPACE attribute :null
2025-09-18 16:04:10.261 [main] INFO  com.alibaba.nacos.client.naming - initializer namespace from namespace attribute :null
2025-09-18 16:04:10.270 [main] INFO  c.a.n.p.auth.spi.client.ClientAuthPluginManager - [ClientAuthPluginManager] Load ClientAuthService com.alibaba.nacos.client.auth.impl.NacosClientAuthServiceImpl success.
2025-09-18 16:04:10.270 [main] INFO  c.a.n.p.auth.spi.client.ClientAuthPluginManager - [ClientAuthPluginManager] Load ClientAuthService com.alibaba.nacos.client.auth.ram.RamClientAuthServiceImpl success.
2025-09-18 16:04:10.273 [main] INFO  com.alibaba.nacos.common.remote.client - [RpcClientFactory] create a new rpc client of e3216a7f-d58f-40af-a740-f0724232b3aa
2025-09-18 16:04:10.276 [main] INFO  com.alibaba.nacos.common.remote.client - [e3216a7f-d58f-40af-a740-f0724232b3aa] RpcClient init, ServerListFactory = com.alibaba.nacos.client.naming.core.ServerListManager
2025-09-18 16:04:10.276 [main] INFO  com.alibaba.nacos.common.remote.client - [e3216a7f-d58f-40af-a740-f0724232b3aa] Registry connection listener to current client:com.alibaba.nacos.client.naming.remote.gprc.redo.NamingGrpcRedoService
2025-09-18 16:04:10.276 [main] INFO  com.alibaba.nacos.common.remote.client - [e3216a7f-d58f-40af-a740-f0724232b3aa] Register server push request handler:com.alibaba.nacos.client.naming.remote.gprc.NamingPushRequestHandler
2025-09-18 16:04:10.277 [main] INFO  com.alibaba.nacos.common.remote.client - [e3216a7f-d58f-40af-a740-f0724232b3aa] Try to connect to server on start up, server: {serverIp = '47.236.36.111', server main port = 8848}
2025-09-18 16:04:10.277 [main] INFO  c.a.nacos.common.remote.client.grpc.GrpcClient - grpc client connection server:47.236.36.111 ip,serverPort:9848,grpcTslConfig:{"sslProvider":"OPENSSL","enableTls":false,"mutualAuthEnable":false,"trustAll":false}
2025-09-18 16:04:10.511 [main] INFO  com.alibaba.nacos.common.remote.client - [e3216a7f-d58f-40af-a740-f0724232b3aa] Success to connect to server [47.236.36.111:8848] on start up, connectionId = 1758182650391_112.94.129.56_8220
2025-09-18 16:04:10.511 [main] INFO  com.alibaba.nacos.common.remote.client - [e3216a7f-d58f-40af-a740-f0724232b3aa] Register server push request handler:com.alibaba.nacos.common.remote.client.RpcClient$ConnectResetRequestHandler
2025-09-18 16:04:10.511 [com.alibaba.nacos.client.remote.worker] INFO  com.alibaba.nacos.common.remote.client - [e3216a7f-d58f-40af-a740-f0724232b3aa] Notify connected event to listeners.
2025-09-18 16:04:10.511 [main] INFO  com.alibaba.nacos.common.remote.client - [e3216a7f-d58f-40af-a740-f0724232b3aa] Register server push request handler:com.alibaba.nacos.common.remote.client.RpcClient$$Lambda$608/0x00000185ad4d76d0
2025-09-18 16:04:10.511 [com.alibaba.nacos.client.remote.worker] INFO  com.alibaba.nacos.client.naming - Grpc connection connect
2025-09-18 16:04:10.513 [main] INFO  com.alibaba.nacos.client.naming - [REGISTER-SERVICE] xiaohongshu registering service xiaohongshu-oss with instance Instance{instanceId='null', ip='10.95.158.9', port=8083, weight=1.0, healthy=true, enabled=true, ephemeral=true, clusterName='DEFAULT', serviceName='null', metadata={IPv6=null, preserved.register.source=SPRING_CLOUD}}
2025-09-18 16:04:10.567 [main] INFO  c.a.cloud.nacos.registry.NacosServiceRegistry - nacos registry, DEFAULT_GROUP xiaohongshu-oss 10.95.158.9:8083 register finished
2025-09-18 16:04:10.855 [main] INFO  c.z.x.oss.biz.XiaohongshuOssBizApplication - Started XiaohongshuOssBizApplication in 6.538 seconds (process running for 7.333)
2025-09-18 16:04:10.861 [main] INFO  com.alibaba.nacos.client.config.impl.CacheData - nacos.cache.data.init.snapshot = true 
2025-09-18 16:04:10.862 [main] INFO  com.alibaba.nacos.client.config.impl.ClientWorker - [fixed-xiaohongshu-47.236.36.111_8848_] [subscribe] xiaohongshu-oss+DEFAULT_GROUP+xiaohongshu
2025-09-18 16:04:10.875 [main] INFO  com.alibaba.nacos.client.config.impl.CacheData - [fixed-xiaohongshu-47.236.36.111_8848_] [add-listener] ok, tenant=xiaohongshu, dataId=xiaohongshu-oss, group=DEFAULT_GROUP, cnt=1
2025-09-18 16:04:10.876 [main] INFO  c.a.cloud.nacos.refresh.NacosContextRefresher - [Nacos Config] Listening config: dataId=xiaohongshu-oss, group=DEFAULT_GROUP
2025-09-18 16:04:10.876 [main] INFO  com.alibaba.nacos.client.config.impl.ClientWorker - [fixed-xiaohongshu-47.236.36.111_8848_] [subscribe] xiaohongshu-oss.yaml+DEFAULT_GROUP+xiaohongshu
2025-09-18 16:04:10.876 [main] INFO  com.alibaba.nacos.client.config.impl.CacheData - [fixed-xiaohongshu-47.236.36.111_8848_] [add-listener] ok, tenant=xiaohongshu, dataId=xiaohongshu-oss.yaml, group=DEFAULT_GROUP, cnt=1
2025-09-18 16:04:10.876 [main] INFO  c.a.cloud.nacos.refresh.NacosContextRefresher - [Nacos Config] Listening config: dataId=xiaohongshu-oss.yaml, group=DEFAULT_GROUP
2025-09-18 16:04:10.878 [main] INFO  com.alibaba.nacos.client.config.impl.ClientWorker - [fixed-xiaohongshu-47.236.36.111_8848_] [subscribe] xiaohongshu-oss-dev.yaml+DEFAULT_GROUP+xiaohongshu
2025-09-18 16:04:10.878 [main] INFO  com.alibaba.nacos.client.config.impl.CacheData - [fixed-xiaohongshu-47.236.36.111_8848_] [add-listener] ok, tenant=xiaohongshu, dataId=xiaohongshu-oss-dev.yaml, group=DEFAULT_GROUP, cnt=1
2025-09-18 16:04:10.878 [main] INFO  c.a.cloud.nacos.refresh.NacosContextRefresher - [Nacos Config] Listening config: dataId=xiaohongshu-oss-dev.yaml, group=DEFAULT_GROUP
2025-09-18 16:04:56.117 [http-nio-8083-exec-1] INFO  o.a.c.core.ContainerBase.[Tomcat].[localhost].[/] - Initializing Spring DispatcherServlet 'dispatcherServlet'
2025-09-18 16:04:56.118 [http-nio-8083-exec-1] INFO  org.springframework.web.servlet.DispatcherServlet - Initializing Servlet 'dispatcherServlet'
2025-09-18 16:04:56.122 [http-nio-8083-exec-1] INFO  org.springframework.web.servlet.DispatcherServlet - Completed initialization in 3 ms
2025-09-18 16:04:56.137 [http-nio-8083-exec-1] INFO  c.z.f.b.context.filter.HeaderUserId2ContextFilter - ## HeaderUserId2ContextFilter, 用户 ID: 100
2025-09-18 16:04:56.239 [http-nio-8083-exec-1] ERROR c.z.x.oss.biz.exception.GlobalExceptionHandler - /file/upload request error, 
org.springframework.web.multipart.MaxUploadSizeExceededException: Maximum upload size exceeded
	at org.springframework.web.multipart.support.StandardMultipartHttpServletRequest.handleParseFailure(StandardMultipartHttpServletRequest.java:119)
	at org.springframework.web.multipart.support.StandardMultipartHttpServletRequest.parseRequest(StandardMultipartHttpServletRequest.java:110)
	at org.springframework.web.multipart.support.StandardMultipartHttpServletRequest.<init>(StandardMultipartHttpServletRequest.java:86)
	at org.springframework.web.multipart.support.StandardServletMultipartResolver.resolveMultipart(StandardServletMultipartResolver.java:112)
	at org.springframework.web.servlet.DispatcherServlet.checkMultipart(DispatcherServlet.java:1218)
	at org.springframework.web.servlet.DispatcherServlet.doDispatch(DispatcherServlet.java:1052)
	at org.springframework.web.servlet.DispatcherServlet.doService(DispatcherServlet.java:973)
	at org.springframework.web.servlet.FrameworkServlet.processRequest(FrameworkServlet.java:1011)
	at org.springframework.web.servlet.FrameworkServlet.doPost(FrameworkServlet.java:914)
	at jakarta.servlet.http.HttpServlet.service(HttpServlet.java:547)
	at org.springframework.web.servlet.FrameworkServlet.service(FrameworkServlet.java:885)
	at jakarta.servlet.http.HttpServlet.service(HttpServlet.java:614)
	at org.apache.catalina.core.ApplicationFilterChain.internalDoFilter(ApplicationFilterChain.java:223)
	at org.apache.catalina.core.ApplicationFilterChain.doFilter(ApplicationFilterChain.java:158)
	at org.apache.tomcat.websocket.server.WsFilter.doFilter(WsFilter.java:53)
	at org.apache.catalina.core.ApplicationFilterChain.internalDoFilter(ApplicationFilterChain.java:185)
	at org.apache.catalina.core.ApplicationFilterChain.doFilter(ApplicationFilterChain.java:158)
	at com.zry.framework.biz.context.filter.HeaderUserId2ContextFilter.doFilterInternal(HeaderUserId2ContextFilter.java:33)
	at org.springframework.web.filter.OncePerRequestFilter.doFilter(OncePerRequestFilter.java:116)
	at org.apache.catalina.core.ApplicationFilterChain.internalDoFilter(ApplicationFilterChain.java:185)
	at org.apache.catalina.core.ApplicationFilterChain.doFilter(ApplicationFilterChain.java:158)
	at org.springframework.web.filter.RequestContextFilter.doFilterInternal(RequestContextFilter.java:100)
	at org.springframework.web.filter.OncePerRequestFilter.doFilter(OncePerRequestFilter.java:116)
	at org.apache.catalina.core.ApplicationFilterChain.internalDoFilter(ApplicationFilterChain.java:185)
	at org.apache.catalina.core.ApplicationFilterChain.doFilter(ApplicationFilterChain.java:158)
	at org.springframework.web.filter.FormContentFilter.doFilterInternal(FormContentFilter.java:93)
	at org.springframework.web.filter.OncePerRequestFilter.doFilter(OncePerRequestFilter.java:116)
	at org.apache.catalina.core.ApplicationFilterChain.internalDoFilter(ApplicationFilterChain.java:185)
	at org.apache.catalina.core.ApplicationFilterChain.doFilter(ApplicationFilterChain.java:158)
	at org.springframework.web.filter.CharacterEncodingFilter.doFilterInternal(CharacterEncodingFilter.java:201)
	at org.springframework.web.filter.OncePerRequestFilter.doFilter(OncePerRequestFilter.java:116)
	at org.apache.catalina.core.ApplicationFilterChain.internalDoFilter(ApplicationFilterChain.java:185)
	at org.apache.catalina.core.ApplicationFilterChain.doFilter(ApplicationFilterChain.java:158)
	at org.apache.catalina.core.StandardWrapperValve.invoke(StandardWrapperValve.java:177)
	at org.apache.catalina.core.StandardContextValve.invoke(StandardContextValve.java:97)
	at org.apache.catalina.authenticator.AuthenticatorBase.invoke(AuthenticatorBase.java:542)
	at org.apache.catalina.core.StandardHostValve.invoke(StandardHostValve.java:119)
	at org.apache.catalina.valves.ErrorReportValve.invoke(ErrorReportValve.java:92)
	at org.apache.catalina.core.StandardEngineValve.invoke(StandardEngineValve.java:78)
	at org.apache.catalina.connector.CoyoteAdapter.service(CoyoteAdapter.java:357)
	at org.apache.coyote.http11.Http11Processor.service(Http11Processor.java:400)
	at org.apache.coyote.AbstractProcessorLight.process(AbstractProcessorLight.java:65)
	at org.apache.coyote.AbstractProtocol$ConnectionHandler.process(AbstractProtocol.java:859)
	at org.apache.tomcat.util.net.NioEndpoint$SocketProcessor.doRun(NioEndpoint.java:1734)
	at org.apache.tomcat.util.net.SocketProcessorBase.run(SocketProcessorBase.java:52)
	at org.apache.tomcat.util.threads.ThreadPoolExecutor.runWorker(ThreadPoolExecutor.java:1191)
	at org.apache.tomcat.util.threads.ThreadPoolExecutor$Worker.run(ThreadPoolExecutor.java:659)
	at org.apache.tomcat.util.threads.TaskThread$WrappingRunnable.run(TaskThread.java:61)
	at java.base/java.lang.Thread.run(Thread.java:842)
Caused by: java.lang.IllegalStateException: org.apache.tomcat.util.http.fileupload.impl.FileSizeLimitExceededException: The field file exceeds its maximum permitted size of 1048576 bytes.
	at org.apache.catalina.connector.Request.parseParts(Request.java:2926)
	at org.apache.catalina.connector.Request.getParts(Request.java:2778)
	at org.apache.catalina.connector.RequestFacade.getParts(RequestFacade.java:1074)
	at org.springframework.web.multipart.support.StandardMultipartHttpServletRequest.parseRequest(StandardMultipartHttpServletRequest.java:93)
	... 47 common frames omitted
Caused by: org.apache.tomcat.util.http.fileupload.impl.FileSizeLimitExceededException: The field file exceeds its maximum permitted size of 1048576 bytes.
	at org.apache.tomcat.util.http.fileupload.impl.FileItemStreamImpl$1.raiseError(FileItemStreamImpl.java:117)
	at org.apache.tomcat.util.http.fileupload.util.LimitedInputStream.checkLimit(LimitedInputStream.java:76)
	at org.apache.tomcat.util.http.fileupload.util.LimitedInputStream.read(LimitedInputStream.java:135)
	at java.base/java.io.FilterInputStream.read(FilterInputStream.java:106)
	at org.apache.tomcat.util.http.fileupload.util.Streams.copy(Streams.java:96)
	at org.apache.tomcat.util.http.fileupload.FileUploadBase.parseRequest(FileUploadBase.java:292)
	at org.apache.catalina.connector.Request.parseParts(Request.java:2884)
	... 50 common frames omitted
2025-09-18 16:04:56.291 [http-nio-8083-exec-1] INFO  c.z.f.b.context.filter.HeaderUserId2ContextFilter - ===== 删除 ThreadLocal， userId: 100
2025-09-18 16:05:31.156 [http-nio-8083-exec-2] INFO  c.z.f.b.context.filter.HeaderUserId2ContextFilter - ## HeaderUserId2ContextFilter, 用户 ID: 100
2025-09-18 16:05:31.191 [http-nio-8083-exec-2] INFO  c.z.xiaohongshu.oss.biz.controller.FileController - ==> 用户： 100
2025-09-18 16:05:31.191 [http-nio-8083-exec-2] INFO  c.z.x.oss.biz.strategy.impl.AliyunOSSFileStrategy - ## 上传文件至阿里云 OSS ...
2025-09-18 16:05:31.201 [http-nio-8083-exec-2] INFO  c.z.x.oss.biz.strategy.impl.AliyunOSSFileStrategy - ==> 开始上传文件至阿里云 OSS, ObjectName: 3866a2139ad249dd82d57bbc17922561.jpeg
2025-09-18 16:05:31.953 [http-nio-8083-exec-2] INFO  c.z.x.oss.biz.strategy.impl.AliyunOSSFileStrategy - ==> 上传文件至阿里云 OSS 成功，访问路径: https://my-xiaohongshu-oss.oss-cn-guangzhou.aliyuncs.com/3866a2139ad249dd82d57bbc17922561.jpeg
2025-09-18 16:05:31.957 [http-nio-8083-exec-2] INFO  c.z.f.b.context.filter.HeaderUserId2ContextFilter - ===== 删除 ThreadLocal， userId: 100
2025-09-18 16:06:24.865 [http-nio-8083-exec-3] INFO  c.z.f.b.context.filter.HeaderUserId2ContextFilter - ## HeaderUserId2ContextFilter, 用户 ID: 100
2025-09-18 16:06:24.871 [http-nio-8083-exec-3] INFO  c.z.xiaohongshu.oss.biz.controller.FileController - ==> 用户： 100
2025-09-18 16:06:24.871 [http-nio-8083-exec-3] INFO  c.z.x.oss.biz.strategy.impl.AliyunOSSFileStrategy - ## 上传文件至阿里云 OSS ...
2025-09-18 16:06:24.871 [http-nio-8083-exec-3] INFO  c.z.x.oss.biz.strategy.impl.AliyunOSSFileStrategy - ==> 开始上传文件至阿里云 OSS, ObjectName: c7ec290631e4405db585e46bb793120d.jpg
2025-09-18 16:06:25.035 [http-nio-8083-exec-3] INFO  c.z.x.oss.biz.strategy.impl.AliyunOSSFileStrategy - ==> 上传文件至阿里云 OSS 成功，访问路径: https://my-xiaohongshu-oss.oss-cn-guangzhou.aliyuncs.com/c7ec290631e4405db585e46bb793120d.jpg
2025-09-18 16:06:25.040 [http-nio-8083-exec-3] INFO  c.z.f.b.context.filter.HeaderUserId2ContextFilter - ===== 删除 ThreadLocal， userId: 100
2025-09-18 16:06:29.439 [http-nio-8083-exec-4] INFO  c.z.f.b.context.filter.HeaderUserId2ContextFilter - ## HeaderUserId2ContextFilter, 用户 ID: 100
2025-09-18 16:06:29.448 [http-nio-8083-exec-4] INFO  c.z.xiaohongshu.oss.biz.controller.FileController - ==> 用户： 100
2025-09-18 16:06:29.449 [http-nio-8083-exec-4] INFO  c.z.x.oss.biz.strategy.impl.AliyunOSSFileStrategy - ## 上传文件至阿里云 OSS ...
2025-09-18 16:06:29.449 [http-nio-8083-exec-4] INFO  c.z.x.oss.biz.strategy.impl.AliyunOSSFileStrategy - ==> 开始上传文件至阿里云 OSS, ObjectName: 2aa850cdc1c2489bbc6d98ac4ccb433c.jpg
2025-09-18 16:06:29.584 [http-nio-8083-exec-4] INFO  c.z.x.oss.biz.strategy.impl.AliyunOSSFileStrategy - ==> 上传文件至阿里云 OSS 成功，访问路径: https://my-xiaohongshu-oss.oss-cn-guangzhou.aliyuncs.com/2aa850cdc1c2489bbc6d98ac4ccb433c.jpg
2025-09-18 16:06:29.587 [http-nio-8083-exec-4] INFO  c.z.f.b.context.filter.HeaderUserId2ContextFilter - ===== 删除 ThreadLocal， userId: 100
2025-09-18 16:06:49.913 [http-nio-8083-exec-5] INFO  c.z.f.b.context.filter.HeaderUserId2ContextFilter - ## HeaderUserId2ContextFilter, 用户 ID: 100
2025-09-18 16:06:49.947 [http-nio-8083-exec-5] ERROR c.z.x.oss.biz.exception.GlobalExceptionHandler - /file/upload request error, 
org.springframework.web.multipart.MaxUploadSizeExceededException: Maximum upload size exceeded
	at org.springframework.web.multipart.support.StandardMultipartHttpServletRequest.handleParseFailure(StandardMultipartHttpServletRequest.java:119)
	at org.springframework.web.multipart.support.StandardMultipartHttpServletRequest.parseRequest(StandardMultipartHttpServletRequest.java:110)
	at org.springframework.web.multipart.support.StandardMultipartHttpServletRequest.<init>(StandardMultipartHttpServletRequest.java:86)
	at org.springframework.web.multipart.support.StandardServletMultipartResolver.resolveMultipart(StandardServletMultipartResolver.java:112)
	at org.springframework.web.servlet.DispatcherServlet.checkMultipart(DispatcherServlet.java:1218)
	at org.springframework.web.servlet.DispatcherServlet.doDispatch(DispatcherServlet.java:1052)
	at org.springframework.web.servlet.DispatcherServlet.doService(DispatcherServlet.java:973)
	at org.springframework.web.servlet.FrameworkServlet.processRequest(FrameworkServlet.java:1011)
	at org.springframework.web.servlet.FrameworkServlet.doPost(FrameworkServlet.java:914)
	at jakarta.servlet.http.HttpServlet.service(HttpServlet.java:547)
	at org.springframework.web.servlet.FrameworkServlet.service(FrameworkServlet.java:885)
	at jakarta.servlet.http.HttpServlet.service(HttpServlet.java:614)
	at org.apache.catalina.core.ApplicationFilterChain.internalDoFilter(ApplicationFilterChain.java:223)
	at org.apache.catalina.core.ApplicationFilterChain.doFilter(ApplicationFilterChain.java:158)
	at org.apache.tomcat.websocket.server.WsFilter.doFilter(WsFilter.java:53)
	at org.apache.catalina.core.ApplicationFilterChain.internalDoFilter(ApplicationFilterChain.java:185)
	at org.apache.catalina.core.ApplicationFilterChain.doFilter(ApplicationFilterChain.java:158)
	at com.zry.framework.biz.context.filter.HeaderUserId2ContextFilter.doFilterInternal(HeaderUserId2ContextFilter.java:33)
	at org.springframework.web.filter.OncePerRequestFilter.doFilter(OncePerRequestFilter.java:116)
	at org.apache.catalina.core.ApplicationFilterChain.internalDoFilter(ApplicationFilterChain.java:185)
	at org.apache.catalina.core.ApplicationFilterChain.doFilter(ApplicationFilterChain.java:158)
	at org.springframework.web.filter.RequestContextFilter.doFilterInternal(RequestContextFilter.java:100)
	at org.springframework.web.filter.OncePerRequestFilter.doFilter(OncePerRequestFilter.java:116)
	at org.apache.catalina.core.ApplicationFilterChain.internalDoFilter(ApplicationFilterChain.java:185)
	at org.apache.catalina.core.ApplicationFilterChain.doFilter(ApplicationFilterChain.java:158)
	at org.springframework.web.filter.FormContentFilter.doFilterInternal(FormContentFilter.java:93)
	at org.springframework.web.filter.OncePerRequestFilter.doFilter(OncePerRequestFilter.java:116)
	at org.apache.catalina.core.ApplicationFilterChain.internalDoFilter(ApplicationFilterChain.java:185)
	at org.apache.catalina.core.ApplicationFilterChain.doFilter(ApplicationFilterChain.java:158)
	at org.springframework.web.filter.CharacterEncodingFilter.doFilterInternal(CharacterEncodingFilter.java:201)
	at org.springframework.web.filter.OncePerRequestFilter.doFilter(OncePerRequestFilter.java:116)
	at org.apache.catalina.core.ApplicationFilterChain.internalDoFilter(ApplicationFilterChain.java:185)
	at org.apache.catalina.core.ApplicationFilterChain.doFilter(ApplicationFilterChain.java:158)
	at org.apache.catalina.core.StandardWrapperValve.invoke(StandardWrapperValve.java:177)
	at org.apache.catalina.core.StandardContextValve.invoke(StandardContextValve.java:97)
	at org.apache.catalina.authenticator.AuthenticatorBase.invoke(AuthenticatorBase.java:542)
	at org.apache.catalina.core.StandardHostValve.invoke(StandardHostValve.java:119)
	at org.apache.catalina.valves.ErrorReportValve.invoke(ErrorReportValve.java:92)
	at org.apache.catalina.core.StandardEngineValve.invoke(StandardEngineValve.java:78)
	at org.apache.catalina.connector.CoyoteAdapter.service(CoyoteAdapter.java:357)
	at org.apache.coyote.http11.Http11Processor.service(Http11Processor.java:400)
	at org.apache.coyote.AbstractProcessorLight.process(AbstractProcessorLight.java:65)
	at org.apache.coyote.AbstractProtocol$ConnectionHandler.process(AbstractProtocol.java:859)
	at org.apache.tomcat.util.net.NioEndpoint$SocketProcessor.doRun(NioEndpoint.java:1734)
	at org.apache.tomcat.util.net.SocketProcessorBase.run(SocketProcessorBase.java:52)
	at org.apache.tomcat.util.threads.ThreadPoolExecutor.runWorker(ThreadPoolExecutor.java:1191)
	at org.apache.tomcat.util.threads.ThreadPoolExecutor$Worker.run(ThreadPoolExecutor.java:659)
	at org.apache.tomcat.util.threads.TaskThread$WrappingRunnable.run(TaskThread.java:61)
	at java.base/java.lang.Thread.run(Thread.java:842)
Caused by: java.lang.IllegalStateException: org.apache.tomcat.util.http.fileupload.impl.FileSizeLimitExceededException: The field file exceeds its maximum permitted size of 1048576 bytes.
	at org.apache.catalina.connector.Request.parseParts(Request.java:2926)
	at org.apache.catalina.connector.Request.getParts(Request.java:2778)
	at org.apache.catalina.connector.RequestFacade.getParts(RequestFacade.java:1074)
	at org.springframework.web.multipart.support.StandardMultipartHttpServletRequest.parseRequest(StandardMultipartHttpServletRequest.java:93)
	... 47 common frames omitted
Caused by: org.apache.tomcat.util.http.fileupload.impl.FileSizeLimitExceededException: The field file exceeds its maximum permitted size of 1048576 bytes.
	at org.apache.tomcat.util.http.fileupload.impl.FileItemStreamImpl$1.raiseError(FileItemStreamImpl.java:117)
	at org.apache.tomcat.util.http.fileupload.util.LimitedInputStream.checkLimit(LimitedInputStream.java:76)
	at org.apache.tomcat.util.http.fileupload.util.LimitedInputStream.read(LimitedInputStream.java:135)
	at java.base/java.io.FilterInputStream.read(FilterInputStream.java:106)
	at org.apache.tomcat.util.http.fileupload.util.Streams.copy(Streams.java:96)
	at org.apache.tomcat.util.http.fileupload.FileUploadBase.parseRequest(FileUploadBase.java:292)
	at org.apache.catalina.connector.Request.parseParts(Request.java:2884)
	... 50 common frames omitted
2025-09-18 16:06:49.949 [http-nio-8083-exec-5] INFO  c.z.f.b.context.filter.HeaderUserId2ContextFilter - ===== 删除 ThreadLocal， userId: 100
2025-09-18 16:07:11.901 [http-nio-8083-exec-6] INFO  c.z.f.b.context.filter.HeaderUserId2ContextFilter - ## HeaderUserId2ContextFilter, 用户 ID: 100
2025-09-18 16:07:11.918 [http-nio-8083-exec-6] ERROR c.z.x.oss.biz.exception.GlobalExceptionHandler - /file/upload request error, 
org.springframework.web.multipart.MaxUploadSizeExceededException: Maximum upload size exceeded
	at org.springframework.web.multipart.support.StandardMultipartHttpServletRequest.handleParseFailure(StandardMultipartHttpServletRequest.java:119)
	at org.springframework.web.multipart.support.StandardMultipartHttpServletRequest.parseRequest(StandardMultipartHttpServletRequest.java:110)
	at org.springframework.web.multipart.support.StandardMultipartHttpServletRequest.<init>(StandardMultipartHttpServletRequest.java:86)
	at org.springframework.web.multipart.support.StandardServletMultipartResolver.resolveMultipart(StandardServletMultipartResolver.java:112)
	at org.springframework.web.servlet.DispatcherServlet.checkMultipart(DispatcherServlet.java:1218)
	at org.springframework.web.servlet.DispatcherServlet.doDispatch(DispatcherServlet.java:1052)
	at org.springframework.web.servlet.DispatcherServlet.doService(DispatcherServlet.java:973)
	at org.springframework.web.servlet.FrameworkServlet.processRequest(FrameworkServlet.java:1011)
	at org.springframework.web.servlet.FrameworkServlet.doPost(FrameworkServlet.java:914)
	at jakarta.servlet.http.HttpServlet.service(HttpServlet.java:547)
	at org.springframework.web.servlet.FrameworkServlet.service(FrameworkServlet.java:885)
	at jakarta.servlet.http.HttpServlet.service(HttpServlet.java:614)
	at org.apache.catalina.core.ApplicationFilterChain.internalDoFilter(ApplicationFilterChain.java:223)
	at org.apache.catalina.core.ApplicationFilterChain.doFilter(ApplicationFilterChain.java:158)
	at org.apache.tomcat.websocket.server.WsFilter.doFilter(WsFilter.java:53)
	at org.apache.catalina.core.ApplicationFilterChain.internalDoFilter(ApplicationFilterChain.java:185)
	at org.apache.catalina.core.ApplicationFilterChain.doFilter(ApplicationFilterChain.java:158)
	at com.zry.framework.biz.context.filter.HeaderUserId2ContextFilter.doFilterInternal(HeaderUserId2ContextFilter.java:33)
	at org.springframework.web.filter.OncePerRequestFilter.doFilter(OncePerRequestFilter.java:116)
	at org.apache.catalina.core.ApplicationFilterChain.internalDoFilter(ApplicationFilterChain.java:185)
	at org.apache.catalina.core.ApplicationFilterChain.doFilter(ApplicationFilterChain.java:158)
	at org.springframework.web.filter.RequestContextFilter.doFilterInternal(RequestContextFilter.java:100)
	at org.springframework.web.filter.OncePerRequestFilter.doFilter(OncePerRequestFilter.java:116)
	at org.apache.catalina.core.ApplicationFilterChain.internalDoFilter(ApplicationFilterChain.java:185)
	at org.apache.catalina.core.ApplicationFilterChain.doFilter(ApplicationFilterChain.java:158)
	at org.springframework.web.filter.FormContentFilter.doFilterInternal(FormContentFilter.java:93)
	at org.springframework.web.filter.OncePerRequestFilter.doFilter(OncePerRequestFilter.java:116)
	at org.apache.catalina.core.ApplicationFilterChain.internalDoFilter(ApplicationFilterChain.java:185)
	at org.apache.catalina.core.ApplicationFilterChain.doFilter(ApplicationFilterChain.java:158)
	at org.springframework.web.filter.CharacterEncodingFilter.doFilterInternal(CharacterEncodingFilter.java:201)
	at org.springframework.web.filter.OncePerRequestFilter.doFilter(OncePerRequestFilter.java:116)
	at org.apache.catalina.core.ApplicationFilterChain.internalDoFilter(ApplicationFilterChain.java:185)
	at org.apache.catalina.core.ApplicationFilterChain.doFilter(ApplicationFilterChain.java:158)
	at org.apache.catalina.core.StandardWrapperValve.invoke(StandardWrapperValve.java:177)
	at org.apache.catalina.core.StandardContextValve.invoke(StandardContextValve.java:97)
	at org.apache.catalina.authenticator.AuthenticatorBase.invoke(AuthenticatorBase.java:542)
	at org.apache.catalina.core.StandardHostValve.invoke(StandardHostValve.java:119)
	at org.apache.catalina.valves.ErrorReportValve.invoke(ErrorReportValve.java:92)
	at org.apache.catalina.core.StandardEngineValve.invoke(StandardEngineValve.java:78)
	at org.apache.catalina.connector.CoyoteAdapter.service(CoyoteAdapter.java:357)
	at org.apache.coyote.http11.Http11Processor.service(Http11Processor.java:400)
	at org.apache.coyote.AbstractProcessorLight.process(AbstractProcessorLight.java:65)
	at org.apache.coyote.AbstractProtocol$ConnectionHandler.process(AbstractProtocol.java:859)
	at org.apache.tomcat.util.net.NioEndpoint$SocketProcessor.doRun(NioEndpoint.java:1734)
	at org.apache.tomcat.util.net.SocketProcessorBase.run(SocketProcessorBase.java:52)
	at org.apache.tomcat.util.threads.ThreadPoolExecutor.runWorker(ThreadPoolExecutor.java:1191)
	at org.apache.tomcat.util.threads.ThreadPoolExecutor$Worker.run(ThreadPoolExecutor.java:659)
	at org.apache.tomcat.util.threads.TaskThread$WrappingRunnable.run(TaskThread.java:61)
	at java.base/java.lang.Thread.run(Thread.java:842)
Caused by: java.lang.IllegalStateException: org.apache.tomcat.util.http.fileupload.impl.FileSizeLimitExceededException: The field file exceeds its maximum permitted size of 1048576 bytes.
	at org.apache.catalina.connector.Request.parseParts(Request.java:2926)
	at org.apache.catalina.connector.Request.getParts(Request.java:2778)
	at org.apache.catalina.connector.RequestFacade.getParts(RequestFacade.java:1074)
	at org.springframework.web.multipart.support.StandardMultipartHttpServletRequest.parseRequest(StandardMultipartHttpServletRequest.java:93)
	... 47 common frames omitted
Caused by: org.apache.tomcat.util.http.fileupload.impl.FileSizeLimitExceededException: The field file exceeds its maximum permitted size of 1048576 bytes.
	at org.apache.tomcat.util.http.fileupload.impl.FileItemStreamImpl$1.raiseError(FileItemStreamImpl.java:117)
	at org.apache.tomcat.util.http.fileupload.util.LimitedInputStream.checkLimit(LimitedInputStream.java:76)
	at org.apache.tomcat.util.http.fileupload.util.LimitedInputStream.read(LimitedInputStream.java:135)
	at java.base/java.io.FilterInputStream.read(FilterInputStream.java:106)
	at org.apache.tomcat.util.http.fileupload.util.Streams.copy(Streams.java:96)
	at org.apache.tomcat.util.http.fileupload.FileUploadBase.parseRequest(FileUploadBase.java:292)
	at org.apache.catalina.connector.Request.parseParts(Request.java:2884)
	... 50 common frames omitted
2025-09-18 16:07:11.920 [http-nio-8083-exec-6] INFO  c.z.f.b.context.filter.HeaderUserId2ContextFilter - ===== 删除 ThreadLocal， userId: 100
2025-09-18 16:07:34.545 [http-nio-8083-exec-7] INFO  c.z.f.b.context.filter.HeaderUserId2ContextFilter - ## HeaderUserId2ContextFilter, 用户 ID: 100
2025-09-18 16:07:34.561 [http-nio-8083-exec-7] ERROR c.z.x.oss.biz.exception.GlobalExceptionHandler - /file/upload request error, 
org.springframework.web.multipart.MaxUploadSizeExceededException: Maximum upload size exceeded
	at org.springframework.web.multipart.support.StandardMultipartHttpServletRequest.handleParseFailure(StandardMultipartHttpServletRequest.java:119)
	at org.springframework.web.multipart.support.StandardMultipartHttpServletRequest.parseRequest(StandardMultipartHttpServletRequest.java:110)
	at org.springframework.web.multipart.support.StandardMultipartHttpServletRequest.<init>(StandardMultipartHttpServletRequest.java:86)
	at org.springframework.web.multipart.support.StandardServletMultipartResolver.resolveMultipart(StandardServletMultipartResolver.java:112)
	at org.springframework.web.servlet.DispatcherServlet.checkMultipart(DispatcherServlet.java:1218)
	at org.springframework.web.servlet.DispatcherServlet.doDispatch(DispatcherServlet.java:1052)
	at org.springframework.web.servlet.DispatcherServlet.doService(DispatcherServlet.java:973)
	at org.springframework.web.servlet.FrameworkServlet.processRequest(FrameworkServlet.java:1011)
	at org.springframework.web.servlet.FrameworkServlet.doPost(FrameworkServlet.java:914)
	at jakarta.servlet.http.HttpServlet.service(HttpServlet.java:547)
	at org.springframework.web.servlet.FrameworkServlet.service(FrameworkServlet.java:885)
	at jakarta.servlet.http.HttpServlet.service(HttpServlet.java:614)
	at org.apache.catalina.core.ApplicationFilterChain.internalDoFilter(ApplicationFilterChain.java:223)
	at org.apache.catalina.core.ApplicationFilterChain.doFilter(ApplicationFilterChain.java:158)
	at org.apache.tomcat.websocket.server.WsFilter.doFilter(WsFilter.java:53)
	at org.apache.catalina.core.ApplicationFilterChain.internalDoFilter(ApplicationFilterChain.java:185)
	at org.apache.catalina.core.ApplicationFilterChain.doFilter(ApplicationFilterChain.java:158)
	at com.zry.framework.biz.context.filter.HeaderUserId2ContextFilter.doFilterInternal(HeaderUserId2ContextFilter.java:33)
	at org.springframework.web.filter.OncePerRequestFilter.doFilter(OncePerRequestFilter.java:116)
	at org.apache.catalina.core.ApplicationFilterChain.internalDoFilter(ApplicationFilterChain.java:185)
	at org.apache.catalina.core.ApplicationFilterChain.doFilter(ApplicationFilterChain.java:158)
	at org.springframework.web.filter.RequestContextFilter.doFilterInternal(RequestContextFilter.java:100)
	at org.springframework.web.filter.OncePerRequestFilter.doFilter(OncePerRequestFilter.java:116)
	at org.apache.catalina.core.ApplicationFilterChain.internalDoFilter(ApplicationFilterChain.java:185)
	at org.apache.catalina.core.ApplicationFilterChain.doFilter(ApplicationFilterChain.java:158)
	at org.springframework.web.filter.FormContentFilter.doFilterInternal(FormContentFilter.java:93)
	at org.springframework.web.filter.OncePerRequestFilter.doFilter(OncePerRequestFilter.java:116)
	at org.apache.catalina.core.ApplicationFilterChain.internalDoFilter(ApplicationFilterChain.java:185)
	at org.apache.catalina.core.ApplicationFilterChain.doFilter(ApplicationFilterChain.java:158)
	at org.springframework.web.filter.CharacterEncodingFilter.doFilterInternal(CharacterEncodingFilter.java:201)
	at org.springframework.web.filter.OncePerRequestFilter.doFilter(OncePerRequestFilter.java:116)
	at org.apache.catalina.core.ApplicationFilterChain.internalDoFilter(ApplicationFilterChain.java:185)
	at org.apache.catalina.core.ApplicationFilterChain.doFilter(ApplicationFilterChain.java:158)
	at org.apache.catalina.core.StandardWrapperValve.invoke(StandardWrapperValve.java:177)
	at org.apache.catalina.core.StandardContextValve.invoke(StandardContextValve.java:97)
	at org.apache.catalina.authenticator.AuthenticatorBase.invoke(AuthenticatorBase.java:542)
	at org.apache.catalina.core.StandardHostValve.invoke(StandardHostValve.java:119)
	at org.apache.catalina.valves.ErrorReportValve.invoke(ErrorReportValve.java:92)
	at org.apache.catalina.core.StandardEngineValve.invoke(StandardEngineValve.java:78)
	at org.apache.catalina.connector.CoyoteAdapter.service(CoyoteAdapter.java:357)
	at org.apache.coyote.http11.Http11Processor.service(Http11Processor.java:400)
	at org.apache.coyote.AbstractProcessorLight.process(AbstractProcessorLight.java:65)
	at org.apache.coyote.AbstractProtocol$ConnectionHandler.process(AbstractProtocol.java:859)
	at org.apache.tomcat.util.net.NioEndpoint$SocketProcessor.doRun(NioEndpoint.java:1734)
	at org.apache.tomcat.util.net.SocketProcessorBase.run(SocketProcessorBase.java:52)
	at org.apache.tomcat.util.threads.ThreadPoolExecutor.runWorker(ThreadPoolExecutor.java:1191)
	at org.apache.tomcat.util.threads.ThreadPoolExecutor$Worker.run(ThreadPoolExecutor.java:659)
	at org.apache.tomcat.util.threads.TaskThread$WrappingRunnable.run(TaskThread.java:61)
	at java.base/java.lang.Thread.run(Thread.java:842)
Caused by: java.lang.IllegalStateException: org.apache.tomcat.util.http.fileupload.impl.FileSizeLimitExceededException: The field file exceeds its maximum permitted size of 1048576 bytes.
	at org.apache.catalina.connector.Request.parseParts(Request.java:2926)
	at org.apache.catalina.connector.Request.getParts(Request.java:2778)
	at org.apache.catalina.connector.RequestFacade.getParts(RequestFacade.java:1074)
	at org.springframework.web.multipart.support.StandardMultipartHttpServletRequest.parseRequest(StandardMultipartHttpServletRequest.java:93)
	... 47 common frames omitted
Caused by: org.apache.tomcat.util.http.fileupload.impl.FileSizeLimitExceededException: The field file exceeds its maximum permitted size of 1048576 bytes.
	at org.apache.tomcat.util.http.fileupload.impl.FileItemStreamImpl$1.raiseError(FileItemStreamImpl.java:117)
	at org.apache.tomcat.util.http.fileupload.util.LimitedInputStream.checkLimit(LimitedInputStream.java:76)
	at org.apache.tomcat.util.http.fileupload.util.LimitedInputStream.read(LimitedInputStream.java:135)
	at java.base/java.io.FilterInputStream.read(FilterInputStream.java:106)
	at org.apache.tomcat.util.http.fileupload.util.Streams.copy(Streams.java:96)
	at org.apache.tomcat.util.http.fileupload.FileUploadBase.parseRequest(FileUploadBase.java:292)
	at org.apache.catalina.connector.Request.parseParts(Request.java:2884)
	... 50 common frames omitted
2025-09-18 16:07:34.562 [http-nio-8083-exec-7] INFO  c.z.f.b.context.filter.HeaderUserId2ContextFilter - ===== 删除 ThreadLocal， userId: 100
2025-09-18 16:07:47.550 [http-nio-8083-exec-8] INFO  c.z.f.b.context.filter.HeaderUserId2ContextFilter - ## HeaderUserId2ContextFilter, 用户 ID: 100
2025-09-18 16:07:47.558 [http-nio-8083-exec-8] INFO  c.z.xiaohongshu.oss.biz.controller.FileController - ==> 用户： 100
2025-09-18 16:07:47.558 [http-nio-8083-exec-8] INFO  c.z.x.oss.biz.strategy.impl.AliyunOSSFileStrategy - ## 上传文件至阿里云 OSS ...
2025-09-18 16:07:47.559 [http-nio-8083-exec-8] INFO  c.z.x.oss.biz.strategy.impl.AliyunOSSFileStrategy - ==> 开始上传文件至阿里云 OSS, ObjectName: 353c7cc6aaef44f0a8900f4fd5d3b01d.jpeg
2025-09-18 16:07:47.860 [http-nio-8083-exec-8] INFO  c.z.x.oss.biz.strategy.impl.AliyunOSSFileStrategy - ==> 上传文件至阿里云 OSS 成功，访问路径: https://my-xiaohongshu-oss.oss-cn-guangzhou.aliyuncs.com/353c7cc6aaef44f0a8900f4fd5d3b01d.jpeg
2025-09-18 16:07:47.864 [http-nio-8083-exec-8] INFO  c.z.f.b.context.filter.HeaderUserId2ContextFilter - ===== 删除 ThreadLocal， userId: 100
2025-09-18 16:13:24.786 [http-nio-8083-exec-10] INFO  c.z.f.b.context.filter.HeaderUserId2ContextFilter - ## HeaderUserId2ContextFilter, 用户 ID: 100
2025-09-18 16:13:24.801 [http-nio-8083-exec-10] ERROR c.z.x.oss.biz.exception.GlobalExceptionHandler - /file/upload request error, 
org.springframework.web.multipart.MaxUploadSizeExceededException: Maximum upload size exceeded
	at org.springframework.web.multipart.support.StandardMultipartHttpServletRequest.handleParseFailure(StandardMultipartHttpServletRequest.java:119)
	at org.springframework.web.multipart.support.StandardMultipartHttpServletRequest.parseRequest(StandardMultipartHttpServletRequest.java:110)
	at org.springframework.web.multipart.support.StandardMultipartHttpServletRequest.<init>(StandardMultipartHttpServletRequest.java:86)
	at org.springframework.web.multipart.support.StandardServletMultipartResolver.resolveMultipart(StandardServletMultipartResolver.java:112)
	at org.springframework.web.servlet.DispatcherServlet.checkMultipart(DispatcherServlet.java:1218)
	at org.springframework.web.servlet.DispatcherServlet.doDispatch(DispatcherServlet.java:1052)
	at org.springframework.web.servlet.DispatcherServlet.doService(DispatcherServlet.java:973)
	at org.springframework.web.servlet.FrameworkServlet.processRequest(FrameworkServlet.java:1011)
	at org.springframework.web.servlet.FrameworkServlet.doPost(FrameworkServlet.java:914)
	at jakarta.servlet.http.HttpServlet.service(HttpServlet.java:547)
	at org.springframework.web.servlet.FrameworkServlet.service(FrameworkServlet.java:885)
	at jakarta.servlet.http.HttpServlet.service(HttpServlet.java:614)
	at org.apache.catalina.core.ApplicationFilterChain.internalDoFilter(ApplicationFilterChain.java:223)
	at org.apache.catalina.core.ApplicationFilterChain.doFilter(ApplicationFilterChain.java:158)
	at org.apache.tomcat.websocket.server.WsFilter.doFilter(WsFilter.java:53)
	at org.apache.catalina.core.ApplicationFilterChain.internalDoFilter(ApplicationFilterChain.java:185)
	at org.apache.catalina.core.ApplicationFilterChain.doFilter(ApplicationFilterChain.java:158)
	at com.zry.framework.biz.context.filter.HeaderUserId2ContextFilter.doFilterInternal(HeaderUserId2ContextFilter.java:33)
	at org.springframework.web.filter.OncePerRequestFilter.doFilter(OncePerRequestFilter.java:116)
	at org.apache.catalina.core.ApplicationFilterChain.internalDoFilter(ApplicationFilterChain.java:185)
	at org.apache.catalina.core.ApplicationFilterChain.doFilter(ApplicationFilterChain.java:158)
	at org.springframework.web.filter.RequestContextFilter.doFilterInternal(RequestContextFilter.java:100)
	at org.springframework.web.filter.OncePerRequestFilter.doFilter(OncePerRequestFilter.java:116)
	at org.apache.catalina.core.ApplicationFilterChain.internalDoFilter(ApplicationFilterChain.java:185)
	at org.apache.catalina.core.ApplicationFilterChain.doFilter(ApplicationFilterChain.java:158)
	at org.springframework.web.filter.FormContentFilter.doFilterInternal(FormContentFilter.java:93)
	at org.springframework.web.filter.OncePerRequestFilter.doFilter(OncePerRequestFilter.java:116)
	at org.apache.catalina.core.ApplicationFilterChain.internalDoFilter(ApplicationFilterChain.java:185)
	at org.apache.catalina.core.ApplicationFilterChain.doFilter(ApplicationFilterChain.java:158)
	at org.springframework.web.filter.CharacterEncodingFilter.doFilterInternal(CharacterEncodingFilter.java:201)
	at org.springframework.web.filter.OncePerRequestFilter.doFilter(OncePerRequestFilter.java:116)
	at org.apache.catalina.core.ApplicationFilterChain.internalDoFilter(ApplicationFilterChain.java:185)
	at org.apache.catalina.core.ApplicationFilterChain.doFilter(ApplicationFilterChain.java:158)
	at org.apache.catalina.core.StandardWrapperValve.invoke(StandardWrapperValve.java:177)
	at org.apache.catalina.core.StandardContextValve.invoke(StandardContextValve.java:97)
	at org.apache.catalina.authenticator.AuthenticatorBase.invoke(AuthenticatorBase.java:542)
	at org.apache.catalina.core.StandardHostValve.invoke(StandardHostValve.java:119)
	at org.apache.catalina.valves.ErrorReportValve.invoke(ErrorReportValve.java:92)
	at org.apache.catalina.core.StandardEngineValve.invoke(StandardEngineValve.java:78)
	at org.apache.catalina.connector.CoyoteAdapter.service(CoyoteAdapter.java:357)
	at org.apache.coyote.http11.Http11Processor.service(Http11Processor.java:400)
	at org.apache.coyote.AbstractProcessorLight.process(AbstractProcessorLight.java:65)
	at org.apache.coyote.AbstractProtocol$ConnectionHandler.process(AbstractProtocol.java:859)
	at org.apache.tomcat.util.net.NioEndpoint$SocketProcessor.doRun(NioEndpoint.java:1734)
	at org.apache.tomcat.util.net.SocketProcessorBase.run(SocketProcessorBase.java:52)
	at org.apache.tomcat.util.threads.ThreadPoolExecutor.runWorker(ThreadPoolExecutor.java:1191)
	at org.apache.tomcat.util.threads.ThreadPoolExecutor$Worker.run(ThreadPoolExecutor.java:659)
	at org.apache.tomcat.util.threads.TaskThread$WrappingRunnable.run(TaskThread.java:61)
	at java.base/java.lang.Thread.run(Thread.java:842)
Caused by: java.lang.IllegalStateException: org.apache.tomcat.util.http.fileupload.impl.FileSizeLimitExceededException: The field file exceeds its maximum permitted size of 1048576 bytes.
	at org.apache.catalina.connector.Request.parseParts(Request.java:2926)
	at org.apache.catalina.connector.Request.getParts(Request.java:2778)
	at org.apache.catalina.connector.RequestFacade.getParts(RequestFacade.java:1074)
	at org.springframework.web.multipart.support.StandardMultipartHttpServletRequest.parseRequest(StandardMultipartHttpServletRequest.java:93)
	... 47 common frames omitted
Caused by: org.apache.tomcat.util.http.fileupload.impl.FileSizeLimitExceededException: The field file exceeds its maximum permitted size of 1048576 bytes.
	at org.apache.tomcat.util.http.fileupload.impl.FileItemStreamImpl$1.raiseError(FileItemStreamImpl.java:117)
	at org.apache.tomcat.util.http.fileupload.util.LimitedInputStream.checkLimit(LimitedInputStream.java:76)
	at org.apache.tomcat.util.http.fileupload.util.LimitedInputStream.read(LimitedInputStream.java:135)
	at java.base/java.io.FilterInputStream.read(FilterInputStream.java:106)
	at org.apache.tomcat.util.http.fileupload.util.Streams.copy(Streams.java:96)
	at org.apache.tomcat.util.http.fileupload.FileUploadBase.parseRequest(FileUploadBase.java:292)
	at org.apache.catalina.connector.Request.parseParts(Request.java:2884)
	... 50 common frames omitted
2025-09-18 16:13:24.802 [http-nio-8083-exec-10] INFO  c.z.f.b.context.filter.HeaderUserId2ContextFilter - ===== 删除 ThreadLocal， userId: 100
2025-09-18 16:13:24.817 [http-nio-8083-exec-1] INFO  c.z.f.b.context.filter.HeaderUserId2ContextFilter - ## HeaderUserId2ContextFilter, 用户 ID: 100
2025-09-18 16:13:24.827 [http-nio-8083-exec-1] ERROR c.z.x.oss.biz.exception.GlobalExceptionHandler - /file/upload request error, 
org.springframework.web.multipart.MaxUploadSizeExceededException: Maximum upload size exceeded
	at org.springframework.web.multipart.support.StandardMultipartHttpServletRequest.handleParseFailure(StandardMultipartHttpServletRequest.java:119)
	at org.springframework.web.multipart.support.StandardMultipartHttpServletRequest.parseRequest(StandardMultipartHttpServletRequest.java:110)
	at org.springframework.web.multipart.support.StandardMultipartHttpServletRequest.<init>(StandardMultipartHttpServletRequest.java:86)
	at org.springframework.web.multipart.support.StandardServletMultipartResolver.resolveMultipart(StandardServletMultipartResolver.java:112)
	at org.springframework.web.servlet.DispatcherServlet.checkMultipart(DispatcherServlet.java:1218)
	at org.springframework.web.servlet.DispatcherServlet.doDispatch(DispatcherServlet.java:1052)
	at org.springframework.web.servlet.DispatcherServlet.doService(DispatcherServlet.java:973)
	at org.springframework.web.servlet.FrameworkServlet.processRequest(FrameworkServlet.java:1011)
	at org.springframework.web.servlet.FrameworkServlet.doPost(FrameworkServlet.java:914)
	at jakarta.servlet.http.HttpServlet.service(HttpServlet.java:547)
	at org.springframework.web.servlet.FrameworkServlet.service(FrameworkServlet.java:885)
	at jakarta.servlet.http.HttpServlet.service(HttpServlet.java:614)
	at org.apache.catalina.core.ApplicationFilterChain.internalDoFilter(ApplicationFilterChain.java:223)
	at org.apache.catalina.core.ApplicationFilterChain.doFilter(ApplicationFilterChain.java:158)
	at org.apache.tomcat.websocket.server.WsFilter.doFilter(WsFilter.java:53)
	at org.apache.catalina.core.ApplicationFilterChain.internalDoFilter(ApplicationFilterChain.java:185)
	at org.apache.catalina.core.ApplicationFilterChain.doFilter(ApplicationFilterChain.java:158)
	at com.zry.framework.biz.context.filter.HeaderUserId2ContextFilter.doFilterInternal(HeaderUserId2ContextFilter.java:33)
	at org.springframework.web.filter.OncePerRequestFilter.doFilter(OncePerRequestFilter.java:116)
	at org.apache.catalina.core.ApplicationFilterChain.internalDoFilter(ApplicationFilterChain.java:185)
	at org.apache.catalina.core.ApplicationFilterChain.doFilter(ApplicationFilterChain.java:158)
	at org.springframework.web.filter.RequestContextFilter.doFilterInternal(RequestContextFilter.java:100)
	at org.springframework.web.filter.OncePerRequestFilter.doFilter(OncePerRequestFilter.java:116)
	at org.apache.catalina.core.ApplicationFilterChain.internalDoFilter(ApplicationFilterChain.java:185)
	at org.apache.catalina.core.ApplicationFilterChain.doFilter(ApplicationFilterChain.java:158)
	at org.springframework.web.filter.FormContentFilter.doFilterInternal(FormContentFilter.java:93)
	at org.springframework.web.filter.OncePerRequestFilter.doFilter(OncePerRequestFilter.java:116)
	at org.apache.catalina.core.ApplicationFilterChain.internalDoFilter(ApplicationFilterChain.java:185)
	at org.apache.catalina.core.ApplicationFilterChain.doFilter(ApplicationFilterChain.java:158)
	at org.springframework.web.filter.CharacterEncodingFilter.doFilterInternal(CharacterEncodingFilter.java:201)
	at org.springframework.web.filter.OncePerRequestFilter.doFilter(OncePerRequestFilter.java:116)
	at org.apache.catalina.core.ApplicationFilterChain.internalDoFilter(ApplicationFilterChain.java:185)
	at org.apache.catalina.core.ApplicationFilterChain.doFilter(ApplicationFilterChain.java:158)
	at org.apache.catalina.core.StandardWrapperValve.invoke(StandardWrapperValve.java:177)
	at org.apache.catalina.core.StandardContextValve.invoke(StandardContextValve.java:97)
	at org.apache.catalina.authenticator.AuthenticatorBase.invoke(AuthenticatorBase.java:542)
	at org.apache.catalina.core.StandardHostValve.invoke(StandardHostValve.java:119)
	at org.apache.catalina.valves.ErrorReportValve.invoke(ErrorReportValve.java:92)
	at org.apache.catalina.core.StandardEngineValve.invoke(StandardEngineValve.java:78)
	at org.apache.catalina.connector.CoyoteAdapter.service(CoyoteAdapter.java:357)
	at org.apache.coyote.http11.Http11Processor.service(Http11Processor.java:400)
	at org.apache.coyote.AbstractProcessorLight.process(AbstractProcessorLight.java:65)
	at org.apache.coyote.AbstractProtocol$ConnectionHandler.process(AbstractProtocol.java:859)
	at org.apache.tomcat.util.net.NioEndpoint$SocketProcessor.doRun(NioEndpoint.java:1734)
	at org.apache.tomcat.util.net.SocketProcessorBase.run(SocketProcessorBase.java:52)
	at org.apache.tomcat.util.threads.ThreadPoolExecutor.runWorker(ThreadPoolExecutor.java:1191)
	at org.apache.tomcat.util.threads.ThreadPoolExecutor$Worker.run(ThreadPoolExecutor.java:659)
	at org.apache.tomcat.util.threads.TaskThread$WrappingRunnable.run(TaskThread.java:61)
	at java.base/java.lang.Thread.run(Thread.java:842)
Caused by: java.lang.IllegalStateException: org.apache.tomcat.util.http.fileupload.impl.FileSizeLimitExceededException: The field file exceeds its maximum permitted size of 1048576 bytes.
	at org.apache.catalina.connector.Request.parseParts(Request.java:2926)
	at org.apache.catalina.connector.Request.getParts(Request.java:2778)
	at org.apache.catalina.connector.RequestFacade.getParts(RequestFacade.java:1074)
	at org.springframework.web.multipart.support.StandardMultipartHttpServletRequest.parseRequest(StandardMultipartHttpServletRequest.java:93)
	... 47 common frames omitted
Caused by: org.apache.tomcat.util.http.fileupload.impl.FileSizeLimitExceededException: The field file exceeds its maximum permitted size of 1048576 bytes.
	at org.apache.tomcat.util.http.fileupload.impl.FileItemStreamImpl$1.raiseError(FileItemStreamImpl.java:117)
	at org.apache.tomcat.util.http.fileupload.util.LimitedInputStream.checkLimit(LimitedInputStream.java:76)
	at org.apache.tomcat.util.http.fileupload.util.LimitedInputStream.read(LimitedInputStream.java:135)
	at java.base/java.io.FilterInputStream.read(FilterInputStream.java:106)
	at org.apache.tomcat.util.http.fileupload.util.Streams.copy(Streams.java:96)
	at org.apache.tomcat.util.http.fileupload.FileUploadBase.parseRequest(FileUploadBase.java:292)
	at org.apache.catalina.connector.Request.parseParts(Request.java:2884)
	... 50 common frames omitted
2025-09-18 16:13:24.830 [http-nio-8083-exec-1] INFO  c.z.f.b.context.filter.HeaderUserId2ContextFilter - ===== 删除 ThreadLocal， userId: 100
2025-09-18 16:13:35.550 [http-nio-8083-exec-2] INFO  c.z.f.b.context.filter.HeaderUserId2ContextFilter - ## HeaderUserId2ContextFilter, 用户 ID: 100
2025-09-18 16:13:35.567 [http-nio-8083-exec-2] ERROR c.z.x.oss.biz.exception.GlobalExceptionHandler - /file/upload request error, 
org.springframework.web.multipart.MaxUploadSizeExceededException: Maximum upload size exceeded
	at org.springframework.web.multipart.support.StandardMultipartHttpServletRequest.handleParseFailure(StandardMultipartHttpServletRequest.java:119)
	at org.springframework.web.multipart.support.StandardMultipartHttpServletRequest.parseRequest(StandardMultipartHttpServletRequest.java:110)
	at org.springframework.web.multipart.support.StandardMultipartHttpServletRequest.<init>(StandardMultipartHttpServletRequest.java:86)
	at org.springframework.web.multipart.support.StandardServletMultipartResolver.resolveMultipart(StandardServletMultipartResolver.java:112)
	at org.springframework.web.servlet.DispatcherServlet.checkMultipart(DispatcherServlet.java:1218)
	at org.springframework.web.servlet.DispatcherServlet.doDispatch(DispatcherServlet.java:1052)
	at org.springframework.web.servlet.DispatcherServlet.doService(DispatcherServlet.java:973)
	at org.springframework.web.servlet.FrameworkServlet.processRequest(FrameworkServlet.java:1011)
	at org.springframework.web.servlet.FrameworkServlet.doPost(FrameworkServlet.java:914)
	at jakarta.servlet.http.HttpServlet.service(HttpServlet.java:547)
	at org.springframework.web.servlet.FrameworkServlet.service(FrameworkServlet.java:885)
	at jakarta.servlet.http.HttpServlet.service(HttpServlet.java:614)
	at org.apache.catalina.core.ApplicationFilterChain.internalDoFilter(ApplicationFilterChain.java:223)
	at org.apache.catalina.core.ApplicationFilterChain.doFilter(ApplicationFilterChain.java:158)
	at org.apache.tomcat.websocket.server.WsFilter.doFilter(WsFilter.java:53)
	at org.apache.catalina.core.ApplicationFilterChain.internalDoFilter(ApplicationFilterChain.java:185)
	at org.apache.catalina.core.ApplicationFilterChain.doFilter(ApplicationFilterChain.java:158)
	at com.zry.framework.biz.context.filter.HeaderUserId2ContextFilter.doFilterInternal(HeaderUserId2ContextFilter.java:33)
	at org.springframework.web.filter.OncePerRequestFilter.doFilter(OncePerRequestFilter.java:116)
	at org.apache.catalina.core.ApplicationFilterChain.internalDoFilter(ApplicationFilterChain.java:185)
	at org.apache.catalina.core.ApplicationFilterChain.doFilter(ApplicationFilterChain.java:158)
	at org.springframework.web.filter.RequestContextFilter.doFilterInternal(RequestContextFilter.java:100)
	at org.springframework.web.filter.OncePerRequestFilter.doFilter(OncePerRequestFilter.java:116)
	at org.apache.catalina.core.ApplicationFilterChain.internalDoFilter(ApplicationFilterChain.java:185)
	at org.apache.catalina.core.ApplicationFilterChain.doFilter(ApplicationFilterChain.java:158)
	at org.springframework.web.filter.FormContentFilter.doFilterInternal(FormContentFilter.java:93)
	at org.springframework.web.filter.OncePerRequestFilter.doFilter(OncePerRequestFilter.java:116)
	at org.apache.catalina.core.ApplicationFilterChain.internalDoFilter(ApplicationFilterChain.java:185)
	at org.apache.catalina.core.ApplicationFilterChain.doFilter(ApplicationFilterChain.java:158)
	at org.springframework.web.filter.CharacterEncodingFilter.doFilterInternal(CharacterEncodingFilter.java:201)
	at org.springframework.web.filter.OncePerRequestFilter.doFilter(OncePerRequestFilter.java:116)
	at org.apache.catalina.core.ApplicationFilterChain.internalDoFilter(ApplicationFilterChain.java:185)
	at org.apache.catalina.core.ApplicationFilterChain.doFilter(ApplicationFilterChain.java:158)
	at org.apache.catalina.core.StandardWrapperValve.invoke(StandardWrapperValve.java:177)
	at org.apache.catalina.core.StandardContextValve.invoke(StandardContextValve.java:97)
	at org.apache.catalina.authenticator.AuthenticatorBase.invoke(AuthenticatorBase.java:542)
	at org.apache.catalina.core.StandardHostValve.invoke(StandardHostValve.java:119)
	at org.apache.catalina.valves.ErrorReportValve.invoke(ErrorReportValve.java:92)
	at org.apache.catalina.core.StandardEngineValve.invoke(StandardEngineValve.java:78)
	at org.apache.catalina.connector.CoyoteAdapter.service(CoyoteAdapter.java:357)
	at org.apache.coyote.http11.Http11Processor.service(Http11Processor.java:400)
	at org.apache.coyote.AbstractProcessorLight.process(AbstractProcessorLight.java:65)
	at org.apache.coyote.AbstractProtocol$ConnectionHandler.process(AbstractProtocol.java:859)
	at org.apache.tomcat.util.net.NioEndpoint$SocketProcessor.doRun(NioEndpoint.java:1734)
	at org.apache.tomcat.util.net.SocketProcessorBase.run(SocketProcessorBase.java:52)
	at org.apache.tomcat.util.threads.ThreadPoolExecutor.runWorker(ThreadPoolExecutor.java:1191)
	at org.apache.tomcat.util.threads.ThreadPoolExecutor$Worker.run(ThreadPoolExecutor.java:659)
	at org.apache.tomcat.util.threads.TaskThread$WrappingRunnable.run(TaskThread.java:61)
	at java.base/java.lang.Thread.run(Thread.java:842)
Caused by: java.lang.IllegalStateException: org.apache.tomcat.util.http.fileupload.impl.FileSizeLimitExceededException: The field file exceeds its maximum permitted size of 1048576 bytes.
	at org.apache.catalina.connector.Request.parseParts(Request.java:2926)
	at org.apache.catalina.connector.Request.getParts(Request.java:2778)
	at org.apache.catalina.connector.RequestFacade.getParts(RequestFacade.java:1074)
	at org.springframework.web.multipart.support.StandardMultipartHttpServletRequest.parseRequest(StandardMultipartHttpServletRequest.java:93)
	... 47 common frames omitted
Caused by: org.apache.tomcat.util.http.fileupload.impl.FileSizeLimitExceededException: The field file exceeds its maximum permitted size of 1048576 bytes.
	at org.apache.tomcat.util.http.fileupload.impl.FileItemStreamImpl$1.raiseError(FileItemStreamImpl.java:117)
	at org.apache.tomcat.util.http.fileupload.util.LimitedInputStream.checkLimit(LimitedInputStream.java:76)
	at org.apache.tomcat.util.http.fileupload.util.LimitedInputStream.read(LimitedInputStream.java:135)
	at java.base/java.io.FilterInputStream.read(FilterInputStream.java:106)
	at org.apache.tomcat.util.http.fileupload.util.Streams.copy(Streams.java:96)
	at org.apache.tomcat.util.http.fileupload.FileUploadBase.parseRequest(FileUploadBase.java:292)
	at org.apache.catalina.connector.Request.parseParts(Request.java:2884)
	... 50 common frames omitted
2025-09-18 16:13:35.568 [http-nio-8083-exec-2] INFO  c.z.f.b.context.filter.HeaderUserId2ContextFilter - ===== 删除 ThreadLocal， userId: 100
2025-09-18 16:13:42.782 [http-nio-8083-exec-3] INFO  c.z.f.b.context.filter.HeaderUserId2ContextFilter - ## HeaderUserId2ContextFilter, 用户 ID: 100
2025-09-18 16:13:42.799 [http-nio-8083-exec-3] ERROR c.z.x.oss.biz.exception.GlobalExceptionHandler - /file/upload request error, 
org.springframework.web.multipart.MaxUploadSizeExceededException: Maximum upload size exceeded
	at org.springframework.web.multipart.support.StandardMultipartHttpServletRequest.handleParseFailure(StandardMultipartHttpServletRequest.java:119)
	at org.springframework.web.multipart.support.StandardMultipartHttpServletRequest.parseRequest(StandardMultipartHttpServletRequest.java:110)
	at org.springframework.web.multipart.support.StandardMultipartHttpServletRequest.<init>(StandardMultipartHttpServletRequest.java:86)
	at org.springframework.web.multipart.support.StandardServletMultipartResolver.resolveMultipart(StandardServletMultipartResolver.java:112)
	at org.springframework.web.servlet.DispatcherServlet.checkMultipart(DispatcherServlet.java:1218)
	at org.springframework.web.servlet.DispatcherServlet.doDispatch(DispatcherServlet.java:1052)
	at org.springframework.web.servlet.DispatcherServlet.doService(DispatcherServlet.java:973)
	at org.springframework.web.servlet.FrameworkServlet.processRequest(FrameworkServlet.java:1011)
	at org.springframework.web.servlet.FrameworkServlet.doPost(FrameworkServlet.java:914)
	at jakarta.servlet.http.HttpServlet.service(HttpServlet.java:547)
	at org.springframework.web.servlet.FrameworkServlet.service(FrameworkServlet.java:885)
	at jakarta.servlet.http.HttpServlet.service(HttpServlet.java:614)
	at org.apache.catalina.core.ApplicationFilterChain.internalDoFilter(ApplicationFilterChain.java:223)
	at org.apache.catalina.core.ApplicationFilterChain.doFilter(ApplicationFilterChain.java:158)
	at org.apache.tomcat.websocket.server.WsFilter.doFilter(WsFilter.java:53)
	at org.apache.catalina.core.ApplicationFilterChain.internalDoFilter(ApplicationFilterChain.java:185)
	at org.apache.catalina.core.ApplicationFilterChain.doFilter(ApplicationFilterChain.java:158)
	at com.zry.framework.biz.context.filter.HeaderUserId2ContextFilter.doFilterInternal(HeaderUserId2ContextFilter.java:33)
	at org.springframework.web.filter.OncePerRequestFilter.doFilter(OncePerRequestFilter.java:116)
	at org.apache.catalina.core.ApplicationFilterChain.internalDoFilter(ApplicationFilterChain.java:185)
	at org.apache.catalina.core.ApplicationFilterChain.doFilter(ApplicationFilterChain.java:158)
	at org.springframework.web.filter.RequestContextFilter.doFilterInternal(RequestContextFilter.java:100)
	at org.springframework.web.filter.OncePerRequestFilter.doFilter(OncePerRequestFilter.java:116)
	at org.apache.catalina.core.ApplicationFilterChain.internalDoFilter(ApplicationFilterChain.java:185)
	at org.apache.catalina.core.ApplicationFilterChain.doFilter(ApplicationFilterChain.java:158)
	at org.springframework.web.filter.FormContentFilter.doFilterInternal(FormContentFilter.java:93)
	at org.springframework.web.filter.OncePerRequestFilter.doFilter(OncePerRequestFilter.java:116)
	at org.apache.catalina.core.ApplicationFilterChain.internalDoFilter(ApplicationFilterChain.java:185)
	at org.apache.catalina.core.ApplicationFilterChain.doFilter(ApplicationFilterChain.java:158)
	at org.springframework.web.filter.CharacterEncodingFilter.doFilterInternal(CharacterEncodingFilter.java:201)
	at org.springframework.web.filter.OncePerRequestFilter.doFilter(OncePerRequestFilter.java:116)
	at org.apache.catalina.core.ApplicationFilterChain.internalDoFilter(ApplicationFilterChain.java:185)
	at org.apache.catalina.core.ApplicationFilterChain.doFilter(ApplicationFilterChain.java:158)
	at org.apache.catalina.core.StandardWrapperValve.invoke(StandardWrapperValve.java:177)
	at org.apache.catalina.core.StandardContextValve.invoke(StandardContextValve.java:97)
	at org.apache.catalina.authenticator.AuthenticatorBase.invoke(AuthenticatorBase.java:542)
	at org.apache.catalina.core.StandardHostValve.invoke(StandardHostValve.java:119)
	at org.apache.catalina.valves.ErrorReportValve.invoke(ErrorReportValve.java:92)
	at org.apache.catalina.core.StandardEngineValve.invoke(StandardEngineValve.java:78)
	at org.apache.catalina.connector.CoyoteAdapter.service(CoyoteAdapter.java:357)
	at org.apache.coyote.http11.Http11Processor.service(Http11Processor.java:400)
	at org.apache.coyote.AbstractProcessorLight.process(AbstractProcessorLight.java:65)
	at org.apache.coyote.AbstractProtocol$ConnectionHandler.process(AbstractProtocol.java:859)
	at org.apache.tomcat.util.net.NioEndpoint$SocketProcessor.doRun(NioEndpoint.java:1734)
	at org.apache.tomcat.util.net.SocketProcessorBase.run(SocketProcessorBase.java:52)
	at org.apache.tomcat.util.threads.ThreadPoolExecutor.runWorker(ThreadPoolExecutor.java:1191)
	at org.apache.tomcat.util.threads.ThreadPoolExecutor$Worker.run(ThreadPoolExecutor.java:659)
	at org.apache.tomcat.util.threads.TaskThread$WrappingRunnable.run(TaskThread.java:61)
	at java.base/java.lang.Thread.run(Thread.java:842)
Caused by: java.lang.IllegalStateException: org.apache.tomcat.util.http.fileupload.impl.FileSizeLimitExceededException: The field file exceeds its maximum permitted size of 1048576 bytes.
	at org.apache.catalina.connector.Request.parseParts(Request.java:2926)
	at org.apache.catalina.connector.Request.getParts(Request.java:2778)
	at org.apache.catalina.connector.RequestFacade.getParts(RequestFacade.java:1074)
	at org.springframework.web.multipart.support.StandardMultipartHttpServletRequest.parseRequest(StandardMultipartHttpServletRequest.java:93)
	... 47 common frames omitted
Caused by: org.apache.tomcat.util.http.fileupload.impl.FileSizeLimitExceededException: The field file exceeds its maximum permitted size of 1048576 bytes.
	at org.apache.tomcat.util.http.fileupload.impl.FileItemStreamImpl$1.raiseError(FileItemStreamImpl.java:117)
	at org.apache.tomcat.util.http.fileupload.util.LimitedInputStream.checkLimit(LimitedInputStream.java:76)
	at org.apache.tomcat.util.http.fileupload.util.LimitedInputStream.read(LimitedInputStream.java:135)
	at java.base/java.io.FilterInputStream.read(FilterInputStream.java:106)
	at org.apache.tomcat.util.http.fileupload.util.Streams.copy(Streams.java:96)
	at org.apache.tomcat.util.http.fileupload.FileUploadBase.parseRequest(FileUploadBase.java:292)
	at org.apache.catalina.connector.Request.parseParts(Request.java:2884)
	... 50 common frames omitted
2025-09-18 16:13:42.800 [http-nio-8083-exec-3] INFO  c.z.f.b.context.filter.HeaderUserId2ContextFilter - ===== 删除 ThreadLocal， userId: 100
2025-09-18 16:14:03.262 [http-nio-8083-exec-4] INFO  c.z.f.b.context.filter.HeaderUserId2ContextFilter - ## HeaderUserId2ContextFilter, 用户 ID: 100
2025-09-18 16:14:03.279 [http-nio-8083-exec-4] ERROR c.z.x.oss.biz.exception.GlobalExceptionHandler - /file/upload request error, 
org.springframework.web.multipart.MaxUploadSizeExceededException: Maximum upload size exceeded
	at org.springframework.web.multipart.support.StandardMultipartHttpServletRequest.handleParseFailure(StandardMultipartHttpServletRequest.java:119)
	at org.springframework.web.multipart.support.StandardMultipartHttpServletRequest.parseRequest(StandardMultipartHttpServletRequest.java:110)
	at org.springframework.web.multipart.support.StandardMultipartHttpServletRequest.<init>(StandardMultipartHttpServletRequest.java:86)
	at org.springframework.web.multipart.support.StandardServletMultipartResolver.resolveMultipart(StandardServletMultipartResolver.java:112)
	at org.springframework.web.servlet.DispatcherServlet.checkMultipart(DispatcherServlet.java:1218)
	at org.springframework.web.servlet.DispatcherServlet.doDispatch(DispatcherServlet.java:1052)
	at org.springframework.web.servlet.DispatcherServlet.doService(DispatcherServlet.java:973)
	at org.springframework.web.servlet.FrameworkServlet.processRequest(FrameworkServlet.java:1011)
	at org.springframework.web.servlet.FrameworkServlet.doPost(FrameworkServlet.java:914)
	at jakarta.servlet.http.HttpServlet.service(HttpServlet.java:547)
	at org.springframework.web.servlet.FrameworkServlet.service(FrameworkServlet.java:885)
	at jakarta.servlet.http.HttpServlet.service(HttpServlet.java:614)
	at org.apache.catalina.core.ApplicationFilterChain.internalDoFilter(ApplicationFilterChain.java:223)
	at org.apache.catalina.core.ApplicationFilterChain.doFilter(ApplicationFilterChain.java:158)
	at org.apache.tomcat.websocket.server.WsFilter.doFilter(WsFilter.java:53)
	at org.apache.catalina.core.ApplicationFilterChain.internalDoFilter(ApplicationFilterChain.java:185)
	at org.apache.catalina.core.ApplicationFilterChain.doFilter(ApplicationFilterChain.java:158)
	at com.zry.framework.biz.context.filter.HeaderUserId2ContextFilter.doFilterInternal(HeaderUserId2ContextFilter.java:33)
	at org.springframework.web.filter.OncePerRequestFilter.doFilter(OncePerRequestFilter.java:116)
	at org.apache.catalina.core.ApplicationFilterChain.internalDoFilter(ApplicationFilterChain.java:185)
	at org.apache.catalina.core.ApplicationFilterChain.doFilter(ApplicationFilterChain.java:158)
	at org.springframework.web.filter.RequestContextFilter.doFilterInternal(RequestContextFilter.java:100)
	at org.springframework.web.filter.OncePerRequestFilter.doFilter(OncePerRequestFilter.java:116)
	at org.apache.catalina.core.ApplicationFilterChain.internalDoFilter(ApplicationFilterChain.java:185)
	at org.apache.catalina.core.ApplicationFilterChain.doFilter(ApplicationFilterChain.java:158)
	at org.springframework.web.filter.FormContentFilter.doFilterInternal(FormContentFilter.java:93)
	at org.springframework.web.filter.OncePerRequestFilter.doFilter(OncePerRequestFilter.java:116)
	at org.apache.catalina.core.ApplicationFilterChain.internalDoFilter(ApplicationFilterChain.java:185)
	at org.apache.catalina.core.ApplicationFilterChain.doFilter(ApplicationFilterChain.java:158)
	at org.springframework.web.filter.CharacterEncodingFilter.doFilterInternal(CharacterEncodingFilter.java:201)
	at org.springframework.web.filter.OncePerRequestFilter.doFilter(OncePerRequestFilter.java:116)
	at org.apache.catalina.core.ApplicationFilterChain.internalDoFilter(ApplicationFilterChain.java:185)
	at org.apache.catalina.core.ApplicationFilterChain.doFilter(ApplicationFilterChain.java:158)
	at org.apache.catalina.core.StandardWrapperValve.invoke(StandardWrapperValve.java:177)
	at org.apache.catalina.core.StandardContextValve.invoke(StandardContextValve.java:97)
	at org.apache.catalina.authenticator.AuthenticatorBase.invoke(AuthenticatorBase.java:542)
	at org.apache.catalina.core.StandardHostValve.invoke(StandardHostValve.java:119)
	at org.apache.catalina.valves.ErrorReportValve.invoke(ErrorReportValve.java:92)
	at org.apache.catalina.core.StandardEngineValve.invoke(StandardEngineValve.java:78)
	at org.apache.catalina.connector.CoyoteAdapter.service(CoyoteAdapter.java:357)
	at org.apache.coyote.http11.Http11Processor.service(Http11Processor.java:400)
	at org.apache.coyote.AbstractProcessorLight.process(AbstractProcessorLight.java:65)
	at org.apache.coyote.AbstractProtocol$ConnectionHandler.process(AbstractProtocol.java:859)
	at org.apache.tomcat.util.net.NioEndpoint$SocketProcessor.doRun(NioEndpoint.java:1734)
	at org.apache.tomcat.util.net.SocketProcessorBase.run(SocketProcessorBase.java:52)
	at org.apache.tomcat.util.threads.ThreadPoolExecutor.runWorker(ThreadPoolExecutor.java:1191)
	at org.apache.tomcat.util.threads.ThreadPoolExecutor$Worker.run(ThreadPoolExecutor.java:659)
	at org.apache.tomcat.util.threads.TaskThread$WrappingRunnable.run(TaskThread.java:61)
	at java.base/java.lang.Thread.run(Thread.java:842)
Caused by: java.lang.IllegalStateException: org.apache.tomcat.util.http.fileupload.impl.FileSizeLimitExceededException: The field file exceeds its maximum permitted size of 1048576 bytes.
	at org.apache.catalina.connector.Request.parseParts(Request.java:2926)
	at org.apache.catalina.connector.Request.getParts(Request.java:2778)
	at org.apache.catalina.connector.RequestFacade.getParts(RequestFacade.java:1074)
	at org.springframework.web.multipart.support.StandardMultipartHttpServletRequest.parseRequest(StandardMultipartHttpServletRequest.java:93)
	... 47 common frames omitted
Caused by: org.apache.tomcat.util.http.fileupload.impl.FileSizeLimitExceededException: The field file exceeds its maximum permitted size of 1048576 bytes.
	at org.apache.tomcat.util.http.fileupload.impl.FileItemStreamImpl$1.raiseError(FileItemStreamImpl.java:117)
	at org.apache.tomcat.util.http.fileupload.util.LimitedInputStream.checkLimit(LimitedInputStream.java:76)
	at org.apache.tomcat.util.http.fileupload.util.LimitedInputStream.read(LimitedInputStream.java:135)
	at java.base/java.io.FilterInputStream.read(FilterInputStream.java:106)
	at org.apache.tomcat.util.http.fileupload.util.Streams.copy(Streams.java:96)
	at org.apache.tomcat.util.http.fileupload.FileUploadBase.parseRequest(FileUploadBase.java:292)
	at org.apache.catalina.connector.Request.parseParts(Request.java:2884)
	... 50 common frames omitted
2025-09-18 16:14:03.281 [http-nio-8083-exec-4] INFO  c.z.f.b.context.filter.HeaderUserId2ContextFilter - ===== 删除 ThreadLocal， userId: 100
2025-09-18 16:14:12.959 [http-nio-8083-exec-5] INFO  c.z.f.b.context.filter.HeaderUserId2ContextFilter - ## HeaderUserId2ContextFilter, 用户 ID: 100
2025-09-18 16:14:12.967 [http-nio-8083-exec-5] INFO  c.z.xiaohongshu.oss.biz.controller.FileController - ==> 用户： 100
2025-09-18 16:14:12.967 [http-nio-8083-exec-5] INFO  c.z.x.oss.biz.strategy.impl.AliyunOSSFileStrategy - ## 上传文件至阿里云 OSS ...
2025-09-18 16:14:12.968 [http-nio-8083-exec-5] INFO  c.z.x.oss.biz.strategy.impl.AliyunOSSFileStrategy - ==> 开始上传文件至阿里云 OSS, ObjectName: 51f83ff702424933b00b466db804d60b.jpg
2025-09-18 16:14:13.306 [http-nio-8083-exec-5] INFO  c.z.x.oss.biz.strategy.impl.AliyunOSSFileStrategy - ==> 上传文件至阿里云 OSS 成功，访问路径: https://my-xiaohongshu-oss.oss-cn-guangzhou.aliyuncs.com/51f83ff702424933b00b466db804d60b.jpg
2025-09-18 16:14:13.313 [http-nio-8083-exec-5] INFO  c.z.f.b.context.filter.HeaderUserId2ContextFilter - ===== 删除 ThreadLocal， userId: 100
2025-09-18 16:29:16.634 [Thread-2] WARN  c.alibaba.nacos.common.http.HttpClientBeanHolder - [HttpClientBeanHolder] Start destroying common HttpClient
2025-09-18 16:29:16.634 [Thread-9] WARN  com.alibaba.nacos.common.notify.NotifyCenter - [NotifyCenter] Start destroying Publisher
2025-09-18 16:29:16.637 [Thread-9] WARN  com.alibaba.nacos.common.notify.NotifyCenter - [NotifyCenter] Destruction of the end
2025-09-18 16:29:16.641 [Thread-2] WARN  c.alibaba.nacos.common.http.HttpClientBeanHolder - [HttpClientBeanHolder] Destruction of the end
2025-09-18 16:29:16.741 [SpringApplicationShutdownHook] INFO  c.a.cloud.nacos.registry.NacosServiceRegistry - De-registering from Nacos Server now...
2025-09-18 16:29:16.743 [SpringApplicationShutdownHook] INFO  com.alibaba.nacos.client.naming - [DEREGISTER-SERVICE] xiaohongshu deregistering service xiaohongshu-oss with instance: Instance{instanceId='null', ip='10.95.158.9', port=8083, weight=1.0, healthy=true, enabled=true, ephemeral=true, clusterName='DEFAULT', serviceName='null', metadata={}}
2025-09-18 16:29:16.963 [com.alibaba.nacos.client.naming.grpc.redo.0] INFO  com.alibaba.nacos.client.naming - Redo instance operation UNREGISTER for DEFAULT_GROUP@@xiaohongshu-oss
2025-09-18 16:29:17.256 [SpringApplicationShutdownHook] INFO  c.a.cloud.nacos.registry.NacosServiceRegistry - De-registration finished.
2025-09-18 16:29:17.256 [SpringApplicationShutdownHook] INFO  com.alibaba.nacos.client.naming - com.alibaba.nacos.client.naming.cache.ServiceInfoHolder do shutdown begin
2025-09-18 16:29:17.256 [SpringApplicationShutdownHook] INFO  com.alibaba.nacos.client.naming - com.alibaba.nacos.client.naming.backups.FailoverReactor do shutdown begin
2025-09-18 16:29:17.257 [SpringApplicationShutdownHook] INFO  com.alibaba.nacos.client.naming - com.alibaba.nacos.client.naming.backups.FailoverReactor do shutdown stop
2025-09-18 16:29:17.257 [SpringApplicationShutdownHook] INFO  com.alibaba.nacos.client.naming - com.alibaba.nacos.client.naming.cache.ServiceInfoHolder do shutdown stop
2025-09-18 16:29:17.257 [SpringApplicationShutdownHook] INFO  com.alibaba.nacos.client.naming - com.alibaba.nacos.client.naming.remote.NamingClientProxyDelegate do shutdown begin
2025-09-18 16:29:17.257 [SpringApplicationShutdownHook] INFO  com.alibaba.nacos.client.naming - com.alibaba.nacos.client.naming.core.ServiceInfoUpdateService do shutdown begin
2025-09-18 16:29:17.258 [SpringApplicationShutdownHook] INFO  com.alibaba.nacos.client.naming - com.alibaba.nacos.client.naming.core.ServiceInfoUpdateService do shutdown stop
2025-09-18 16:29:17.258 [SpringApplicationShutdownHook] INFO  com.alibaba.nacos.client.naming - com.alibaba.nacos.client.naming.core.ServerListManager do shutdown begin
2025-09-18 16:29:17.258 [SpringApplicationShutdownHook] WARN  com.alibaba.nacos.client.naming - [NamingHttpClientManager] Start destroying NacosRestTemplate
2025-09-18 16:29:17.258 [SpringApplicationShutdownHook] WARN  com.alibaba.nacos.client.naming - [NamingHttpClientManager] Destruction of the end
2025-09-18 16:29:17.258 [SpringApplicationShutdownHook] INFO  com.alibaba.nacos.client.naming - com.alibaba.nacos.client.naming.core.ServerListManager do shutdown stop
2025-09-18 16:29:17.258 [SpringApplicationShutdownHook] INFO  com.alibaba.nacos.client.naming - com.alibaba.nacos.client.naming.remote.http.NamingHttpClientProxy do shutdown begin
2025-09-18 16:29:17.258 [SpringApplicationShutdownHook] WARN  com.alibaba.nacos.client.naming - [NamingHttpClientManager] Start destroying NacosRestTemplate
2025-09-18 16:29:17.258 [SpringApplicationShutdownHook] WARN  com.alibaba.nacos.client.naming - [NamingHttpClientManager] Destruction of the end
2025-09-18 16:29:17.258 [SpringApplicationShutdownHook] INFO  com.alibaba.nacos.client.naming - com.alibaba.nacos.client.naming.remote.http.NamingHttpClientProxy do shutdown stop
2025-09-18 16:29:17.258 [SpringApplicationShutdownHook] INFO  com.alibaba.nacos.common.remote.client - Shutdown rpc client, set status to shutdown
2025-09-18 16:29:17.259 [SpringApplicationShutdownHook] INFO  com.alibaba.nacos.common.remote.client - Shutdown client event executor java.util.concurrent.ScheduledThreadPoolExecutor@22bb8f7d[Running, pool size = 2, active threads = 2, queued tasks = 0, completed tasks = 0]
2025-09-18 16:29:17.259 [SpringApplicationShutdownHook] INFO  com.alibaba.nacos.common.remote.client - Close current connection 1758182650391_112.94.129.56_8220
2025-09-18 16:29:17.266 [nacos-grpc-client-executor-47.236.36.111-311] WARN  c.a.nacos.common.remote.client.grpc.GrpcClient - [1758182650391_112.94.129.56_8220]Ignore error event,isRunning:false,isAbandon=false
2025-09-18 16:29:17.269 [SpringApplicationShutdownHook] INFO  c.a.nacos.common.remote.client.grpc.GrpcClient - Shutdown grpc executor java.util.concurrent.ThreadPoolExecutor@138d0880[Running, pool size = 5, active threads = 0, queued tasks = 0, completed tasks = 312]
2025-09-18 16:29:17.269 [SpringApplicationShutdownHook] INFO  com.alibaba.nacos.client.naming - Shutdown grpc redo service executor java.util.concurrent.ScheduledThreadPoolExecutor@39cbbb37[Running, pool size = 1, active threads = 0, queued tasks = 1, completed tasks = 501]
2025-09-18 16:29:17.269 [SpringApplicationShutdownHook] INFO  c.a.n.client.auth.ram.identify.CredentialWatcher - [null] CredentialWatcher is stopped
2025-09-18 16:29:17.269 [SpringApplicationShutdownHook] INFO  c.a.n.client.auth.ram.identify.CredentialService - [null] CredentialService is freed
2025-09-18 16:29:17.270 [SpringApplicationShutdownHook] INFO  com.alibaba.nacos.client.naming - com.alibaba.nacos.client.naming.remote.NamingClientProxyDelegate do shutdown stop
