2025-10-16 00:00:43.823 [http-nio-8092-exec-4] INFO  c.z.f.b.operationlog.aspect.ApiOperationLogAspect - ====== 请求开始: [热更新词典], 入参: , 请求类: ExtDictController, 请求方法: extDict =================================== 
2025-10-16 00:00:43.825 [http-nio-8092-exec-4] INFO  c.z.f.b.operationlog.aspect.ApiOperationLogAspect - ====== 请求结束: [热更新词典], 耗时: 2ms, 出参: {"headers":{"ETag":["1243008237"],"Content-Type":["text/plain;charset=UTF-8"],"Last-Modified":["Thu, 11 Sep 2025 06:25:35 GMT"]},"body":"打工人\n打工魂\n社畜\n社死","statusCode":"OK","statusCodeValue":200} =================================== 
2025-10-16 00:01:43.816 [http-nio-8092-exec-2] INFO  c.z.f.b.operationlog.aspect.ApiOperationLogAspect - ====== 请求开始: [热更新词典], 入参: , 请求类: ExtDictController, 请求方法: extDict =================================== 
2025-10-16 00:01:43.817 [http-nio-8092-exec-2] INFO  c.z.f.b.operationlog.aspect.ApiOperationLogAspect - ====== 请求结束: [热更新词典], 耗时: 1ms, 出参: {"headers":{"ETag":["1243008237"],"Content-Type":["text/plain;charset=UTF-8"],"Last-Modified":["Thu, 11 Sep 2025 06:25:35 GMT"]},"body":"打工人\n打工魂\n社畜\n社死","statusCode":"OK","statusCodeValue":200} =================================== 
2025-10-16 00:01:46.095 [http-nio-8092-exec-8] INFO  c.z.f.b.operationlog.aspect.ApiOperationLogAspect - ====== 请求开始: [搜索笔记], 入参: {"keyword":"姜磊","pageNo":1,"type":null,"sort":null,"publishTimeRange":null}, 请求类: NoteController, 请求方法: searchNote =================================== 
2025-10-16 00:01:46.098 [http-nio-8092-exec-8] INFO  c.z.x.search.biz.service.impl.NoteServiceImpl - ==> SearchRequest: SearchRequest{searchType=QUERY_THEN_FETCH, indices=[note], indicesOptions=IndicesOptions[ignore_unavailable=false, allow_no_indices=true, expand_wildcards_open=true, expand_wildcards_closed=false, allow_aliases_to_multiple_indices=true, forbid_closed_indices=true, ignore_aliases=false, ignore_throttled=true], types=[], routing='null', preference='null', requestCache=null, scroll=null, maxConcurrentShardRequests=0, batchedReduceSize=512, preFilterShardSize=128, allowPartialSearchResults=null, localClusterAlias=null, getOrCreateAbsoluteStartMillis=-1, ccsMinimizeRoundtrips=true, source={"from":0,"size":10,"query":{"function_score":{"query":{"bool":{"must":[{"multi_match":{"query":"姜磊","fields":["title^2.0","topic^1.0"],"type":"best_fields","operator":"OR","slop":0,"prefix_length":0,"max_expansions":50,"zero_terms_query":"NONE","auto_generate_synonyms_phrase_query":true,"fuzzy_transpositions":true,"boost":1.0}}],"adjust_pure_negative":true,"boost":1.0}},"functions":[{"filter":{"match_all":{"boost":1.0}},"field_value_factor":{"field":"like_total","factor":0.5,"missing":0.0,"modifier":"sqrt"}},{"filter":{"match_all":{"boost":1.0}},"field_value_factor":{"field":"collect_total","factor":0.3,"missing":0.0,"modifier":"sqrt"}},{"filter":{"match_all":{"boost":1.0}},"field_value_factor":{"field":"comment_total","factor":0.2,"missing":0.0,"modifier":"sqrt"}}],"score_mode":"sum","boost_mode":"sum","max_boost":3.4028235E38,"boost":1.0}},"sort":[{"_score":{"order":"desc"}}],"highlight":{"pre_tags":["<strong>"],"post_tags":["</strong>"],"fields":{"title":{}}}}}
2025-10-16 00:01:46.111 [http-nio-8092-exec-6] INFO  c.z.f.b.operationlog.aspect.ApiOperationLogAspect - ====== 请求开始: [搜索笔记], 入参: {"keyword":"姜磊","pageNo":1,"type":null,"sort":null,"publishTimeRange":null}, 请求类: NoteController, 请求方法: searchNote =================================== 
2025-10-16 00:01:46.112 [http-nio-8092-exec-6] INFO  c.z.x.search.biz.service.impl.NoteServiceImpl - ==> SearchRequest: SearchRequest{searchType=QUERY_THEN_FETCH, indices=[note], indicesOptions=IndicesOptions[ignore_unavailable=false, allow_no_indices=true, expand_wildcards_open=true, expand_wildcards_closed=false, allow_aliases_to_multiple_indices=true, forbid_closed_indices=true, ignore_aliases=false, ignore_throttled=true], types=[], routing='null', preference='null', requestCache=null, scroll=null, maxConcurrentShardRequests=0, batchedReduceSize=512, preFilterShardSize=128, allowPartialSearchResults=null, localClusterAlias=null, getOrCreateAbsoluteStartMillis=-1, ccsMinimizeRoundtrips=true, source={"from":0,"size":10,"query":{"function_score":{"query":{"bool":{"must":[{"multi_match":{"query":"姜磊","fields":["title^2.0","topic^1.0"],"type":"best_fields","operator":"OR","slop":0,"prefix_length":0,"max_expansions":50,"zero_terms_query":"NONE","auto_generate_synonyms_phrase_query":true,"fuzzy_transpositions":true,"boost":1.0}}],"adjust_pure_negative":true,"boost":1.0}},"functions":[{"filter":{"match_all":{"boost":1.0}},"field_value_factor":{"field":"like_total","factor":0.5,"missing":0.0,"modifier":"sqrt"}},{"filter":{"match_all":{"boost":1.0}},"field_value_factor":{"field":"collect_total","factor":0.3,"missing":0.0,"modifier":"sqrt"}},{"filter":{"match_all":{"boost":1.0}},"field_value_factor":{"field":"comment_total","factor":0.2,"missing":0.0,"modifier":"sqrt"}}],"score_mode":"sum","boost_mode":"sum","max_boost":3.4028235E38,"boost":1.0}},"sort":[{"_score":{"order":"desc"}}],"highlight":{"pre_tags":["<strong>"],"post_tags":["</strong>"],"fields":{"title":{}}}}}
2025-10-16 00:01:46.226 [http-nio-8092-exec-8] INFO  c.z.x.search.biz.service.impl.NoteServiceImpl - ==> 命中文档总数, hits: 0
2025-10-16 00:01:46.226 [http-nio-8092-exec-6] INFO  c.z.x.search.biz.service.impl.NoteServiceImpl - ==> 命中文档总数, hits: 0
2025-10-16 00:01:46.229 [http-nio-8092-exec-6] INFO  c.z.f.b.operationlog.aspect.ApiOperationLogAspect - ====== 请求结束: [搜索笔记], 耗时: 117ms, 出参: {"success":true,"message":null,"errorCode":null,"data":[],"pageNo":1,"totalCount":0,"pageSize":10,"totalPage":0} =================================== 
2025-10-16 00:01:46.229 [http-nio-8092-exec-8] INFO  c.z.f.b.operationlog.aspect.ApiOperationLogAspect - ====== 请求结束: [搜索笔记], 耗时: 133ms, 出参: {"success":true,"message":null,"errorCode":null,"data":[],"pageNo":1,"totalCount":0,"pageSize":10,"totalPage":0} =================================== 
2025-10-16 00:01:47.423 [http-nio-8092-exec-7] INFO  c.z.f.b.operationlog.aspect.ApiOperationLogAspect - ====== 请求开始: [搜索用户], 入参: {"keyword":"姜磊","pageNo":1}, 请求类: UserController, 请求方法: searchUser =================================== 
2025-10-16 00:01:47.424 [http-nio-8092-exec-7] INFO  c.z.x.search.biz.service.impl.UserServiceImpl - ==> SearchRequest: SearchRequest{searchType=QUERY_THEN_FETCH, indices=[user], indicesOptions=IndicesOptions[ignore_unavailable=false, allow_no_indices=true, expand_wildcards_open=true, expand_wildcards_closed=false, allow_aliases_to_multiple_indices=true, forbid_closed_indices=true, ignore_aliases=false, ignore_throttled=true], types=[], routing='null', preference='null', requestCache=null, scroll=null, maxConcurrentShardRequests=0, batchedReduceSize=512, preFilterShardSize=128, allowPartialSearchResults=null, localClusterAlias=null, getOrCreateAbsoluteStartMillis=-1, ccsMinimizeRoundtrips=true, source={"from":0,"size":10,"query":{"multi_match":{"query":"姜磊","fields":["nickname^1.0","xiaohongshu_id^1.0"],"type":"best_fields","operator":"OR","slop":0,"prefix_length":0,"max_expansions":50,"zero_terms_query":"NONE","auto_generate_synonyms_phrase_query":true,"fuzzy_transpositions":true,"boost":1.0}},"sort":[{"fans_total":{"order":"desc"}}],"highlight":{"pre_tags":["<strong>"],"post_tags":["</strong>"],"fields":{"nickname":{}}}}}
2025-10-16 00:01:47.524 [http-nio-8092-exec-7] INFO  c.z.x.search.biz.service.impl.UserServiceImpl - ==> 命中文档总数, hits: 2
2025-10-16 00:01:47.524 [http-nio-8092-exec-7] INFO  c.z.x.search.biz.service.impl.UserServiceImpl - ==> 文档数据: {"fans_total":0,"nickname":"姜磊","xiaohongshu_id":"1232344","id":101,"avatar":"https://my-xiaohongshu-oss.oss-cn-guangzhou.aliyuncs.com/c1412997b38e47c782d9a5d909024792.jpg","note_total":0}
2025-10-16 00:01:47.526 [http-nio-8092-exec-7] INFO  c.z.x.search.biz.service.impl.UserServiceImpl - ==> 文档数据: {"id":2,"note_total":null,"xiaohongshu_id":"1","nickname":"姜磊","fans_total":null,"avatar":"http://47.236.36.111:9000/xiaohongshu/ba2db4edf4b64aa2b076861490d2460d.jpg"}
2025-10-16 00:01:47.529 [http-nio-8092-exec-7] ERROR c.z.x.search.biz.service.impl.UserServiceImpl - ==> 查询 Elasticserach 异常: 
java.lang.NullPointerException: Cannot invoke "java.lang.Integer.intValue()" because "fansTotal" is null
	at com.zry.xiaohongshu.search.biz.service.impl.UserServiceImpl.searchUser(UserServiceImpl.java:117)
	at com.zry.xiaohongshu.search.biz.controller.UserController.searchUser(UserController.java:29)
	at java.base/jdk.internal.reflect.NativeMethodAccessorImpl.invoke0(Native Method)
	at java.base/jdk.internal.reflect.NativeMethodAccessorImpl.invoke(NativeMethodAccessorImpl.java:77)
	at java.base/jdk.internal.reflect.DelegatingMethodAccessorImpl.invoke(DelegatingMethodAccessorImpl.java:43)
	at java.base/java.lang.reflect.Method.invoke(Method.java:568)
	at org.springframework.aop.support.AopUtils.invokeJoinpointUsingReflection(AopUtils.java:343)
	at org.springframework.aop.framework.ReflectiveMethodInvocation.invokeJoinpoint(ReflectiveMethodInvocation.java:196)
	at org.springframework.aop.framework.ReflectiveMethodInvocation.proceed(ReflectiveMethodInvocation.java:163)
	at org.springframework.aop.framework.CglibAopProxy$CglibMethodInvocation.proceed(CglibAopProxy.java:752)
	at org.springframework.aop.aspectj.MethodInvocationProceedingJoinPoint.proceed(MethodInvocationProceedingJoinPoint.java:89)
	at com.zry.framework.biz.operationlog.aspect.ApiOperationLogAspect.doAround(ApiOperationLogAspect.java:50)
	at jdk.internal.reflect.GeneratedMethodAccessor20.invoke(Unknown Source)
	at java.base/jdk.internal.reflect.DelegatingMethodAccessorImpl.invoke(DelegatingMethodAccessorImpl.java:43)
	at java.base/java.lang.reflect.Method.invoke(Method.java:568)
	at org.springframework.aop.aspectj.AbstractAspectJAdvice.invokeAdviceMethodWithGivenArgs(AbstractAspectJAdvice.java:633)
	at org.springframework.aop.aspectj.AbstractAspectJAdvice.invokeAdviceMethod(AbstractAspectJAdvice.java:623)
	at org.springframework.aop.aspectj.AspectJAroundAdvice.invoke(AspectJAroundAdvice.java:71)
	at org.springframework.aop.framework.ReflectiveMethodInvocation.proceed(ReflectiveMethodInvocation.java:173)
	at org.springframework.aop.framework.CglibAopProxy$CglibMethodInvocation.proceed(CglibAopProxy.java:752)
	at org.springframework.aop.interceptor.ExposeInvocationInterceptor.invoke(ExposeInvocationInterceptor.java:97)
	at org.springframework.aop.framework.ReflectiveMethodInvocation.proceed(ReflectiveMethodInvocation.java:184)
	at org.springframework.aop.framework.CglibAopProxy$CglibMethodInvocation.proceed(CglibAopProxy.java:752)
	at org.springframework.aop.framework.CglibAopProxy$DynamicAdvisedInterceptor.intercept(CglibAopProxy.java:703)
	at com.zry.xiaohongshu.search.biz.controller.UserController$$SpringCGLIB$$0.searchUser(<generated>)
	at java.base/jdk.internal.reflect.NativeMethodAccessorImpl.invoke0(Native Method)
	at java.base/jdk.internal.reflect.NativeMethodAccessorImpl.invoke(NativeMethodAccessorImpl.java:77)
	at java.base/jdk.internal.reflect.DelegatingMethodAccessorImpl.invoke(DelegatingMethodAccessorImpl.java:43)
	at java.base/java.lang.reflect.Method.invoke(Method.java:568)
	at org.springframework.web.method.support.InvocableHandlerMethod.doInvoke(InvocableHandlerMethod.java:207)
	at org.springframework.web.method.support.InvocableHandlerMethod.invokeForRequest(InvocableHandlerMethod.java:152)
	at org.springframework.web.servlet.mvc.method.annotation.ServletInvocableHandlerMethod.invokeAndHandle(ServletInvocableHandlerMethod.java:117)
	at org.springframework.web.servlet.mvc.method.annotation.RequestMappingHandlerAdapter.invokeHandlerMethod(RequestMappingHandlerAdapter.java:884)
	at org.springframework.web.servlet.mvc.method.annotation.RequestMappingHandlerAdapter.handleInternal(RequestMappingHandlerAdapter.java:797)
	at org.springframework.web.servlet.mvc.method.AbstractHandlerMethodAdapter.handle(AbstractHandlerMethodAdapter.java:87)
	at org.springframework.web.servlet.DispatcherServlet.doDispatch(DispatcherServlet.java:1080)
	at org.springframework.web.servlet.DispatcherServlet.doService(DispatcherServlet.java:973)
	at org.springframework.web.servlet.FrameworkServlet.processRequest(FrameworkServlet.java:1011)
	at org.springframework.web.servlet.FrameworkServlet.doPost(FrameworkServlet.java:914)
	at jakarta.servlet.http.HttpServlet.service(HttpServlet.java:731)
	at org.springframework.web.servlet.FrameworkServlet.service(FrameworkServlet.java:885)
	at jakarta.servlet.http.HttpServlet.service(HttpServlet.java:814)
	at org.apache.catalina.core.ApplicationFilterChain.internalDoFilter(ApplicationFilterChain.java:223)
	at org.apache.catalina.core.ApplicationFilterChain.doFilter(ApplicationFilterChain.java:158)
	at org.apache.tomcat.websocket.server.WsFilter.doFilter(WsFilter.java:53)
	at org.apache.catalina.core.ApplicationFilterChain.internalDoFilter(ApplicationFilterChain.java:185)
	at org.apache.catalina.core.ApplicationFilterChain.doFilter(ApplicationFilterChain.java:158)
	at com.alibaba.druid.support.jakarta.WebStatFilter.doFilter(WebStatFilter.java:113)
	at org.apache.catalina.core.ApplicationFilterChain.internalDoFilter(ApplicationFilterChain.java:185)
	at org.apache.catalina.core.ApplicationFilterChain.doFilter(ApplicationFilterChain.java:158)
	at org.springframework.web.filter.RequestContextFilter.doFilterInternal(RequestContextFilter.java:100)
	at org.springframework.web.filter.OncePerRequestFilter.doFilter(OncePerRequestFilter.java:116)
	at org.apache.catalina.core.ApplicationFilterChain.internalDoFilter(ApplicationFilterChain.java:185)
	at org.apache.catalina.core.ApplicationFilterChain.doFilter(ApplicationFilterChain.java:158)
	at org.springframework.web.filter.FormContentFilter.doFilterInternal(FormContentFilter.java:93)
	at org.springframework.web.filter.OncePerRequestFilter.doFilter(OncePerRequestFilter.java:116)
	at org.apache.catalina.core.ApplicationFilterChain.internalDoFilter(ApplicationFilterChain.java:185)
	at org.apache.catalina.core.ApplicationFilterChain.doFilter(ApplicationFilterChain.java:158)
	at org.springframework.web.filter.CharacterEncodingFilter.doFilterInternal(CharacterEncodingFilter.java:201)
	at org.springframework.web.filter.OncePerRequestFilter.doFilter(OncePerRequestFilter.java:116)
	at org.apache.catalina.core.ApplicationFilterChain.internalDoFilter(ApplicationFilterChain.java:185)
	at org.apache.catalina.core.ApplicationFilterChain.doFilter(ApplicationFilterChain.java:158)
	at org.apache.catalina.core.StandardWrapperValve.invoke(StandardWrapperValve.java:177)
	at org.apache.catalina.core.StandardContextValve.invoke(StandardContextValve.java:97)
	at org.apache.catalina.authenticator.AuthenticatorBase.invoke(AuthenticatorBase.java:542)
	at org.apache.catalina.core.StandardHostValve.invoke(StandardHostValve.java:119)
	at org.apache.catalina.valves.ErrorReportValve.invoke(ErrorReportValve.java:92)
	at org.apache.catalina.core.StandardEngineValve.invoke(StandardEngineValve.java:78)
	at org.apache.catalina.connector.CoyoteAdapter.service(CoyoteAdapter.java:357)
	at org.apache.coyote.http11.Http11Processor.service(Http11Processor.java:400)
	at org.apache.coyote.AbstractProcessorLight.process(AbstractProcessorLight.java:65)
	at org.apache.coyote.AbstractProtocol$ConnectionHandler.process(AbstractProtocol.java:859)
	at org.apache.tomcat.util.net.NioEndpoint$SocketProcessor.doRun(NioEndpoint.java:1734)
	at org.apache.tomcat.util.net.SocketProcessorBase.run(SocketProcessorBase.java:52)
	at org.apache.tomcat.util.threads.ThreadPoolExecutor.runWorker(ThreadPoolExecutor.java:1191)
	at org.apache.tomcat.util.threads.ThreadPoolExecutor$Worker.run(ThreadPoolExecutor.java:659)
	at org.apache.tomcat.util.threads.TaskThread$WrappingRunnable.run(TaskThread.java:61)
	at java.base/java.lang.Thread.run(Thread.java:842)
2025-10-16 00:01:47.542 [http-nio-8092-exec-7] INFO  c.z.f.b.operationlog.aspect.ApiOperationLogAspect - ====== 请求结束: [搜索用户], 耗时: 118ms, 出参: {"success":true,"message":null,"errorCode":null,"data":[{"userId":101,"nickname":"姜磊","highlightNickname":"<strong>姜</strong><strong>磊</strong>","avatar":"https://my-xiaohongshu-oss.oss-cn-guangzhou.aliyuncs.com/c1412997b38e47c782d9a5d909024792.jpg","xiaohongshuId":"1232344","noteTotal":0,"fansTotal":"0"}],"pageNo":1,"totalCount":2,"pageSize":10,"totalPage":1} =================================== 
2025-10-16 00:02:43.816 [http-nio-8092-exec-9] INFO  c.z.f.b.operationlog.aspect.ApiOperationLogAspect - ====== 请求开始: [热更新词典], 入参: , 请求类: ExtDictController, 请求方法: extDict =================================== 
2025-10-16 00:02:43.819 [http-nio-8092-exec-9] INFO  c.z.f.b.operationlog.aspect.ApiOperationLogAspect - ====== 请求结束: [热更新词典], 耗时: 3ms, 出参: {"headers":{"ETag":["1243008237"],"Content-Type":["text/plain;charset=UTF-8"],"Last-Modified":["Thu, 11 Sep 2025 06:25:35 GMT"]},"body":"打工人\n打工魂\n社畜\n社死","statusCode":"OK","statusCodeValue":200} =================================== 
2025-10-16 00:03:43.808 [http-nio-8092-exec-1] INFO  c.z.f.b.operationlog.aspect.ApiOperationLogAspect - ====== 请求开始: [热更新词典], 入参: , 请求类: ExtDictController, 请求方法: extDict =================================== 
2025-10-16 00:03:43.811 [http-nio-8092-exec-1] INFO  c.z.f.b.operationlog.aspect.ApiOperationLogAspect - ====== 请求结束: [热更新词典], 耗时: 3ms, 出参: {"headers":{"ETag":["1243008237"],"Content-Type":["text/plain;charset=UTF-8"],"Last-Modified":["Thu, 11 Sep 2025 06:25:35 GMT"]},"body":"打工人\n打工魂\n社畜\n社死","statusCode":"OK","statusCodeValue":200} =================================== 
2025-10-16 00:04:43.805 [http-nio-8092-exec-3] INFO  c.z.f.b.operationlog.aspect.ApiOperationLogAspect - ====== 请求开始: [热更新词典], 入参: , 请求类: ExtDictController, 请求方法: extDict =================================== 
2025-10-16 00:04:43.806 [http-nio-8092-exec-3] INFO  c.z.f.b.operationlog.aspect.ApiOperationLogAspect - ====== 请求结束: [热更新词典], 耗时: 1ms, 出参: {"headers":{"ETag":["1243008237"],"Content-Type":["text/plain;charset=UTF-8"],"Last-Modified":["Thu, 11 Sep 2025 06:25:35 GMT"]},"body":"打工人\n打工魂\n社畜\n社死","statusCode":"OK","statusCodeValue":200} =================================== 
2025-10-16 00:05:43.800 [http-nio-8092-exec-4] INFO  c.z.f.b.operationlog.aspect.ApiOperationLogAspect - ====== 请求开始: [热更新词典], 入参: , 请求类: ExtDictController, 请求方法: extDict =================================== 
2025-10-16 00:05:43.803 [http-nio-8092-exec-4] INFO  c.z.f.b.operationlog.aspect.ApiOperationLogAspect - ====== 请求结束: [热更新词典], 耗时: 3ms, 出参: {"headers":{"ETag":["1243008237"],"Content-Type":["text/plain;charset=UTF-8"],"Last-Modified":["Thu, 11 Sep 2025 06:25:35 GMT"]},"body":"打工人\n打工魂\n社畜\n社死","statusCode":"OK","statusCodeValue":200} =================================== 
2025-10-16 00:06:43.797 [http-nio-8092-exec-2] INFO  c.z.f.b.operationlog.aspect.ApiOperationLogAspect - ====== 请求开始: [热更新词典], 入参: , 请求类: ExtDictController, 请求方法: extDict =================================== 
2025-10-16 00:06:43.799 [http-nio-8092-exec-2] INFO  c.z.f.b.operationlog.aspect.ApiOperationLogAspect - ====== 请求结束: [热更新词典], 耗时: 2ms, 出参: {"headers":{"ETag":["1243008237"],"Content-Type":["text/plain;charset=UTF-8"],"Last-Modified":["Thu, 11 Sep 2025 06:25:35 GMT"]},"body":"打工人\n打工魂\n社畜\n社死","statusCode":"OK","statusCodeValue":200} =================================== 
2025-10-16 00:07:43.792 [http-nio-8092-exec-8] INFO  c.z.f.b.operationlog.aspect.ApiOperationLogAspect - ====== 请求开始: [热更新词典], 入参: , 请求类: ExtDictController, 请求方法: extDict =================================== 
2025-10-16 00:07:43.794 [http-nio-8092-exec-8] INFO  c.z.f.b.operationlog.aspect.ApiOperationLogAspect - ====== 请求结束: [热更新词典], 耗时: 2ms, 出参: {"headers":{"ETag":["1243008237"],"Content-Type":["text/plain;charset=UTF-8"],"Last-Modified":["Thu, 11 Sep 2025 06:25:35 GMT"]},"body":"打工人\n打工魂\n社畜\n社死","statusCode":"OK","statusCodeValue":200} =================================== 
2025-10-16 00:08:43.791 [http-nio-8092-exec-6] INFO  c.z.f.b.operationlog.aspect.ApiOperationLogAspect - ====== 请求开始: [热更新词典], 入参: , 请求类: ExtDictController, 请求方法: extDict =================================== 
2025-10-16 00:08:43.794 [http-nio-8092-exec-6] INFO  c.z.f.b.operationlog.aspect.ApiOperationLogAspect - ====== 请求结束: [热更新词典], 耗时: 3ms, 出参: {"headers":{"ETag":["1243008237"],"Content-Type":["text/plain;charset=UTF-8"],"Last-Modified":["Thu, 11 Sep 2025 06:25:35 GMT"]},"body":"打工人\n打工魂\n社畜\n社死","statusCode":"OK","statusCodeValue":200} =================================== 
2025-10-16 00:09:43.785 [http-nio-8092-exec-7] INFO  c.z.f.b.operationlog.aspect.ApiOperationLogAspect - ====== 请求开始: [热更新词典], 入参: , 请求类: ExtDictController, 请求方法: extDict =================================== 
2025-10-16 00:09:43.787 [http-nio-8092-exec-7] INFO  c.z.f.b.operationlog.aspect.ApiOperationLogAspect - ====== 请求结束: [热更新词典], 耗时: 1ms, 出参: {"headers":{"ETag":["1243008237"],"Content-Type":["text/plain;charset=UTF-8"],"Last-Modified":["Thu, 11 Sep 2025 06:25:35 GMT"]},"body":"打工人\n打工魂\n社畜\n社死","statusCode":"OK","statusCodeValue":200} =================================== 
2025-10-16 00:10:43.790 [http-nio-8092-exec-9] INFO  c.z.f.b.operationlog.aspect.ApiOperationLogAspect - ====== 请求开始: [热更新词典], 入参: , 请求类: ExtDictController, 请求方法: extDict =================================== 
2025-10-16 00:10:43.793 [http-nio-8092-exec-9] INFO  c.z.f.b.operationlog.aspect.ApiOperationLogAspect - ====== 请求结束: [热更新词典], 耗时: 2ms, 出参: {"headers":{"ETag":["1243008237"],"Content-Type":["text/plain;charset=UTF-8"],"Last-Modified":["Thu, 11 Sep 2025 06:25:35 GMT"]},"body":"打工人\n打工魂\n社畜\n社死","statusCode":"OK","statusCodeValue":200} =================================== 
2025-10-16 00:11:43.774 [http-nio-8092-exec-10] INFO  c.z.f.b.operationlog.aspect.ApiOperationLogAspect - ====== 请求开始: [热更新词典], 入参: , 请求类: ExtDictController, 请求方法: extDict =================================== 
2025-10-16 00:11:43.775 [http-nio-8092-exec-10] INFO  c.z.f.b.operationlog.aspect.ApiOperationLogAspect - ====== 请求结束: [热更新词典], 耗时: 1ms, 出参: {"headers":{"ETag":["1243008237"],"Content-Type":["text/plain;charset=UTF-8"],"Last-Modified":["Thu, 11 Sep 2025 06:25:35 GMT"]},"body":"打工人\n打工魂\n社畜\n社死","statusCode":"OK","statusCodeValue":200} =================================== 
2025-10-16 00:12:43.787 [http-nio-8092-exec-5] INFO  c.z.f.b.operationlog.aspect.ApiOperationLogAspect - ====== 请求开始: [热更新词典], 入参: , 请求类: ExtDictController, 请求方法: extDict =================================== 
2025-10-16 00:12:43.791 [http-nio-8092-exec-5] INFO  c.z.f.b.operationlog.aspect.ApiOperationLogAspect - ====== 请求结束: [热更新词典], 耗时: 2ms, 出参: {"headers":{"ETag":["1243008237"],"Content-Type":["text/plain;charset=UTF-8"],"Last-Modified":["Thu, 11 Sep 2025 06:25:35 GMT"]},"body":"打工人\n打工魂\n社畜\n社死","statusCode":"OK","statusCodeValue":200} =================================== 
2025-10-16 00:13:43.764 [http-nio-8092-exec-1] INFO  c.z.f.b.operationlog.aspect.ApiOperationLogAspect - ====== 请求开始: [热更新词典], 入参: , 请求类: ExtDictController, 请求方法: extDict =================================== 
2025-10-16 00:13:43.765 [http-nio-8092-exec-1] INFO  c.z.f.b.operationlog.aspect.ApiOperationLogAspect - ====== 请求结束: [热更新词典], 耗时: 1ms, 出参: {"headers":{"ETag":["1243008237"],"Content-Type":["text/plain;charset=UTF-8"],"Last-Modified":["Thu, 11 Sep 2025 06:25:35 GMT"]},"body":"打工人\n打工魂\n社畜\n社死","statusCode":"OK","statusCodeValue":200} =================================== 
2025-10-16 00:14:43.757 [http-nio-8092-exec-3] INFO  c.z.f.b.operationlog.aspect.ApiOperationLogAspect - ====== 请求开始: [热更新词典], 入参: , 请求类: ExtDictController, 请求方法: extDict =================================== 
2025-10-16 00:14:43.758 [http-nio-8092-exec-3] INFO  c.z.f.b.operationlog.aspect.ApiOperationLogAspect - ====== 请求结束: [热更新词典], 耗时: 1ms, 出参: {"headers":{"ETag":["1243008237"],"Content-Type":["text/plain;charset=UTF-8"],"Last-Modified":["Thu, 11 Sep 2025 06:25:35 GMT"]},"body":"打工人\n打工魂\n社畜\n社死","statusCode":"OK","statusCodeValue":200} =================================== 
2025-10-16 00:15:43.752 [http-nio-8092-exec-4] INFO  c.z.f.b.operationlog.aspect.ApiOperationLogAspect - ====== 请求开始: [热更新词典], 入参: , 请求类: ExtDictController, 请求方法: extDict =================================== 
2025-10-16 00:15:43.753 [http-nio-8092-exec-4] INFO  c.z.f.b.operationlog.aspect.ApiOperationLogAspect - ====== 请求结束: [热更新词典], 耗时: 1ms, 出参: {"headers":{"ETag":["1243008237"],"Content-Type":["text/plain;charset=UTF-8"],"Last-Modified":["Thu, 11 Sep 2025 06:25:35 GMT"]},"body":"打工人\n打工魂\n社畜\n社死","statusCode":"OK","statusCodeValue":200} =================================== 
2025-10-16 00:16:43.748 [http-nio-8092-exec-2] INFO  c.z.f.b.operationlog.aspect.ApiOperationLogAspect - ====== 请求开始: [热更新词典], 入参: , 请求类: ExtDictController, 请求方法: extDict =================================== 
2025-10-16 00:16:43.749 [http-nio-8092-exec-2] INFO  c.z.f.b.operationlog.aspect.ApiOperationLogAspect - ====== 请求结束: [热更新词典], 耗时: 1ms, 出参: {"headers":{"ETag":["1243008237"],"Content-Type":["text/plain;charset=UTF-8"],"Last-Modified":["Thu, 11 Sep 2025 06:25:35 GMT"]},"body":"打工人\n打工魂\n社畜\n社死","statusCode":"OK","statusCodeValue":200} =================================== 
2025-10-16 00:17:43.742 [http-nio-8092-exec-8] INFO  c.z.f.b.operationlog.aspect.ApiOperationLogAspect - ====== 请求开始: [热更新词典], 入参: , 请求类: ExtDictController, 请求方法: extDict =================================== 
2025-10-16 00:17:43.743 [http-nio-8092-exec-8] INFO  c.z.f.b.operationlog.aspect.ApiOperationLogAspect - ====== 请求结束: [热更新词典], 耗时: 1ms, 出参: {"headers":{"ETag":["1243008237"],"Content-Type":["text/plain;charset=UTF-8"],"Last-Modified":["Thu, 11 Sep 2025 06:25:35 GMT"]},"body":"打工人\n打工魂\n社畜\n社死","statusCode":"OK","statusCodeValue":200} =================================== 
2025-10-16 00:18:43.738 [http-nio-8092-exec-6] INFO  c.z.f.b.operationlog.aspect.ApiOperationLogAspect - ====== 请求开始: [热更新词典], 入参: , 请求类: ExtDictController, 请求方法: extDict =================================== 
2025-10-16 00:18:43.739 [http-nio-8092-exec-6] INFO  c.z.f.b.operationlog.aspect.ApiOperationLogAspect - ====== 请求结束: [热更新词典], 耗时: 1ms, 出参: {"headers":{"ETag":["1243008237"],"Content-Type":["text/plain;charset=UTF-8"],"Last-Modified":["Thu, 11 Sep 2025 06:25:35 GMT"]},"body":"打工人\n打工魂\n社畜\n社死","statusCode":"OK","statusCodeValue":200} =================================== 
2025-10-16 00:19:43.734 [http-nio-8092-exec-7] INFO  c.z.f.b.operationlog.aspect.ApiOperationLogAspect - ====== 请求开始: [热更新词典], 入参: , 请求类: ExtDictController, 请求方法: extDict =================================== 
2025-10-16 00:19:43.736 [http-nio-8092-exec-7] INFO  c.z.f.b.operationlog.aspect.ApiOperationLogAspect - ====== 请求结束: [热更新词典], 耗时: 2ms, 出参: {"headers":{"ETag":["1243008237"],"Content-Type":["text/plain;charset=UTF-8"],"Last-Modified":["Thu, 11 Sep 2025 06:25:35 GMT"]},"body":"打工人\n打工魂\n社畜\n社死","statusCode":"OK","statusCodeValue":200} =================================== 
2025-10-16 00:20:43.729 [http-nio-8092-exec-9] INFO  c.z.f.b.operationlog.aspect.ApiOperationLogAspect - ====== 请求开始: [热更新词典], 入参: , 请求类: ExtDictController, 请求方法: extDict =================================== 
2025-10-16 00:20:43.731 [http-nio-8092-exec-9] INFO  c.z.f.b.operationlog.aspect.ApiOperationLogAspect - ====== 请求结束: [热更新词典], 耗时: 2ms, 出参: {"headers":{"ETag":["1243008237"],"Content-Type":["text/plain;charset=UTF-8"],"Last-Modified":["Thu, 11 Sep 2025 06:25:35 GMT"]},"body":"打工人\n打工魂\n社畜\n社死","statusCode":"OK","statusCodeValue":200} =================================== 
2025-10-16 00:21:43.727 [http-nio-8092-exec-10] INFO  c.z.f.b.operationlog.aspect.ApiOperationLogAspect - ====== 请求开始: [热更新词典], 入参: , 请求类: ExtDictController, 请求方法: extDict =================================== 
2025-10-16 00:21:43.728 [http-nio-8092-exec-10] INFO  c.z.f.b.operationlog.aspect.ApiOperationLogAspect - ====== 请求结束: [热更新词典], 耗时: 1ms, 出参: {"headers":{"ETag":["1243008237"],"Content-Type":["text/plain;charset=UTF-8"],"Last-Modified":["Thu, 11 Sep 2025 06:25:35 GMT"]},"body":"打工人\n打工魂\n社畜\n社死","statusCode":"OK","statusCodeValue":200} =================================== 
2025-10-16 00:22:43.719 [http-nio-8092-exec-5] INFO  c.z.f.b.operationlog.aspect.ApiOperationLogAspect - ====== 请求开始: [热更新词典], 入参: , 请求类: ExtDictController, 请求方法: extDict =================================== 
2025-10-16 00:22:43.720 [http-nio-8092-exec-5] INFO  c.z.f.b.operationlog.aspect.ApiOperationLogAspect - ====== 请求结束: [热更新词典], 耗时: 1ms, 出参: {"headers":{"ETag":["1243008237"],"Content-Type":["text/plain;charset=UTF-8"],"Last-Modified":["Thu, 11 Sep 2025 06:25:35 GMT"]},"body":"打工人\n打工魂\n社畜\n社死","statusCode":"OK","statusCodeValue":200} =================================== 
2025-10-16 00:23:43.716 [http-nio-8092-exec-1] INFO  c.z.f.b.operationlog.aspect.ApiOperationLogAspect - ====== 请求开始: [热更新词典], 入参: , 请求类: ExtDictController, 请求方法: extDict =================================== 
2025-10-16 00:23:43.717 [http-nio-8092-exec-1] INFO  c.z.f.b.operationlog.aspect.ApiOperationLogAspect - ====== 请求结束: [热更新词典], 耗时: 1ms, 出参: {"headers":{"ETag":["1243008237"],"Content-Type":["text/plain;charset=UTF-8"],"Last-Modified":["Thu, 11 Sep 2025 06:25:35 GMT"]},"body":"打工人\n打工魂\n社畜\n社死","statusCode":"OK","statusCodeValue":200} =================================== 
2025-10-16 00:24:43.712 [http-nio-8092-exec-3] INFO  c.z.f.b.operationlog.aspect.ApiOperationLogAspect - ====== 请求开始: [热更新词典], 入参: , 请求类: ExtDictController, 请求方法: extDict =================================== 
2025-10-16 00:24:43.713 [http-nio-8092-exec-3] INFO  c.z.f.b.operationlog.aspect.ApiOperationLogAspect - ====== 请求结束: [热更新词典], 耗时: 1ms, 出参: {"headers":{"ETag":["1243008237"],"Content-Type":["text/plain;charset=UTF-8"],"Last-Modified":["Thu, 11 Sep 2025 06:25:35 GMT"]},"body":"打工人\n打工魂\n社畜\n社死","statusCode":"OK","statusCodeValue":200} =================================== 
2025-10-16 00:25:43.708 [http-nio-8092-exec-4] INFO  c.z.f.b.operationlog.aspect.ApiOperationLogAspect - ====== 请求开始: [热更新词典], 入参: , 请求类: ExtDictController, 请求方法: extDict =================================== 
2025-10-16 00:25:43.709 [http-nio-8092-exec-4] INFO  c.z.f.b.operationlog.aspect.ApiOperationLogAspect - ====== 请求结束: [热更新词典], 耗时: 1ms, 出参: {"headers":{"ETag":["1243008237"],"Content-Type":["text/plain;charset=UTF-8"],"Last-Modified":["Thu, 11 Sep 2025 06:25:35 GMT"]},"body":"打工人\n打工魂\n社畜\n社死","statusCode":"OK","statusCodeValue":200} =================================== 
2025-10-16 00:26:43.703 [http-nio-8092-exec-2] INFO  c.z.f.b.operationlog.aspect.ApiOperationLogAspect - ====== 请求开始: [热更新词典], 入参: , 请求类: ExtDictController, 请求方法: extDict =================================== 
2025-10-16 00:26:43.704 [http-nio-8092-exec-2] INFO  c.z.f.b.operationlog.aspect.ApiOperationLogAspect - ====== 请求结束: [热更新词典], 耗时: 1ms, 出参: {"headers":{"ETag":["1243008237"],"Content-Type":["text/plain;charset=UTF-8"],"Last-Modified":["Thu, 11 Sep 2025 06:25:35 GMT"]},"body":"打工人\n打工魂\n社畜\n社死","statusCode":"OK","statusCodeValue":200} =================================== 
2025-10-16 00:27:43.698 [http-nio-8092-exec-8] INFO  c.z.f.b.operationlog.aspect.ApiOperationLogAspect - ====== 请求开始: [热更新词典], 入参: , 请求类: ExtDictController, 请求方法: extDict =================================== 
2025-10-16 00:27:43.698 [http-nio-8092-exec-8] INFO  c.z.f.b.operationlog.aspect.ApiOperationLogAspect - ====== 请求结束: [热更新词典], 耗时: 0ms, 出参: {"headers":{"ETag":["1243008237"],"Content-Type":["text/plain;charset=UTF-8"],"Last-Modified":["Thu, 11 Sep 2025 06:25:35 GMT"]},"body":"打工人\n打工魂\n社畜\n社死","statusCode":"OK","statusCodeValue":200} =================================== 
2025-10-16 00:28:43.696 [http-nio-8092-exec-6] INFO  c.z.f.b.operationlog.aspect.ApiOperationLogAspect - ====== 请求开始: [热更新词典], 入参: , 请求类: ExtDictController, 请求方法: extDict =================================== 
2025-10-16 00:28:43.698 [http-nio-8092-exec-6] INFO  c.z.f.b.operationlog.aspect.ApiOperationLogAspect - ====== 请求结束: [热更新词典], 耗时: 2ms, 出参: {"headers":{"ETag":["1243008237"],"Content-Type":["text/plain;charset=UTF-8"],"Last-Modified":["Thu, 11 Sep 2025 06:25:35 GMT"]},"body":"打工人\n打工魂\n社畜\n社死","statusCode":"OK","statusCodeValue":200} =================================== 
2025-10-16 00:29:43.689 [http-nio-8092-exec-7] INFO  c.z.f.b.operationlog.aspect.ApiOperationLogAspect - ====== 请求开始: [热更新词典], 入参: , 请求类: ExtDictController, 请求方法: extDict =================================== 
2025-10-16 00:29:43.691 [http-nio-8092-exec-7] INFO  c.z.f.b.operationlog.aspect.ApiOperationLogAspect - ====== 请求结束: [热更新词典], 耗时: 2ms, 出参: {"headers":{"ETag":["1243008237"],"Content-Type":["text/plain;charset=UTF-8"],"Last-Modified":["Thu, 11 Sep 2025 06:25:35 GMT"]},"body":"打工人\n打工魂\n社畜\n社死","statusCode":"OK","statusCodeValue":200} =================================== 
2025-10-16 00:30:43.686 [http-nio-8092-exec-9] INFO  c.z.f.b.operationlog.aspect.ApiOperationLogAspect - ====== 请求开始: [热更新词典], 入参: , 请求类: ExtDictController, 请求方法: extDict =================================== 
2025-10-16 00:30:43.687 [http-nio-8092-exec-9] INFO  c.z.f.b.operationlog.aspect.ApiOperationLogAspect - ====== 请求结束: [热更新词典], 耗时: 1ms, 出参: {"headers":{"ETag":["1243008237"],"Content-Type":["text/plain;charset=UTF-8"],"Last-Modified":["Thu, 11 Sep 2025 06:25:35 GMT"]},"body":"打工人\n打工魂\n社畜\n社死","statusCode":"OK","statusCodeValue":200} =================================== 
2025-10-16 00:31:43.683 [http-nio-8092-exec-10] INFO  c.z.f.b.operationlog.aspect.ApiOperationLogAspect - ====== 请求开始: [热更新词典], 入参: , 请求类: ExtDictController, 请求方法: extDict =================================== 
2025-10-16 00:31:43.685 [http-nio-8092-exec-10] INFO  c.z.f.b.operationlog.aspect.ApiOperationLogAspect - ====== 请求结束: [热更新词典], 耗时: 2ms, 出参: {"headers":{"ETag":["1243008237"],"Content-Type":["text/plain;charset=UTF-8"],"Last-Modified":["Thu, 11 Sep 2025 06:25:35 GMT"]},"body":"打工人\n打工魂\n社畜\n社死","statusCode":"OK","statusCodeValue":200} =================================== 
2025-10-16 00:32:43.676 [http-nio-8092-exec-5] INFO  c.z.f.b.operationlog.aspect.ApiOperationLogAspect - ====== 请求开始: [热更新词典], 入参: , 请求类: ExtDictController, 请求方法: extDict =================================== 
2025-10-16 00:32:43.679 [http-nio-8092-exec-5] INFO  c.z.f.b.operationlog.aspect.ApiOperationLogAspect - ====== 请求结束: [热更新词典], 耗时: 3ms, 出参: {"headers":{"ETag":["1243008237"],"Content-Type":["text/plain;charset=UTF-8"],"Last-Modified":["Thu, 11 Sep 2025 06:25:35 GMT"]},"body":"打工人\n打工魂\n社畜\n社死","statusCode":"OK","statusCodeValue":200} =================================== 
2025-10-16 00:33:43.671 [http-nio-8092-exec-1] INFO  c.z.f.b.operationlog.aspect.ApiOperationLogAspect - ====== 请求开始: [热更新词典], 入参: , 请求类: ExtDictController, 请求方法: extDict =================================== 
2025-10-16 00:33:43.672 [http-nio-8092-exec-1] INFO  c.z.f.b.operationlog.aspect.ApiOperationLogAspect - ====== 请求结束: [热更新词典], 耗时: 1ms, 出参: {"headers":{"ETag":["1243008237"],"Content-Type":["text/plain;charset=UTF-8"],"Last-Modified":["Thu, 11 Sep 2025 06:25:35 GMT"]},"body":"打工人\n打工魂\n社畜\n社死","statusCode":"OK","statusCodeValue":200} =================================== 
2025-10-16 00:34:43.672 [http-nio-8092-exec-3] INFO  c.z.f.b.operationlog.aspect.ApiOperationLogAspect - ====== 请求开始: [热更新词典], 入参: , 请求类: ExtDictController, 请求方法: extDict =================================== 
2025-10-16 00:34:43.674 [http-nio-8092-exec-3] INFO  c.z.f.b.operationlog.aspect.ApiOperationLogAspect - ====== 请求结束: [热更新词典], 耗时: 3ms, 出参: {"headers":{"ETag":["1243008237"],"Content-Type":["text/plain;charset=UTF-8"],"Last-Modified":["Thu, 11 Sep 2025 06:25:35 GMT"]},"body":"打工人\n打工魂\n社畜\n社死","statusCode":"OK","statusCodeValue":200} =================================== 
2025-10-16 00:35:43.663 [http-nio-8092-exec-4] INFO  c.z.f.b.operationlog.aspect.ApiOperationLogAspect - ====== 请求开始: [热更新词典], 入参: , 请求类: ExtDictController, 请求方法: extDict =================================== 
2025-10-16 00:35:43.664 [http-nio-8092-exec-4] INFO  c.z.f.b.operationlog.aspect.ApiOperationLogAspect - ====== 请求结束: [热更新词典], 耗时: 1ms, 出参: {"headers":{"ETag":["1243008237"],"Content-Type":["text/plain;charset=UTF-8"],"Last-Modified":["Thu, 11 Sep 2025 06:25:35 GMT"]},"body":"打工人\n打工魂\n社畜\n社死","statusCode":"OK","statusCodeValue":200} =================================== 
2025-10-16 00:36:43.660 [http-nio-8092-exec-2] INFO  c.z.f.b.operationlog.aspect.ApiOperationLogAspect - ====== 请求开始: [热更新词典], 入参: , 请求类: ExtDictController, 请求方法: extDict =================================== 
2025-10-16 00:36:43.662 [http-nio-8092-exec-2] INFO  c.z.f.b.operationlog.aspect.ApiOperationLogAspect - ====== 请求结束: [热更新词典], 耗时: 1ms, 出参: {"headers":{"ETag":["1243008237"],"Content-Type":["text/plain;charset=UTF-8"],"Last-Modified":["Thu, 11 Sep 2025 06:25:35 GMT"]},"body":"打工人\n打工魂\n社畜\n社死","statusCode":"OK","statusCodeValue":200} =================================== 
2025-10-16 00:37:43.656 [http-nio-8092-exec-8] INFO  c.z.f.b.operationlog.aspect.ApiOperationLogAspect - ====== 请求开始: [热更新词典], 入参: , 请求类: ExtDictController, 请求方法: extDict =================================== 
2025-10-16 00:37:43.658 [http-nio-8092-exec-8] INFO  c.z.f.b.operationlog.aspect.ApiOperationLogAspect - ====== 请求结束: [热更新词典], 耗时: 1ms, 出参: {"headers":{"ETag":["1243008237"],"Content-Type":["text/plain;charset=UTF-8"],"Last-Modified":["Thu, 11 Sep 2025 06:25:35 GMT"]},"body":"打工人\n打工魂\n社畜\n社死","statusCode":"OK","statusCodeValue":200} =================================== 
2025-10-16 00:38:22.591 [Thread-10] WARN  c.alibaba.nacos.common.http.HttpClientBeanHolder - [HttpClientBeanHolder] Start destroying common HttpClient
2025-10-16 00:38:22.590 [Thread-7] WARN  com.alibaba.nacos.common.notify.NotifyCenter - [NotifyCenter] Start destroying Publisher
2025-10-16 00:38:22.601 [Thread-7] WARN  com.alibaba.nacos.common.notify.NotifyCenter - [NotifyCenter] Destruction of the end
2025-10-16 00:38:22.634 [Thread-10] WARN  c.alibaba.nacos.common.http.HttpClientBeanHolder - [HttpClientBeanHolder] Destruction of the end
2025-10-16 00:38:23.668 [SpringApplicationShutdownHook] INFO  c.a.cloud.nacos.registry.NacosServiceRegistry - De-registering from Nacos Server now...
2025-10-16 00:38:23.672 [SpringApplicationShutdownHook] INFO  com.alibaba.nacos.client.naming - [DEREGISTER-SERVICE] xiaohongshu deregistering service xiaohongshu-search with instance: Instance{instanceId='null', ip='10.2.66.30', port=8092, weight=1.0, healthy=true, enabled=true, ephemeral=true, clusterName='DEFAULT', serviceName='null', metadata={}}
2025-10-16 00:38:23.717 [SpringApplicationShutdownHook] INFO  c.a.cloud.nacos.registry.NacosServiceRegistry - De-registration finished.
2025-10-16 00:38:23.720 [SpringApplicationShutdownHook] INFO  com.alibaba.nacos.client.naming - com.alibaba.nacos.client.naming.cache.ServiceInfoHolder do shutdown begin
2025-10-16 00:38:23.721 [SpringApplicationShutdownHook] INFO  com.alibaba.nacos.client.naming - com.alibaba.nacos.client.naming.backups.FailoverReactor do shutdown begin
2025-10-16 00:38:23.721 [SpringApplicationShutdownHook] INFO  com.alibaba.nacos.client.naming - com.alibaba.nacos.client.naming.backups.FailoverReactor do shutdown stop
2025-10-16 00:38:23.722 [SpringApplicationShutdownHook] INFO  com.alibaba.nacos.client.naming - com.alibaba.nacos.client.naming.cache.ServiceInfoHolder do shutdown stop
2025-10-16 00:38:23.722 [SpringApplicationShutdownHook] INFO  com.alibaba.nacos.client.naming - com.alibaba.nacos.client.naming.remote.NamingClientProxyDelegate do shutdown begin
2025-10-16 00:38:23.722 [SpringApplicationShutdownHook] INFO  com.alibaba.nacos.client.naming - com.alibaba.nacos.client.naming.core.ServiceInfoUpdateService do shutdown begin
2025-10-16 00:38:23.722 [SpringApplicationShutdownHook] INFO  com.alibaba.nacos.client.naming - com.alibaba.nacos.client.naming.core.ServiceInfoUpdateService do shutdown stop
2025-10-16 00:38:23.722 [SpringApplicationShutdownHook] INFO  com.alibaba.nacos.client.naming - com.alibaba.nacos.client.naming.core.ServerListManager do shutdown begin
2025-10-16 00:38:23.722 [SpringApplicationShutdownHook] WARN  com.alibaba.nacos.client.naming - [NamingHttpClientManager] Start destroying NacosRestTemplate
2025-10-16 00:38:23.723 [SpringApplicationShutdownHook] WARN  com.alibaba.nacos.client.naming - [NamingHttpClientManager] Destruction of the end
2025-10-16 00:38:23.723 [SpringApplicationShutdownHook] INFO  com.alibaba.nacos.client.naming - com.alibaba.nacos.client.naming.core.ServerListManager do shutdown stop
2025-10-16 00:38:23.723 [SpringApplicationShutdownHook] INFO  com.alibaba.nacos.client.naming - com.alibaba.nacos.client.naming.remote.http.NamingHttpClientProxy do shutdown begin
2025-10-16 00:38:23.723 [SpringApplicationShutdownHook] WARN  com.alibaba.nacos.client.naming - [NamingHttpClientManager] Start destroying NacosRestTemplate
2025-10-16 00:38:23.723 [SpringApplicationShutdownHook] WARN  com.alibaba.nacos.client.naming - [NamingHttpClientManager] Destruction of the end
2025-10-16 00:38:23.724 [SpringApplicationShutdownHook] INFO  com.alibaba.nacos.client.naming - com.alibaba.nacos.client.naming.remote.http.NamingHttpClientProxy do shutdown stop
2025-10-16 00:38:23.726 [SpringApplicationShutdownHook] INFO  com.alibaba.nacos.common.remote.client - Shutdown rpc client, set status to shutdown
2025-10-16 00:38:23.728 [SpringApplicationShutdownHook] INFO  com.alibaba.nacos.common.remote.client - Shutdown client event executor java.util.concurrent.ScheduledThreadPoolExecutor@197a6248[Running, pool size = 2, active threads = 2, queued tasks = 0, completed tasks = 0]
2025-10-16 00:38:23.729 [SpringApplicationShutdownHook] INFO  com.alibaba.nacos.common.remote.client - Close current connection 1760536848663_112.94.129.49_1787
2025-10-16 00:38:23.747 [nacos-grpc-client-executor-8.134.88.169-1938] INFO  c.a.nacos.common.remote.client.grpc.GrpcClient - [1760536848663_112.94.129.49_1787]Ignore complete event,isRunning:false,isAbandon=false
2025-10-16 00:38:23.795 [SpringApplicationShutdownHook] INFO  c.a.nacos.common.remote.client.grpc.GrpcClient - Shutdown grpc executor java.util.concurrent.ThreadPoolExecutor@5551fa77[Running, pool size = 4, active threads = 0, queued tasks = 0, completed tasks = 1939]
2025-10-16 00:38:23.795 [SpringApplicationShutdownHook] INFO  com.alibaba.nacos.client.naming - Shutdown grpc redo service executor java.util.concurrent.ScheduledThreadPoolExecutor@4060f65f[Running, pool size = 1, active threads = 0, queued tasks = 1, completed tasks = 3143]
2025-10-16 00:38:23.797 [SpringApplicationShutdownHook] INFO  c.a.n.client.auth.ram.identify.CredentialWatcher - [null] CredentialWatcher is stopped
2025-10-16 00:38:23.797 [SpringApplicationShutdownHook] INFO  c.a.n.client.auth.ram.identify.CredentialService - [null] CredentialService is freed
2025-10-16 00:38:23.798 [SpringApplicationShutdownHook] INFO  com.alibaba.nacos.client.naming - com.alibaba.nacos.client.naming.remote.NamingClientProxyDelegate do shutdown stop
2025-10-16 00:38:23.836 [SpringApplicationShutdownHook] INFO  com.alibaba.druid.pool.DruidDataSource - {dataSource-1} closing ...
2025-10-16 00:38:23.850 [SpringApplicationShutdownHook] INFO  com.alibaba.druid.pool.DruidDataSource - {dataSource-1} closed
2025-10-16 17:36:08.962 [main] WARN  com.alibaba.nacos.client.logging.NacosLogging - Load Logback Configuration of Nacos fail, message: Could not initialize Logback Nacos logging from classpath:nacos-logback.xml
2025-10-16 17:36:09.029 [main] WARN  com.alibaba.nacos.client.logging.NacosLogging - Load Logback Configuration of Nacos fail, message: Could not initialize Logback Nacos logging from classpath:nacos-logback.xml
2025-10-16 17:36:09.676 [main] WARN  com.alibaba.nacos.client.logging.NacosLogging - Load Logback Configuration of Nacos fail, message: Could not initialize Logback Nacos logging from classpath:nacos-logback.xml
2025-10-16 17:36:09.693 [main] WARN  com.alibaba.nacos.client.logging.NacosLogging - Load Logback Configuration of Nacos fail, message: Could not initialize Logback Nacos logging from classpath:nacos-logback.xml
2025-10-16 17:36:09.695 [main] INFO  c.z.x.search.biz.XiaohongshuSearchApplication - The following 1 profile is active: "dev"
2025-10-16 17:36:10.642 [main] INFO  o.springframework.cloud.context.scope.GenericScope - BeanFactory id=08e0f751-fb5a-30ea-99ae-848b62ee9f46
2025-10-16 17:36:11.237 [main] INFO  o.s.boot.web.embedded.tomcat.TomcatWebServer - Tomcat initialized with port(s): 8092 (http)
2025-10-16 17:36:11.238 [main] INFO  org.apache.catalina.core.AprLifecycleListener - Loaded Apache Tomcat Native library [2.0.3] using APR version [1.7.2].
2025-10-16 17:36:11.243 [main] INFO  org.apache.catalina.core.AprLifecycleListener - OpenSSL successfully initialized [OpenSSL 3.0.8 7 Feb 2023]
2025-10-16 17:36:11.254 [main] INFO  org.apache.catalina.core.StandardService - Starting service [Tomcat]
2025-10-16 17:36:11.254 [main] INFO  org.apache.catalina.core.StandardEngine - Starting Servlet engine: [Apache Tomcat/10.1.5]
2025-10-16 17:36:11.371 [main] INFO  o.a.c.core.ContainerBase.[Tomcat].[localhost].[/] - Initializing Spring embedded WebApplicationContext
2025-10-16 17:36:11.371 [main] INFO  o.s.b.w.s.c.ServletWebServerApplicationContext - Root WebApplicationContext: initialization completed in 1652 ms
2025-10-16 17:36:11.487 [main] WARN  o.s.b.w.s.c.AnnotationConfigServletWebServerApplicationContext - Exception encountered during context initialization - cancelling refresh attempt: org.springframework.beans.factory.BeanCreationException: Error creating bean with name 'canalSchedule': Injection of resource dependencies failed
2025-10-16 17:36:11.488 [main] INFO  org.apache.catalina.core.StandardService - Stopping service [Tomcat]
2025-10-16 17:36:11.526 [main] INFO  o.s.b.a.logging.ConditionEvaluationReportLogger - 

Error starting ApplicationContext. To display the condition evaluation report re-run your application with 'debug' enabled.
2025-10-16 17:36:11.547 [main] ERROR org.springframework.boot.SpringApplication - Application run failed
org.springframework.beans.factory.BeanCreationException: Error creating bean with name 'canalSchedule': Injection of resource dependencies failed
	at org.springframework.context.annotation.CommonAnnotationBeanPostProcessor.postProcessProperties(CommonAnnotationBeanPostProcessor.java:303)
	at org.springframework.beans.factory.support.AbstractAutowireCapableBeanFactory.populateBean(AbstractAutowireCapableBeanFactory.java:1397)
	at org.springframework.beans.factory.support.AbstractAutowireCapableBeanFactory.doCreateBean(AbstractAutowireCapableBeanFactory.java:598)
	at org.springframework.beans.factory.support.AbstractAutowireCapableBeanFactory.createBean(AbstractAutowireCapableBeanFactory.java:521)
	at org.springframework.beans.factory.support.AbstractBeanFactory.lambda$doGetBean$0(AbstractBeanFactory.java:326)
	at org.springframework.beans.factory.support.DefaultSingletonBeanRegistry.getSingleton(DefaultSingletonBeanRegistry.java:234)
	at org.springframework.beans.factory.support.AbstractBeanFactory.doGetBean(AbstractBeanFactory.java:324)
	at org.springframework.beans.factory.support.AbstractBeanFactory.getBean(AbstractBeanFactory.java:200)
	at org.springframework.beans.factory.support.DefaultListableBeanFactory.preInstantiateSingletons(DefaultListableBeanFactory.java:961)
	at org.springframework.context.support.AbstractApplicationContext.finishBeanFactoryInitialization(AbstractApplicationContext.java:915)
	at org.springframework.context.support.AbstractApplicationContext.refresh(AbstractApplicationContext.java:584)
	at org.springframework.boot.web.servlet.context.ServletWebServerApplicationContext.refresh(ServletWebServerApplicationContext.java:146)
	at org.springframework.boot.SpringApplication.refresh(SpringApplication.java:730)
	at org.springframework.boot.SpringApplication.refreshContext(SpringApplication.java:432)
	at org.springframework.boot.SpringApplication.run(SpringApplication.java:308)
	at org.springframework.boot.SpringApplication.run(SpringApplication.java:1302)
	at org.springframework.boot.SpringApplication.run(SpringApplication.java:1291)
	at com.zry.xiaohongshu.search.biz.XiaohongshuSearchApplication.main(XiaohongshuSearchApplication.java:13)
Caused by: org.springframework.beans.factory.BeanCreationException: Error creating bean with name 'getCanalConnector' defined in class path resource [com/zry/xiaohongshu/search/biz/canal/CanalClient.class]: Failed to instantiate [com.alibaba.otter.canal.client.CanalConnector]: Factory method 'getCanalConnector' threw exception with message: java.net.ConnectException: Connection refused: connect
	at org.springframework.beans.factory.support.ConstructorResolver.instantiate(ConstructorResolver.java:657)
	at org.springframework.beans.factory.support.ConstructorResolver.instantiateUsingFactoryMethod(ConstructorResolver.java:491)
	at org.springframework.beans.factory.support.AbstractAutowireCapableBeanFactory.instantiateUsingFactoryMethod(AbstractAutowireCapableBeanFactory.java:1324)
	at org.springframework.beans.factory.support.AbstractAutowireCapableBeanFactory.createBeanInstance(AbstractAutowireCapableBeanFactory.java:1161)
	at org.springframework.beans.factory.support.AbstractAutowireCapableBeanFactory.doCreateBean(AbstractAutowireCapableBeanFactory.java:561)
	at org.springframework.beans.factory.support.AbstractAutowireCapableBeanFactory.createBean(AbstractAutowireCapableBeanFactory.java:521)
	at org.springframework.beans.factory.support.AbstractBeanFactory.lambda$doGetBean$0(AbstractBeanFactory.java:326)
	at org.springframework.beans.factory.support.DefaultSingletonBeanRegistry.getSingleton(DefaultSingletonBeanRegistry.java:234)
	at org.springframework.beans.factory.support.AbstractBeanFactory.doGetBean(AbstractBeanFactory.java:324)
	at org.springframework.beans.factory.support.AbstractBeanFactory.getBean(AbstractBeanFactory.java:200)
	at org.springframework.beans.factory.config.DependencyDescriptor.resolveCandidate(DependencyDescriptor.java:254)
	at org.springframework.beans.factory.support.DefaultListableBeanFactory.doResolveDependency(DefaultListableBeanFactory.java:1405)
	at org.springframework.beans.factory.support.DefaultListableBeanFactory.resolveDependency(DefaultListableBeanFactory.java:1325)
	at org.springframework.context.annotation.CommonAnnotationBeanPostProcessor.autowireResource(CommonAnnotationBeanPostProcessor.java:490)
	at org.springframework.context.annotation.CommonAnnotationBeanPostProcessor.getResource(CommonAnnotationBeanPostProcessor.java:467)
	at org.springframework.context.annotation.CommonAnnotationBeanPostProcessor$ResourceElement.getResourceToInject(CommonAnnotationBeanPostProcessor.java:618)
	at org.springframework.beans.factory.annotation.InjectionMetadata$InjectedElement.inject(InjectionMetadata.java:242)
	at org.springframework.beans.factory.annotation.InjectionMetadata.inject(InjectionMetadata.java:133)
	at org.springframework.context.annotation.CommonAnnotationBeanPostProcessor.postProcessProperties(CommonAnnotationBeanPostProcessor.java:300)
	... 17 common frames omitted
Caused by: org.springframework.beans.BeanInstantiationException: Failed to instantiate [com.alibaba.otter.canal.client.CanalConnector]: Factory method 'getCanalConnector' threw exception with message: java.net.ConnectException: Connection refused: connect
	at org.springframework.beans.factory.support.SimpleInstantiationStrategy.instantiate(SimpleInstantiationStrategy.java:171)
	at org.springframework.beans.factory.support.ConstructorResolver.instantiate(ConstructorResolver.java:653)
	... 35 common frames omitted
Caused by: com.alibaba.otter.canal.protocol.exception.CanalClientException: java.net.ConnectException: Connection refused: connect
	at com.alibaba.otter.canal.client.impl.SimpleCanalConnector.doConnect(SimpleCanalConnector.java:200)
	at com.alibaba.otter.canal.client.impl.SimpleCanalConnector.connect(SimpleCanalConnector.java:116)
	at com.zry.xiaohongshu.search.biz.canal.CanalClient.getCanalConnector(CanalClient.java:45)
	at java.base/jdk.internal.reflect.NativeMethodAccessorImpl.invoke0(Native Method)
	at java.base/jdk.internal.reflect.NativeMethodAccessorImpl.invoke(NativeMethodAccessorImpl.java:77)
	at java.base/jdk.internal.reflect.DelegatingMethodAccessorImpl.invoke(DelegatingMethodAccessorImpl.java:43)
	at java.base/java.lang.reflect.Method.invoke(Method.java:568)
	at org.springframework.beans.factory.support.SimpleInstantiationStrategy.instantiate(SimpleInstantiationStrategy.java:139)
	... 36 common frames omitted
Caused by: java.net.ConnectException: Connection refused: connect
	at java.base/sun.nio.ch.Net.connect0(Native Method)
	at java.base/sun.nio.ch.Net.connect(Net.java:579)
	at java.base/sun.nio.ch.Net.connect(Net.java:586)
	at java.base/sun.nio.ch.SocketChannelImpl.connect(SocketChannelImpl.java:853)
	at com.alibaba.otter.canal.client.impl.SimpleCanalConnector.doConnect(SimpleCanalConnector.java:152)
	... 43 common frames omitted
2025-10-16 22:03:32.110 [main] WARN  com.alibaba.nacos.client.logging.NacosLogging - Load Logback Configuration of Nacos fail, message: Could not initialize Logback Nacos logging from classpath:nacos-logback.xml
2025-10-16 22:03:32.179 [main] WARN  com.alibaba.nacos.client.logging.NacosLogging - Load Logback Configuration of Nacos fail, message: Could not initialize Logback Nacos logging from classpath:nacos-logback.xml
2025-10-16 22:03:32.723 [main] WARN  com.alibaba.nacos.client.logging.NacosLogging - Load Logback Configuration of Nacos fail, message: Could not initialize Logback Nacos logging from classpath:nacos-logback.xml
2025-10-16 22:03:32.738 [main] WARN  com.alibaba.nacos.client.logging.NacosLogging - Load Logback Configuration of Nacos fail, message: Could not initialize Logback Nacos logging from classpath:nacos-logback.xml
2025-10-16 22:03:32.739 [main] INFO  c.z.x.search.biz.XiaohongshuSearchApplication - The following 1 profile is active: "dev"
2025-10-16 22:03:33.523 [main] INFO  o.springframework.cloud.context.scope.GenericScope - BeanFactory id=08e0f751-fb5a-30ea-99ae-848b62ee9f46
2025-10-16 22:03:34.091 [main] INFO  o.s.boot.web.embedded.tomcat.TomcatWebServer - Tomcat initialized with port(s): 8092 (http)
2025-10-16 22:03:34.092 [main] INFO  org.apache.catalina.core.AprLifecycleListener - Loaded Apache Tomcat Native library [2.0.3] using APR version [1.7.2].
2025-10-16 22:03:34.096 [main] INFO  org.apache.catalina.core.AprLifecycleListener - OpenSSL successfully initialized [OpenSSL 3.0.8 7 Feb 2023]
2025-10-16 22:03:34.107 [main] INFO  org.apache.catalina.core.StandardService - Starting service [Tomcat]
2025-10-16 22:03:34.108 [main] INFO  org.apache.catalina.core.StandardEngine - Starting Servlet engine: [Apache Tomcat/10.1.5]
2025-10-16 22:03:34.224 [main] INFO  o.a.c.core.ContainerBase.[Tomcat].[localhost].[/] - Initializing Spring embedded WebApplicationContext
2025-10-16 22:03:34.224 [main] INFO  o.s.b.w.s.c.ServletWebServerApplicationContext - Root WebApplicationContext: initialization completed in 1466 ms
2025-10-16 22:03:34.466 [main] INFO  c.a.d.s.b.a.DruidDataSourceAutoConfigure - Init DruidDataSource
2025-10-16 22:03:34.855 [main] INFO  com.alibaba.druid.pool.DruidDataSource - {dataSource-1} inited
2025-10-16 22:03:36.518 [main] WARN  o.s.c.l.c.LoadBalancerCacheAutoConfiguration$LoadBalancerCaffeineWarnLogger - Spring Cloud LoadBalancer is currently working with the default cache. While this cache implementation is useful for development and tests, it's recommended to use Caffeine cache in production.You can switch to using Caffeine cache, by adding it and org.springframework.cache.caffeine.CaffeineCacheManager to the classpath.
2025-10-16 22:03:36.636 [main] INFO  o.s.boot.web.embedded.tomcat.TomcatWebServer - Tomcat started on port(s): 8092 (http) with context path ''
2025-10-16 22:03:36.644 [main] WARN  com.alibaba.nacos.client.logging.NacosLogging - Load Logback Configuration of Nacos fail, message: Could not initialize Logback Nacos logging from classpath:nacos-logback.xml
2025-10-16 22:03:36.645 [main] INFO  com.alibaba.nacos.client.naming - initializer namespace from ans.namespace attribute : null
2025-10-16 22:03:36.646 [main] INFO  com.alibaba.nacos.client.naming - initializer namespace from ALIBABA_ALIWARE_NAMESPACE attribute :null
2025-10-16 22:03:36.647 [main] INFO  com.alibaba.nacos.client.naming - initializer namespace from namespace attribute :null
2025-10-16 22:03:36.674 [main] INFO  com.alibaba.nacos.client.utils.ParamUtil - [settings] [req-serv] nacos-server port:8848
2025-10-16 22:03:36.674 [main] INFO  com.alibaba.nacos.client.utils.ParamUtil - [settings] [http-client] connect timeout:1000
2025-10-16 22:03:36.675 [main] INFO  com.alibaba.nacos.client.utils.ParamUtil - PER_TASK_CONFIG_SIZE: 3000.0
2025-10-16 22:03:36.680 [main] INFO  c.a.n.p.auth.spi.client.ClientAuthPluginManager - [ClientAuthPluginManager] Load ClientAuthService com.alibaba.nacos.client.auth.impl.NacosClientAuthServiceImpl success.
2025-10-16 22:03:36.681 [main] INFO  c.a.n.p.auth.spi.client.ClientAuthPluginManager - [ClientAuthPluginManager] Load ClientAuthService com.alibaba.nacos.client.auth.ram.RamClientAuthServiceImpl success.
2025-10-16 22:03:36.684 [main] INFO  c.a.n.client.auth.ram.identify.CredentialWatcher - null No credential found
2025-10-16 22:03:36.695 [main] INFO  com.alibaba.nacos.common.remote.client - [RpcClientFactory] create a new rpc client of a929b6a2-c4c6-45a0-a52f-90e1199f733d
2025-10-16 22:03:36.721 [main] INFO  com.alibaba.nacos.common.remote.client - [a929b6a2-c4c6-45a0-a52f-90e1199f733d] RpcClient init, ServerListFactory = com.alibaba.nacos.client.naming.core.ServerListManager
2025-10-16 22:03:36.721 [main] INFO  com.alibaba.nacos.common.remote.client - [a929b6a2-c4c6-45a0-a52f-90e1199f733d] Registry connection listener to current client:com.alibaba.nacos.client.naming.remote.gprc.redo.NamingGrpcRedoService
2025-10-16 22:03:36.722 [main] INFO  com.alibaba.nacos.common.remote.client - [a929b6a2-c4c6-45a0-a52f-90e1199f733d] Register server push request handler:com.alibaba.nacos.client.naming.remote.gprc.NamingPushRequestHandler
2025-10-16 22:03:36.724 [main] INFO  com.alibaba.nacos.common.remote.client - [a929b6a2-c4c6-45a0-a52f-90e1199f733d] Try to connect to server on start up, server: {serverIp = '8.134.88.169', server main port = 8848}
2025-10-16 22:03:36.767 [main] INFO  c.a.nacos.common.remote.client.grpc.GrpcClient - grpc client connection server:8.134.88.169 ip,serverPort:9848,grpcTslConfig:{"sslProvider":"OPENSSL","enableTls":false,"mutualAuthEnable":false,"trustAll":false}
2025-10-16 22:03:37.805 [main] INFO  com.alibaba.nacos.common.remote.client - [a929b6a2-c4c6-45a0-a52f-90e1199f733d] Success to connect to server [8.134.88.169:8848] on start up, connectionId = 1760623418292_112.94.129.49_1789
2025-10-16 22:03:37.805 [com.alibaba.nacos.client.remote.worker] INFO  com.alibaba.nacos.common.remote.client - [a929b6a2-c4c6-45a0-a52f-90e1199f733d] Notify connected event to listeners.
2025-10-16 22:03:37.805 [com.alibaba.nacos.client.remote.worker] INFO  com.alibaba.nacos.client.naming - Grpc connection connect
2025-10-16 22:03:37.805 [main] INFO  com.alibaba.nacos.common.remote.client - [a929b6a2-c4c6-45a0-a52f-90e1199f733d] Register server push request handler:com.alibaba.nacos.common.remote.client.RpcClient$ConnectResetRequestHandler
2025-10-16 22:03:37.806 [main] INFO  com.alibaba.nacos.common.remote.client - [a929b6a2-c4c6-45a0-a52f-90e1199f733d] Register server push request handler:com.alibaba.nacos.common.remote.client.RpcClient$$Lambda$1206/0x00000288ad8a7928
2025-10-16 22:03:37.808 [main] INFO  com.alibaba.nacos.client.naming - [REGISTER-SERVICE] xiaohongshu registering service xiaohongshu-search with instance Instance{instanceId='null', ip='10.2.66.30', port=8092, weight=1.0, healthy=true, enabled=true, ephemeral=true, clusterName='DEFAULT', serviceName='null', metadata={IPv6=null, preserved.register.source=SPRING_CLOUD}}
2025-10-16 22:03:37.837 [main] INFO  c.a.cloud.nacos.registry.NacosServiceRegistry - nacos registry, DEFAULT_GROUP xiaohongshu-search 10.2.66.30:8092 register finished
2025-10-16 22:03:38.093 [main] INFO  c.z.x.search.biz.XiaohongshuSearchApplication - Started XiaohongshuSearchApplication in 6.898 seconds (process running for 7.918)
2025-10-16 22:03:38.127 [scheduling-1] INFO  c.zry.xiaohongshu.search.biz.canal.CanalSchedule - EventType: INSERT, Database: xiaohongshu, Table: t_user, Columns: {birthday=, create_time=2025-10-16 21:35:25, sex=0, background_img=, avatar=, password=, update_time=2025-10-16 21:35:25, is_deleted=0, phone=13345678911, nickname=kuku-模特版, xiaohongshu_id=1111111111, id=105, introduction=, status=0}
2025-10-16 22:03:39.300 [scheduling-1] INFO  c.zry.xiaohongshu.search.biz.canal.CanalSchedule - EventType: UPDATE, Database: xiaohongshu, Table: t_user, Columns: {birthday=, create_time=2025-10-16 21:35:25, sex=0, background_img=, avatar=, password=$2a$10$iF9icYmcTydaqR9HbnQV9uf1lGxwYoGWvBXoEVrIa9kFiQGZ0X/bS, update_time=2025-10-16 21:35:25, is_deleted=0, phone=13345678911, nickname=kuku-模特版, xiaohongshu_id=1111111111, id=105, introduction=, status=0}
2025-10-16 22:03:39.422 [scheduling-1] INFO  c.zry.xiaohongshu.search.biz.canal.CanalSchedule - EventType: UPDATE, Database: xiaohongshu, Table: t_user, Columns: {birthday=2016-08-25, create_time=2025-07-11 12:23:24, sex=1, background_img=, avatar=https://my-xiaohongshu-oss.oss-cn-guangzhou.aliyuncs.com/c1412997b38e47c782d9a5d909024792.jpg, password=$2a$10$iF9icYmcTydaqR9HbnQV9uf1lGxwYoGWvBXoEVrIa9kFiQGZ0X/bS, update_time=2025-08-23 15:55:08, is_deleted=0, phone=15202076405, nickname=姜磊, xiaohongshu_id=1232344, id=101, introduction=1212, status=0}
2025-10-16 22:03:39.452 [scheduling-1] INFO  c.zry.xiaohongshu.search.biz.canal.CanalSchedule - EventType: UPDATE, Database: xiaohongshu, Table: t_user, Columns: {birthday=2000-10-16, create_time=2025-10-16 21:35:25, sex=0, background_img=, avatar=http://8.134.88.169:9000/my-xiaohongshu-oss/52d6e4a43ccb4ac4a99de167ffbd0fe2.webp, password=$2a$10$iF9icYmcTydaqR9HbnQV9uf1lGxwYoGWvBXoEVrIa9kFiQGZ0X/bS, update_time=2025-10-16 21:47:14, is_deleted=0, phone=13345678911, nickname=kuku-模特版, xiaohongshu_id=29236109zy, id=105, introduction=择优互勉...新手可小偿
日系｜胶片｜写真｜婚样
Z-z-zzzzx（🫧）, status=0}
2025-10-16 22:03:39.491 [scheduling-1] INFO  c.zry.xiaohongshu.search.biz.canal.CanalSchedule - EventType: INSERT, Database: xiaohongshu, Table: t_note, Columns: {topic_ids=18,19,20, visible=0, create_time=2025-10-16 21:57:13, title=加藤惠, type=0, is_top=0, video_uri=, is_content_empty=0, update_time=2025-10-16 21:57:13, img_uris=http://8.134.88.169:9000/my-xiaohongshu-oss/35e082ef06e94f6eb71e163ed0cf6132.jpg,http://8.134.88.169:9000/my-xiaohongshu-oss/3e5bc0565046424b860a29b6209fdba8.jpg,http://8.134.88.169:9000/my-xiaohongshu-oss/b6ed7e66959741349608102412c57d97.jpg,http://8.134.88.169:9000/my-xiaohongshu-oss/80f136a34f39471e8f1cb46c9e4dd37d.jpg,http://8.134.88.169:9000/my-xiaohongshu-oss/0c5b046cb2334943888c7d4c8b3ff435.jpg,http://8.134.88.169:9000/my-xiaohongshu-oss/ad2a08a7463b44fc8d6a4b58889d7d54.jpg,http://8.134.88.169:9000/my-xiaohongshu-oss/f0921f42ff054a12a1359b887a00a558.jpg, content_uuid=95ff709e-fe74-45dc-8f69-5573cdfd0cdb, creator_id=105, id=1978822535743045659, channel_id=5, status=1}
2025-10-16 22:03:39.492 [scheduling-1] INFO  c.zry.xiaohongshu.search.biz.canal.CanalSchedule - 处理笔记表事件: INSERT, {topic_ids=18,19,20, visible=0, create_time=2025-10-16 21:57:13, title=加藤惠, type=0, is_top=0, video_uri=, is_content_empty=0, update_time=2025-10-16 21:57:13, img_uris=http://8.134.88.169:9000/my-xiaohongshu-oss/35e082ef06e94f6eb71e163ed0cf6132.jpg,http://8.134.88.169:9000/my-xiaohongshu-oss/3e5bc0565046424b860a29b6209fdba8.jpg,http://8.134.88.169:9000/my-xiaohongshu-oss/b6ed7e66959741349608102412c57d97.jpg,http://8.134.88.169:9000/my-xiaohongshu-oss/80f136a34f39471e8f1cb46c9e4dd37d.jpg,http://8.134.88.169:9000/my-xiaohongshu-oss/0c5b046cb2334943888c7d4c8b3ff435.jpg,http://8.134.88.169:9000/my-xiaohongshu-oss/ad2a08a7463b44fc8d6a4b58889d7d54.jpg,http://8.134.88.169:9000/my-xiaohongshu-oss/f0921f42ff054a12a1359b887a00a558.jpg, content_uuid=95ff709e-fe74-45dc-8f69-5573cdfd0cdb, creator_id=105, id=1978822535743045659, channel_id=5, status=1}
2025-10-16 22:03:39.496 [scheduling-1] INFO  c.zry.xiaohongshu.search.biz.canal.CanalSchedule - 索引内容：{cover=http://8.134.88.169:9000/my-xiaohongshu-oss/35e082ef06e94f6eb71e163ed0cf6132.jpg, update_time=2025-10-16 21:57:13, create_time=2025-10-16 21:57:13, creator_id=105, comment_total=0, id=1978822535743045659, creator_avatar=http://8.134.88.169:9000/my-xiaohongshu-oss/52d6e4a43ccb4ac4a99de167ffbd0fe2.webp, title=加藤惠, type=0, collect_total=0, creator_nickname=kuku-模特版, like_total=0}
2025-10-16 22:03:39.522 [scheduling-1] INFO  c.zry.xiaohongshu.search.biz.canal.CanalSchedule - 同步笔记索引成功，noteId: 1978822535743045659
2025-10-16 22:03:39.522 [scheduling-1] INFO  c.zry.xiaohongshu.search.biz.canal.CanalSchedule - EventType: INSERT, Database: xiaohongshu, Table: t_note, Columns: {topic_ids=21,22, visible=0, create_time=2025-10-16 21:59:29, title=拍成这样有多少人喜欢｜富士直出, type=0, is_top=0, video_uri=, is_content_empty=0, update_time=2025-10-16 21:59:29, img_uris=http://8.134.88.169:9000/my-xiaohongshu-oss/6f80c786272a4c099d202c9b57fa4b6f.jpg,http://8.134.88.169:9000/my-xiaohongshu-oss/9619d52221724490837e7e6c9931d2eb.jpg,http://8.134.88.169:9000/my-xiaohongshu-oss/c73a917d99764fec8629f692c2030333.jpg, content_uuid=612d72e4-79d4-4d2b-8894-57e7e5b5fd97, creator_id=105, id=1978823111465795601, channel_id=3, status=1}
2025-10-16 22:03:39.522 [scheduling-1] INFO  c.zry.xiaohongshu.search.biz.canal.CanalSchedule - 处理笔记表事件: INSERT, {topic_ids=21,22, visible=0, create_time=2025-10-16 21:59:29, title=拍成这样有多少人喜欢｜富士直出, type=0, is_top=0, video_uri=, is_content_empty=0, update_time=2025-10-16 21:59:29, img_uris=http://8.134.88.169:9000/my-xiaohongshu-oss/6f80c786272a4c099d202c9b57fa4b6f.jpg,http://8.134.88.169:9000/my-xiaohongshu-oss/9619d52221724490837e7e6c9931d2eb.jpg,http://8.134.88.169:9000/my-xiaohongshu-oss/c73a917d99764fec8629f692c2030333.jpg, content_uuid=612d72e4-79d4-4d2b-8894-57e7e5b5fd97, creator_id=105, id=1978823111465795601, channel_id=3, status=1}
2025-10-16 22:03:39.525 [scheduling-1] INFO  c.zry.xiaohongshu.search.biz.canal.CanalSchedule - 索引内容：{cover=http://8.134.88.169:9000/my-xiaohongshu-oss/6f80c786272a4c099d202c9b57fa4b6f.jpg, update_time=2025-10-16 21:59:29, create_time=2025-10-16 21:59:29, creator_id=105, comment_total=0, id=1978823111465795601, creator_avatar=http://8.134.88.169:9000/my-xiaohongshu-oss/52d6e4a43ccb4ac4a99de167ffbd0fe2.webp, title=拍成这样有多少人喜欢｜富士直出, type=0, collect_total=0, creator_nickname=kuku-模特版, like_total=0}
2025-10-16 22:03:39.555 [scheduling-1] INFO  c.zry.xiaohongshu.search.biz.canal.CanalSchedule - 同步笔记索引成功，noteId: 1978823111465795601
2025-10-16 22:03:39.555 [scheduling-1] INFO  c.zry.xiaohongshu.search.biz.canal.CanalSchedule - EventType: INSERT, Database: xiaohongshu, Table: t_note, Columns: {topic_ids=23,24, visible=0, create_time=2025-10-16 22:01:27, title=摄影说看到粉衫大爷以为自己在拍人文扫街, type=0, is_top=0, video_uri=, is_content_empty=0, update_time=2025-10-16 22:01:27, img_uris=http://8.134.88.169:9000/my-xiaohongshu-oss/f264a2e4df0240c0a5622ded77a1cf1b.jpg,http://8.134.88.169:9000/my-xiaohongshu-oss/19f137303caa4cbb9b0f02b66f3d9355.jpg,http://8.134.88.169:9000/my-xiaohongshu-oss/a069ccf37f63447bb7b0ce3951ac4552.jpg, content_uuid=56a7913d-bdb0-4495-b3e5-37a3c3bd14c1, creator_id=105, id=1978823606712434691, channel_id=3, status=1}
2025-10-16 22:03:39.555 [scheduling-1] INFO  c.zry.xiaohongshu.search.biz.canal.CanalSchedule - 处理笔记表事件: INSERT, {topic_ids=23,24, visible=0, create_time=2025-10-16 22:01:27, title=摄影说看到粉衫大爷以为自己在拍人文扫街, type=0, is_top=0, video_uri=, is_content_empty=0, update_time=2025-10-16 22:01:27, img_uris=http://8.134.88.169:9000/my-xiaohongshu-oss/f264a2e4df0240c0a5622ded77a1cf1b.jpg,http://8.134.88.169:9000/my-xiaohongshu-oss/19f137303caa4cbb9b0f02b66f3d9355.jpg,http://8.134.88.169:9000/my-xiaohongshu-oss/a069ccf37f63447bb7b0ce3951ac4552.jpg, content_uuid=56a7913d-bdb0-4495-b3e5-37a3c3bd14c1, creator_id=105, id=1978823606712434691, channel_id=3, status=1}
2025-10-16 22:03:39.559 [scheduling-1] INFO  c.zry.xiaohongshu.search.biz.canal.CanalSchedule - 索引内容：{cover=http://8.134.88.169:9000/my-xiaohongshu-oss/f264a2e4df0240c0a5622ded77a1cf1b.jpg, update_time=2025-10-16 22:01:27, create_time=2025-10-16 22:01:27, creator_id=105, comment_total=0, id=1978823606712434691, creator_avatar=http://8.134.88.169:9000/my-xiaohongshu-oss/52d6e4a43ccb4ac4a99de167ffbd0fe2.webp, title=摄影说看到粉衫大爷以为自己在拍人文扫街, type=0, collect_total=0, creator_nickname=kuku-模特版, like_total=0}
2025-10-16 22:03:39.589 [scheduling-1] INFO  c.zry.xiaohongshu.search.biz.canal.CanalSchedule - 同步笔记索引成功，noteId: 1978823606712434691
2025-10-16 22:03:57.362 [http-nio-8092-exec-1] INFO  o.a.c.core.ContainerBase.[Tomcat].[localhost].[/] - Initializing Spring DispatcherServlet 'dispatcherServlet'
2025-10-16 22:03:57.362 [http-nio-8092-exec-1] INFO  org.springframework.web.servlet.DispatcherServlet - Initializing Servlet 'dispatcherServlet'
2025-10-16 22:03:57.364 [http-nio-8092-exec-1] INFO  org.springframework.web.servlet.DispatcherServlet - Completed initialization in 2 ms
2025-10-16 22:03:57.475 [http-nio-8092-exec-1] INFO  c.z.f.b.operationlog.aspect.ApiOperationLogAspect - ====== 请求开始: [搜索笔记], 入参: {"keyword":"摄影","pageNo":1,"type":null,"sort":null,"publishTimeRange":null}, 请求类: NoteController, 请求方法: searchNote =================================== 
2025-10-16 22:03:57.475 [http-nio-8092-exec-2] INFO  c.z.f.b.operationlog.aspect.ApiOperationLogAspect - ====== 请求开始: [搜索笔记], 入参: {"keyword":"摄影","pageNo":1,"type":null,"sort":null,"publishTimeRange":null}, 请求类: NoteController, 请求方法: searchNote =================================== 
2025-10-16 22:03:57.613 [http-nio-8092-exec-1] INFO  c.z.x.search.biz.service.impl.NoteServiceImpl - ==> SearchRequest: SearchRequest{searchType=QUERY_THEN_FETCH, indices=[note], indicesOptions=IndicesOptions[ignore_unavailable=false, allow_no_indices=true, expand_wildcards_open=true, expand_wildcards_closed=false, allow_aliases_to_multiple_indices=true, forbid_closed_indices=true, ignore_aliases=false, ignore_throttled=true], types=[], routing='null', preference='null', requestCache=null, scroll=null, maxConcurrentShardRequests=0, batchedReduceSize=512, preFilterShardSize=128, allowPartialSearchResults=null, localClusterAlias=null, getOrCreateAbsoluteStartMillis=-1, ccsMinimizeRoundtrips=true, source={"from":0,"size":10,"query":{"function_score":{"query":{"bool":{"must":[{"multi_match":{"query":"摄影","fields":["title^2.0","topic^1.0"],"type":"best_fields","operator":"OR","slop":0,"prefix_length":0,"max_expansions":50,"zero_terms_query":"NONE","auto_generate_synonyms_phrase_query":true,"fuzzy_transpositions":true,"boost":1.0}}],"adjust_pure_negative":true,"boost":1.0}},"functions":[{"filter":{"match_all":{"boost":1.0}},"field_value_factor":{"field":"like_total","factor":0.5,"missing":0.0,"modifier":"sqrt"}},{"filter":{"match_all":{"boost":1.0}},"field_value_factor":{"field":"collect_total","factor":0.3,"missing":0.0,"modifier":"sqrt"}},{"filter":{"match_all":{"boost":1.0}},"field_value_factor":{"field":"comment_total","factor":0.2,"missing":0.0,"modifier":"sqrt"}}],"score_mode":"sum","boost_mode":"sum","max_boost":3.4028235E38,"boost":1.0}},"sort":[{"_score":{"order":"desc"}}],"highlight":{"pre_tags":["<strong>"],"post_tags":["</strong>"],"fields":{"title":{}}}}}
2025-10-16 22:03:57.613 [http-nio-8092-exec-2] INFO  c.z.x.search.biz.service.impl.NoteServiceImpl - ==> SearchRequest: SearchRequest{searchType=QUERY_THEN_FETCH, indices=[note], indicesOptions=IndicesOptions[ignore_unavailable=false, allow_no_indices=true, expand_wildcards_open=true, expand_wildcards_closed=false, allow_aliases_to_multiple_indices=true, forbid_closed_indices=true, ignore_aliases=false, ignore_throttled=true], types=[], routing='null', preference='null', requestCache=null, scroll=null, maxConcurrentShardRequests=0, batchedReduceSize=512, preFilterShardSize=128, allowPartialSearchResults=null, localClusterAlias=null, getOrCreateAbsoluteStartMillis=-1, ccsMinimizeRoundtrips=true, source={"from":0,"size":10,"query":{"function_score":{"query":{"bool":{"must":[{"multi_match":{"query":"摄影","fields":["title^2.0","topic^1.0"],"type":"best_fields","operator":"OR","slop":0,"prefix_length":0,"max_expansions":50,"zero_terms_query":"NONE","auto_generate_synonyms_phrase_query":true,"fuzzy_transpositions":true,"boost":1.0}}],"adjust_pure_negative":true,"boost":1.0}},"functions":[{"filter":{"match_all":{"boost":1.0}},"field_value_factor":{"field":"like_total","factor":0.5,"missing":0.0,"modifier":"sqrt"}},{"filter":{"match_all":{"boost":1.0}},"field_value_factor":{"field":"collect_total","factor":0.3,"missing":0.0,"modifier":"sqrt"}},{"filter":{"match_all":{"boost":1.0}},"field_value_factor":{"field":"comment_total","factor":0.2,"missing":0.0,"modifier":"sqrt"}}],"score_mode":"sum","boost_mode":"sum","max_boost":3.4028235E38,"boost":1.0}},"sort":[{"_score":{"order":"desc"}}],"highlight":{"pre_tags":["<strong>"],"post_tags":["</strong>"],"fields":{"title":{}}}}}
2025-10-16 22:03:58.811 [http-nio-8092-exec-2] INFO  c.z.x.search.biz.service.impl.NoteServiceImpl - ==> 命中文档总数, hits: 1
2025-10-16 22:03:58.811 [http-nio-8092-exec-1] INFO  c.z.x.search.biz.service.impl.NoteServiceImpl - ==> 命中文档总数, hits: 1
2025-10-16 22:03:58.815 [http-nio-8092-exec-2] INFO  c.z.x.search.biz.service.impl.NoteServiceImpl - ==> 文档数据: {"cover":"http://8.134.88.169:9000/my-xiaohongshu-oss/f264a2e4df0240c0a5622ded77a1cf1b.jpg","update_time":"2025-10-16 22:01:27","create_time":"2025-10-16 22:01:27","creator_id":105,"comment_total":0,"id":1978823606712434691,"creator_avatar":"http://8.134.88.169:9000/my-xiaohongshu-oss/52d6e4a43ccb4ac4a99de167ffbd0fe2.webp","title":"摄影说看到粉衫大爷以为自己在拍人文扫街","type":0,"collect_total":0,"creator_nickname":"kuku-模特版","like_total":0}
2025-10-16 22:03:58.815 [http-nio-8092-exec-1] INFO  c.z.x.search.biz.service.impl.NoteServiceImpl - ==> 文档数据: {"cover":"http://8.134.88.169:9000/my-xiaohongshu-oss/f264a2e4df0240c0a5622ded77a1cf1b.jpg","update_time":"2025-10-16 22:01:27","create_time":"2025-10-16 22:01:27","creator_id":105,"comment_total":0,"id":1978823606712434691,"creator_avatar":"http://8.134.88.169:9000/my-xiaohongshu-oss/52d6e4a43ccb4ac4a99de167ffbd0fe2.webp","title":"摄影说看到粉衫大爷以为自己在拍人文扫街","type":0,"collect_total":0,"creator_nickname":"kuku-模特版","like_total":0}
2025-10-16 22:03:58.832 [http-nio-8092-exec-2] INFO  c.z.f.b.operationlog.aspect.ApiOperationLogAspect - ====== 请求结束: [搜索笔记], 耗时: 1357ms, 出参: {"success":true,"message":null,"errorCode":null,"data":[{"id":"1978823606712434691","type":0,"cover":"http://8.134.88.169:9000/my-xiaohongshu-oss/f264a2e4df0240c0a5622ded77a1cf1b.jpg","videoUri":null,"title":"摄影说看到粉衫大爷以为自己在拍人文扫街","highlightTitle":"<strong>摄</strong><strong>影</strong>说看到粉衫大爷以为自己在拍人文扫街","avatar":"http://8.134.88.169:9000/my-xiaohongshu-oss/52d6e4a43ccb4ac4a99de167ffbd0fe2.webp","nickname":"kuku-模特版","creatorId":105,"updateTime":"2分钟前","likeTotal":"0","commentTotal":"0","collectTotal":"0"}],"pageNo":1,"totalCount":1,"pageSize":10,"totalPage":1} =================================== 
2025-10-16 22:03:58.832 [http-nio-8092-exec-1] INFO  c.z.f.b.operationlog.aspect.ApiOperationLogAspect - ====== 请求结束: [搜索笔记], 耗时: 1357ms, 出参: {"success":true,"message":null,"errorCode":null,"data":[{"id":"1978823606712434691","type":0,"cover":"http://8.134.88.169:9000/my-xiaohongshu-oss/f264a2e4df0240c0a5622ded77a1cf1b.jpg","videoUri":null,"title":"摄影说看到粉衫大爷以为自己在拍人文扫街","highlightTitle":"<strong>摄</strong><strong>影</strong>说看到粉衫大爷以为自己在拍人文扫街","avatar":"http://8.134.88.169:9000/my-xiaohongshu-oss/52d6e4a43ccb4ac4a99de167ffbd0fe2.webp","nickname":"kuku-模特版","creatorId":105,"updateTime":"2分钟前","likeTotal":"0","commentTotal":"0","collectTotal":"0"}],"pageNo":1,"totalCount":1,"pageSize":10,"totalPage":1} =================================== 
2025-10-16 22:03:59.089 [http-nio-8092-exec-3] INFO  c.z.f.b.operationlog.aspect.ApiOperationLogAspect - ====== 请求开始: [搜索笔记], 入参: {"keyword":"摄影","pageNo":1,"type":null,"sort":null,"publishTimeRange":null}, 请求类: NoteController, 请求方法: searchNote =================================== 
2025-10-16 22:03:59.089 [http-nio-8092-exec-3] INFO  c.z.x.search.biz.service.impl.NoteServiceImpl - ==> SearchRequest: SearchRequest{searchType=QUERY_THEN_FETCH, indices=[note], indicesOptions=IndicesOptions[ignore_unavailable=false, allow_no_indices=true, expand_wildcards_open=true, expand_wildcards_closed=false, allow_aliases_to_multiple_indices=true, forbid_closed_indices=true, ignore_aliases=false, ignore_throttled=true], types=[], routing='null', preference='null', requestCache=null, scroll=null, maxConcurrentShardRequests=0, batchedReduceSize=512, preFilterShardSize=128, allowPartialSearchResults=null, localClusterAlias=null, getOrCreateAbsoluteStartMillis=-1, ccsMinimizeRoundtrips=true, source={"from":0,"size":10,"query":{"function_score":{"query":{"bool":{"must":[{"multi_match":{"query":"摄影","fields":["title^2.0","topic^1.0"],"type":"best_fields","operator":"OR","slop":0,"prefix_length":0,"max_expansions":50,"zero_terms_query":"NONE","auto_generate_synonyms_phrase_query":true,"fuzzy_transpositions":true,"boost":1.0}}],"adjust_pure_negative":true,"boost":1.0}},"functions":[{"filter":{"match_all":{"boost":1.0}},"field_value_factor":{"field":"like_total","factor":0.5,"missing":0.0,"modifier":"sqrt"}},{"filter":{"match_all":{"boost":1.0}},"field_value_factor":{"field":"collect_total","factor":0.3,"missing":0.0,"modifier":"sqrt"}},{"filter":{"match_all":{"boost":1.0}},"field_value_factor":{"field":"comment_total","factor":0.2,"missing":0.0,"modifier":"sqrt"}}],"score_mode":"sum","boost_mode":"sum","max_boost":3.4028235E38,"boost":1.0}},"sort":[{"_score":{"order":"desc"}}],"highlight":{"pre_tags":["<strong>"],"post_tags":["</strong>"],"fields":{"title":{}}}}}
2025-10-16 22:03:59.107 [http-nio-8092-exec-3] INFO  c.z.x.search.biz.service.impl.NoteServiceImpl - ==> 命中文档总数, hits: 1
2025-10-16 22:03:59.107 [http-nio-8092-exec-3] INFO  c.z.x.search.biz.service.impl.NoteServiceImpl - ==> 文档数据: {"cover":"http://8.134.88.169:9000/my-xiaohongshu-oss/f264a2e4df0240c0a5622ded77a1cf1b.jpg","update_time":"2025-10-16 22:01:27","create_time":"2025-10-16 22:01:27","creator_id":105,"comment_total":0,"id":1978823606712434691,"creator_avatar":"http://8.134.88.169:9000/my-xiaohongshu-oss/52d6e4a43ccb4ac4a99de167ffbd0fe2.webp","title":"摄影说看到粉衫大爷以为自己在拍人文扫街","type":0,"collect_total":0,"creator_nickname":"kuku-模特版","like_total":0}
2025-10-16 22:03:59.108 [http-nio-8092-exec-3] INFO  c.z.f.b.operationlog.aspect.ApiOperationLogAspect - ====== 请求结束: [搜索笔记], 耗时: 20ms, 出参: {"success":true,"message":null,"errorCode":null,"data":[{"id":"1978823606712434691","type":0,"cover":"http://8.134.88.169:9000/my-xiaohongshu-oss/f264a2e4df0240c0a5622ded77a1cf1b.jpg","videoUri":null,"title":"摄影说看到粉衫大爷以为自己在拍人文扫街","highlightTitle":"<strong>摄</strong><strong>影</strong>说看到粉衫大爷以为自己在拍人文扫街","avatar":"http://8.134.88.169:9000/my-xiaohongshu-oss/52d6e4a43ccb4ac4a99de167ffbd0fe2.webp","nickname":"kuku-模特版","creatorId":105,"updateTime":"2分钟前","likeTotal":"0","commentTotal":"0","collectTotal":"0"}],"pageNo":1,"totalCount":1,"pageSize":10,"totalPage":1} =================================== 
2025-10-16 22:03:59.961 [http-nio-8092-exec-4] INFO  c.z.f.b.operationlog.aspect.ApiOperationLogAspect - ====== 请求开始: [搜索笔记], 入参: {"keyword":"摄影","pageNo":1,"type":0,"sort":null,"publishTimeRange":null}, 请求类: NoteController, 请求方法: searchNote =================================== 
2025-10-16 22:03:59.964 [http-nio-8092-exec-4] INFO  c.z.x.search.biz.service.impl.NoteServiceImpl - ==> SearchRequest: SearchRequest{searchType=QUERY_THEN_FETCH, indices=[note], indicesOptions=IndicesOptions[ignore_unavailable=false, allow_no_indices=true, expand_wildcards_open=true, expand_wildcards_closed=false, allow_aliases_to_multiple_indices=true, forbid_closed_indices=true, ignore_aliases=false, ignore_throttled=true], types=[], routing='null', preference='null', requestCache=null, scroll=null, maxConcurrentShardRequests=0, batchedReduceSize=512, preFilterShardSize=128, allowPartialSearchResults=null, localClusterAlias=null, getOrCreateAbsoluteStartMillis=-1, ccsMinimizeRoundtrips=true, source={"from":0,"size":10,"query":{"function_score":{"query":{"bool":{"must":[{"multi_match":{"query":"摄影","fields":["title^2.0","topic^1.0"],"type":"best_fields","operator":"OR","slop":0,"prefix_length":0,"max_expansions":50,"zero_terms_query":"NONE","auto_generate_synonyms_phrase_query":true,"fuzzy_transpositions":true,"boost":1.0}}],"filter":[{"term":{"type":{"value":0,"boost":1.0}}}],"adjust_pure_negative":true,"boost":1.0}},"functions":[{"filter":{"match_all":{"boost":1.0}},"field_value_factor":{"field":"like_total","factor":0.5,"missing":0.0,"modifier":"sqrt"}},{"filter":{"match_all":{"boost":1.0}},"field_value_factor":{"field":"collect_total","factor":0.3,"missing":0.0,"modifier":"sqrt"}},{"filter":{"match_all":{"boost":1.0}},"field_value_factor":{"field":"comment_total","factor":0.2,"missing":0.0,"modifier":"sqrt"}}],"score_mode":"sum","boost_mode":"sum","max_boost":3.4028235E38,"boost":1.0}},"sort":[{"_score":{"order":"desc"}}],"highlight":{"pre_tags":["<strong>"],"post_tags":["</strong>"],"fields":{"title":{}}}}}
2025-10-16 22:03:59.994 [http-nio-8092-exec-4] INFO  c.z.x.search.biz.service.impl.NoteServiceImpl - ==> 命中文档总数, hits: 1
2025-10-16 22:03:59.994 [http-nio-8092-exec-4] INFO  c.z.x.search.biz.service.impl.NoteServiceImpl - ==> 文档数据: {"cover":"http://8.134.88.169:9000/my-xiaohongshu-oss/f264a2e4df0240c0a5622ded77a1cf1b.jpg","update_time":"2025-10-16 22:01:27","create_time":"2025-10-16 22:01:27","creator_id":105,"comment_total":0,"id":1978823606712434691,"creator_avatar":"http://8.134.88.169:9000/my-xiaohongshu-oss/52d6e4a43ccb4ac4a99de167ffbd0fe2.webp","title":"摄影说看到粉衫大爷以为自己在拍人文扫街","type":0,"collect_total":0,"creator_nickname":"kuku-模特版","like_total":0}
2025-10-16 22:03:59.994 [http-nio-8092-exec-4] INFO  c.z.f.b.operationlog.aspect.ApiOperationLogAspect - ====== 请求结束: [搜索笔记], 耗时: 33ms, 出参: {"success":true,"message":null,"errorCode":null,"data":[{"id":"1978823606712434691","type":0,"cover":"http://8.134.88.169:9000/my-xiaohongshu-oss/f264a2e4df0240c0a5622ded77a1cf1b.jpg","videoUri":null,"title":"摄影说看到粉衫大爷以为自己在拍人文扫街","highlightTitle":"<strong>摄</strong><strong>影</strong>说看到粉衫大爷以为自己在拍人文扫街","avatar":"http://8.134.88.169:9000/my-xiaohongshu-oss/52d6e4a43ccb4ac4a99de167ffbd0fe2.webp","nickname":"kuku-模特版","creatorId":105,"updateTime":"2分钟前","likeTotal":"0","commentTotal":"0","collectTotal":"0"}],"pageNo":1,"totalCount":1,"pageSize":10,"totalPage":1} =================================== 
2025-10-16 22:04:00.407 [http-nio-8092-exec-5] INFO  c.z.f.b.operationlog.aspect.ApiOperationLogAspect - ====== 请求开始: [搜索笔记], 入参: {"keyword":"摄影","pageNo":1,"type":null,"sort":null,"publishTimeRange":null}, 请求类: NoteController, 请求方法: searchNote =================================== 
2025-10-16 22:04:00.407 [http-nio-8092-exec-5] INFO  c.z.x.search.biz.service.impl.NoteServiceImpl - ==> SearchRequest: SearchRequest{searchType=QUERY_THEN_FETCH, indices=[note], indicesOptions=IndicesOptions[ignore_unavailable=false, allow_no_indices=true, expand_wildcards_open=true, expand_wildcards_closed=false, allow_aliases_to_multiple_indices=true, forbid_closed_indices=true, ignore_aliases=false, ignore_throttled=true], types=[], routing='null', preference='null', requestCache=null, scroll=null, maxConcurrentShardRequests=0, batchedReduceSize=512, preFilterShardSize=128, allowPartialSearchResults=null, localClusterAlias=null, getOrCreateAbsoluteStartMillis=-1, ccsMinimizeRoundtrips=true, source={"from":0,"size":10,"query":{"function_score":{"query":{"bool":{"must":[{"multi_match":{"query":"摄影","fields":["title^2.0","topic^1.0"],"type":"best_fields","operator":"OR","slop":0,"prefix_length":0,"max_expansions":50,"zero_terms_query":"NONE","auto_generate_synonyms_phrase_query":true,"fuzzy_transpositions":true,"boost":1.0}}],"adjust_pure_negative":true,"boost":1.0}},"functions":[{"filter":{"match_all":{"boost":1.0}},"field_value_factor":{"field":"like_total","factor":0.5,"missing":0.0,"modifier":"sqrt"}},{"filter":{"match_all":{"boost":1.0}},"field_value_factor":{"field":"collect_total","factor":0.3,"missing":0.0,"modifier":"sqrt"}},{"filter":{"match_all":{"boost":1.0}},"field_value_factor":{"field":"comment_total","factor":0.2,"missing":0.0,"modifier":"sqrt"}}],"score_mode":"sum","boost_mode":"sum","max_boost":3.4028235E38,"boost":1.0}},"sort":[{"_score":{"order":"desc"}}],"highlight":{"pre_tags":["<strong>"],"post_tags":["</strong>"],"fields":{"title":{}}}}}
2025-10-16 22:04:00.423 [http-nio-8092-exec-5] INFO  c.z.x.search.biz.service.impl.NoteServiceImpl - ==> 命中文档总数, hits: 1
2025-10-16 22:04:00.423 [http-nio-8092-exec-5] INFO  c.z.x.search.biz.service.impl.NoteServiceImpl - ==> 文档数据: {"cover":"http://8.134.88.169:9000/my-xiaohongshu-oss/f264a2e4df0240c0a5622ded77a1cf1b.jpg","update_time":"2025-10-16 22:01:27","create_time":"2025-10-16 22:01:27","creator_id":105,"comment_total":0,"id":1978823606712434691,"creator_avatar":"http://8.134.88.169:9000/my-xiaohongshu-oss/52d6e4a43ccb4ac4a99de167ffbd0fe2.webp","title":"摄影说看到粉衫大爷以为自己在拍人文扫街","type":0,"collect_total":0,"creator_nickname":"kuku-模特版","like_total":0}
2025-10-16 22:04:00.423 [http-nio-8092-exec-5] INFO  c.z.f.b.operationlog.aspect.ApiOperationLogAspect - ====== 请求结束: [搜索笔记], 耗时: 16ms, 出参: {"success":true,"message":null,"errorCode":null,"data":[{"id":"1978823606712434691","type":0,"cover":"http://8.134.88.169:9000/my-xiaohongshu-oss/f264a2e4df0240c0a5622ded77a1cf1b.jpg","videoUri":null,"title":"摄影说看到粉衫大爷以为自己在拍人文扫街","highlightTitle":"<strong>摄</strong><strong>影</strong>说看到粉衫大爷以为自己在拍人文扫街","avatar":"http://8.134.88.169:9000/my-xiaohongshu-oss/52d6e4a43ccb4ac4a99de167ffbd0fe2.webp","nickname":"kuku-模特版","creatorId":105,"updateTime":"2分钟前","likeTotal":"0","commentTotal":"0","collectTotal":"0"}],"pageNo":1,"totalCount":1,"pageSize":10,"totalPage":1} =================================== 
2025-10-16 22:04:02.362 [http-nio-8092-exec-6] INFO  c.z.f.b.operationlog.aspect.ApiOperationLogAspect - ====== 请求开始: [搜索笔记], 入参: {"keyword":"摄影","pageNo":1,"type":0,"sort":null,"publishTimeRange":null}, 请求类: NoteController, 请求方法: searchNote =================================== 
2025-10-16 22:04:02.363 [http-nio-8092-exec-6] INFO  c.z.x.search.biz.service.impl.NoteServiceImpl - ==> SearchRequest: SearchRequest{searchType=QUERY_THEN_FETCH, indices=[note], indicesOptions=IndicesOptions[ignore_unavailable=false, allow_no_indices=true, expand_wildcards_open=true, expand_wildcards_closed=false, allow_aliases_to_multiple_indices=true, forbid_closed_indices=true, ignore_aliases=false, ignore_throttled=true], types=[], routing='null', preference='null', requestCache=null, scroll=null, maxConcurrentShardRequests=0, batchedReduceSize=512, preFilterShardSize=128, allowPartialSearchResults=null, localClusterAlias=null, getOrCreateAbsoluteStartMillis=-1, ccsMinimizeRoundtrips=true, source={"from":0,"size":10,"query":{"function_score":{"query":{"bool":{"must":[{"multi_match":{"query":"摄影","fields":["title^2.0","topic^1.0"],"type":"best_fields","operator":"OR","slop":0,"prefix_length":0,"max_expansions":50,"zero_terms_query":"NONE","auto_generate_synonyms_phrase_query":true,"fuzzy_transpositions":true,"boost":1.0}}],"filter":[{"term":{"type":{"value":0,"boost":1.0}}}],"adjust_pure_negative":true,"boost":1.0}},"functions":[{"filter":{"match_all":{"boost":1.0}},"field_value_factor":{"field":"like_total","factor":0.5,"missing":0.0,"modifier":"sqrt"}},{"filter":{"match_all":{"boost":1.0}},"field_value_factor":{"field":"collect_total","factor":0.3,"missing":0.0,"modifier":"sqrt"}},{"filter":{"match_all":{"boost":1.0}},"field_value_factor":{"field":"comment_total","factor":0.2,"missing":0.0,"modifier":"sqrt"}}],"score_mode":"sum","boost_mode":"sum","max_boost":3.4028235E38,"boost":1.0}},"sort":[{"_score":{"order":"desc"}}],"highlight":{"pre_tags":["<strong>"],"post_tags":["</strong>"],"fields":{"title":{}}}}}
2025-10-16 22:04:02.381 [http-nio-8092-exec-6] INFO  c.z.x.search.biz.service.impl.NoteServiceImpl - ==> 命中文档总数, hits: 1
2025-10-16 22:04:02.381 [http-nio-8092-exec-6] INFO  c.z.x.search.biz.service.impl.NoteServiceImpl - ==> 文档数据: {"cover":"http://8.134.88.169:9000/my-xiaohongshu-oss/f264a2e4df0240c0a5622ded77a1cf1b.jpg","update_time":"2025-10-16 22:01:27","create_time":"2025-10-16 22:01:27","creator_id":105,"comment_total":0,"id":1978823606712434691,"creator_avatar":"http://8.134.88.169:9000/my-xiaohongshu-oss/52d6e4a43ccb4ac4a99de167ffbd0fe2.webp","title":"摄影说看到粉衫大爷以为自己在拍人文扫街","type":0,"collect_total":0,"creator_nickname":"kuku-模特版","like_total":0}
2025-10-16 22:04:02.381 [http-nio-8092-exec-6] INFO  c.z.f.b.operationlog.aspect.ApiOperationLogAspect - ====== 请求结束: [搜索笔记], 耗时: 19ms, 出参: {"success":true,"message":null,"errorCode":null,"data":[{"id":"1978823606712434691","type":0,"cover":"http://8.134.88.169:9000/my-xiaohongshu-oss/f264a2e4df0240c0a5622ded77a1cf1b.jpg","videoUri":null,"title":"摄影说看到粉衫大爷以为自己在拍人文扫街","highlightTitle":"<strong>摄</strong><strong>影</strong>说看到粉衫大爷以为自己在拍人文扫街","avatar":"http://8.134.88.169:9000/my-xiaohongshu-oss/52d6e4a43ccb4ac4a99de167ffbd0fe2.webp","nickname":"kuku-模特版","creatorId":105,"updateTime":"2分钟前","likeTotal":"0","commentTotal":"0","collectTotal":"0"}],"pageNo":1,"totalCount":1,"pageSize":10,"totalPage":1} =================================== 
2025-10-16 22:04:02.961 [http-nio-8092-exec-7] INFO  c.z.f.b.operationlog.aspect.ApiOperationLogAspect - ====== 请求开始: [搜索笔记], 入参: {"keyword":"摄影","pageNo":1,"type":1,"sort":null,"publishTimeRange":null}, 请求类: NoteController, 请求方法: searchNote =================================== 
2025-10-16 22:04:02.961 [http-nio-8092-exec-7] INFO  c.z.x.search.biz.service.impl.NoteServiceImpl - ==> SearchRequest: SearchRequest{searchType=QUERY_THEN_FETCH, indices=[note], indicesOptions=IndicesOptions[ignore_unavailable=false, allow_no_indices=true, expand_wildcards_open=true, expand_wildcards_closed=false, allow_aliases_to_multiple_indices=true, forbid_closed_indices=true, ignore_aliases=false, ignore_throttled=true], types=[], routing='null', preference='null', requestCache=null, scroll=null, maxConcurrentShardRequests=0, batchedReduceSize=512, preFilterShardSize=128, allowPartialSearchResults=null, localClusterAlias=null, getOrCreateAbsoluteStartMillis=-1, ccsMinimizeRoundtrips=true, source={"from":0,"size":10,"query":{"function_score":{"query":{"bool":{"must":[{"multi_match":{"query":"摄影","fields":["title^2.0","topic^1.0"],"type":"best_fields","operator":"OR","slop":0,"prefix_length":0,"max_expansions":50,"zero_terms_query":"NONE","auto_generate_synonyms_phrase_query":true,"fuzzy_transpositions":true,"boost":1.0}}],"filter":[{"term":{"type":{"value":1,"boost":1.0}}}],"adjust_pure_negative":true,"boost":1.0}},"functions":[{"filter":{"match_all":{"boost":1.0}},"field_value_factor":{"field":"like_total","factor":0.5,"missing":0.0,"modifier":"sqrt"}},{"filter":{"match_all":{"boost":1.0}},"field_value_factor":{"field":"collect_total","factor":0.3,"missing":0.0,"modifier":"sqrt"}},{"filter":{"match_all":{"boost":1.0}},"field_value_factor":{"field":"comment_total","factor":0.2,"missing":0.0,"modifier":"sqrt"}}],"score_mode":"sum","boost_mode":"sum","max_boost":3.4028235E38,"boost":1.0}},"sort":[{"_score":{"order":"desc"}}],"highlight":{"pre_tags":["<strong>"],"post_tags":["</strong>"],"fields":{"title":{}}}}}
2025-10-16 22:04:02.979 [http-nio-8092-exec-7] INFO  c.z.x.search.biz.service.impl.NoteServiceImpl - ==> 命中文档总数, hits: 0
2025-10-16 22:04:02.979 [http-nio-8092-exec-7] INFO  c.z.f.b.operationlog.aspect.ApiOperationLogAspect - ====== 请求结束: [搜索笔记], 耗时: 18ms, 出参: {"success":true,"message":null,"errorCode":null,"data":[],"pageNo":1,"totalCount":0,"pageSize":10,"totalPage":0} =================================== 
2025-10-16 22:04:03.647 [http-nio-8092-exec-8] INFO  c.z.f.b.operationlog.aspect.ApiOperationLogAspect - ====== 请求开始: [搜索用户], 入参: {"keyword":"摄影","pageNo":1}, 请求类: UserController, 请求方法: searchUser =================================== 
2025-10-16 22:04:03.647 [http-nio-8092-exec-8] INFO  c.z.x.search.biz.service.impl.UserServiceImpl - ==> SearchRequest: SearchRequest{searchType=QUERY_THEN_FETCH, indices=[user], indicesOptions=IndicesOptions[ignore_unavailable=false, allow_no_indices=true, expand_wildcards_open=true, expand_wildcards_closed=false, allow_aliases_to_multiple_indices=true, forbid_closed_indices=true, ignore_aliases=false, ignore_throttled=true], types=[], routing='null', preference='null', requestCache=null, scroll=null, maxConcurrentShardRequests=0, batchedReduceSize=512, preFilterShardSize=128, allowPartialSearchResults=null, localClusterAlias=null, getOrCreateAbsoluteStartMillis=-1, ccsMinimizeRoundtrips=true, source={"from":0,"size":10,"query":{"multi_match":{"query":"摄影","fields":["nickname^1.0","xiaohongshu_id^1.0"],"type":"best_fields","operator":"OR","slop":0,"prefix_length":0,"max_expansions":50,"zero_terms_query":"NONE","auto_generate_synonyms_phrase_query":true,"fuzzy_transpositions":true,"boost":1.0}},"sort":[{"fans_total":{"order":"desc"}}],"highlight":{"pre_tags":["<strong>"],"post_tags":["</strong>"],"fields":{"nickname":{}}}}}
2025-10-16 22:04:05.057 [http-nio-8092-exec-8] INFO  c.z.x.search.biz.service.impl.UserServiceImpl - ==> 命中文档总数, hits: 0
2025-10-16 22:04:05.057 [http-nio-8092-exec-8] INFO  c.z.f.b.operationlog.aspect.ApiOperationLogAspect - ====== 请求结束: [搜索用户], 耗时: 1411ms, 出参: {"success":true,"message":null,"errorCode":null,"data":[],"pageNo":1,"totalCount":0,"pageSize":10,"totalPage":0} =================================== 
2025-10-16 22:04:05.447 [http-nio-8092-exec-9] INFO  c.z.f.b.operationlog.aspect.ApiOperationLogAspect - ====== 请求开始: [搜索用户], 入参: {"keyword":"摄影","pageNo":1}, 请求类: UserController, 请求方法: searchUser =================================== 
2025-10-16 22:04:05.447 [http-nio-8092-exec-9] INFO  c.z.x.search.biz.service.impl.UserServiceImpl - ==> SearchRequest: SearchRequest{searchType=QUERY_THEN_FETCH, indices=[user], indicesOptions=IndicesOptions[ignore_unavailable=false, allow_no_indices=true, expand_wildcards_open=true, expand_wildcards_closed=false, allow_aliases_to_multiple_indices=true, forbid_closed_indices=true, ignore_aliases=false, ignore_throttled=true], types=[], routing='null', preference='null', requestCache=null, scroll=null, maxConcurrentShardRequests=0, batchedReduceSize=512, preFilterShardSize=128, allowPartialSearchResults=null, localClusterAlias=null, getOrCreateAbsoluteStartMillis=-1, ccsMinimizeRoundtrips=true, source={"from":0,"size":10,"query":{"multi_match":{"query":"摄影","fields":["nickname^1.0","xiaohongshu_id^1.0"],"type":"best_fields","operator":"OR","slop":0,"prefix_length":0,"max_expansions":50,"zero_terms_query":"NONE","auto_generate_synonyms_phrase_query":true,"fuzzy_transpositions":true,"boost":1.0}},"sort":[{"fans_total":{"order":"desc"}}],"highlight":{"pre_tags":["<strong>"],"post_tags":["</strong>"],"fields":{"nickname":{}}}}}
2025-10-16 22:04:05.466 [http-nio-8092-exec-9] INFO  c.z.x.search.biz.service.impl.UserServiceImpl - ==> 命中文档总数, hits: 0
2025-10-16 22:04:05.468 [http-nio-8092-exec-9] INFO  c.z.f.b.operationlog.aspect.ApiOperationLogAspect - ====== 请求结束: [搜索用户], 耗时: 19ms, 出参: {"success":true,"message":null,"errorCode":null,"data":[],"pageNo":1,"totalCount":0,"pageSize":10,"totalPage":0} =================================== 
2025-10-16 22:04:16.638 [http-nio-8092-exec-10] INFO  c.z.f.b.operationlog.aspect.ApiOperationLogAspect - ====== 请求开始: [搜索笔记], 入参: {"keyword":"模特","pageNo":1,"type":null,"sort":null,"publishTimeRange":null}, 请求类: NoteController, 请求方法: searchNote =================================== 
2025-10-16 22:04:16.639 [http-nio-8092-exec-10] INFO  c.z.x.search.biz.service.impl.NoteServiceImpl - ==> SearchRequest: SearchRequest{searchType=QUERY_THEN_FETCH, indices=[note], indicesOptions=IndicesOptions[ignore_unavailable=false, allow_no_indices=true, expand_wildcards_open=true, expand_wildcards_closed=false, allow_aliases_to_multiple_indices=true, forbid_closed_indices=true, ignore_aliases=false, ignore_throttled=true], types=[], routing='null', preference='null', requestCache=null, scroll=null, maxConcurrentShardRequests=0, batchedReduceSize=512, preFilterShardSize=128, allowPartialSearchResults=null, localClusterAlias=null, getOrCreateAbsoluteStartMillis=-1, ccsMinimizeRoundtrips=true, source={"from":0,"size":10,"query":{"function_score":{"query":{"bool":{"must":[{"multi_match":{"query":"模特","fields":["title^2.0","topic^1.0"],"type":"best_fields","operator":"OR","slop":0,"prefix_length":0,"max_expansions":50,"zero_terms_query":"NONE","auto_generate_synonyms_phrase_query":true,"fuzzy_transpositions":true,"boost":1.0}}],"adjust_pure_negative":true,"boost":1.0}},"functions":[{"filter":{"match_all":{"boost":1.0}},"field_value_factor":{"field":"like_total","factor":0.5,"missing":0.0,"modifier":"sqrt"}},{"filter":{"match_all":{"boost":1.0}},"field_value_factor":{"field":"collect_total","factor":0.3,"missing":0.0,"modifier":"sqrt"}},{"filter":{"match_all":{"boost":1.0}},"field_value_factor":{"field":"comment_total","factor":0.2,"missing":0.0,"modifier":"sqrt"}}],"score_mode":"sum","boost_mode":"sum","max_boost":3.4028235E38,"boost":1.0}},"sort":[{"_score":{"order":"desc"}}],"highlight":{"pre_tags":["<strong>"],"post_tags":["</strong>"],"fields":{"title":{}}}}}
2025-10-16 22:04:16.641 [http-nio-8092-exec-1] INFO  c.z.f.b.operationlog.aspect.ApiOperationLogAspect - ====== 请求开始: [搜索笔记], 入参: {"keyword":"模特","pageNo":1,"type":null,"sort":null,"publishTimeRange":null}, 请求类: NoteController, 请求方法: searchNote =================================== 
2025-10-16 22:04:16.641 [http-nio-8092-exec-1] INFO  c.z.x.search.biz.service.impl.NoteServiceImpl - ==> SearchRequest: SearchRequest{searchType=QUERY_THEN_FETCH, indices=[note], indicesOptions=IndicesOptions[ignore_unavailable=false, allow_no_indices=true, expand_wildcards_open=true, expand_wildcards_closed=false, allow_aliases_to_multiple_indices=true, forbid_closed_indices=true, ignore_aliases=false, ignore_throttled=true], types=[], routing='null', preference='null', requestCache=null, scroll=null, maxConcurrentShardRequests=0, batchedReduceSize=512, preFilterShardSize=128, allowPartialSearchResults=null, localClusterAlias=null, getOrCreateAbsoluteStartMillis=-1, ccsMinimizeRoundtrips=true, source={"from":0,"size":10,"query":{"function_score":{"query":{"bool":{"must":[{"multi_match":{"query":"模特","fields":["title^2.0","topic^1.0"],"type":"best_fields","operator":"OR","slop":0,"prefix_length":0,"max_expansions":50,"zero_terms_query":"NONE","auto_generate_synonyms_phrase_query":true,"fuzzy_transpositions":true,"boost":1.0}}],"adjust_pure_negative":true,"boost":1.0}},"functions":[{"filter":{"match_all":{"boost":1.0}},"field_value_factor":{"field":"like_total","factor":0.5,"missing":0.0,"modifier":"sqrt"}},{"filter":{"match_all":{"boost":1.0}},"field_value_factor":{"field":"collect_total","factor":0.3,"missing":0.0,"modifier":"sqrt"}},{"filter":{"match_all":{"boost":1.0}},"field_value_factor":{"field":"comment_total","factor":0.2,"missing":0.0,"modifier":"sqrt"}}],"score_mode":"sum","boost_mode":"sum","max_boost":3.4028235E38,"boost":1.0}},"sort":[{"_score":{"order":"desc"}}],"highlight":{"pre_tags":["<strong>"],"post_tags":["</strong>"],"fields":{"title":{}}}}}
2025-10-16 22:04:16.647 [http-nio-8092-exec-10] INFO  c.z.x.search.biz.service.impl.NoteServiceImpl - ==> 命中文档总数, hits: 0
2025-10-16 22:04:16.647 [http-nio-8092-exec-1] INFO  c.z.x.search.biz.service.impl.NoteServiceImpl - ==> 命中文档总数, hits: 0
2025-10-16 22:04:16.648 [http-nio-8092-exec-1] INFO  c.z.f.b.operationlog.aspect.ApiOperationLogAspect - ====== 请求结束: [搜索笔记], 耗时: 7ms, 出参: {"success":true,"message":null,"errorCode":null,"data":[],"pageNo":1,"totalCount":0,"pageSize":10,"totalPage":0} =================================== 
2025-10-16 22:04:16.648 [http-nio-8092-exec-10] INFO  c.z.f.b.operationlog.aspect.ApiOperationLogAspect - ====== 请求结束: [搜索笔记], 耗时: 10ms, 出参: {"success":true,"message":null,"errorCode":null,"data":[],"pageNo":1,"totalCount":0,"pageSize":10,"totalPage":0} =================================== 
2025-10-16 22:04:17.878 [http-nio-8092-exec-2] INFO  c.z.f.b.operationlog.aspect.ApiOperationLogAspect - ====== 请求开始: [搜索用户], 入参: {"keyword":"模特","pageNo":1}, 请求类: UserController, 请求方法: searchUser =================================== 
2025-10-16 22:04:17.878 [http-nio-8092-exec-2] INFO  c.z.x.search.biz.service.impl.UserServiceImpl - ==> SearchRequest: SearchRequest{searchType=QUERY_THEN_FETCH, indices=[user], indicesOptions=IndicesOptions[ignore_unavailable=false, allow_no_indices=true, expand_wildcards_open=true, expand_wildcards_closed=false, allow_aliases_to_multiple_indices=true, forbid_closed_indices=true, ignore_aliases=false, ignore_throttled=true], types=[], routing='null', preference='null', requestCache=null, scroll=null, maxConcurrentShardRequests=0, batchedReduceSize=512, preFilterShardSize=128, allowPartialSearchResults=null, localClusterAlias=null, getOrCreateAbsoluteStartMillis=-1, ccsMinimizeRoundtrips=true, source={"from":0,"size":10,"query":{"multi_match":{"query":"模特","fields":["nickname^1.0","xiaohongshu_id^1.0"],"type":"best_fields","operator":"OR","slop":0,"prefix_length":0,"max_expansions":50,"zero_terms_query":"NONE","auto_generate_synonyms_phrase_query":true,"fuzzy_transpositions":true,"boost":1.0}},"sort":[{"fans_total":{"order":"desc"}}],"highlight":{"pre_tags":["<strong>"],"post_tags":["</strong>"],"fields":{"nickname":{}}}}}
2025-10-16 22:04:17.898 [http-nio-8092-exec-2] INFO  c.z.x.search.biz.service.impl.UserServiceImpl - ==> 命中文档总数, hits: 1
2025-10-16 22:04:17.898 [http-nio-8092-exec-2] INFO  c.z.x.search.biz.service.impl.UserServiceImpl - ==> 文档数据: {"fans_total":0,"nickname":"kuku-模特版","xiaohongshu_id":"29236109zy","id":105,"avatar":"http://8.134.88.169:9000/my-xiaohongshu-oss/52d6e4a43ccb4ac4a99de167ffbd0fe2.webp","note_total":3}
2025-10-16 22:04:17.901 [http-nio-8092-exec-2] INFO  c.z.f.b.operationlog.aspect.ApiOperationLogAspect - ====== 请求结束: [搜索用户], 耗时: 21ms, 出参: {"success":true,"message":null,"errorCode":null,"data":[{"userId":105,"nickname":"kuku-模特版","highlightNickname":"kuku-<strong>模特</strong>版","avatar":"http://8.134.88.169:9000/my-xiaohongshu-oss/52d6e4a43ccb4ac4a99de167ffbd0fe2.webp","xiaohongshuId":"29236109zy","noteTotal":3,"fansTotal":"0"}],"pageNo":1,"totalCount":1,"pageSize":10,"totalPage":1} =================================== 
2025-10-16 22:04:36.639 [http-nio-8092-exec-3] INFO  c.z.f.b.operationlog.aspect.ApiOperationLogAspect - ====== 请求开始: [热更新词典], 入参: , 请求类: ExtDictController, 请求方法: extDict =================================== 
2025-10-16 22:04:36.681 [http-nio-8092-exec-3] INFO  c.z.f.b.operationlog.aspect.ApiOperationLogAspect - ====== 请求结束: [热更新词典], 耗时: 31ms, 出参: {"headers":{"ETag":["1243008237"],"Content-Type":["text/plain;charset=UTF-8"],"Last-Modified":["Thu, 11 Sep 2025 06:25:35 GMT"]},"body":"打工人\n打工魂\n社畜\n社死","statusCode":"OK","statusCodeValue":200} =================================== 
2025-10-16 22:04:37.437 [http-nio-8092-exec-4] INFO  c.z.f.b.operationlog.aspect.ApiOperationLogAspect - ====== 请求开始: [热更新词典], 入参: , 请求类: ExtDictController, 请求方法: extDict =================================== 
2025-10-16 22:04:37.438 [http-nio-8092-exec-4] INFO  c.z.f.b.operationlog.aspect.ApiOperationLogAspect - ====== 请求结束: [热更新词典], 耗时: 1ms, 出参: {"headers":{"ETag":["1243008237"],"Content-Type":["text/plain;charset=UTF-8"],"Last-Modified":["Thu, 11 Sep 2025 06:25:35 GMT"]},"body":"打工人\n打工魂\n社畜\n社死","statusCode":"OK","statusCodeValue":200} =================================== 
2025-10-16 22:05:26.359 [http-nio-8092-exec-7] INFO  c.z.f.b.operationlog.aspect.ApiOperationLogAspect - ====== 请求开始: [搜索笔记], 入参: {"keyword":"想不出","pageNo":1,"type":null,"sort":null,"publishTimeRange":null}, 请求类: NoteController, 请求方法: searchNote =================================== 
2025-10-16 22:05:26.359 [http-nio-8092-exec-7] INFO  c.z.x.search.biz.service.impl.NoteServiceImpl - ==> SearchRequest: SearchRequest{searchType=QUERY_THEN_FETCH, indices=[note], indicesOptions=IndicesOptions[ignore_unavailable=false, allow_no_indices=true, expand_wildcards_open=true, expand_wildcards_closed=false, allow_aliases_to_multiple_indices=true, forbid_closed_indices=true, ignore_aliases=false, ignore_throttled=true], types=[], routing='null', preference='null', requestCache=null, scroll=null, maxConcurrentShardRequests=0, batchedReduceSize=512, preFilterShardSize=128, allowPartialSearchResults=null, localClusterAlias=null, getOrCreateAbsoluteStartMillis=-1, ccsMinimizeRoundtrips=true, source={"from":0,"size":10,"query":{"function_score":{"query":{"bool":{"must":[{"multi_match":{"query":"想不出","fields":["title^2.0","topic^1.0"],"type":"best_fields","operator":"OR","slop":0,"prefix_length":0,"max_expansions":50,"zero_terms_query":"NONE","auto_generate_synonyms_phrase_query":true,"fuzzy_transpositions":true,"boost":1.0}}],"adjust_pure_negative":true,"boost":1.0}},"functions":[{"filter":{"match_all":{"boost":1.0}},"field_value_factor":{"field":"like_total","factor":0.5,"missing":0.0,"modifier":"sqrt"}},{"filter":{"match_all":{"boost":1.0}},"field_value_factor":{"field":"collect_total","factor":0.3,"missing":0.0,"modifier":"sqrt"}},{"filter":{"match_all":{"boost":1.0}},"field_value_factor":{"field":"comment_total","factor":0.2,"missing":0.0,"modifier":"sqrt"}}],"score_mode":"sum","boost_mode":"sum","max_boost":3.4028235E38,"boost":1.0}},"sort":[{"_score":{"order":"desc"}}],"highlight":{"pre_tags":["<strong>"],"post_tags":["</strong>"],"fields":{"title":{}}}}}
2025-10-16 22:05:26.361 [http-nio-8092-exec-8] INFO  c.z.f.b.operationlog.aspect.ApiOperationLogAspect - ====== 请求开始: [搜索笔记], 入参: {"keyword":"想不出","pageNo":1,"type":null,"sort":null,"publishTimeRange":null}, 请求类: NoteController, 请求方法: searchNote =================================== 
2025-10-16 22:05:26.361 [http-nio-8092-exec-8] INFO  c.z.x.search.biz.service.impl.NoteServiceImpl - ==> SearchRequest: SearchRequest{searchType=QUERY_THEN_FETCH, indices=[note], indicesOptions=IndicesOptions[ignore_unavailable=false, allow_no_indices=true, expand_wildcards_open=true, expand_wildcards_closed=false, allow_aliases_to_multiple_indices=true, forbid_closed_indices=true, ignore_aliases=false, ignore_throttled=true], types=[], routing='null', preference='null', requestCache=null, scroll=null, maxConcurrentShardRequests=0, batchedReduceSize=512, preFilterShardSize=128, allowPartialSearchResults=null, localClusterAlias=null, getOrCreateAbsoluteStartMillis=-1, ccsMinimizeRoundtrips=true, source={"from":0,"size":10,"query":{"function_score":{"query":{"bool":{"must":[{"multi_match":{"query":"想不出","fields":["title^2.0","topic^1.0"],"type":"best_fields","operator":"OR","slop":0,"prefix_length":0,"max_expansions":50,"zero_terms_query":"NONE","auto_generate_synonyms_phrase_query":true,"fuzzy_transpositions":true,"boost":1.0}}],"adjust_pure_negative":true,"boost":1.0}},"functions":[{"filter":{"match_all":{"boost":1.0}},"field_value_factor":{"field":"like_total","factor":0.5,"missing":0.0,"modifier":"sqrt"}},{"filter":{"match_all":{"boost":1.0}},"field_value_factor":{"field":"collect_total","factor":0.3,"missing":0.0,"modifier":"sqrt"}},{"filter":{"match_all":{"boost":1.0}},"field_value_factor":{"field":"comment_total","factor":0.2,"missing":0.0,"modifier":"sqrt"}}],"score_mode":"sum","boost_mode":"sum","max_boost":3.4028235E38,"boost":1.0}},"sort":[{"_score":{"order":"desc"}}],"highlight":{"pre_tags":["<strong>"],"post_tags":["</strong>"],"fields":{"title":{}}}}}
2025-10-16 22:05:26.386 [http-nio-8092-exec-8] INFO  c.z.x.search.biz.service.impl.NoteServiceImpl - ==> 命中文档总数, hits: 3
2025-10-16 22:05:26.386 [http-nio-8092-exec-8] INFO  c.z.x.search.biz.service.impl.NoteServiceImpl - ==> 文档数据: {"cover":"http://8.134.88.169:9000/my-xiaohongshu-oss/4b117930adc34ea7ba08ac0099e38ba7.JPG","update_time":"2025-10-15 18:48:29","create_time":"2025-10-15 18:48:29","creator_id":100,"comment_total":0,"id":1978412653927759930,"creator_avatar":"http://8.134.88.169:9000/my-xiaohongshu-oss/f07b19cfe1d54def80d0c488c6f8ef0f.jpg","title":"反向出游｜赣州2️⃣天1️⃣不踩雷","type":0,"collect_total":0,"creator_nickname":"稚生","like_total":0}
2025-10-16 22:05:26.386 [http-nio-8092-exec-7] INFO  c.z.x.search.biz.service.impl.NoteServiceImpl - ==> 命中文档总数, hits: 3
2025-10-16 22:05:26.386 [http-nio-8092-exec-7] INFO  c.z.x.search.biz.service.impl.NoteServiceImpl - ==> 文档数据: {"cover":"http://8.134.88.169:9000/my-xiaohongshu-oss/4b117930adc34ea7ba08ac0099e38ba7.JPG","update_time":"2025-10-15 18:48:29","create_time":"2025-10-15 18:48:29","creator_id":100,"comment_total":0,"id":1978412653927759930,"creator_avatar":"http://8.134.88.169:9000/my-xiaohongshu-oss/f07b19cfe1d54def80d0c488c6f8ef0f.jpg","title":"反向出游｜赣州2️⃣天1️⃣不踩雷","type":0,"collect_total":0,"creator_nickname":"稚生","like_total":0}
2025-10-16 22:05:26.386 [http-nio-8092-exec-7] INFO  c.z.x.search.biz.service.impl.NoteServiceImpl - ==> 文档数据: {"video_uri":"http://8.134.88.169:9000/my-xiaohongshu-oss/4b7b638e6109415dac36001218fdccfe.mp4","update_time":"2025-10-15 17:16:26","create_time":"2025-10-15 17:16:26","creator_id":104,"comment_total":0,"id":1978389492318371906,"creator_avatar":"http://8.134.88.169:9000/my-xiaohongshu-oss/531549c5493d4df0a54d8949d9bf0332.webp","title":"再不发头发就长回去了！","type":1,"collect_total":0,"creator_nickname":"果鸭鸭","like_total":1}
2025-10-16 22:05:26.387 [http-nio-8092-exec-7] INFO  c.z.x.search.biz.service.impl.NoteServiceImpl - ==> 文档数据: {"cover":"http://8.134.88.169:9000/my-xiaohongshu-oss/6f80c786272a4c099d202c9b57fa4b6f.jpg","update_time":"2025-10-16 21:59:29","create_time":"2025-10-16 21:59:29","creator_id":105,"comment_total":0,"id":1978823111465795601,"creator_avatar":"http://8.134.88.169:9000/my-xiaohongshu-oss/52d6e4a43ccb4ac4a99de167ffbd0fe2.webp","title":"拍成这样有多少人喜欢｜富士直出","type":0,"collect_total":0,"creator_nickname":"kuku-模特版","like_total":0}
2025-10-16 22:05:26.387 [http-nio-8092-exec-8] INFO  c.z.x.search.biz.service.impl.NoteServiceImpl - ==> 文档数据: {"video_uri":"http://8.134.88.169:9000/my-xiaohongshu-oss/4b7b638e6109415dac36001218fdccfe.mp4","update_time":"2025-10-15 17:16:26","create_time":"2025-10-15 17:16:26","creator_id":104,"comment_total":0,"id":1978389492318371906,"creator_avatar":"http://8.134.88.169:9000/my-xiaohongshu-oss/531549c5493d4df0a54d8949d9bf0332.webp","title":"再不发头发就长回去了！","type":1,"collect_total":0,"creator_nickname":"果鸭鸭","like_total":1}
2025-10-16 22:05:26.387 [http-nio-8092-exec-7] INFO  c.z.f.b.operationlog.aspect.ApiOperationLogAspect - ====== 请求结束: [搜索笔记], 耗时: 29ms, 出参: {"success":true,"message":null,"errorCode":null,"data":[{"id":"1978412653927759930","type":0,"cover":"http://8.134.88.169:9000/my-xiaohongshu-oss/4b117930adc34ea7ba08ac0099e38ba7.JPG","videoUri":null,"title":"反向出游｜赣州2️⃣天1️⃣不踩雷","highlightTitle":"反向<strong>出</strong>游｜赣州2️⃣天1️⃣<strong>不</strong>踩雷","avatar":"http://8.134.88.169:9000/my-xiaohongshu-oss/f07b19cfe1d54def80d0c488c6f8ef0f.jpg","nickname":"稚生","creatorId":100,"updateTime":"昨天 18:48","likeTotal":"0","commentTotal":"0","collectTotal":"0"},{"id":"1978389492318371906","type":1,"cover":null,"videoUri":"http://8.134.88.169:9000/my-xiaohongshu-oss/4b7b638e6109415dac36001218fdccfe.mp4","title":"再不发头发就长回去了！","highlightTitle":"再<strong>不</strong>发头发就长回去了！","avatar":"http://8.134.88.169:9000/my-xiaohongshu-oss/531549c5493d4df0a54d8949d9bf0332.webp","nickname":"果鸭鸭","creatorId":104,"updateTime":"昨天 17:16","likeTotal":"1","commentTotal":"0","collectTotal":"0"},{"id":"1978823111465795601","type":0,"cover":"http://8.134.88.169:9000/my-xiaohongshu-oss/6f80c786272a4c099d202c9b57fa4b6f.jpg","videoUri":null,"title":"拍成这样有多少人喜欢｜富士直出","highlightTitle":"拍成这样有多少人喜欢｜富士直<strong>出</strong>","avatar":"http://8.134.88.169:9000/my-xiaohongshu-oss/52d6e4a43ccb4ac4a99de167ffbd0fe2.webp","nickname":"kuku-模特版","creatorId":105,"updateTime":"5分钟前","likeTotal":"0","commentTotal":"0","collectTotal":"0"}],"pageNo":1,"totalCount":3,"pageSize":10,"totalPage":1} =================================== 
2025-10-16 22:05:26.387 [http-nio-8092-exec-8] INFO  c.z.x.search.biz.service.impl.NoteServiceImpl - ==> 文档数据: {"cover":"http://8.134.88.169:9000/my-xiaohongshu-oss/6f80c786272a4c099d202c9b57fa4b6f.jpg","update_time":"2025-10-16 21:59:29","create_time":"2025-10-16 21:59:29","creator_id":105,"comment_total":0,"id":1978823111465795601,"creator_avatar":"http://8.134.88.169:9000/my-xiaohongshu-oss/52d6e4a43ccb4ac4a99de167ffbd0fe2.webp","title":"拍成这样有多少人喜欢｜富士直出","type":0,"collect_total":0,"creator_nickname":"kuku-模特版","like_total":0}
2025-10-16 22:05:26.389 [http-nio-8092-exec-8] INFO  c.z.f.b.operationlog.aspect.ApiOperationLogAspect - ====== 请求结束: [搜索笔记], 耗时: 27ms, 出参: {"success":true,"message":null,"errorCode":null,"data":[{"id":"1978412653927759930","type":0,"cover":"http://8.134.88.169:9000/my-xiaohongshu-oss/4b117930adc34ea7ba08ac0099e38ba7.JPG","videoUri":null,"title":"反向出游｜赣州2️⃣天1️⃣不踩雷","highlightTitle":"反向<strong>出</strong>游｜赣州2️⃣天1️⃣<strong>不</strong>踩雷","avatar":"http://8.134.88.169:9000/my-xiaohongshu-oss/f07b19cfe1d54def80d0c488c6f8ef0f.jpg","nickname":"稚生","creatorId":100,"updateTime":"昨天 18:48","likeTotal":"0","commentTotal":"0","collectTotal":"0"},{"id":"1978389492318371906","type":1,"cover":null,"videoUri":"http://8.134.88.169:9000/my-xiaohongshu-oss/4b7b638e6109415dac36001218fdccfe.mp4","title":"再不发头发就长回去了！","highlightTitle":"再<strong>不</strong>发头发就长回去了！","avatar":"http://8.134.88.169:9000/my-xiaohongshu-oss/531549c5493d4df0a54d8949d9bf0332.webp","nickname":"果鸭鸭","creatorId":104,"updateTime":"昨天 17:16","likeTotal":"1","commentTotal":"0","collectTotal":"0"},{"id":"1978823111465795601","type":0,"cover":"http://8.134.88.169:9000/my-xiaohongshu-oss/6f80c786272a4c099d202c9b57fa4b6f.jpg","videoUri":null,"title":"拍成这样有多少人喜欢｜富士直出","highlightTitle":"拍成这样有多少人喜欢｜富士直<strong>出</strong>","avatar":"http://8.134.88.169:9000/my-xiaohongshu-oss/52d6e4a43ccb4ac4a99de167ffbd0fe2.webp","nickname":"kuku-模特版","creatorId":105,"updateTime":"5分钟前","likeTotal":"0","commentTotal":"0","collectTotal":"0"}],"pageNo":1,"totalCount":3,"pageSize":10,"totalPage":1} =================================== 
2025-10-16 22:05:36.617 [http-nio-8092-exec-9] INFO  c.z.f.b.operationlog.aspect.ApiOperationLogAspect - ====== 请求开始: [热更新词典], 入参: , 请求类: ExtDictController, 请求方法: extDict =================================== 
2025-10-16 22:05:36.618 [http-nio-8092-exec-9] INFO  c.z.f.b.operationlog.aspect.ApiOperationLogAspect - ====== 请求结束: [热更新词典], 耗时: 1ms, 出参: {"headers":{"ETag":["1243008237"],"Content-Type":["text/plain;charset=UTF-8"],"Last-Modified":["Thu, 11 Sep 2025 06:25:35 GMT"]},"body":"打工人\n打工魂\n社畜\n社死","statusCode":"OK","statusCodeValue":200} =================================== 
2025-10-16 22:05:36.637 [http-nio-8092-exec-1] INFO  c.z.f.b.operationlog.aspect.ApiOperationLogAspect - ====== 请求开始: [搜索用户], 入参: {"keyword":"想不出","pageNo":1}, 请求类: UserController, 请求方法: searchUser =================================== 
2025-10-16 22:05:36.637 [http-nio-8092-exec-1] INFO  c.z.x.search.biz.service.impl.UserServiceImpl - ==> SearchRequest: SearchRequest{searchType=QUERY_THEN_FETCH, indices=[user], indicesOptions=IndicesOptions[ignore_unavailable=false, allow_no_indices=true, expand_wildcards_open=true, expand_wildcards_closed=false, allow_aliases_to_multiple_indices=true, forbid_closed_indices=true, ignore_aliases=false, ignore_throttled=true], types=[], routing='null', preference='null', requestCache=null, scroll=null, maxConcurrentShardRequests=0, batchedReduceSize=512, preFilterShardSize=128, allowPartialSearchResults=null, localClusterAlias=null, getOrCreateAbsoluteStartMillis=-1, ccsMinimizeRoundtrips=true, source={"from":0,"size":10,"query":{"multi_match":{"query":"想不出","fields":["nickname^1.0","xiaohongshu_id^1.0"],"type":"best_fields","operator":"OR","slop":0,"prefix_length":0,"max_expansions":50,"zero_terms_query":"NONE","auto_generate_synonyms_phrase_query":true,"fuzzy_transpositions":true,"boost":1.0}},"sort":[{"fans_total":{"order":"desc"}}],"highlight":{"pre_tags":["<strong>"],"post_tags":["</strong>"],"fields":{"nickname":{}}}}}
2025-10-16 22:05:36.649 [http-nio-8092-exec-1] INFO  c.z.x.search.biz.service.impl.UserServiceImpl - ==> 命中文档总数, hits: 1
2025-10-16 22:05:36.650 [http-nio-8092-exec-1] INFO  c.z.x.search.biz.service.impl.UserServiceImpl - ==> 文档数据: {"fans_total":0,"nickname":"想不出名儿来","xiaohongshu_id":"9418147940","id":103,"avatar":"http://8.134.88.169:9000/my-xiaohongshu-oss/ed55f67d9d7344dc9ba70d6871599f0b.webp","note_total":0}
2025-10-16 22:05:36.650 [http-nio-8092-exec-1] INFO  c.z.f.b.operationlog.aspect.ApiOperationLogAspect - ====== 请求结束: [搜索用户], 耗时: 13ms, 出参: {"success":true,"message":null,"errorCode":null,"data":[{"userId":103,"nickname":"想不出名儿来","highlightNickname":"<strong>想不出</strong>名儿来","avatar":"http://8.134.88.169:9000/my-xiaohongshu-oss/ed55f67d9d7344dc9ba70d6871599f0b.webp","xiaohongshuId":"9418147940","noteTotal":0,"fansTotal":"0"}],"pageNo":1,"totalCount":1,"pageSize":10,"totalPage":1} =================================== 
2025-10-16 22:06:36.610 [http-nio-8092-exec-3] INFO  c.z.f.b.operationlog.aspect.ApiOperationLogAspect - ====== 请求开始: [热更新词典], 入参: , 请求类: ExtDictController, 请求方法: extDict =================================== 
2025-10-16 22:06:36.611 [http-nio-8092-exec-3] INFO  c.z.f.b.operationlog.aspect.ApiOperationLogAspect - ====== 请求结束: [热更新词典], 耗时: 1ms, 出参: {"headers":{"ETag":["1243008237"],"Content-Type":["text/plain;charset=UTF-8"],"Last-Modified":["Thu, 11 Sep 2025 06:25:35 GMT"]},"body":"打工人\n打工魂\n社畜\n社死","statusCode":"OK","statusCodeValue":200} =================================== 
2025-10-16 22:06:48.256 [http-nio-8092-exec-5] INFO  c.z.f.b.operationlog.aspect.ApiOperationLogAspect - ====== 请求开始: [搜索笔记], 入参: {"keyword":"想不出","pageNo":1,"type":null,"sort":null,"publishTimeRange":null}, 请求类: NoteController, 请求方法: searchNote =================================== 
2025-10-16 22:06:48.257 [http-nio-8092-exec-5] INFO  c.z.x.search.biz.service.impl.NoteServiceImpl - ==> SearchRequest: SearchRequest{searchType=QUERY_THEN_FETCH, indices=[note], indicesOptions=IndicesOptions[ignore_unavailable=false, allow_no_indices=true, expand_wildcards_open=true, expand_wildcards_closed=false, allow_aliases_to_multiple_indices=true, forbid_closed_indices=true, ignore_aliases=false, ignore_throttled=true], types=[], routing='null', preference='null', requestCache=null, scroll=null, maxConcurrentShardRequests=0, batchedReduceSize=512, preFilterShardSize=128, allowPartialSearchResults=null, localClusterAlias=null, getOrCreateAbsoluteStartMillis=-1, ccsMinimizeRoundtrips=true, source={"from":0,"size":10,"query":{"function_score":{"query":{"bool":{"must":[{"multi_match":{"query":"想不出","fields":["title^2.0","topic^1.0"],"type":"best_fields","operator":"OR","slop":0,"prefix_length":0,"max_expansions":50,"zero_terms_query":"NONE","auto_generate_synonyms_phrase_query":true,"fuzzy_transpositions":true,"boost":1.0}}],"adjust_pure_negative":true,"boost":1.0}},"functions":[{"filter":{"match_all":{"boost":1.0}},"field_value_factor":{"field":"like_total","factor":0.5,"missing":0.0,"modifier":"sqrt"}},{"filter":{"match_all":{"boost":1.0}},"field_value_factor":{"field":"collect_total","factor":0.3,"missing":0.0,"modifier":"sqrt"}},{"filter":{"match_all":{"boost":1.0}},"field_value_factor":{"field":"comment_total","factor":0.2,"missing":0.0,"modifier":"sqrt"}}],"score_mode":"sum","boost_mode":"sum","max_boost":3.4028235E38,"boost":1.0}},"sort":[{"_score":{"order":"desc"}}],"highlight":{"pre_tags":["<strong>"],"post_tags":["</strong>"],"fields":{"title":{}}}}}
2025-10-16 22:06:48.260 [http-nio-8092-exec-6] INFO  c.z.f.b.operationlog.aspect.ApiOperationLogAspect - ====== 请求开始: [搜索笔记], 入参: {"keyword":"想不出","pageNo":1,"type":null,"sort":null,"publishTimeRange":null}, 请求类: NoteController, 请求方法: searchNote =================================== 
2025-10-16 22:06:48.260 [http-nio-8092-exec-6] INFO  c.z.x.search.biz.service.impl.NoteServiceImpl - ==> SearchRequest: SearchRequest{searchType=QUERY_THEN_FETCH, indices=[note], indicesOptions=IndicesOptions[ignore_unavailable=false, allow_no_indices=true, expand_wildcards_open=true, expand_wildcards_closed=false, allow_aliases_to_multiple_indices=true, forbid_closed_indices=true, ignore_aliases=false, ignore_throttled=true], types=[], routing='null', preference='null', requestCache=null, scroll=null, maxConcurrentShardRequests=0, batchedReduceSize=512, preFilterShardSize=128, allowPartialSearchResults=null, localClusterAlias=null, getOrCreateAbsoluteStartMillis=-1, ccsMinimizeRoundtrips=true, source={"from":0,"size":10,"query":{"function_score":{"query":{"bool":{"must":[{"multi_match":{"query":"想不出","fields":["title^2.0","topic^1.0"],"type":"best_fields","operator":"OR","slop":0,"prefix_length":0,"max_expansions":50,"zero_terms_query":"NONE","auto_generate_synonyms_phrase_query":true,"fuzzy_transpositions":true,"boost":1.0}}],"adjust_pure_negative":true,"boost":1.0}},"functions":[{"filter":{"match_all":{"boost":1.0}},"field_value_factor":{"field":"like_total","factor":0.5,"missing":0.0,"modifier":"sqrt"}},{"filter":{"match_all":{"boost":1.0}},"field_value_factor":{"field":"collect_total","factor":0.3,"missing":0.0,"modifier":"sqrt"}},{"filter":{"match_all":{"boost":1.0}},"field_value_factor":{"field":"comment_total","factor":0.2,"missing":0.0,"modifier":"sqrt"}}],"score_mode":"sum","boost_mode":"sum","max_boost":3.4028235E38,"boost":1.0}},"sort":[{"_score":{"order":"desc"}}],"highlight":{"pre_tags":["<strong>"],"post_tags":["</strong>"],"fields":{"title":{}}}}}
2025-10-16 22:06:48.276 [http-nio-8092-exec-6] INFO  c.z.x.search.biz.service.impl.NoteServiceImpl - ==> 命中文档总数, hits: 3
2025-10-16 22:06:48.276 [http-nio-8092-exec-5] INFO  c.z.x.search.biz.service.impl.NoteServiceImpl - ==> 命中文档总数, hits: 3
2025-10-16 22:06:48.276 [http-nio-8092-exec-6] INFO  c.z.x.search.biz.service.impl.NoteServiceImpl - ==> 文档数据: {"cover":"http://8.134.88.169:9000/my-xiaohongshu-oss/4b117930adc34ea7ba08ac0099e38ba7.JPG","update_time":"2025-10-15 18:48:29","create_time":"2025-10-15 18:48:29","creator_id":100,"comment_total":0,"id":1978412653927759930,"creator_avatar":"http://8.134.88.169:9000/my-xiaohongshu-oss/f07b19cfe1d54def80d0c488c6f8ef0f.jpg","title":"反向出游｜赣州2️⃣天1️⃣不踩雷","type":0,"collect_total":0,"creator_nickname":"稚生","like_total":0}
2025-10-16 22:06:48.276 [http-nio-8092-exec-5] INFO  c.z.x.search.biz.service.impl.NoteServiceImpl - ==> 文档数据: {"cover":"http://8.134.88.169:9000/my-xiaohongshu-oss/4b117930adc34ea7ba08ac0099e38ba7.JPG","update_time":"2025-10-15 18:48:29","create_time":"2025-10-15 18:48:29","creator_id":100,"comment_total":0,"id":1978412653927759930,"creator_avatar":"http://8.134.88.169:9000/my-xiaohongshu-oss/f07b19cfe1d54def80d0c488c6f8ef0f.jpg","title":"反向出游｜赣州2️⃣天1️⃣不踩雷","type":0,"collect_total":0,"creator_nickname":"稚生","like_total":0}
2025-10-16 22:06:48.277 [http-nio-8092-exec-6] INFO  c.z.x.search.biz.service.impl.NoteServiceImpl - ==> 文档数据: {"video_uri":"http://8.134.88.169:9000/my-xiaohongshu-oss/4b7b638e6109415dac36001218fdccfe.mp4","update_time":"2025-10-15 17:16:26","create_time":"2025-10-15 17:16:26","creator_id":104,"comment_total":0,"id":1978389492318371906,"creator_avatar":"http://8.134.88.169:9000/my-xiaohongshu-oss/531549c5493d4df0a54d8949d9bf0332.webp","title":"再不发头发就长回去了！","type":1,"collect_total":0,"creator_nickname":"果鸭鸭","like_total":1}
2025-10-16 22:06:48.277 [http-nio-8092-exec-5] INFO  c.z.x.search.biz.service.impl.NoteServiceImpl - ==> 文档数据: {"video_uri":"http://8.134.88.169:9000/my-xiaohongshu-oss/4b7b638e6109415dac36001218fdccfe.mp4","update_time":"2025-10-15 17:16:26","create_time":"2025-10-15 17:16:26","creator_id":104,"comment_total":0,"id":1978389492318371906,"creator_avatar":"http://8.134.88.169:9000/my-xiaohongshu-oss/531549c5493d4df0a54d8949d9bf0332.webp","title":"再不发头发就长回去了！","type":1,"collect_total":0,"creator_nickname":"果鸭鸭","like_total":1}
2025-10-16 22:06:48.277 [http-nio-8092-exec-6] INFO  c.z.x.search.biz.service.impl.NoteServiceImpl - ==> 文档数据: {"cover":"http://8.134.88.169:9000/my-xiaohongshu-oss/6f80c786272a4c099d202c9b57fa4b6f.jpg","update_time":"2025-10-16 21:59:29","create_time":"2025-10-16 21:59:29","creator_id":105,"comment_total":0,"id":1978823111465795601,"creator_avatar":"http://8.134.88.169:9000/my-xiaohongshu-oss/52d6e4a43ccb4ac4a99de167ffbd0fe2.webp","title":"拍成这样有多少人喜欢｜富士直出","type":0,"collect_total":0,"creator_nickname":"kuku-模特版","like_total":0}
2025-10-16 22:06:48.277 [http-nio-8092-exec-5] INFO  c.z.x.search.biz.service.impl.NoteServiceImpl - ==> 文档数据: {"cover":"http://8.134.88.169:9000/my-xiaohongshu-oss/6f80c786272a4c099d202c9b57fa4b6f.jpg","update_time":"2025-10-16 21:59:29","create_time":"2025-10-16 21:59:29","creator_id":105,"comment_total":0,"id":1978823111465795601,"creator_avatar":"http://8.134.88.169:9000/my-xiaohongshu-oss/52d6e4a43ccb4ac4a99de167ffbd0fe2.webp","title":"拍成这样有多少人喜欢｜富士直出","type":0,"collect_total":0,"creator_nickname":"kuku-模特版","like_total":0}
2025-10-16 22:06:48.277 [http-nio-8092-exec-5] INFO  c.z.f.b.operationlog.aspect.ApiOperationLogAspect - ====== 请求结束: [搜索笔记], 耗时: 21ms, 出参: {"success":true,"message":null,"errorCode":null,"data":[{"id":"1978412653927759930","type":0,"cover":"http://8.134.88.169:9000/my-xiaohongshu-oss/4b117930adc34ea7ba08ac0099e38ba7.JPG","videoUri":null,"title":"反向出游｜赣州2️⃣天1️⃣不踩雷","highlightTitle":"反向<strong>出</strong>游｜赣州2️⃣天1️⃣<strong>不</strong>踩雷","avatar":"http://8.134.88.169:9000/my-xiaohongshu-oss/f07b19cfe1d54def80d0c488c6f8ef0f.jpg","nickname":"稚生","creatorId":100,"updateTime":"昨天 18:48","likeTotal":"0","commentTotal":"0","collectTotal":"0"},{"id":"1978389492318371906","type":1,"cover":null,"videoUri":"http://8.134.88.169:9000/my-xiaohongshu-oss/4b7b638e6109415dac36001218fdccfe.mp4","title":"再不发头发就长回去了！","highlightTitle":"再<strong>不</strong>发头发就长回去了！","avatar":"http://8.134.88.169:9000/my-xiaohongshu-oss/531549c5493d4df0a54d8949d9bf0332.webp","nickname":"果鸭鸭","creatorId":104,"updateTime":"昨天 17:16","likeTotal":"1","commentTotal":"0","collectTotal":"0"},{"id":"1978823111465795601","type":0,"cover":"http://8.134.88.169:9000/my-xiaohongshu-oss/6f80c786272a4c099d202c9b57fa4b6f.jpg","videoUri":null,"title":"拍成这样有多少人喜欢｜富士直出","highlightTitle":"拍成这样有多少人喜欢｜富士直<strong>出</strong>","avatar":"http://8.134.88.169:9000/my-xiaohongshu-oss/52d6e4a43ccb4ac4a99de167ffbd0fe2.webp","nickname":"kuku-模特版","creatorId":105,"updateTime":"7分钟前","likeTotal":"0","commentTotal":"0","collectTotal":"0"}],"pageNo":1,"totalCount":3,"pageSize":10,"totalPage":1} =================================== 
2025-10-16 22:06:48.277 [http-nio-8092-exec-6] INFO  c.z.f.b.operationlog.aspect.ApiOperationLogAspect - ====== 请求结束: [搜索笔记], 耗时: 17ms, 出参: {"success":true,"message":null,"errorCode":null,"data":[{"id":"1978412653927759930","type":0,"cover":"http://8.134.88.169:9000/my-xiaohongshu-oss/4b117930adc34ea7ba08ac0099e38ba7.JPG","videoUri":null,"title":"反向出游｜赣州2️⃣天1️⃣不踩雷","highlightTitle":"反向<strong>出</strong>游｜赣州2️⃣天1️⃣<strong>不</strong>踩雷","avatar":"http://8.134.88.169:9000/my-xiaohongshu-oss/f07b19cfe1d54def80d0c488c6f8ef0f.jpg","nickname":"稚生","creatorId":100,"updateTime":"昨天 18:48","likeTotal":"0","commentTotal":"0","collectTotal":"0"},{"id":"1978389492318371906","type":1,"cover":null,"videoUri":"http://8.134.88.169:9000/my-xiaohongshu-oss/4b7b638e6109415dac36001218fdccfe.mp4","title":"再不发头发就长回去了！","highlightTitle":"再<strong>不</strong>发头发就长回去了！","avatar":"http://8.134.88.169:9000/my-xiaohongshu-oss/531549c5493d4df0a54d8949d9bf0332.webp","nickname":"果鸭鸭","creatorId":104,"updateTime":"昨天 17:16","likeTotal":"1","commentTotal":"0","collectTotal":"0"},{"id":"1978823111465795601","type":0,"cover":"http://8.134.88.169:9000/my-xiaohongshu-oss/6f80c786272a4c099d202c9b57fa4b6f.jpg","videoUri":null,"title":"拍成这样有多少人喜欢｜富士直出","highlightTitle":"拍成这样有多少人喜欢｜富士直<strong>出</strong>","avatar":"http://8.134.88.169:9000/my-xiaohongshu-oss/52d6e4a43ccb4ac4a99de167ffbd0fe2.webp","nickname":"kuku-模特版","creatorId":105,"updateTime":"7分钟前","likeTotal":"0","commentTotal":"0","collectTotal":"0"}],"pageNo":1,"totalCount":3,"pageSize":10,"totalPage":1} =================================== 
2025-10-16 22:06:55.288 [http-nio-8092-exec-7] INFO  c.z.f.b.operationlog.aspect.ApiOperationLogAspect - ====== 请求开始: [搜索用户], 入参: {"keyword":"想不出","pageNo":1}, 请求类: UserController, 请求方法: searchUser =================================== 
2025-10-16 22:06:55.288 [http-nio-8092-exec-7] INFO  c.z.x.search.biz.service.impl.UserServiceImpl - ==> SearchRequest: SearchRequest{searchType=QUERY_THEN_FETCH, indices=[user], indicesOptions=IndicesOptions[ignore_unavailable=false, allow_no_indices=true, expand_wildcards_open=true, expand_wildcards_closed=false, allow_aliases_to_multiple_indices=true, forbid_closed_indices=true, ignore_aliases=false, ignore_throttled=true], types=[], routing='null', preference='null', requestCache=null, scroll=null, maxConcurrentShardRequests=0, batchedReduceSize=512, preFilterShardSize=128, allowPartialSearchResults=null, localClusterAlias=null, getOrCreateAbsoluteStartMillis=-1, ccsMinimizeRoundtrips=true, source={"from":0,"size":10,"query":{"multi_match":{"query":"想不出","fields":["nickname^1.0","xiaohongshu_id^1.0"],"type":"best_fields","operator":"OR","slop":0,"prefix_length":0,"max_expansions":50,"zero_terms_query":"NONE","auto_generate_synonyms_phrase_query":true,"fuzzy_transpositions":true,"boost":1.0}},"sort":[{"fans_total":{"order":"desc"}}],"highlight":{"pre_tags":["<strong>"],"post_tags":["</strong>"],"fields":{"nickname":{}}}}}
2025-10-16 22:06:55.299 [http-nio-8092-exec-7] INFO  c.z.x.search.biz.service.impl.UserServiceImpl - ==> 命中文档总数, hits: 1
2025-10-16 22:06:55.299 [http-nio-8092-exec-7] INFO  c.z.x.search.biz.service.impl.UserServiceImpl - ==> 文档数据: {"fans_total":0,"nickname":"想不出名儿来","xiaohongshu_id":"9418147940","id":103,"avatar":"http://8.134.88.169:9000/my-xiaohongshu-oss/ed55f67d9d7344dc9ba70d6871599f0b.webp","note_total":0}
2025-10-16 22:06:55.300 [http-nio-8092-exec-7] INFO  c.z.f.b.operationlog.aspect.ApiOperationLogAspect - ====== 请求结束: [搜索用户], 耗时: 11ms, 出参: {"success":true,"message":null,"errorCode":null,"data":[{"userId":103,"nickname":"想不出名儿来","highlightNickname":"<strong>想不出</strong>名儿来","avatar":"http://8.134.88.169:9000/my-xiaohongshu-oss/ed55f67d9d7344dc9ba70d6871599f0b.webp","xiaohongshuId":"9418147940","noteTotal":0,"fansTotal":"0"}],"pageNo":1,"totalCount":1,"pageSize":10,"totalPage":1} =================================== 
2025-10-16 22:07:36.605 [http-nio-8092-exec-8] INFO  c.z.f.b.operationlog.aspect.ApiOperationLogAspect - ====== 请求开始: [热更新词典], 入参: , 请求类: ExtDictController, 请求方法: extDict =================================== 
2025-10-16 22:07:36.606 [http-nio-8092-exec-8] INFO  c.z.f.b.operationlog.aspect.ApiOperationLogAspect - ====== 请求结束: [热更新词典], 耗时: 1ms, 出参: {"headers":{"ETag":["1243008237"],"Content-Type":["text/plain;charset=UTF-8"],"Last-Modified":["Thu, 11 Sep 2025 06:25:35 GMT"]},"body":"打工人\n打工魂\n社畜\n社死","statusCode":"OK","statusCodeValue":200} =================================== 
2025-10-16 22:08:36.604 [http-nio-8092-exec-10] INFO  c.z.f.b.operationlog.aspect.ApiOperationLogAspect - ====== 请求开始: [热更新词典], 入参: , 请求类: ExtDictController, 请求方法: extDict =================================== 
2025-10-16 22:08:36.605 [http-nio-8092-exec-10] INFO  c.z.f.b.operationlog.aspect.ApiOperationLogAspect - ====== 请求结束: [热更新词典], 耗时: 0ms, 出参: {"headers":{"ETag":["1243008237"],"Content-Type":["text/plain;charset=UTF-8"],"Last-Modified":["Thu, 11 Sep 2025 06:25:35 GMT"]},"body":"打工人\n打工魂\n社畜\n社死","statusCode":"OK","statusCodeValue":200} =================================== 
2025-10-16 22:09:36.604 [http-nio-8092-exec-2] INFO  c.z.f.b.operationlog.aspect.ApiOperationLogAspect - ====== 请求开始: [热更新词典], 入参: , 请求类: ExtDictController, 请求方法: extDict =================================== 
2025-10-16 22:09:36.606 [http-nio-8092-exec-2] INFO  c.z.f.b.operationlog.aspect.ApiOperationLogAspect - ====== 请求结束: [热更新词典], 耗时: 1ms, 出参: {"headers":{"ETag":["1243008237"],"Content-Type":["text/plain;charset=UTF-8"],"Last-Modified":["Thu, 11 Sep 2025 06:25:35 GMT"]},"body":"打工人\n打工魂\n社畜\n社死","statusCode":"OK","statusCodeValue":200} =================================== 
2025-10-16 22:10:36.600 [http-nio-8092-exec-3] INFO  c.z.f.b.operationlog.aspect.ApiOperationLogAspect - ====== 请求开始: [热更新词典], 入参: , 请求类: ExtDictController, 请求方法: extDict =================================== 
2025-10-16 22:10:36.602 [http-nio-8092-exec-3] INFO  c.z.f.b.operationlog.aspect.ApiOperationLogAspect - ====== 请求结束: [热更新词典], 耗时: 2ms, 出参: {"headers":{"ETag":["1243008237"],"Content-Type":["text/plain;charset=UTF-8"],"Last-Modified":["Thu, 11 Sep 2025 06:25:35 GMT"]},"body":"打工人\n打工魂\n社畜\n社死","statusCode":"OK","statusCodeValue":200} =================================== 
2025-10-16 22:11:36.599 [http-nio-8092-exec-4] INFO  c.z.f.b.operationlog.aspect.ApiOperationLogAspect - ====== 请求开始: [热更新词典], 入参: , 请求类: ExtDictController, 请求方法: extDict =================================== 
2025-10-16 22:11:36.601 [http-nio-8092-exec-4] INFO  c.z.f.b.operationlog.aspect.ApiOperationLogAspect - ====== 请求结束: [热更新词典], 耗时: 2ms, 出参: {"headers":{"ETag":["1243008237"],"Content-Type":["text/plain;charset=UTF-8"],"Last-Modified":["Thu, 11 Sep 2025 06:25:35 GMT"]},"body":"打工人\n打工魂\n社畜\n社死","statusCode":"OK","statusCodeValue":200} =================================== 
2025-10-16 22:12:36.599 [http-nio-8092-exec-5] INFO  c.z.f.b.operationlog.aspect.ApiOperationLogAspect - ====== 请求开始: [热更新词典], 入参: , 请求类: ExtDictController, 请求方法: extDict =================================== 
2025-10-16 22:12:36.601 [http-nio-8092-exec-5] INFO  c.z.f.b.operationlog.aspect.ApiOperationLogAspect - ====== 请求结束: [热更新词典], 耗时: 2ms, 出参: {"headers":{"ETag":["1243008237"],"Content-Type":["text/plain;charset=UTF-8"],"Last-Modified":["Thu, 11 Sep 2025 06:25:35 GMT"]},"body":"打工人\n打工魂\n社畜\n社死","statusCode":"OK","statusCodeValue":200} =================================== 
2025-10-16 22:13:36.595 [http-nio-8092-exec-6] INFO  c.z.f.b.operationlog.aspect.ApiOperationLogAspect - ====== 请求开始: [热更新词典], 入参: , 请求类: ExtDictController, 请求方法: extDict =================================== 
2025-10-16 22:13:36.598 [http-nio-8092-exec-6] INFO  c.z.f.b.operationlog.aspect.ApiOperationLogAspect - ====== 请求结束: [热更新词典], 耗时: 3ms, 出参: {"headers":{"ETag":["1243008237"],"Content-Type":["text/plain;charset=UTF-8"],"Last-Modified":["Thu, 11 Sep 2025 06:25:35 GMT"]},"body":"打工人\n打工魂\n社畜\n社死","statusCode":"OK","statusCodeValue":200} =================================== 
2025-10-16 22:14:36.593 [http-nio-8092-exec-7] INFO  c.z.f.b.operationlog.aspect.ApiOperationLogAspect - ====== 请求开始: [热更新词典], 入参: , 请求类: ExtDictController, 请求方法: extDict =================================== 
2025-10-16 22:14:36.593 [http-nio-8092-exec-7] INFO  c.z.f.b.operationlog.aspect.ApiOperationLogAspect - ====== 请求结束: [热更新词典], 耗时: 0ms, 出参: {"headers":{"ETag":["1243008237"],"Content-Type":["text/plain;charset=UTF-8"],"Last-Modified":["Thu, 11 Sep 2025 06:25:35 GMT"]},"body":"打工人\n打工魂\n社畜\n社死","statusCode":"OK","statusCodeValue":200} =================================== 
2025-10-16 22:15:36.591 [http-nio-8092-exec-8] INFO  c.z.f.b.operationlog.aspect.ApiOperationLogAspect - ====== 请求开始: [热更新词典], 入参: , 请求类: ExtDictController, 请求方法: extDict =================================== 
2025-10-16 22:15:36.594 [http-nio-8092-exec-8] INFO  c.z.f.b.operationlog.aspect.ApiOperationLogAspect - ====== 请求结束: [热更新词典], 耗时: 3ms, 出参: {"headers":{"ETag":["1243008237"],"Content-Type":["text/plain;charset=UTF-8"],"Last-Modified":["Thu, 11 Sep 2025 06:25:35 GMT"]},"body":"打工人\n打工魂\n社畜\n社死","statusCode":"OK","statusCodeValue":200} =================================== 
2025-10-16 22:16:36.592 [http-nio-8092-exec-9] INFO  c.z.f.b.operationlog.aspect.ApiOperationLogAspect - ====== 请求开始: [热更新词典], 入参: , 请求类: ExtDictController, 请求方法: extDict =================================== 
2025-10-16 22:16:36.594 [http-nio-8092-exec-9] INFO  c.z.f.b.operationlog.aspect.ApiOperationLogAspect - ====== 请求结束: [热更新词典], 耗时: 2ms, 出参: {"headers":{"ETag":["1243008237"],"Content-Type":["text/plain;charset=UTF-8"],"Last-Modified":["Thu, 11 Sep 2025 06:25:35 GMT"]},"body":"打工人\n打工魂\n社畜\n社死","statusCode":"OK","statusCodeValue":200} =================================== 
2025-10-16 22:17:36.586 [http-nio-8092-exec-1] INFO  c.z.f.b.operationlog.aspect.ApiOperationLogAspect - ====== 请求开始: [热更新词典], 入参: , 请求类: ExtDictController, 请求方法: extDict =================================== 
2025-10-16 22:17:36.587 [http-nio-8092-exec-1] INFO  c.z.f.b.operationlog.aspect.ApiOperationLogAspect - ====== 请求结束: [热更新词典], 耗时: 1ms, 出参: {"headers":{"ETag":["1243008237"],"Content-Type":["text/plain;charset=UTF-8"],"Last-Modified":["Thu, 11 Sep 2025 06:25:35 GMT"]},"body":"打工人\n打工魂\n社畜\n社死","statusCode":"OK","statusCodeValue":200} =================================== 
2025-10-16 22:18:36.584 [http-nio-8092-exec-10] INFO  c.z.f.b.operationlog.aspect.ApiOperationLogAspect - ====== 请求开始: [热更新词典], 入参: , 请求类: ExtDictController, 请求方法: extDict =================================== 
2025-10-16 22:18:36.588 [http-nio-8092-exec-10] INFO  c.z.f.b.operationlog.aspect.ApiOperationLogAspect - ====== 请求结束: [热更新词典], 耗时: 2ms, 出参: {"headers":{"ETag":["1243008237"],"Content-Type":["text/plain;charset=UTF-8"],"Last-Modified":["Thu, 11 Sep 2025 06:25:35 GMT"]},"body":"打工人\n打工魂\n社畜\n社死","statusCode":"OK","statusCodeValue":200} =================================== 
2025-10-16 22:19:36.581 [http-nio-8092-exec-2] INFO  c.z.f.b.operationlog.aspect.ApiOperationLogAspect - ====== 请求开始: [热更新词典], 入参: , 请求类: ExtDictController, 请求方法: extDict =================================== 
2025-10-16 22:19:36.582 [http-nio-8092-exec-2] INFO  c.z.f.b.operationlog.aspect.ApiOperationLogAspect - ====== 请求结束: [热更新词典], 耗时: 1ms, 出参: {"headers":{"ETag":["1243008237"],"Content-Type":["text/plain;charset=UTF-8"],"Last-Modified":["Thu, 11 Sep 2025 06:25:35 GMT"]},"body":"打工人\n打工魂\n社畜\n社死","statusCode":"OK","statusCodeValue":200} =================================== 
2025-10-16 22:20:36.579 [http-nio-8092-exec-3] INFO  c.z.f.b.operationlog.aspect.ApiOperationLogAspect - ====== 请求开始: [热更新词典], 入参: , 请求类: ExtDictController, 请求方法: extDict =================================== 
2025-10-16 22:20:36.581 [http-nio-8092-exec-3] INFO  c.z.f.b.operationlog.aspect.ApiOperationLogAspect - ====== 请求结束: [热更新词典], 耗时: 2ms, 出参: {"headers":{"ETag":["1243008237"],"Content-Type":["text/plain;charset=UTF-8"],"Last-Modified":["Thu, 11 Sep 2025 06:25:35 GMT"]},"body":"打工人\n打工魂\n社畜\n社死","statusCode":"OK","statusCodeValue":200} =================================== 
2025-10-16 22:21:36.576 [http-nio-8092-exec-4] INFO  c.z.f.b.operationlog.aspect.ApiOperationLogAspect - ====== 请求开始: [热更新词典], 入参: , 请求类: ExtDictController, 请求方法: extDict =================================== 
2025-10-16 22:21:36.578 [http-nio-8092-exec-4] INFO  c.z.f.b.operationlog.aspect.ApiOperationLogAspect - ====== 请求结束: [热更新词典], 耗时: 2ms, 出参: {"headers":{"ETag":["1243008237"],"Content-Type":["text/plain;charset=UTF-8"],"Last-Modified":["Thu, 11 Sep 2025 06:25:35 GMT"]},"body":"打工人\n打工魂\n社畜\n社死","statusCode":"OK","statusCodeValue":200} =================================== 
2025-10-16 22:22:36.574 [http-nio-8092-exec-5] INFO  c.z.f.b.operationlog.aspect.ApiOperationLogAspect - ====== 请求开始: [热更新词典], 入参: , 请求类: ExtDictController, 请求方法: extDict =================================== 
2025-10-16 22:22:36.575 [http-nio-8092-exec-5] INFO  c.z.f.b.operationlog.aspect.ApiOperationLogAspect - ====== 请求结束: [热更新词典], 耗时: 0ms, 出参: {"headers":{"ETag":["1243008237"],"Content-Type":["text/plain;charset=UTF-8"],"Last-Modified":["Thu, 11 Sep 2025 06:25:35 GMT"]},"body":"打工人\n打工魂\n社畜\n社死","statusCode":"OK","statusCodeValue":200} =================================== 
2025-10-16 22:23:36.571 [http-nio-8092-exec-6] INFO  c.z.f.b.operationlog.aspect.ApiOperationLogAspect - ====== 请求开始: [热更新词典], 入参: , 请求类: ExtDictController, 请求方法: extDict =================================== 
2025-10-16 22:23:36.572 [http-nio-8092-exec-6] INFO  c.z.f.b.operationlog.aspect.ApiOperationLogAspect - ====== 请求结束: [热更新词典], 耗时: 1ms, 出参: {"headers":{"ETag":["1243008237"],"Content-Type":["text/plain;charset=UTF-8"],"Last-Modified":["Thu, 11 Sep 2025 06:25:35 GMT"]},"body":"打工人\n打工魂\n社畜\n社死","statusCode":"OK","statusCodeValue":200} =================================== 
2025-10-16 22:24:36.569 [http-nio-8092-exec-7] INFO  c.z.f.b.operationlog.aspect.ApiOperationLogAspect - ====== 请求开始: [热更新词典], 入参: , 请求类: ExtDictController, 请求方法: extDict =================================== 
2025-10-16 22:24:36.570 [http-nio-8092-exec-7] INFO  c.z.f.b.operationlog.aspect.ApiOperationLogAspect - ====== 请求结束: [热更新词典], 耗时: 1ms, 出参: {"headers":{"ETag":["1243008237"],"Content-Type":["text/plain;charset=UTF-8"],"Last-Modified":["Thu, 11 Sep 2025 06:25:35 GMT"]},"body":"打工人\n打工魂\n社畜\n社死","statusCode":"OK","statusCodeValue":200} =================================== 
2025-10-16 22:25:36.564 [http-nio-8092-exec-8] INFO  c.z.f.b.operationlog.aspect.ApiOperationLogAspect - ====== 请求开始: [热更新词典], 入参: , 请求类: ExtDictController, 请求方法: extDict =================================== 
2025-10-16 22:25:36.565 [http-nio-8092-exec-8] INFO  c.z.f.b.operationlog.aspect.ApiOperationLogAspect - ====== 请求结束: [热更新词典], 耗时: 1ms, 出参: {"headers":{"ETag":["1243008237"],"Content-Type":["text/plain;charset=UTF-8"],"Last-Modified":["Thu, 11 Sep 2025 06:25:35 GMT"]},"body":"打工人\n打工魂\n社畜\n社死","statusCode":"OK","statusCodeValue":200} =================================== 
2025-10-16 22:26:36.560 [http-nio-8092-exec-9] INFO  c.z.f.b.operationlog.aspect.ApiOperationLogAspect - ====== 请求开始: [热更新词典], 入参: , 请求类: ExtDictController, 请求方法: extDict =================================== 
2025-10-16 22:26:36.561 [http-nio-8092-exec-9] INFO  c.z.f.b.operationlog.aspect.ApiOperationLogAspect - ====== 请求结束: [热更新词典], 耗时: 1ms, 出参: {"headers":{"ETag":["1243008237"],"Content-Type":["text/plain;charset=UTF-8"],"Last-Modified":["Thu, 11 Sep 2025 06:25:35 GMT"]},"body":"打工人\n打工魂\n社畜\n社死","statusCode":"OK","statusCodeValue":200} =================================== 
2025-10-16 22:27:36.556 [http-nio-8092-exec-1] INFO  c.z.f.b.operationlog.aspect.ApiOperationLogAspect - ====== 请求开始: [热更新词典], 入参: , 请求类: ExtDictController, 请求方法: extDict =================================== 
2025-10-16 22:27:36.558 [http-nio-8092-exec-1] INFO  c.z.f.b.operationlog.aspect.ApiOperationLogAspect - ====== 请求结束: [热更新词典], 耗时: 1ms, 出参: {"headers":{"ETag":["1243008237"],"Content-Type":["text/plain;charset=UTF-8"],"Last-Modified":["Thu, 11 Sep 2025 06:25:35 GMT"]},"body":"打工人\n打工魂\n社畜\n社死","statusCode":"OK","statusCodeValue":200} =================================== 
2025-10-16 22:28:36.553 [http-nio-8092-exec-10] INFO  c.z.f.b.operationlog.aspect.ApiOperationLogAspect - ====== 请求开始: [热更新词典], 入参: , 请求类: ExtDictController, 请求方法: extDict =================================== 
2025-10-16 22:28:36.554 [http-nio-8092-exec-10] INFO  c.z.f.b.operationlog.aspect.ApiOperationLogAspect - ====== 请求结束: [热更新词典], 耗时: 1ms, 出参: {"headers":{"ETag":["1243008237"],"Content-Type":["text/plain;charset=UTF-8"],"Last-Modified":["Thu, 11 Sep 2025 06:25:35 GMT"]},"body":"打工人\n打工魂\n社畜\n社死","statusCode":"OK","statusCodeValue":200} =================================== 
2025-10-16 22:29:36.546 [http-nio-8092-exec-2] INFO  c.z.f.b.operationlog.aspect.ApiOperationLogAspect - ====== 请求开始: [热更新词典], 入参: , 请求类: ExtDictController, 请求方法: extDict =================================== 
2025-10-16 22:29:36.547 [http-nio-8092-exec-2] INFO  c.z.f.b.operationlog.aspect.ApiOperationLogAspect - ====== 请求结束: [热更新词典], 耗时: 1ms, 出参: {"headers":{"ETag":["1243008237"],"Content-Type":["text/plain;charset=UTF-8"],"Last-Modified":["Thu, 11 Sep 2025 06:25:35 GMT"]},"body":"打工人\n打工魂\n社畜\n社死","statusCode":"OK","statusCodeValue":200} =================================== 
2025-10-16 22:30:36.543 [http-nio-8092-exec-3] INFO  c.z.f.b.operationlog.aspect.ApiOperationLogAspect - ====== 请求开始: [热更新词典], 入参: , 请求类: ExtDictController, 请求方法: extDict =================================== 
2025-10-16 22:30:36.545 [http-nio-8092-exec-3] INFO  c.z.f.b.operationlog.aspect.ApiOperationLogAspect - ====== 请求结束: [热更新词典], 耗时: 1ms, 出参: {"headers":{"ETag":["1243008237"],"Content-Type":["text/plain;charset=UTF-8"],"Last-Modified":["Thu, 11 Sep 2025 06:25:35 GMT"]},"body":"打工人\n打工魂\n社畜\n社死","statusCode":"OK","statusCodeValue":200} =================================== 
2025-10-16 22:31:36.538 [http-nio-8092-exec-4] INFO  c.z.f.b.operationlog.aspect.ApiOperationLogAspect - ====== 请求开始: [热更新词典], 入参: , 请求类: ExtDictController, 请求方法: extDict =================================== 
2025-10-16 22:31:36.539 [http-nio-8092-exec-4] INFO  c.z.f.b.operationlog.aspect.ApiOperationLogAspect - ====== 请求结束: [热更新词典], 耗时: 1ms, 出参: {"headers":{"ETag":["1243008237"],"Content-Type":["text/plain;charset=UTF-8"],"Last-Modified":["Thu, 11 Sep 2025 06:25:35 GMT"]},"body":"打工人\n打工魂\n社畜\n社死","statusCode":"OK","statusCodeValue":200} =================================== 
2025-10-16 22:32:36.534 [http-nio-8092-exec-5] INFO  c.z.f.b.operationlog.aspect.ApiOperationLogAspect - ====== 请求开始: [热更新词典], 入参: , 请求类: ExtDictController, 请求方法: extDict =================================== 
2025-10-16 22:32:36.535 [http-nio-8092-exec-5] INFO  c.z.f.b.operationlog.aspect.ApiOperationLogAspect - ====== 请求结束: [热更新词典], 耗时: 1ms, 出参: {"headers":{"ETag":["1243008237"],"Content-Type":["text/plain;charset=UTF-8"],"Last-Modified":["Thu, 11 Sep 2025 06:25:35 GMT"]},"body":"打工人\n打工魂\n社畜\n社死","statusCode":"OK","statusCodeValue":200} =================================== 
2025-10-16 22:33:36.529 [http-nio-8092-exec-6] INFO  c.z.f.b.operationlog.aspect.ApiOperationLogAspect - ====== 请求开始: [热更新词典], 入参: , 请求类: ExtDictController, 请求方法: extDict =================================== 
2025-10-16 22:33:36.530 [http-nio-8092-exec-6] INFO  c.z.f.b.operationlog.aspect.ApiOperationLogAspect - ====== 请求结束: [热更新词典], 耗时: 1ms, 出参: {"headers":{"ETag":["1243008237"],"Content-Type":["text/plain;charset=UTF-8"],"Last-Modified":["Thu, 11 Sep 2025 06:25:35 GMT"]},"body":"打工人\n打工魂\n社畜\n社死","statusCode":"OK","statusCodeValue":200} =================================== 
2025-10-16 22:34:36.526 [http-nio-8092-exec-7] INFO  c.z.f.b.operationlog.aspect.ApiOperationLogAspect - ====== 请求开始: [热更新词典], 入参: , 请求类: ExtDictController, 请求方法: extDict =================================== 
2025-10-16 22:34:36.526 [http-nio-8092-exec-7] INFO  c.z.f.b.operationlog.aspect.ApiOperationLogAspect - ====== 请求结束: [热更新词典], 耗时: 0ms, 出参: {"headers":{"ETag":["1243008237"],"Content-Type":["text/plain;charset=UTF-8"],"Last-Modified":["Thu, 11 Sep 2025 06:25:35 GMT"]},"body":"打工人\n打工魂\n社畜\n社死","statusCode":"OK","statusCodeValue":200} =================================== 
2025-10-16 22:35:36.523 [http-nio-8092-exec-8] INFO  c.z.f.b.operationlog.aspect.ApiOperationLogAspect - ====== 请求开始: [热更新词典], 入参: , 请求类: ExtDictController, 请求方法: extDict =================================== 
2025-10-16 22:35:36.524 [http-nio-8092-exec-8] INFO  c.z.f.b.operationlog.aspect.ApiOperationLogAspect - ====== 请求结束: [热更新词典], 耗时: 1ms, 出参: {"headers":{"ETag":["1243008237"],"Content-Type":["text/plain;charset=UTF-8"],"Last-Modified":["Thu, 11 Sep 2025 06:25:35 GMT"]},"body":"打工人\n打工魂\n社畜\n社死","statusCode":"OK","statusCodeValue":200} =================================== 
2025-10-16 22:36:36.520 [http-nio-8092-exec-9] INFO  c.z.f.b.operationlog.aspect.ApiOperationLogAspect - ====== 请求开始: [热更新词典], 入参: , 请求类: ExtDictController, 请求方法: extDict =================================== 
2025-10-16 22:36:36.522 [http-nio-8092-exec-9] INFO  c.z.f.b.operationlog.aspect.ApiOperationLogAspect - ====== 请求结束: [热更新词典], 耗时: 1ms, 出参: {"headers":{"ETag":["1243008237"],"Content-Type":["text/plain;charset=UTF-8"],"Last-Modified":["Thu, 11 Sep 2025 06:25:35 GMT"]},"body":"打工人\n打工魂\n社畜\n社死","statusCode":"OK","statusCodeValue":200} =================================== 
2025-10-16 22:37:36.516 [http-nio-8092-exec-1] INFO  c.z.f.b.operationlog.aspect.ApiOperationLogAspect - ====== 请求开始: [热更新词典], 入参: , 请求类: ExtDictController, 请求方法: extDict =================================== 
2025-10-16 22:37:36.517 [http-nio-8092-exec-1] INFO  c.z.f.b.operationlog.aspect.ApiOperationLogAspect - ====== 请求结束: [热更新词典], 耗时: 1ms, 出参: {"headers":{"ETag":["1243008237"],"Content-Type":["text/plain;charset=UTF-8"],"Last-Modified":["Thu, 11 Sep 2025 06:25:35 GMT"]},"body":"打工人\n打工魂\n社畜\n社死","statusCode":"OK","statusCodeValue":200} =================================== 
2025-10-16 22:38:36.513 [http-nio-8092-exec-10] INFO  c.z.f.b.operationlog.aspect.ApiOperationLogAspect - ====== 请求开始: [热更新词典], 入参: , 请求类: ExtDictController, 请求方法: extDict =================================== 
2025-10-16 22:38:36.513 [http-nio-8092-exec-10] INFO  c.z.f.b.operationlog.aspect.ApiOperationLogAspect - ====== 请求结束: [热更新词典], 耗时: 1ms, 出参: {"headers":{"ETag":["1243008237"],"Content-Type":["text/plain;charset=UTF-8"],"Last-Modified":["Thu, 11 Sep 2025 06:25:35 GMT"]},"body":"打工人\n打工魂\n社畜\n社死","statusCode":"OK","statusCodeValue":200} =================================== 
2025-10-16 22:39:36.509 [http-nio-8092-exec-2] INFO  c.z.f.b.operationlog.aspect.ApiOperationLogAspect - ====== 请求开始: [热更新词典], 入参: , 请求类: ExtDictController, 请求方法: extDict =================================== 
2025-10-16 22:39:36.511 [http-nio-8092-exec-2] INFO  c.z.f.b.operationlog.aspect.ApiOperationLogAspect - ====== 请求结束: [热更新词典], 耗时: 1ms, 出参: {"headers":{"ETag":["1243008237"],"Content-Type":["text/plain;charset=UTF-8"],"Last-Modified":["Thu, 11 Sep 2025 06:25:35 GMT"]},"body":"打工人\n打工魂\n社畜\n社死","statusCode":"OK","statusCodeValue":200} =================================== 
2025-10-16 22:40:36.503 [http-nio-8092-exec-3] INFO  c.z.f.b.operationlog.aspect.ApiOperationLogAspect - ====== 请求开始: [热更新词典], 入参: , 请求类: ExtDictController, 请求方法: extDict =================================== 
2025-10-16 22:40:36.505 [http-nio-8092-exec-3] INFO  c.z.f.b.operationlog.aspect.ApiOperationLogAspect - ====== 请求结束: [热更新词典], 耗时: 2ms, 出参: {"headers":{"ETag":["1243008237"],"Content-Type":["text/plain;charset=UTF-8"],"Last-Modified":["Thu, 11 Sep 2025 06:25:35 GMT"]},"body":"打工人\n打工魂\n社畜\n社死","statusCode":"OK","statusCodeValue":200} =================================== 
2025-10-16 22:41:36.499 [http-nio-8092-exec-4] INFO  c.z.f.b.operationlog.aspect.ApiOperationLogAspect - ====== 请求开始: [热更新词典], 入参: , 请求类: ExtDictController, 请求方法: extDict =================================== 
2025-10-16 22:41:36.500 [http-nio-8092-exec-4] INFO  c.z.f.b.operationlog.aspect.ApiOperationLogAspect - ====== 请求结束: [热更新词典], 耗时: 1ms, 出参: {"headers":{"ETag":["1243008237"],"Content-Type":["text/plain;charset=UTF-8"],"Last-Modified":["Thu, 11 Sep 2025 06:25:35 GMT"]},"body":"打工人\n打工魂\n社畜\n社死","statusCode":"OK","statusCodeValue":200} =================================== 
2025-10-16 22:42:36.495 [http-nio-8092-exec-5] INFO  c.z.f.b.operationlog.aspect.ApiOperationLogAspect - ====== 请求开始: [热更新词典], 入参: , 请求类: ExtDictController, 请求方法: extDict =================================== 
2025-10-16 22:42:36.496 [http-nio-8092-exec-5] INFO  c.z.f.b.operationlog.aspect.ApiOperationLogAspect - ====== 请求结束: [热更新词典], 耗时: 1ms, 出参: {"headers":{"ETag":["1243008237"],"Content-Type":["text/plain;charset=UTF-8"],"Last-Modified":["Thu, 11 Sep 2025 06:25:35 GMT"]},"body":"打工人\n打工魂\n社畜\n社死","statusCode":"OK","statusCodeValue":200} =================================== 
2025-10-16 22:43:36.490 [http-nio-8092-exec-6] INFO  c.z.f.b.operationlog.aspect.ApiOperationLogAspect - ====== 请求开始: [热更新词典], 入参: , 请求类: ExtDictController, 请求方法: extDict =================================== 
2025-10-16 22:43:36.491 [http-nio-8092-exec-6] INFO  c.z.f.b.operationlog.aspect.ApiOperationLogAspect - ====== 请求结束: [热更新词典], 耗时: 1ms, 出参: {"headers":{"ETag":["1243008237"],"Content-Type":["text/plain;charset=UTF-8"],"Last-Modified":["Thu, 11 Sep 2025 06:25:35 GMT"]},"body":"打工人\n打工魂\n社畜\n社死","statusCode":"OK","statusCodeValue":200} =================================== 
2025-10-16 22:44:36.483 [http-nio-8092-exec-7] INFO  c.z.f.b.operationlog.aspect.ApiOperationLogAspect - ====== 请求开始: [热更新词典], 入参: , 请求类: ExtDictController, 请求方法: extDict =================================== 
2025-10-16 22:44:36.484 [http-nio-8092-exec-7] INFO  c.z.f.b.operationlog.aspect.ApiOperationLogAspect - ====== 请求结束: [热更新词典], 耗时: 1ms, 出参: {"headers":{"ETag":["1243008237"],"Content-Type":["text/plain;charset=UTF-8"],"Last-Modified":["Thu, 11 Sep 2025 06:25:35 GMT"]},"body":"打工人\n打工魂\n社畜\n社死","statusCode":"OK","statusCodeValue":200} =================================== 
2025-10-16 22:45:36.486 [http-nio-8092-exec-8] INFO  c.z.f.b.operationlog.aspect.ApiOperationLogAspect - ====== 请求开始: [热更新词典], 入参: , 请求类: ExtDictController, 请求方法: extDict =================================== 
2025-10-16 22:45:36.489 [http-nio-8092-exec-8] INFO  c.z.f.b.operationlog.aspect.ApiOperationLogAspect - ====== 请求结束: [热更新词典], 耗时: 2ms, 出参: {"headers":{"ETag":["1243008237"],"Content-Type":["text/plain;charset=UTF-8"],"Last-Modified":["Thu, 11 Sep 2025 06:25:35 GMT"]},"body":"打工人\n打工魂\n社畜\n社死","statusCode":"OK","statusCodeValue":200} =================================== 
2025-10-16 22:46:36.471 [http-nio-8092-exec-9] INFO  c.z.f.b.operationlog.aspect.ApiOperationLogAspect - ====== 请求开始: [热更新词典], 入参: , 请求类: ExtDictController, 请求方法: extDict =================================== 
2025-10-16 22:46:36.472 [http-nio-8092-exec-9] INFO  c.z.f.b.operationlog.aspect.ApiOperationLogAspect - ====== 请求结束: [热更新词典], 耗时: 1ms, 出参: {"headers":{"ETag":["1243008237"],"Content-Type":["text/plain;charset=UTF-8"],"Last-Modified":["Thu, 11 Sep 2025 06:25:35 GMT"]},"body":"打工人\n打工魂\n社畜\n社死","statusCode":"OK","statusCodeValue":200} =================================== 
2025-10-16 22:47:36.465 [http-nio-8092-exec-1] INFO  c.z.f.b.operationlog.aspect.ApiOperationLogAspect - ====== 请求开始: [热更新词典], 入参: , 请求类: ExtDictController, 请求方法: extDict =================================== 
2025-10-16 22:47:36.466 [http-nio-8092-exec-1] INFO  c.z.f.b.operationlog.aspect.ApiOperationLogAspect - ====== 请求结束: [热更新词典], 耗时: 1ms, 出参: {"headers":{"ETag":["1243008237"],"Content-Type":["text/plain;charset=UTF-8"],"Last-Modified":["Thu, 11 Sep 2025 06:25:35 GMT"]},"body":"打工人\n打工魂\n社畜\n社死","statusCode":"OK","statusCodeValue":200} =================================== 
2025-10-16 22:48:36.461 [http-nio-8092-exec-10] INFO  c.z.f.b.operationlog.aspect.ApiOperationLogAspect - ====== 请求开始: [热更新词典], 入参: , 请求类: ExtDictController, 请求方法: extDict =================================== 
2025-10-16 22:48:36.463 [http-nio-8092-exec-10] INFO  c.z.f.b.operationlog.aspect.ApiOperationLogAspect - ====== 请求结束: [热更新词典], 耗时: 2ms, 出参: {"headers":{"ETag":["1243008237"],"Content-Type":["text/plain;charset=UTF-8"],"Last-Modified":["Thu, 11 Sep 2025 06:25:35 GMT"]},"body":"打工人\n打工魂\n社畜\n社死","statusCode":"OK","statusCodeValue":200} =================================== 
2025-10-16 22:49:36.457 [http-nio-8092-exec-2] INFO  c.z.f.b.operationlog.aspect.ApiOperationLogAspect - ====== 请求开始: [热更新词典], 入参: , 请求类: ExtDictController, 请求方法: extDict =================================== 
2025-10-16 22:49:36.459 [http-nio-8092-exec-2] INFO  c.z.f.b.operationlog.aspect.ApiOperationLogAspect - ====== 请求结束: [热更新词典], 耗时: 2ms, 出参: {"headers":{"ETag":["1243008237"],"Content-Type":["text/plain;charset=UTF-8"],"Last-Modified":["Thu, 11 Sep 2025 06:25:35 GMT"]},"body":"打工人\n打工魂\n社畜\n社死","statusCode":"OK","statusCodeValue":200} =================================== 
2025-10-16 22:50:36.454 [http-nio-8092-exec-3] INFO  c.z.f.b.operationlog.aspect.ApiOperationLogAspect - ====== 请求开始: [热更新词典], 入参: , 请求类: ExtDictController, 请求方法: extDict =================================== 
2025-10-16 22:50:36.457 [http-nio-8092-exec-3] INFO  c.z.f.b.operationlog.aspect.ApiOperationLogAspect - ====== 请求结束: [热更新词典], 耗时: 3ms, 出参: {"headers":{"ETag":["1243008237"],"Content-Type":["text/plain;charset=UTF-8"],"Last-Modified":["Thu, 11 Sep 2025 06:25:35 GMT"]},"body":"打工人\n打工魂\n社畜\n社死","statusCode":"OK","statusCodeValue":200} =================================== 
2025-10-16 22:51:36.451 [http-nio-8092-exec-4] INFO  c.z.f.b.operationlog.aspect.ApiOperationLogAspect - ====== 请求开始: [热更新词典], 入参: , 请求类: ExtDictController, 请求方法: extDict =================================== 
2025-10-16 22:51:36.453 [http-nio-8092-exec-4] INFO  c.z.f.b.operationlog.aspect.ApiOperationLogAspect - ====== 请求结束: [热更新词典], 耗时: 1ms, 出参: {"headers":{"ETag":["1243008237"],"Content-Type":["text/plain;charset=UTF-8"],"Last-Modified":["Thu, 11 Sep 2025 06:25:35 GMT"]},"body":"打工人\n打工魂\n社畜\n社死","statusCode":"OK","statusCodeValue":200} =================================== 
2025-10-16 22:52:36.444 [http-nio-8092-exec-5] INFO  c.z.f.b.operationlog.aspect.ApiOperationLogAspect - ====== 请求开始: [热更新词典], 入参: , 请求类: ExtDictController, 请求方法: extDict =================================== 
2025-10-16 22:52:36.445 [http-nio-8092-exec-5] INFO  c.z.f.b.operationlog.aspect.ApiOperationLogAspect - ====== 请求结束: [热更新词典], 耗时: 1ms, 出参: {"headers":{"ETag":["1243008237"],"Content-Type":["text/plain;charset=UTF-8"],"Last-Modified":["Thu, 11 Sep 2025 06:25:35 GMT"]},"body":"打工人\n打工魂\n社畜\n社死","statusCode":"OK","statusCodeValue":200} =================================== 
2025-10-16 22:53:36.442 [http-nio-8092-exec-6] INFO  c.z.f.b.operationlog.aspect.ApiOperationLogAspect - ====== 请求开始: [热更新词典], 入参: , 请求类: ExtDictController, 请求方法: extDict =================================== 
2025-10-16 22:53:36.443 [http-nio-8092-exec-6] INFO  c.z.f.b.operationlog.aspect.ApiOperationLogAspect - ====== 请求结束: [热更新词典], 耗时: 1ms, 出参: {"headers":{"ETag":["1243008237"],"Content-Type":["text/plain;charset=UTF-8"],"Last-Modified":["Thu, 11 Sep 2025 06:25:35 GMT"]},"body":"打工人\n打工魂\n社畜\n社死","statusCode":"OK","statusCodeValue":200} =================================== 
2025-10-16 22:54:36.437 [http-nio-8092-exec-7] INFO  c.z.f.b.operationlog.aspect.ApiOperationLogAspect - ====== 请求开始: [热更新词典], 入参: , 请求类: ExtDictController, 请求方法: extDict =================================== 
2025-10-16 22:54:36.439 [http-nio-8092-exec-7] INFO  c.z.f.b.operationlog.aspect.ApiOperationLogAspect - ====== 请求结束: [热更新词典], 耗时: 2ms, 出参: {"headers":{"ETag":["1243008237"],"Content-Type":["text/plain;charset=UTF-8"],"Last-Modified":["Thu, 11 Sep 2025 06:25:35 GMT"]},"body":"打工人\n打工魂\n社畜\n社死","statusCode":"OK","statusCodeValue":200} =================================== 
2025-10-16 22:55:36.433 [http-nio-8092-exec-8] INFO  c.z.f.b.operationlog.aspect.ApiOperationLogAspect - ====== 请求开始: [热更新词典], 入参: , 请求类: ExtDictController, 请求方法: extDict =================================== 
2025-10-16 22:55:36.436 [http-nio-8092-exec-8] INFO  c.z.f.b.operationlog.aspect.ApiOperationLogAspect - ====== 请求结束: [热更新词典], 耗时: 3ms, 出参: {"headers":{"ETag":["1243008237"],"Content-Type":["text/plain;charset=UTF-8"],"Last-Modified":["Thu, 11 Sep 2025 06:25:35 GMT"]},"body":"打工人\n打工魂\n社畜\n社死","statusCode":"OK","statusCodeValue":200} =================================== 
2025-10-16 22:56:36.429 [http-nio-8092-exec-9] INFO  c.z.f.b.operationlog.aspect.ApiOperationLogAspect - ====== 请求开始: [热更新词典], 入参: , 请求类: ExtDictController, 请求方法: extDict =================================== 
2025-10-16 22:56:36.431 [http-nio-8092-exec-9] INFO  c.z.f.b.operationlog.aspect.ApiOperationLogAspect - ====== 请求结束: [热更新词典], 耗时: 2ms, 出参: {"headers":{"ETag":["1243008237"],"Content-Type":["text/plain;charset=UTF-8"],"Last-Modified":["Thu, 11 Sep 2025 06:25:35 GMT"]},"body":"打工人\n打工魂\n社畜\n社死","statusCode":"OK","statusCodeValue":200} =================================== 
2025-10-16 22:57:36.436 [http-nio-8092-exec-1] INFO  c.z.f.b.operationlog.aspect.ApiOperationLogAspect - ====== 请求开始: [热更新词典], 入参: , 请求类: ExtDictController, 请求方法: extDict =================================== 
2025-10-16 22:57:36.437 [http-nio-8092-exec-1] INFO  c.z.f.b.operationlog.aspect.ApiOperationLogAspect - ====== 请求结束: [热更新词典], 耗时: 1ms, 出参: {"headers":{"ETag":["1243008237"],"Content-Type":["text/plain;charset=UTF-8"],"Last-Modified":["Thu, 11 Sep 2025 06:25:35 GMT"]},"body":"打工人\n打工魂\n社畜\n社死","statusCode":"OK","statusCodeValue":200} =================================== 
2025-10-16 22:58:36.420 [http-nio-8092-exec-10] INFO  c.z.f.b.operationlog.aspect.ApiOperationLogAspect - ====== 请求开始: [热更新词典], 入参: , 请求类: ExtDictController, 请求方法: extDict =================================== 
2025-10-16 22:58:36.422 [http-nio-8092-exec-10] INFO  c.z.f.b.operationlog.aspect.ApiOperationLogAspect - ====== 请求结束: [热更新词典], 耗时: 2ms, 出参: {"headers":{"ETag":["1243008237"],"Content-Type":["text/plain;charset=UTF-8"],"Last-Modified":["Thu, 11 Sep 2025 06:25:35 GMT"]},"body":"打工人\n打工魂\n社畜\n社死","statusCode":"OK","statusCodeValue":200} =================================== 
2025-10-16 22:59:36.417 [http-nio-8092-exec-2] INFO  c.z.f.b.operationlog.aspect.ApiOperationLogAspect - ====== 请求开始: [热更新词典], 入参: , 请求类: ExtDictController, 请求方法: extDict =================================== 
2025-10-16 22:59:36.418 [http-nio-8092-exec-2] INFO  c.z.f.b.operationlog.aspect.ApiOperationLogAspect - ====== 请求结束: [热更新词典], 耗时: 1ms, 出参: {"headers":{"ETag":["1243008237"],"Content-Type":["text/plain;charset=UTF-8"],"Last-Modified":["Thu, 11 Sep 2025 06:25:35 GMT"]},"body":"打工人\n打工魂\n社畜\n社死","statusCode":"OK","statusCodeValue":200} =================================== 
2025-10-16 23:00:36.410 [http-nio-8092-exec-3] INFO  c.z.f.b.operationlog.aspect.ApiOperationLogAspect - ====== 请求开始: [热更新词典], 入参: , 请求类: ExtDictController, 请求方法: extDict =================================== 
2025-10-16 23:00:36.411 [http-nio-8092-exec-3] INFO  c.z.f.b.operationlog.aspect.ApiOperationLogAspect - ====== 请求结束: [热更新词典], 耗时: 1ms, 出参: {"headers":{"ETag":["1243008237"],"Content-Type":["text/plain;charset=UTF-8"],"Last-Modified":["Thu, 11 Sep 2025 06:25:35 GMT"]},"body":"打工人\n打工魂\n社畜\n社死","statusCode":"OK","statusCodeValue":200} =================================== 
2025-10-16 23:01:36.405 [http-nio-8092-exec-4] INFO  c.z.f.b.operationlog.aspect.ApiOperationLogAspect - ====== 请求开始: [热更新词典], 入参: , 请求类: ExtDictController, 请求方法: extDict =================================== 
2025-10-16 23:01:36.406 [http-nio-8092-exec-4] INFO  c.z.f.b.operationlog.aspect.ApiOperationLogAspect - ====== 请求结束: [热更新词典], 耗时: 1ms, 出参: {"headers":{"ETag":["1243008237"],"Content-Type":["text/plain;charset=UTF-8"],"Last-Modified":["Thu, 11 Sep 2025 06:25:35 GMT"]},"body":"打工人\n打工魂\n社畜\n社死","statusCode":"OK","statusCodeValue":200} =================================== 
2025-10-16 23:02:36.403 [http-nio-8092-exec-5] INFO  c.z.f.b.operationlog.aspect.ApiOperationLogAspect - ====== 请求开始: [热更新词典], 入参: , 请求类: ExtDictController, 请求方法: extDict =================================== 
2025-10-16 23:02:36.403 [http-nio-8092-exec-5] INFO  c.z.f.b.operationlog.aspect.ApiOperationLogAspect - ====== 请求结束: [热更新词典], 耗时: 0ms, 出参: {"headers":{"ETag":["1243008237"],"Content-Type":["text/plain;charset=UTF-8"],"Last-Modified":["Thu, 11 Sep 2025 06:25:35 GMT"]},"body":"打工人\n打工魂\n社畜\n社死","statusCode":"OK","statusCodeValue":200} =================================== 
2025-10-16 23:03:36.397 [http-nio-8092-exec-6] INFO  c.z.f.b.operationlog.aspect.ApiOperationLogAspect - ====== 请求开始: [热更新词典], 入参: , 请求类: ExtDictController, 请求方法: extDict =================================== 
2025-10-16 23:03:36.399 [http-nio-8092-exec-6] INFO  c.z.f.b.operationlog.aspect.ApiOperationLogAspect - ====== 请求结束: [热更新词典], 耗时: 2ms, 出参: {"headers":{"ETag":["1243008237"],"Content-Type":["text/plain;charset=UTF-8"],"Last-Modified":["Thu, 11 Sep 2025 06:25:35 GMT"]},"body":"打工人\n打工魂\n社畜\n社死","statusCode":"OK","statusCodeValue":200} =================================== 
2025-10-16 23:04:36.397 [http-nio-8092-exec-7] INFO  c.z.f.b.operationlog.aspect.ApiOperationLogAspect - ====== 请求开始: [热更新词典], 入参: , 请求类: ExtDictController, 请求方法: extDict =================================== 
2025-10-16 23:04:36.398 [http-nio-8092-exec-7] INFO  c.z.f.b.operationlog.aspect.ApiOperationLogAspect - ====== 请求结束: [热更新词典], 耗时: 1ms, 出参: {"headers":{"ETag":["1243008237"],"Content-Type":["text/plain;charset=UTF-8"],"Last-Modified":["Thu, 11 Sep 2025 06:25:35 GMT"]},"body":"打工人\n打工魂\n社畜\n社死","statusCode":"OK","statusCodeValue":200} =================================== 
2025-10-16 23:05:36.395 [http-nio-8092-exec-8] INFO  c.z.f.b.operationlog.aspect.ApiOperationLogAspect - ====== 请求开始: [热更新词典], 入参: , 请求类: ExtDictController, 请求方法: extDict =================================== 
2025-10-16 23:05:36.397 [http-nio-8092-exec-8] INFO  c.z.f.b.operationlog.aspect.ApiOperationLogAspect - ====== 请求结束: [热更新词典], 耗时: 2ms, 出参: {"headers":{"ETag":["1243008237"],"Content-Type":["text/plain;charset=UTF-8"],"Last-Modified":["Thu, 11 Sep 2025 06:25:35 GMT"]},"body":"打工人\n打工魂\n社畜\n社死","statusCode":"OK","statusCodeValue":200} =================================== 
2025-10-16 23:06:36.391 [http-nio-8092-exec-9] INFO  c.z.f.b.operationlog.aspect.ApiOperationLogAspect - ====== 请求开始: [热更新词典], 入参: , 请求类: ExtDictController, 请求方法: extDict =================================== 
2025-10-16 23:06:36.393 [http-nio-8092-exec-9] INFO  c.z.f.b.operationlog.aspect.ApiOperationLogAspect - ====== 请求结束: [热更新词典], 耗时: 2ms, 出参: {"headers":{"ETag":["1243008237"],"Content-Type":["text/plain;charset=UTF-8"],"Last-Modified":["Thu, 11 Sep 2025 06:25:35 GMT"]},"body":"打工人\n打工魂\n社畜\n社死","statusCode":"OK","statusCodeValue":200} =================================== 
2025-10-16 23:07:36.384 [http-nio-8092-exec-1] INFO  c.z.f.b.operationlog.aspect.ApiOperationLogAspect - ====== 请求开始: [热更新词典], 入参: , 请求类: ExtDictController, 请求方法: extDict =================================== 
2025-10-16 23:07:36.385 [http-nio-8092-exec-1] INFO  c.z.f.b.operationlog.aspect.ApiOperationLogAspect - ====== 请求结束: [热更新词典], 耗时: 2ms, 出参: {"headers":{"ETag":["1243008237"],"Content-Type":["text/plain;charset=UTF-8"],"Last-Modified":["Thu, 11 Sep 2025 06:25:35 GMT"]},"body":"打工人\n打工魂\n社畜\n社死","statusCode":"OK","statusCodeValue":200} =================================== 
2025-10-16 23:08:36.381 [http-nio-8092-exec-10] INFO  c.z.f.b.operationlog.aspect.ApiOperationLogAspect - ====== 请求开始: [热更新词典], 入参: , 请求类: ExtDictController, 请求方法: extDict =================================== 
2025-10-16 23:08:36.383 [http-nio-8092-exec-10] INFO  c.z.f.b.operationlog.aspect.ApiOperationLogAspect - ====== 请求结束: [热更新词典], 耗时: 2ms, 出参: {"headers":{"ETag":["1243008237"],"Content-Type":["text/plain;charset=UTF-8"],"Last-Modified":["Thu, 11 Sep 2025 06:25:35 GMT"]},"body":"打工人\n打工魂\n社畜\n社死","statusCode":"OK","statusCodeValue":200} =================================== 
2025-10-16 23:09:36.375 [http-nio-8092-exec-2] INFO  c.z.f.b.operationlog.aspect.ApiOperationLogAspect - ====== 请求开始: [热更新词典], 入参: , 请求类: ExtDictController, 请求方法: extDict =================================== 
2025-10-16 23:09:36.377 [http-nio-8092-exec-2] INFO  c.z.f.b.operationlog.aspect.ApiOperationLogAspect - ====== 请求结束: [热更新词典], 耗时: 2ms, 出参: {"headers":{"ETag":["1243008237"],"Content-Type":["text/plain;charset=UTF-8"],"Last-Modified":["Thu, 11 Sep 2025 06:25:35 GMT"]},"body":"打工人\n打工魂\n社畜\n社死","statusCode":"OK","statusCodeValue":200} =================================== 
2025-10-16 23:10:36.372 [http-nio-8092-exec-3] INFO  c.z.f.b.operationlog.aspect.ApiOperationLogAspect - ====== 请求开始: [热更新词典], 入参: , 请求类: ExtDictController, 请求方法: extDict =================================== 
2025-10-16 23:10:36.373 [http-nio-8092-exec-3] INFO  c.z.f.b.operationlog.aspect.ApiOperationLogAspect - ====== 请求结束: [热更新词典], 耗时: 1ms, 出参: {"headers":{"ETag":["1243008237"],"Content-Type":["text/plain;charset=UTF-8"],"Last-Modified":["Thu, 11 Sep 2025 06:25:35 GMT"]},"body":"打工人\n打工魂\n社畜\n社死","statusCode":"OK","statusCodeValue":200} =================================== 
2025-10-16 23:11:36.368 [http-nio-8092-exec-4] INFO  c.z.f.b.operationlog.aspect.ApiOperationLogAspect - ====== 请求开始: [热更新词典], 入参: , 请求类: ExtDictController, 请求方法: extDict =================================== 
2025-10-16 23:11:36.369 [http-nio-8092-exec-4] INFO  c.z.f.b.operationlog.aspect.ApiOperationLogAspect - ====== 请求结束: [热更新词典], 耗时: 1ms, 出参: {"headers":{"ETag":["1243008237"],"Content-Type":["text/plain;charset=UTF-8"],"Last-Modified":["Thu, 11 Sep 2025 06:25:35 GMT"]},"body":"打工人\n打工魂\n社畜\n社死","statusCode":"OK","statusCodeValue":200} =================================== 
2025-10-16 23:12:36.364 [http-nio-8092-exec-5] INFO  c.z.f.b.operationlog.aspect.ApiOperationLogAspect - ====== 请求开始: [热更新词典], 入参: , 请求类: ExtDictController, 请求方法: extDict =================================== 
2025-10-16 23:12:36.365 [http-nio-8092-exec-5] INFO  c.z.f.b.operationlog.aspect.ApiOperationLogAspect - ====== 请求结束: [热更新词典], 耗时: 1ms, 出参: {"headers":{"ETag":["1243008237"],"Content-Type":["text/plain;charset=UTF-8"],"Last-Modified":["Thu, 11 Sep 2025 06:25:35 GMT"]},"body":"打工人\n打工魂\n社畜\n社死","statusCode":"OK","statusCodeValue":200} =================================== 
2025-10-16 23:13:36.360 [http-nio-8092-exec-6] INFO  c.z.f.b.operationlog.aspect.ApiOperationLogAspect - ====== 请求开始: [热更新词典], 入参: , 请求类: ExtDictController, 请求方法: extDict =================================== 
2025-10-16 23:13:36.361 [http-nio-8092-exec-6] INFO  c.z.f.b.operationlog.aspect.ApiOperationLogAspect - ====== 请求结束: [热更新词典], 耗时: 1ms, 出参: {"headers":{"ETag":["1243008237"],"Content-Type":["text/plain;charset=UTF-8"],"Last-Modified":["Thu, 11 Sep 2025 06:25:35 GMT"]},"body":"打工人\n打工魂\n社畜\n社死","statusCode":"OK","statusCodeValue":200} =================================== 
2025-10-16 23:14:36.358 [http-nio-8092-exec-7] INFO  c.z.f.b.operationlog.aspect.ApiOperationLogAspect - ====== 请求开始: [热更新词典], 入参: , 请求类: ExtDictController, 请求方法: extDict =================================== 
2025-10-16 23:14:36.359 [http-nio-8092-exec-7] INFO  c.z.f.b.operationlog.aspect.ApiOperationLogAspect - ====== 请求结束: [热更新词典], 耗时: 1ms, 出参: {"headers":{"ETag":["1243008237"],"Content-Type":["text/plain;charset=UTF-8"],"Last-Modified":["Thu, 11 Sep 2025 06:25:35 GMT"]},"body":"打工人\n打工魂\n社畜\n社死","statusCode":"OK","statusCodeValue":200} =================================== 
2025-10-16 23:15:36.353 [http-nio-8092-exec-8] INFO  c.z.f.b.operationlog.aspect.ApiOperationLogAspect - ====== 请求开始: [热更新词典], 入参: , 请求类: ExtDictController, 请求方法: extDict =================================== 
2025-10-16 23:15:36.355 [http-nio-8092-exec-8] INFO  c.z.f.b.operationlog.aspect.ApiOperationLogAspect - ====== 请求结束: [热更新词典], 耗时: 4ms, 出参: {"headers":{"ETag":["1243008237"],"Content-Type":["text/plain;charset=UTF-8"],"Last-Modified":["Thu, 11 Sep 2025 06:25:35 GMT"]},"body":"打工人\n打工魂\n社畜\n社死","statusCode":"OK","statusCodeValue":200} =================================== 
2025-10-16 23:16:36.352 [http-nio-8092-exec-9] INFO  c.z.f.b.operationlog.aspect.ApiOperationLogAspect - ====== 请求开始: [热更新词典], 入参: , 请求类: ExtDictController, 请求方法: extDict =================================== 
2025-10-16 23:16:36.364 [http-nio-8092-exec-9] INFO  c.z.f.b.operationlog.aspect.ApiOperationLogAspect - ====== 请求结束: [热更新词典], 耗时: 12ms, 出参: {"headers":{"ETag":["1243008237"],"Content-Type":["text/plain;charset=UTF-8"],"Last-Modified":["Thu, 11 Sep 2025 06:25:35 GMT"]},"body":"打工人\n打工魂\n社畜\n社死","statusCode":"OK","statusCodeValue":200} =================================== 
2025-10-16 23:17:36.349 [http-nio-8092-exec-1] INFO  c.z.f.b.operationlog.aspect.ApiOperationLogAspect - ====== 请求开始: [热更新词典], 入参: , 请求类: ExtDictController, 请求方法: extDict =================================== 
2025-10-16 23:17:36.351 [http-nio-8092-exec-1] INFO  c.z.f.b.operationlog.aspect.ApiOperationLogAspect - ====== 请求结束: [热更新词典], 耗时: 1ms, 出参: {"headers":{"ETag":["1243008237"],"Content-Type":["text/plain;charset=UTF-8"],"Last-Modified":["Thu, 11 Sep 2025 06:25:35 GMT"]},"body":"打工人\n打工魂\n社畜\n社死","statusCode":"OK","statusCodeValue":200} =================================== 
2025-10-16 23:18:36.342 [http-nio-8092-exec-10] INFO  c.z.f.b.operationlog.aspect.ApiOperationLogAspect - ====== 请求开始: [热更新词典], 入参: , 请求类: ExtDictController, 请求方法: extDict =================================== 
2025-10-16 23:18:36.344 [http-nio-8092-exec-10] INFO  c.z.f.b.operationlog.aspect.ApiOperationLogAspect - ====== 请求结束: [热更新词典], 耗时: 1ms, 出参: {"headers":{"ETag":["1243008237"],"Content-Type":["text/plain;charset=UTF-8"],"Last-Modified":["Thu, 11 Sep 2025 06:25:35 GMT"]},"body":"打工人\n打工魂\n社畜\n社死","statusCode":"OK","statusCodeValue":200} =================================== 
2025-10-16 23:19:36.338 [http-nio-8092-exec-2] INFO  c.z.f.b.operationlog.aspect.ApiOperationLogAspect - ====== 请求开始: [热更新词典], 入参: , 请求类: ExtDictController, 请求方法: extDict =================================== 
2025-10-16 23:19:36.348 [http-nio-8092-exec-2] INFO  c.z.f.b.operationlog.aspect.ApiOperationLogAspect - ====== 请求结束: [热更新词典], 耗时: 10ms, 出参: {"headers":{"ETag":["1243008237"],"Content-Type":["text/plain;charset=UTF-8"],"Last-Modified":["Thu, 11 Sep 2025 06:25:35 GMT"]},"body":"打工人\n打工魂\n社畜\n社死","statusCode":"OK","statusCodeValue":200} =================================== 
2025-10-16 23:20:36.336 [http-nio-8092-exec-3] INFO  c.z.f.b.operationlog.aspect.ApiOperationLogAspect - ====== 请求开始: [热更新词典], 入参: , 请求类: ExtDictController, 请求方法: extDict =================================== 
2025-10-16 23:20:36.338 [http-nio-8092-exec-3] INFO  c.z.f.b.operationlog.aspect.ApiOperationLogAspect - ====== 请求结束: [热更新词典], 耗时: 2ms, 出参: {"headers":{"ETag":["1243008237"],"Content-Type":["text/plain;charset=UTF-8"],"Last-Modified":["Thu, 11 Sep 2025 06:25:35 GMT"]},"body":"打工人\n打工魂\n社畜\n社死","statusCode":"OK","statusCodeValue":200} =================================== 
2025-10-16 23:21:36.331 [http-nio-8092-exec-4] INFO  c.z.f.b.operationlog.aspect.ApiOperationLogAspect - ====== 请求开始: [热更新词典], 入参: , 请求类: ExtDictController, 请求方法: extDict =================================== 
2025-10-16 23:21:36.332 [http-nio-8092-exec-4] INFO  c.z.f.b.operationlog.aspect.ApiOperationLogAspect - ====== 请求结束: [热更新词典], 耗时: 2ms, 出参: {"headers":{"ETag":["1243008237"],"Content-Type":["text/plain;charset=UTF-8"],"Last-Modified":["Thu, 11 Sep 2025 06:25:35 GMT"]},"body":"打工人\n打工魂\n社畜\n社死","statusCode":"OK","statusCodeValue":200} =================================== 
2025-10-16 23:22:36.325 [http-nio-8092-exec-5] INFO  c.z.f.b.operationlog.aspect.ApiOperationLogAspect - ====== 请求开始: [热更新词典], 入参: , 请求类: ExtDictController, 请求方法: extDict =================================== 
2025-10-16 23:22:36.326 [http-nio-8092-exec-5] INFO  c.z.f.b.operationlog.aspect.ApiOperationLogAspect - ====== 请求结束: [热更新词典], 耗时: 1ms, 出参: {"headers":{"ETag":["1243008237"],"Content-Type":["text/plain;charset=UTF-8"],"Last-Modified":["Thu, 11 Sep 2025 06:25:35 GMT"]},"body":"打工人\n打工魂\n社畜\n社死","statusCode":"OK","statusCodeValue":200} =================================== 
2025-10-16 23:23:36.322 [http-nio-8092-exec-6] INFO  c.z.f.b.operationlog.aspect.ApiOperationLogAspect - ====== 请求开始: [热更新词典], 入参: , 请求类: ExtDictController, 请求方法: extDict =================================== 
2025-10-16 23:23:36.323 [http-nio-8092-exec-6] INFO  c.z.f.b.operationlog.aspect.ApiOperationLogAspect - ====== 请求结束: [热更新词典], 耗时: 1ms, 出参: {"headers":{"ETag":["1243008237"],"Content-Type":["text/plain;charset=UTF-8"],"Last-Modified":["Thu, 11 Sep 2025 06:25:35 GMT"]},"body":"打工人\n打工魂\n社畜\n社死","statusCode":"OK","statusCodeValue":200} =================================== 
2025-10-16 23:24:36.323 [http-nio-8092-exec-7] INFO  c.z.f.b.operationlog.aspect.ApiOperationLogAspect - ====== 请求开始: [热更新词典], 入参: , 请求类: ExtDictController, 请求方法: extDict =================================== 
2025-10-16 23:24:36.325 [http-nio-8092-exec-7] INFO  c.z.f.b.operationlog.aspect.ApiOperationLogAspect - ====== 请求结束: [热更新词典], 耗时: 2ms, 出参: {"headers":{"ETag":["1243008237"],"Content-Type":["text/plain;charset=UTF-8"],"Last-Modified":["Thu, 11 Sep 2025 06:25:35 GMT"]},"body":"打工人\n打工魂\n社畜\n社死","statusCode":"OK","statusCodeValue":200} =================================== 
2025-10-16 23:25:36.314 [http-nio-8092-exec-8] INFO  c.z.f.b.operationlog.aspect.ApiOperationLogAspect - ====== 请求开始: [热更新词典], 入参: , 请求类: ExtDictController, 请求方法: extDict =================================== 
2025-10-16 23:25:36.317 [http-nio-8092-exec-8] INFO  c.z.f.b.operationlog.aspect.ApiOperationLogAspect - ====== 请求结束: [热更新词典], 耗时: 2ms, 出参: {"headers":{"ETag":["1243008237"],"Content-Type":["text/plain;charset=UTF-8"],"Last-Modified":["Thu, 11 Sep 2025 06:25:35 GMT"]},"body":"打工人\n打工魂\n社畜\n社死","statusCode":"OK","statusCodeValue":200} =================================== 
2025-10-16 23:26:36.314 [http-nio-8092-exec-9] INFO  c.z.f.b.operationlog.aspect.ApiOperationLogAspect - ====== 请求开始: [热更新词典], 入参: , 请求类: ExtDictController, 请求方法: extDict =================================== 
2025-10-16 23:26:36.317 [http-nio-8092-exec-9] INFO  c.z.f.b.operationlog.aspect.ApiOperationLogAspect - ====== 请求结束: [热更新词典], 耗时: 2ms, 出参: {"headers":{"ETag":["1243008237"],"Content-Type":["text/plain;charset=UTF-8"],"Last-Modified":["Thu, 11 Sep 2025 06:25:35 GMT"]},"body":"打工人\n打工魂\n社畜\n社死","statusCode":"OK","statusCodeValue":200} =================================== 
2025-10-16 23:27:36.307 [http-nio-8092-exec-1] INFO  c.z.f.b.operationlog.aspect.ApiOperationLogAspect - ====== 请求开始: [热更新词典], 入参: , 请求类: ExtDictController, 请求方法: extDict =================================== 
2025-10-16 23:27:36.308 [http-nio-8092-exec-1] INFO  c.z.f.b.operationlog.aspect.ApiOperationLogAspect - ====== 请求结束: [热更新词典], 耗时: 1ms, 出参: {"headers":{"ETag":["1243008237"],"Content-Type":["text/plain;charset=UTF-8"],"Last-Modified":["Thu, 11 Sep 2025 06:25:35 GMT"]},"body":"打工人\n打工魂\n社畜\n社死","statusCode":"OK","statusCodeValue":200} =================================== 
2025-10-16 23:28:36.305 [http-nio-8092-exec-10] INFO  c.z.f.b.operationlog.aspect.ApiOperationLogAspect - ====== 请求开始: [热更新词典], 入参: , 请求类: ExtDictController, 请求方法: extDict =================================== 
2025-10-16 23:28:36.307 [http-nio-8092-exec-10] INFO  c.z.f.b.operationlog.aspect.ApiOperationLogAspect - ====== 请求结束: [热更新词典], 耗时: 2ms, 出参: {"headers":{"ETag":["1243008237"],"Content-Type":["text/plain;charset=UTF-8"],"Last-Modified":["Thu, 11 Sep 2025 06:25:35 GMT"]},"body":"打工人\n打工魂\n社畜\n社死","statusCode":"OK","statusCodeValue":200} =================================== 
2025-10-16 23:29:36.301 [http-nio-8092-exec-2] INFO  c.z.f.b.operationlog.aspect.ApiOperationLogAspect - ====== 请求开始: [热更新词典], 入参: , 请求类: ExtDictController, 请求方法: extDict =================================== 
2025-10-16 23:29:36.311 [http-nio-8092-exec-2] INFO  c.z.f.b.operationlog.aspect.ApiOperationLogAspect - ====== 请求结束: [热更新词典], 耗时: 9ms, 出参: {"headers":{"ETag":["1243008237"],"Content-Type":["text/plain;charset=UTF-8"],"Last-Modified":["Thu, 11 Sep 2025 06:25:35 GMT"]},"body":"打工人\n打工魂\n社畜\n社死","statusCode":"OK","statusCodeValue":200} =================================== 
2025-10-16 23:30:36.299 [http-nio-8092-exec-3] INFO  c.z.f.b.operationlog.aspect.ApiOperationLogAspect - ====== 请求开始: [热更新词典], 入参: , 请求类: ExtDictController, 请求方法: extDict =================================== 
2025-10-16 23:30:36.301 [http-nio-8092-exec-3] INFO  c.z.f.b.operationlog.aspect.ApiOperationLogAspect - ====== 请求结束: [热更新词典], 耗时: 2ms, 出参: {"headers":{"ETag":["1243008237"],"Content-Type":["text/plain;charset=UTF-8"],"Last-Modified":["Thu, 11 Sep 2025 06:25:35 GMT"]},"body":"打工人\n打工魂\n社畜\n社死","statusCode":"OK","statusCodeValue":200} =================================== 
2025-10-16 23:31:36.296 [http-nio-8092-exec-4] INFO  c.z.f.b.operationlog.aspect.ApiOperationLogAspect - ====== 请求开始: [热更新词典], 入参: , 请求类: ExtDictController, 请求方法: extDict =================================== 
2025-10-16 23:31:36.297 [http-nio-8092-exec-4] INFO  c.z.f.b.operationlog.aspect.ApiOperationLogAspect - ====== 请求结束: [热更新词典], 耗时: 2ms, 出参: {"headers":{"ETag":["1243008237"],"Content-Type":["text/plain;charset=UTF-8"],"Last-Modified":["Thu, 11 Sep 2025 06:25:35 GMT"]},"body":"打工人\n打工魂\n社畜\n社死","statusCode":"OK","statusCodeValue":200} =================================== 
2025-10-16 23:32:36.289 [http-nio-8092-exec-5] INFO  c.z.f.b.operationlog.aspect.ApiOperationLogAspect - ====== 请求开始: [热更新词典], 入参: , 请求类: ExtDictController, 请求方法: extDict =================================== 
2025-10-16 23:32:36.290 [http-nio-8092-exec-5] INFO  c.z.f.b.operationlog.aspect.ApiOperationLogAspect - ====== 请求结束: [热更新词典], 耗时: 1ms, 出参: {"headers":{"ETag":["1243008237"],"Content-Type":["text/plain;charset=UTF-8"],"Last-Modified":["Thu, 11 Sep 2025 06:25:35 GMT"]},"body":"打工人\n打工魂\n社畜\n社死","statusCode":"OK","statusCodeValue":200} =================================== 
2025-10-16 23:33:36.287 [http-nio-8092-exec-6] INFO  c.z.f.b.operationlog.aspect.ApiOperationLogAspect - ====== 请求开始: [热更新词典], 入参: , 请求类: ExtDictController, 请求方法: extDict =================================== 
2025-10-16 23:33:36.289 [http-nio-8092-exec-6] INFO  c.z.f.b.operationlog.aspect.ApiOperationLogAspect - ====== 请求结束: [热更新词典], 耗时: 2ms, 出参: {"headers":{"ETag":["1243008237"],"Content-Type":["text/plain;charset=UTF-8"],"Last-Modified":["Thu, 11 Sep 2025 06:25:35 GMT"]},"body":"打工人\n打工魂\n社畜\n社死","statusCode":"OK","statusCodeValue":200} =================================== 
2025-10-16 23:34:36.284 [http-nio-8092-exec-7] INFO  c.z.f.b.operationlog.aspect.ApiOperationLogAspect - ====== 请求开始: [热更新词典], 入参: , 请求类: ExtDictController, 请求方法: extDict =================================== 
2025-10-16 23:34:36.284 [http-nio-8092-exec-7] INFO  c.z.f.b.operationlog.aspect.ApiOperationLogAspect - ====== 请求结束: [热更新词典], 耗时: 0ms, 出参: {"headers":{"ETag":["1243008237"],"Content-Type":["text/plain;charset=UTF-8"],"Last-Modified":["Thu, 11 Sep 2025 06:25:35 GMT"]},"body":"打工人\n打工魂\n社畜\n社死","statusCode":"OK","statusCodeValue":200} =================================== 
2025-10-16 23:35:36.282 [http-nio-8092-exec-8] INFO  c.z.f.b.operationlog.aspect.ApiOperationLogAspect - ====== 请求开始: [热更新词典], 入参: , 请求类: ExtDictController, 请求方法: extDict =================================== 
2025-10-16 23:35:36.283 [http-nio-8092-exec-8] INFO  c.z.f.b.operationlog.aspect.ApiOperationLogAspect - ====== 请求结束: [热更新词典], 耗时: 1ms, 出参: {"headers":{"ETag":["1243008237"],"Content-Type":["text/plain;charset=UTF-8"],"Last-Modified":["Thu, 11 Sep 2025 06:25:35 GMT"]},"body":"打工人\n打工魂\n社畜\n社死","statusCode":"OK","statusCodeValue":200} =================================== 
2025-10-16 23:36:36.276 [http-nio-8092-exec-9] INFO  c.z.f.b.operationlog.aspect.ApiOperationLogAspect - ====== 请求开始: [热更新词典], 入参: , 请求类: ExtDictController, 请求方法: extDict =================================== 
2025-10-16 23:36:36.278 [http-nio-8092-exec-9] INFO  c.z.f.b.operationlog.aspect.ApiOperationLogAspect - ====== 请求结束: [热更新词典], 耗时: 2ms, 出参: {"headers":{"ETag":["1243008237"],"Content-Type":["text/plain;charset=UTF-8"],"Last-Modified":["Thu, 11 Sep 2025 06:25:35 GMT"]},"body":"打工人\n打工魂\n社畜\n社死","statusCode":"OK","statusCodeValue":200} =================================== 
2025-10-16 23:37:36.272 [http-nio-8092-exec-1] INFO  c.z.f.b.operationlog.aspect.ApiOperationLogAspect - ====== 请求开始: [热更新词典], 入参: , 请求类: ExtDictController, 请求方法: extDict =================================== 
2025-10-16 23:37:36.275 [http-nio-8092-exec-1] INFO  c.z.f.b.operationlog.aspect.ApiOperationLogAspect - ====== 请求结束: [热更新词典], 耗时: 2ms, 出参: {"headers":{"ETag":["1243008237"],"Content-Type":["text/plain;charset=UTF-8"],"Last-Modified":["Thu, 11 Sep 2025 06:25:35 GMT"]},"body":"打工人\n打工魂\n社畜\n社死","statusCode":"OK","statusCodeValue":200} =================================== 
2025-10-16 23:38:36.267 [http-nio-8092-exec-10] INFO  c.z.f.b.operationlog.aspect.ApiOperationLogAspect - ====== 请求开始: [热更新词典], 入参: , 请求类: ExtDictController, 请求方法: extDict =================================== 
2025-10-16 23:38:36.268 [http-nio-8092-exec-10] INFO  c.z.f.b.operationlog.aspect.ApiOperationLogAspect - ====== 请求结束: [热更新词典], 耗时: 2ms, 出参: {"headers":{"ETag":["1243008237"],"Content-Type":["text/plain;charset=UTF-8"],"Last-Modified":["Thu, 11 Sep 2025 06:25:35 GMT"]},"body":"打工人\n打工魂\n社畜\n社死","statusCode":"OK","statusCodeValue":200} =================================== 
2025-10-16 23:39:36.264 [http-nio-8092-exec-2] INFO  c.z.f.b.operationlog.aspect.ApiOperationLogAspect - ====== 请求开始: [热更新词典], 入参: , 请求类: ExtDictController, 请求方法: extDict =================================== 
2025-10-16 23:39:36.266 [http-nio-8092-exec-2] INFO  c.z.f.b.operationlog.aspect.ApiOperationLogAspect - ====== 请求结束: [热更新词典], 耗时: 2ms, 出参: {"headers":{"ETag":["1243008237"],"Content-Type":["text/plain;charset=UTF-8"],"Last-Modified":["Thu, 11 Sep 2025 06:25:35 GMT"]},"body":"打工人\n打工魂\n社畜\n社死","statusCode":"OK","statusCodeValue":200} =================================== 
2025-10-16 23:40:36.261 [http-nio-8092-exec-3] INFO  c.z.f.b.operationlog.aspect.ApiOperationLogAspect - ====== 请求开始: [热更新词典], 入参: , 请求类: ExtDictController, 请求方法: extDict =================================== 
2025-10-16 23:40:36.263 [http-nio-8092-exec-3] INFO  c.z.f.b.operationlog.aspect.ApiOperationLogAspect - ====== 请求结束: [热更新词典], 耗时: 1ms, 出参: {"headers":{"ETag":["1243008237"],"Content-Type":["text/plain;charset=UTF-8"],"Last-Modified":["Thu, 11 Sep 2025 06:25:35 GMT"]},"body":"打工人\n打工魂\n社畜\n社死","statusCode":"OK","statusCodeValue":200} =================================== 
2025-10-16 23:41:36.255 [http-nio-8092-exec-4] INFO  c.z.f.b.operationlog.aspect.ApiOperationLogAspect - ====== 请求开始: [热更新词典], 入参: , 请求类: ExtDictController, 请求方法: extDict =================================== 
2025-10-16 23:41:36.257 [http-nio-8092-exec-4] INFO  c.z.f.b.operationlog.aspect.ApiOperationLogAspect - ====== 请求结束: [热更新词典], 耗时: 1ms, 出参: {"headers":{"ETag":["1243008237"],"Content-Type":["text/plain;charset=UTF-8"],"Last-Modified":["Thu, 11 Sep 2025 06:25:35 GMT"]},"body":"打工人\n打工魂\n社畜\n社死","statusCode":"OK","statusCodeValue":200} =================================== 
2025-10-16 23:42:36.252 [http-nio-8092-exec-5] INFO  c.z.f.b.operationlog.aspect.ApiOperationLogAspect - ====== 请求开始: [热更新词典], 入参: , 请求类: ExtDictController, 请求方法: extDict =================================== 
2025-10-16 23:42:36.253 [http-nio-8092-exec-5] INFO  c.z.f.b.operationlog.aspect.ApiOperationLogAspect - ====== 请求结束: [热更新词典], 耗时: 1ms, 出参: {"headers":{"ETag":["1243008237"],"Content-Type":["text/plain;charset=UTF-8"],"Last-Modified":["Thu, 11 Sep 2025 06:25:35 GMT"]},"body":"打工人\n打工魂\n社畜\n社死","statusCode":"OK","statusCodeValue":200} =================================== 
2025-10-16 23:43:36.254 [http-nio-8092-exec-6] INFO  c.z.f.b.operationlog.aspect.ApiOperationLogAspect - ====== 请求开始: [热更新词典], 入参: , 请求类: ExtDictController, 请求方法: extDict =================================== 
2025-10-16 23:43:36.256 [http-nio-8092-exec-6] INFO  c.z.f.b.operationlog.aspect.ApiOperationLogAspect - ====== 请求结束: [热更新词典], 耗时: 1ms, 出参: {"headers":{"ETag":["1243008237"],"Content-Type":["text/plain;charset=UTF-8"],"Last-Modified":["Thu, 11 Sep 2025 06:25:35 GMT"]},"body":"打工人\n打工魂\n社畜\n社死","statusCode":"OK","statusCodeValue":200} =================================== 
2025-10-16 23:44:36.373 [http-nio-8092-exec-7] INFO  c.z.f.b.operationlog.aspect.ApiOperationLogAspect - ====== 请求开始: [热更新词典], 入参: , 请求类: ExtDictController, 请求方法: extDict =================================== 
2025-10-16 23:44:36.374 [http-nio-8092-exec-7] INFO  c.z.f.b.operationlog.aspect.ApiOperationLogAspect - ====== 请求结束: [热更新词典], 耗时: 1ms, 出参: {"headers":{"ETag":["1243008237"],"Content-Type":["text/plain;charset=UTF-8"],"Last-Modified":["Thu, 11 Sep 2025 06:25:35 GMT"]},"body":"打工人\n打工魂\n社畜\n社死","statusCode":"OK","statusCodeValue":200} =================================== 
2025-10-16 23:45:36.246 [http-nio-8092-exec-8] INFO  c.z.f.b.operationlog.aspect.ApiOperationLogAspect - ====== 请求开始: [热更新词典], 入参: , 请求类: ExtDictController, 请求方法: extDict =================================== 
2025-10-16 23:45:36.248 [http-nio-8092-exec-8] INFO  c.z.f.b.operationlog.aspect.ApiOperationLogAspect - ====== 请求结束: [热更新词典], 耗时: 2ms, 出参: {"headers":{"ETag":["1243008237"],"Content-Type":["text/plain;charset=UTF-8"],"Last-Modified":["Thu, 11 Sep 2025 06:25:35 GMT"]},"body":"打工人\n打工魂\n社畜\n社死","statusCode":"OK","statusCodeValue":200} =================================== 
2025-10-16 23:46:36.243 [http-nio-8092-exec-9] INFO  c.z.f.b.operationlog.aspect.ApiOperationLogAspect - ====== 请求开始: [热更新词典], 入参: , 请求类: ExtDictController, 请求方法: extDict =================================== 
2025-10-16 23:46:36.246 [http-nio-8092-exec-9] INFO  c.z.f.b.operationlog.aspect.ApiOperationLogAspect - ====== 请求结束: [热更新词典], 耗时: 3ms, 出参: {"headers":{"ETag":["1243008237"],"Content-Type":["text/plain;charset=UTF-8"],"Last-Modified":["Thu, 11 Sep 2025 06:25:35 GMT"]},"body":"打工人\n打工魂\n社畜\n社死","statusCode":"OK","statusCodeValue":200} =================================== 
2025-10-16 23:47:36.240 [http-nio-8092-exec-1] INFO  c.z.f.b.operationlog.aspect.ApiOperationLogAspect - ====== 请求开始: [热更新词典], 入参: , 请求类: ExtDictController, 请求方法: extDict =================================== 
2025-10-16 23:47:36.242 [http-nio-8092-exec-1] INFO  c.z.f.b.operationlog.aspect.ApiOperationLogAspect - ====== 请求结束: [热更新词典], 耗时: 2ms, 出参: {"headers":{"ETag":["1243008237"],"Content-Type":["text/plain;charset=UTF-8"],"Last-Modified":["Thu, 11 Sep 2025 06:25:35 GMT"]},"body":"打工人\n打工魂\n社畜\n社死","statusCode":"OK","statusCodeValue":200} =================================== 
2025-10-16 23:48:36.239 [http-nio-8092-exec-10] INFO  c.z.f.b.operationlog.aspect.ApiOperationLogAspect - ====== 请求开始: [热更新词典], 入参: , 请求类: ExtDictController, 请求方法: extDict =================================== 
2025-10-16 23:48:36.241 [http-nio-8092-exec-10] INFO  c.z.f.b.operationlog.aspect.ApiOperationLogAspect - ====== 请求结束: [热更新词典], 耗时: 2ms, 出参: {"headers":{"ETag":["1243008237"],"Content-Type":["text/plain;charset=UTF-8"],"Last-Modified":["Thu, 11 Sep 2025 06:25:35 GMT"]},"body":"打工人\n打工魂\n社畜\n社死","statusCode":"OK","statusCodeValue":200} =================================== 
2025-10-16 23:49:36.237 [http-nio-8092-exec-2] INFO  c.z.f.b.operationlog.aspect.ApiOperationLogAspect - ====== 请求开始: [热更新词典], 入参: , 请求类: ExtDictController, 请求方法: extDict =================================== 
2025-10-16 23:49:36.239 [http-nio-8092-exec-2] INFO  c.z.f.b.operationlog.aspect.ApiOperationLogAspect - ====== 请求结束: [热更新词典], 耗时: 2ms, 出参: {"headers":{"ETag":["1243008237"],"Content-Type":["text/plain;charset=UTF-8"],"Last-Modified":["Thu, 11 Sep 2025 06:25:35 GMT"]},"body":"打工人\n打工魂\n社畜\n社死","statusCode":"OK","statusCodeValue":200} =================================== 
2025-10-16 23:50:36.232 [http-nio-8092-exec-3] INFO  c.z.f.b.operationlog.aspect.ApiOperationLogAspect - ====== 请求开始: [热更新词典], 入参: , 请求类: ExtDictController, 请求方法: extDict =================================== 
2025-10-16 23:50:36.236 [http-nio-8092-exec-3] INFO  c.z.f.b.operationlog.aspect.ApiOperationLogAspect - ====== 请求结束: [热更新词典], 耗时: 4ms, 出参: {"headers":{"ETag":["1243008237"],"Content-Type":["text/plain;charset=UTF-8"],"Last-Modified":["Thu, 11 Sep 2025 06:25:35 GMT"]},"body":"打工人\n打工魂\n社畜\n社死","statusCode":"OK","statusCodeValue":200} =================================== 
2025-10-16 23:51:36.233 [http-nio-8092-exec-4] INFO  c.z.f.b.operationlog.aspect.ApiOperationLogAspect - ====== 请求开始: [热更新词典], 入参: , 请求类: ExtDictController, 请求方法: extDict =================================== 
2025-10-16 23:51:36.234 [http-nio-8092-exec-4] INFO  c.z.f.b.operationlog.aspect.ApiOperationLogAspect - ====== 请求结束: [热更新词典], 耗时: 0ms, 出参: {"headers":{"ETag":["1243008237"],"Content-Type":["text/plain;charset=UTF-8"],"Last-Modified":["Thu, 11 Sep 2025 06:25:35 GMT"]},"body":"打工人\n打工魂\n社畜\n社死","statusCode":"OK","statusCodeValue":200} =================================== 
2025-10-16 23:52:36.228 [http-nio-8092-exec-5] INFO  c.z.f.b.operationlog.aspect.ApiOperationLogAspect - ====== 请求开始: [热更新词典], 入参: , 请求类: ExtDictController, 请求方法: extDict =================================== 
2025-10-16 23:52:36.229 [http-nio-8092-exec-5] INFO  c.z.f.b.operationlog.aspect.ApiOperationLogAspect - ====== 请求结束: [热更新词典], 耗时: 1ms, 出参: {"headers":{"ETag":["1243008237"],"Content-Type":["text/plain;charset=UTF-8"],"Last-Modified":["Thu, 11 Sep 2025 06:25:35 GMT"]},"body":"打工人\n打工魂\n社畜\n社死","statusCode":"OK","statusCodeValue":200} =================================== 
2025-10-16 23:53:36.227 [http-nio-8092-exec-6] INFO  c.z.f.b.operationlog.aspect.ApiOperationLogAspect - ====== 请求开始: [热更新词典], 入参: , 请求类: ExtDictController, 请求方法: extDict =================================== 
2025-10-16 23:53:36.228 [http-nio-8092-exec-6] INFO  c.z.f.b.operationlog.aspect.ApiOperationLogAspect - ====== 请求结束: [热更新词典], 耗时: 1ms, 出参: {"headers":{"ETag":["1243008237"],"Content-Type":["text/plain;charset=UTF-8"],"Last-Modified":["Thu, 11 Sep 2025 06:25:35 GMT"]},"body":"打工人\n打工魂\n社畜\n社死","statusCode":"OK","statusCodeValue":200} =================================== 
2025-10-16 23:54:36.223 [http-nio-8092-exec-7] INFO  c.z.f.b.operationlog.aspect.ApiOperationLogAspect - ====== 请求开始: [热更新词典], 入参: , 请求类: ExtDictController, 请求方法: extDict =================================== 
2025-10-16 23:54:36.224 [http-nio-8092-exec-7] INFO  c.z.f.b.operationlog.aspect.ApiOperationLogAspect - ====== 请求结束: [热更新词典], 耗时: 1ms, 出参: {"headers":{"ETag":["1243008237"],"Content-Type":["text/plain;charset=UTF-8"],"Last-Modified":["Thu, 11 Sep 2025 06:25:35 GMT"]},"body":"打工人\n打工魂\n社畜\n社死","statusCode":"OK","statusCodeValue":200} =================================== 
2025-10-16 23:55:36.222 [http-nio-8092-exec-8] INFO  c.z.f.b.operationlog.aspect.ApiOperationLogAspect - ====== 请求开始: [热更新词典], 入参: , 请求类: ExtDictController, 请求方法: extDict =================================== 
2025-10-16 23:55:36.223 [http-nio-8092-exec-8] INFO  c.z.f.b.operationlog.aspect.ApiOperationLogAspect - ====== 请求结束: [热更新词典], 耗时: 1ms, 出参: {"headers":{"ETag":["1243008237"],"Content-Type":["text/plain;charset=UTF-8"],"Last-Modified":["Thu, 11 Sep 2025 06:25:35 GMT"]},"body":"打工人\n打工魂\n社畜\n社死","statusCode":"OK","statusCodeValue":200} =================================== 
2025-10-16 23:56:36.220 [http-nio-8092-exec-9] INFO  c.z.f.b.operationlog.aspect.ApiOperationLogAspect - ====== 请求开始: [热更新词典], 入参: , 请求类: ExtDictController, 请求方法: extDict =================================== 
2025-10-16 23:56:36.222 [http-nio-8092-exec-9] INFO  c.z.f.b.operationlog.aspect.ApiOperationLogAspect - ====== 请求结束: [热更新词典], 耗时: 2ms, 出参: {"headers":{"ETag":["1243008237"],"Content-Type":["text/plain;charset=UTF-8"],"Last-Modified":["Thu, 11 Sep 2025 06:25:35 GMT"]},"body":"打工人\n打工魂\n社畜\n社死","statusCode":"OK","statusCodeValue":200} =================================== 
2025-10-16 23:57:36.217 [http-nio-8092-exec-1] INFO  c.z.f.b.operationlog.aspect.ApiOperationLogAspect - ====== 请求开始: [热更新词典], 入参: , 请求类: ExtDictController, 请求方法: extDict =================================== 
2025-10-16 23:57:36.220 [http-nio-8092-exec-1] INFO  c.z.f.b.operationlog.aspect.ApiOperationLogAspect - ====== 请求结束: [热更新词典], 耗时: 3ms, 出参: {"headers":{"ETag":["1243008237"],"Content-Type":["text/plain;charset=UTF-8"],"Last-Modified":["Thu, 11 Sep 2025 06:25:35 GMT"]},"body":"打工人\n打工魂\n社畜\n社死","statusCode":"OK","statusCodeValue":200} =================================== 
2025-10-16 23:58:36.213 [http-nio-8092-exec-10] INFO  c.z.f.b.operationlog.aspect.ApiOperationLogAspect - ====== 请求开始: [热更新词典], 入参: , 请求类: ExtDictController, 请求方法: extDict =================================== 
2025-10-16 23:58:36.214 [http-nio-8092-exec-10] INFO  c.z.f.b.operationlog.aspect.ApiOperationLogAspect - ====== 请求结束: [热更新词典], 耗时: 1ms, 出参: {"headers":{"ETag":["1243008237"],"Content-Type":["text/plain;charset=UTF-8"],"Last-Modified":["Thu, 11 Sep 2025 06:25:35 GMT"]},"body":"打工人\n打工魂\n社畜\n社死","statusCode":"OK","statusCodeValue":200} =================================== 
2025-10-16 23:59:36.211 [http-nio-8092-exec-2] INFO  c.z.f.b.operationlog.aspect.ApiOperationLogAspect - ====== 请求开始: [热更新词典], 入参: , 请求类: ExtDictController, 请求方法: extDict =================================== 
2025-10-16 23:59:36.214 [http-nio-8092-exec-2] INFO  c.z.f.b.operationlog.aspect.ApiOperationLogAspect - ====== 请求结束: [热更新词典], 耗时: 3ms, 出参: {"headers":{"ETag":["1243008237"],"Content-Type":["text/plain;charset=UTF-8"],"Last-Modified":["Thu, 11 Sep 2025 06:25:35 GMT"]},"body":"打工人\n打工魂\n社畜\n社死","statusCode":"OK","statusCodeValue":200} =================================== 
