2025-10-14 11:13:53.860 [main] WARN  com.alibaba.nacos.client.logging.NacosLogging - Load Logback Configuration of Nacos fail, message: Could not initialize Logback Nacos logging from classpath:nacos-logback.xml
2025-10-14 11:13:53.951 [main] WARN  com.alibaba.nacos.client.logging.NacosLogging - Load Logback Configuration of Nacos fail, message: Could not initialize Logback Nacos logging from classpath:nacos-logback.xml
2025-10-14 11:13:54.861 [main] WARN  com.alibaba.nacos.client.logging.NacosLogging - Load Logback Configuration of Nacos fail, message: Could not initialize Logback Nacos logging from classpath:nacos-logback.xml
2025-10-14 11:13:54.882 [main] WARN  com.alibaba.nacos.client.logging.NacosLogging - Load Logback Configuration of Nacos fail, message: Could not initialize Logback Nacos logging from classpath:nacos-logback.xml
2025-10-14 11:13:54.883 [main] INFO  c.z.x.user.biz.XiaohongshuUserBizApplication - The following 1 profile is active: "dev"
2025-10-14 11:13:56.136 [main] INFO  o.s.d.r.config.RepositoryConfigurationDelegate - Multiple Spring Data modules found, entering strict repository configuration mode
2025-10-14 11:13:56.142 [main] INFO  o.s.d.r.config.RepositoryConfigurationDelegate - Bootstrapping Spring Data Redis repositories in DEFAULT mode.
2025-10-14 11:13:56.195 [main] INFO  o.s.d.r.config.RepositoryConfigurationDelegate - Finished Spring Data repository scanning in 26 ms. Found 0 Redis repository interfaces.
2025-10-14 11:13:56.666 [main] INFO  o.springframework.cloud.context.scope.GenericScope - BeanFactory id=80701806-1a87-3a72-87d6-63640373b7f4
2025-10-14 11:13:56.740 [main] INFO  o.s.c.s.PostProcessorRegistrationDelegate$BeanPostProcessorChecker - Bean 'com.zry.xiaohongshu.oss.api.FileFeignApi' of type [org.springframework.cloud.openfeign.FeignClientFactoryBean] is not eligible for getting processed by all BeanPostProcessors (for example: not eligible for auto-proxying)
2025-10-14 11:13:56.744 [main] INFO  o.s.c.s.PostProcessorRegistrationDelegate$BeanPostProcessorChecker - Bean 'com.zry.xiaohongshu.user.api.UserFeignApi' of type [org.springframework.cloud.openfeign.FeignClientFactoryBean] is not eligible for getting processed by all BeanPostProcessors (for example: not eligible for auto-proxying)
2025-10-14 11:13:56.748 [main] INFO  o.s.c.s.PostProcessorRegistrationDelegate$BeanPostProcessorChecker - Bean 'com.zry.xiaohongshu.distributed.id.generator.api.DistributedIdGeneratorFeignApi' of type [org.springframework.cloud.openfeign.FeignClientFactoryBean] is not eligible for getting processed by all BeanPostProcessors (for example: not eligible for auto-proxying)
2025-10-14 11:13:56.752 [main] INFO  o.s.c.s.PostProcessorRegistrationDelegate$BeanPostProcessorChecker - Bean 'com.zry.xiaohongshu.count.api.CountFeignApi' of type [org.springframework.cloud.openfeign.FeignClientFactoryBean] is not eligible for getting processed by all BeanPostProcessors (for example: not eligible for auto-proxying)
2025-10-14 11:13:57.326 [main] INFO  o.s.c.s.PostProcessorRegistrationDelegate$BeanPostProcessorChecker - Bean 'org.apache.rocketmq.spring.autoconfigure.MessageConverterConfiguration' of type [org.apache.rocketmq.spring.autoconfigure.MessageConverterConfiguration$$SpringCGLIB$$0] is not eligible for getting processed by all BeanPostProcessors (for example: not eligible for auto-proxying)
2025-10-14 11:13:57.470 [main] INFO  o.s.c.s.PostProcessorRegistrationDelegate$BeanPostProcessorChecker - Bean 'createRocketMQMessageConverter' of type [org.apache.rocketmq.spring.support.RocketMQMessageConverter] is not eligible for getting processed by all BeanPostProcessors (for example: not eligible for auto-proxying)
2025-10-14 11:13:57.477 [main] INFO  o.s.c.s.PostProcessorRegistrationDelegate$BeanPostProcessorChecker - Bean 'org.springframework.cloud.commons.config.CommonsConfigAutoConfiguration' of type [org.springframework.cloud.commons.config.CommonsConfigAutoConfiguration] is not eligible for getting processed by all BeanPostProcessors (for example: not eligible for auto-proxying)
2025-10-14 11:13:57.485 [main] INFO  o.s.c.s.PostProcessorRegistrationDelegate$BeanPostProcessorChecker - Bean 'org.springframework.cloud.client.loadbalancer.LoadBalancerDefaultMappingsProviderAutoConfiguration' of type [org.springframework.cloud.client.loadbalancer.LoadBalancerDefaultMappingsProviderAutoConfiguration] is not eligible for getting processed by all BeanPostProcessors (for example: not eligible for auto-proxying)
2025-10-14 11:13:57.487 [main] INFO  o.s.c.s.PostProcessorRegistrationDelegate$BeanPostProcessorChecker - Bean 'loadBalancerClientsDefaultsMappingsProvider' of type [org.springframework.cloud.client.loadbalancer.LoadBalancerDefaultMappingsProviderAutoConfiguration$$Lambda$721/0x000001f0af51ba00] is not eligible for getting processed by all BeanPostProcessors (for example: not eligible for auto-proxying)
2025-10-14 11:13:57.493 [main] INFO  o.s.c.s.PostProcessorRegistrationDelegate$BeanPostProcessorChecker - Bean 'defaultsBindHandlerAdvisor' of type [org.springframework.cloud.commons.config.DefaultsBindHandlerAdvisor] is not eligible for getting processed by all BeanPostProcessors (for example: not eligible for auto-proxying)
2025-10-14 11:13:57.508 [main] INFO  o.s.c.s.PostProcessorRegistrationDelegate$BeanPostProcessorChecker - Bean 'rocketmq-org.apache.rocketmq.spring.autoconfigure.RocketMQProperties' of type [org.apache.rocketmq.spring.autoconfigure.RocketMQProperties] is not eligible for getting processed by all BeanPostProcessors (for example: not eligible for auto-proxying)
2025-10-14 11:13:57.510 [main] INFO  o.s.c.s.PostProcessorRegistrationDelegate$BeanPostProcessorChecker - Bean 'org.apache.rocketmq.spring.autoconfigure.ListenerContainerConfiguration' of type [org.apache.rocketmq.spring.autoconfigure.ListenerContainerConfiguration$$SpringCGLIB$$0] is not eligible for getting processed by all BeanPostProcessors (for example: not eligible for auto-proxying)
2025-10-14 11:13:58.023 [main] INFO  o.s.boot.web.embedded.tomcat.TomcatWebServer - Tomcat initialized with port(s): 8082 (http)
2025-10-14 11:13:58.024 [main] INFO  org.apache.catalina.core.AprLifecycleListener - Loaded Apache Tomcat Native library [2.0.3] using APR version [1.7.2].
2025-10-14 11:13:58.031 [main] INFO  org.apache.catalina.core.AprLifecycleListener - OpenSSL successfully initialized [OpenSSL 3.0.8 7 Feb 2023]
2025-10-14 11:13:58.048 [main] INFO  org.apache.catalina.core.StandardService - Starting service [Tomcat]
2025-10-14 11:13:58.048 [main] INFO  org.apache.catalina.core.StandardEngine - Starting Servlet engine: [Apache Tomcat/10.1.5]
2025-10-14 11:13:58.227 [main] INFO  o.a.c.core.ContainerBase.[Tomcat].[localhost].[/] - Initializing Spring embedded WebApplicationContext
2025-10-14 11:13:58.228 [main] INFO  o.s.b.w.s.c.ServletWebServerApplicationContext - Root WebApplicationContext: initialization completed in 3312 ms
2025-10-14 11:13:59.614 [main] INFO  o.a.r.s.support.DefaultRocketMQListenerContainer - running container: DefaultRocketMQListenerContainer{consumerGroup='xiaohongshu_group_DelayDeleteUserRedisCacheTopic', namespace='', nameServer='127.0.0.1:9876', topic='DelayDeleteUserRedisCacheTopic', consumeMode=CONCURRENTLY, selectorType=TAG, selectorExpression='*', messageModel=CLUSTERING', tlsEnable=false, instanceName=DEFAULT}
2025-10-14 11:13:59.614 [main] INFO  o.a.r.s.a.ListenerContainerConfiguration - Register the listener to container, listenerBeanName:delayDeleteUserRedisCacheConsumer, containerBeanName:org.apache.rocketmq.spring.support.DefaultRocketMQListenerContainer_1
2025-10-14 11:13:59.715 [main] INFO  c.a.d.s.b.a.DruidDataSourceAutoConfigure - Init DruidDataSource
2025-10-14 11:14:00.221 [main] INFO  com.alibaba.druid.pool.DruidDataSource - {dataSource-1} inited
2025-10-14 11:14:00.713 [main] INFO  o.s.cloud.openfeign.FeignClientFactoryBean - For 'xiaohongshu-oss' URL not provided. Will try picking an instance via load-balancing.
2025-10-14 11:14:00.786 [main] INFO  o.s.cloud.openfeign.FeignClientFactoryBean - For 'xiaohongshu-distributed-id-generator' URL not provided. Will try picking an instance via load-balancing.
2025-10-14 11:14:00.812 [main] INFO  o.s.cloud.openfeign.FeignClientFactoryBean - For 'xiaohongshu-count' URL not provided. Will try picking an instance via load-balancing.
2025-10-14 11:14:00.849 [main] INFO  o.a.r.s.autoconfigure.RocketMQAutoConfiguration - a producer (xiaohongshu_group) init on namesrv 127.0.0.1:9876
2025-10-14 11:14:02.513 [main] INFO  o.s.boot.web.embedded.tomcat.TomcatWebServer - Tomcat started on port(s): 8082 (http) with context path ''
2025-10-14 11:14:02.524 [main] WARN  com.alibaba.nacos.client.logging.NacosLogging - Load Logback Configuration of Nacos fail, message: Could not initialize Logback Nacos logging from classpath:nacos-logback.xml
2025-10-14 11:14:02.525 [main] INFO  com.alibaba.nacos.client.naming - initializer namespace from ans.namespace attribute : null
2025-10-14 11:14:02.526 [main] INFO  com.alibaba.nacos.client.naming - initializer namespace from ALIBABA_ALIWARE_NAMESPACE attribute :null
2025-10-14 11:14:02.527 [main] INFO  com.alibaba.nacos.client.naming - initializer namespace from namespace attribute :null
2025-10-14 11:14:02.566 [main] INFO  com.alibaba.nacos.client.utils.ParamUtil - [settings] [req-serv] nacos-server port:8848
2025-10-14 11:14:02.566 [main] INFO  com.alibaba.nacos.client.utils.ParamUtil - [settings] [http-client] connect timeout:1000
2025-10-14 11:14:02.569 [main] INFO  com.alibaba.nacos.client.utils.ParamUtil - PER_TASK_CONFIG_SIZE: 3000.0
2025-10-14 11:14:02.576 [main] INFO  c.a.n.p.auth.spi.client.ClientAuthPluginManager - [ClientAuthPluginManager] Load ClientAuthService com.alibaba.nacos.client.auth.impl.NacosClientAuthServiceImpl success.
2025-10-14 11:14:02.576 [main] INFO  c.a.n.p.auth.spi.client.ClientAuthPluginManager - [ClientAuthPluginManager] Load ClientAuthService com.alibaba.nacos.client.auth.ram.RamClientAuthServiceImpl success.
2025-10-14 11:14:02.581 [main] INFO  c.a.n.client.auth.ram.identify.CredentialWatcher - null No credential found
2025-10-14 11:14:02.597 [main] INFO  com.alibaba.nacos.common.remote.client - [RpcClientFactory] create a new rpc client of 4cf004b5-7c80-4b10-be98-416955ad6c59
2025-10-14 11:14:02.624 [main] INFO  com.alibaba.nacos.common.remote.client - [4cf004b5-7c80-4b10-be98-416955ad6c59] RpcClient init, ServerListFactory = com.alibaba.nacos.client.naming.core.ServerListManager
2025-10-14 11:14:02.624 [main] INFO  com.alibaba.nacos.common.remote.client - [4cf004b5-7c80-4b10-be98-416955ad6c59] Registry connection listener to current client:com.alibaba.nacos.client.naming.remote.gprc.redo.NamingGrpcRedoService
2025-10-14 11:14:02.624 [main] INFO  com.alibaba.nacos.common.remote.client - [4cf004b5-7c80-4b10-be98-416955ad6c59] Register server push request handler:com.alibaba.nacos.client.naming.remote.gprc.NamingPushRequestHandler
2025-10-14 11:14:02.629 [main] INFO  com.alibaba.nacos.common.remote.client - [4cf004b5-7c80-4b10-be98-416955ad6c59] Try to connect to server on start up, server: {serverIp = '8.134.88.169', server main port = 8848}
2025-10-14 11:14:02.689 [main] INFO  c.a.nacos.common.remote.client.grpc.GrpcClient - grpc client connection server:8.134.88.169 ip,serverPort:9848,grpcTslConfig:{"sslProvider":"OPENSSL","enableTls":false,"mutualAuthEnable":false,"trustAll":false}
2025-10-14 11:14:03.965 [main] INFO  com.alibaba.nacos.common.remote.client - [4cf004b5-7c80-4b10-be98-416955ad6c59] Success to connect to server [8.134.88.169:8848] on start up, connectionId = 1760411643717_112.94.129.49_1923
2025-10-14 11:14:03.965 [com.alibaba.nacos.client.remote.worker] INFO  com.alibaba.nacos.common.remote.client - [4cf004b5-7c80-4b10-be98-416955ad6c59] Notify connected event to listeners.
2025-10-14 11:14:03.965 [com.alibaba.nacos.client.remote.worker] INFO  com.alibaba.nacos.client.naming - Grpc connection connect
2025-10-14 11:14:03.965 [main] INFO  com.alibaba.nacos.common.remote.client - [4cf004b5-7c80-4b10-be98-416955ad6c59] Register server push request handler:com.alibaba.nacos.common.remote.client.RpcClient$ConnectResetRequestHandler
2025-10-14 11:14:03.967 [main] INFO  com.alibaba.nacos.common.remote.client - [4cf004b5-7c80-4b10-be98-416955ad6c59] Register server push request handler:com.alibaba.nacos.common.remote.client.RpcClient$$Lambda$1283/0x000001f0af9dabc8
2025-10-14 11:14:03.968 [main] INFO  com.alibaba.nacos.client.naming - [REGISTER-SERVICE] xiaohongshu registering service xiaohongshu-user with instance Instance{instanceId='null', ip='10.2.66.18', port=8082, weight=1.0, healthy=true, enabled=true, ephemeral=true, clusterName='DEFAULT', serviceName='null', metadata={IPv6=null, preserved.register.source=SPRING_CLOUD}}
2025-10-14 11:14:03.996 [main] INFO  c.a.cloud.nacos.registry.NacosServiceRegistry - nacos registry, DEFAULT_GROUP xiaohongshu-user 10.2.66.18:8082 register finished
2025-10-14 11:14:04.319 [main] INFO  c.z.x.user.biz.XiaohongshuUserBizApplication - Started XiaohongshuUserBizApplication in 11.669 seconds (process running for 12.957)
2025-10-14 11:14:04.321 [main] INFO  c.z.x.u.biz.runner.PushRolePermissions2RedisRunner - ==> 服务启动，开始同步角色权限数据到 Redis 中...
2025-10-14 11:14:04.865 [main] DEBUG c.z.x.u.b.d.mapper.RoleDOMapper.selectEnabledList - ==>  Preparing: select id,role_key,role_name from t_role where `status` = 0 and `is_deleted` = 0;
2025-10-14 11:14:05.157 [main] DEBUG c.z.x.u.b.d.mapper.RoleDOMapper.selectEnabledList - ==> Parameters: 
2025-10-14 11:14:05.198 [main] DEBUG c.z.x.u.b.d.mapper.RoleDOMapper.selectEnabledList - <==      Total: 1
2025-10-14 11:14:05.232 [main] DEBUG c.z.x.u.b.d.m.R.selectByRoleIds - ==>  Preparing: select role_id,permission_id from t_role_permission_rel where role_id in ( ? )
2025-10-14 11:14:05.235 [main] DEBUG c.z.x.u.b.d.m.R.selectByRoleIds - ==> Parameters: 1(Long)
2025-10-14 11:14:05.239 [main] DEBUG c.z.x.u.b.d.m.R.selectByRoleIds - <==      Total: 2
2025-10-14 11:14:05.241 [main] DEBUG c.z.x.u.b.d.m.P.selectAppEnabledList - ==>  Preparing: select id, name, permission_key from t_permission where status = 0 and type = 3 and is_deleted = 0
2025-10-14 11:14:05.243 [main] DEBUG c.z.x.u.b.d.m.P.selectAppEnabledList - ==> Parameters: 
2025-10-14 11:14:05.247 [main] DEBUG c.z.x.u.b.d.m.P.selectAppEnabledList - <==      Total: 2
2025-10-14 11:14:05.268 [main] INFO  c.z.x.u.biz.runner.PushRolePermissions2RedisRunner - ==> 服务启动，成功同步角色权限数据到 Redis 中...
2025-10-14 11:28:51.492 [http-nio-8082-exec-1] INFO  o.a.c.core.ContainerBase.[Tomcat].[localhost].[/] - Initializing Spring DispatcherServlet 'dispatcherServlet'
2025-10-14 11:28:51.497 [http-nio-8082-exec-1] INFO  org.springframework.web.servlet.DispatcherServlet - Initializing Servlet 'dispatcherServlet'
2025-10-14 11:28:51.502 [http-nio-8082-exec-1] INFO  org.springframework.web.servlet.DispatcherServlet - Completed initialization in 3 ms
2025-10-14 11:28:51.524 [http-nio-8082-exec-1] INFO  c.z.f.b.context.filter.HeaderUserId2ContextFilter - ## HeaderUserId2ContextFilter, 用户 ID: 100
2025-10-14 11:28:51.777 [http-nio-8082-exec-1] INFO  c.z.f.b.operationlog.aspect.ApiOperationLogAspect - ====== 请求开始: [批量查询用户信息], 入参: {"ids":[100]}, 请求类: UserController, 请求方法: findByIds =================================== 
2025-10-14 11:28:51.806 [http-nio-8082-exec-1] DEBUG c.z.x.u.biz.domain.mapper.UserDOMapper.selectByIds - ==>  Preparing: select id,nickname,avatar,introduction from t_user where status = 0 and is_deleted = 0 and id in ( ? )
2025-10-14 11:28:51.810 [http-nio-8082-exec-1] DEBUG c.z.x.u.biz.domain.mapper.UserDOMapper.selectByIds - ==> Parameters: 100(Long)
2025-10-14 11:28:51.817 [http-nio-8082-exec-1] DEBUG c.z.x.u.biz.domain.mapper.UserDOMapper.selectByIds - <==      Total: 1
2025-10-14 11:28:51.825 [http-nio-8082-exec-1] INFO  c.z.f.b.operationlog.aspect.ApiOperationLogAspect - ====== 请求结束: [批量查询用户信息], 耗时: 52ms, 出参: {"success":true,"message":null,"errorCode":null,"data":[{"id":100,"nickName":"稚生","avatar":"https://my-xiaohongshu-oss.oss-cn-guangzhou.aliyuncs.com/ca709c5d72304bedbcf9ee14e4a3bcb2.jpg","introduction":"该用户未填写"}]} =================================== 
2025-10-14 11:28:51.852 [http-nio-8082-exec-1] INFO  c.z.f.b.context.filter.HeaderUserId2ContextFilter - ===== 删除 ThreadLocal， userId: 100
2025-10-14 11:50:28.346 [http-nio-8082-exec-4] INFO  c.z.f.b.context.filter.HeaderUserId2ContextFilter - ## HeaderUserId2ContextFilter, 用户 ID: 100
2025-10-14 11:50:28.346 [http-nio-8082-exec-3] INFO  c.z.f.b.context.filter.HeaderUserId2ContextFilter - ## HeaderUserId2ContextFilter, 用户 ID: 100
2025-10-14 11:50:28.448 [http-nio-8082-exec-4] DEBUG c.z.x.u.b.d.mapper.UserDOMapper.selectByPrimaryKey - ==>  Preparing: select id, xiaohongshu_id, `password`, nickname, avatar, birthday, background_img, phone, sex, `status`, introduction, create_time, update_time, is_deleted from t_user where id = ?
2025-10-14 11:50:28.456 [http-nio-8082-exec-4] DEBUG c.z.x.u.b.d.mapper.UserDOMapper.selectByPrimaryKey - ==> Parameters: 100(Long)
2025-10-14 11:50:28.458 [http-nio-8082-exec-3] DEBUG c.z.x.u.b.d.mapper.UserDOMapper.selectByPrimaryKey - ==>  Preparing: select id, xiaohongshu_id, `password`, nickname, avatar, birthday, background_img, phone, sex, `status`, introduction, create_time, update_time, is_deleted from t_user where id = ?
2025-10-14 11:50:28.460 [http-nio-8082-exec-3] DEBUG c.z.x.u.b.d.mapper.UserDOMapper.selectByPrimaryKey - ==> Parameters: 100(Long)
2025-10-14 11:50:28.487 [http-nio-8082-exec-3] DEBUG c.z.x.u.b.d.mapper.UserDOMapper.selectByPrimaryKey - <==      Total: 1
2025-10-14 11:50:28.487 [http-nio-8082-exec-4] DEBUG c.z.x.u.b.d.mapper.UserDOMapper.selectByPrimaryKey - <==      Total: 1
2025-10-14 11:50:28.557 [http-nio-8082-exec-4] INFO  c.z.f.b.c.interceptor.FeignRequestInterceptor - ==> feign请求设置请求头 userId: 100
2025-10-14 11:50:28.557 [http-nio-8082-exec-3] INFO  c.z.f.b.c.interceptor.FeignRequestInterceptor - ==> feign请求设置请求头 userId: 100
2025-10-14 11:50:28.829 [http-nio-8082-exec-3] INFO  com.alibaba.nacos.client.naming - [SUBSCRIBE-SERVICE] service:xiaohongshu-count, group:DEFAULT_GROUP, clusters: 
2025-10-14 11:50:28.829 [http-nio-8082-exec-4] INFO  com.alibaba.nacos.client.naming - [SUBSCRIBE-SERVICE] service:xiaohongshu-count, group:DEFAULT_GROUP, clusters: 
2025-10-14 11:50:28.870 [http-nio-8082-exec-3] INFO  com.alibaba.nacos.client.naming - init new ips(1) service: DEFAULT_GROUP@@xiaohongshu-count -> [{"ip":"10.2.66.18","port":8090,"weight":1.0,"healthy":true,"enabled":true,"ephemeral":true,"clusterName":"DEFAULT","serviceName":"DEFAULT_GROUP@@xiaohongshu-count","metadata":{"preserved.register.source":"SPRING_CLOUD"},"ipDeleteTimeout":30000,"instanceHeartBeatInterval":5000,"instanceHeartBeatTimeOut":15000}]
2025-10-14 11:50:28.870 [http-nio-8082-exec-4] INFO  com.alibaba.nacos.client.naming - init new ips(1) service: DEFAULT_GROUP@@xiaohongshu-count -> [{"ip":"10.2.66.18","port":8090,"weight":1.0,"healthy":true,"enabled":true,"ephemeral":true,"clusterName":"DEFAULT","serviceName":"DEFAULT_GROUP@@xiaohongshu-count","metadata":{"preserved.register.source":"SPRING_CLOUD"},"ipDeleteTimeout":30000,"instanceHeartBeatInterval":5000,"instanceHeartBeatTimeOut":15000}]
2025-10-14 11:50:28.896 [http-nio-8082-exec-3] INFO  com.alibaba.nacos.client.naming - current ips:(1) service: DEFAULT_GROUP@@xiaohongshu-count -> [{"ip":"10.2.66.18","port":8090,"weight":1.0,"healthy":true,"enabled":true,"ephemeral":true,"clusterName":"DEFAULT","serviceName":"DEFAULT_GROUP@@xiaohongshu-count","metadata":{"preserved.register.source":"SPRING_CLOUD"},"ipDeleteTimeout":30000,"instanceHeartBeatInterval":5000,"instanceHeartBeatTimeOut":15000}]
2025-10-14 11:50:28.897 [http-nio-8082-exec-4] INFO  com.alibaba.nacos.client.naming - current ips:(1) service: DEFAULT_GROUP@@xiaohongshu-count -> [{"ip":"10.2.66.18","port":8090,"weight":1.0,"healthy":true,"enabled":true,"ephemeral":true,"clusterName":"DEFAULT","serviceName":"DEFAULT_GROUP@@xiaohongshu-count","metadata":{"preserved.register.source":"SPRING_CLOUD"},"ipDeleteTimeout":30000,"instanceHeartBeatInterval":5000,"instanceHeartBeatTimeOut":15000}]
2025-10-14 11:50:28.936 [http-nio-8082-exec-4] WARN  com.alibaba.nacos.client.naming - write DEFAULT_GROUP%40%40xiaohongshu-count conflict;retry time: 1
2025-10-14 11:50:29.422 [nacos-grpc-client-executor-8.134.88.169-464] INFO  com.alibaba.nacos.common.remote.client - [4cf004b5-7c80-4b10-be98-416955ad6c59] Receive server push request, request = NotifySubscriberRequest, requestId = 106
2025-10-14 11:50:29.423 [nacos-grpc-client-executor-8.134.88.169-464] INFO  com.alibaba.nacos.common.remote.client - [4cf004b5-7c80-4b10-be98-416955ad6c59] Ack server push request, request = NotifySubscriberRequest, requestId = 106
2025-10-14 11:50:31.657 [http-nio-8082-exec-3] INFO  c.z.f.b.context.filter.HeaderUserId2ContextFilter - ===== 删除 ThreadLocal， userId: 100
2025-10-14 11:50:31.657 [http-nio-8082-exec-4] INFO  c.z.f.b.context.filter.HeaderUserId2ContextFilter - ===== 删除 ThreadLocal， userId: 100
2025-10-14 11:50:31.892 [http-nio-8082-exec-5] INFO  c.z.f.b.context.filter.HeaderUserId2ContextFilter - ## HeaderUserId2ContextFilter, 用户 ID: 100
2025-10-14 11:50:31.904 [http-nio-8082-exec-5] INFO  c.z.f.b.operationlog.aspect.ApiOperationLogAspect - ====== 请求开始: [批量查询用户信息], 入参: {"ids":[100]}, 请求类: UserController, 请求方法: findByIds =================================== 
2025-10-14 11:50:31.913 [http-nio-8082-exec-6] INFO  c.z.f.b.context.filter.HeaderUserId2ContextFilter - ## HeaderUserId2ContextFilter, 用户 ID: 100
2025-10-14 11:50:31.915 [http-nio-8082-exec-6] INFO  c.z.f.b.operationlog.aspect.ApiOperationLogAspect - ====== 请求开始: [批量查询用户信息], 入参: {"ids":[100]}, 请求类: UserController, 请求方法: findByIds =================================== 
2025-10-14 11:50:31.926 [http-nio-8082-exec-5] INFO  c.z.f.b.operationlog.aspect.ApiOperationLogAspect - ====== 请求结束: [批量查询用户信息], 耗时: 22ms, 出参: {"success":true,"message":null,"errorCode":null,"data":[{"id":100,"nickName":"稚生","avatar":"https://my-xiaohongshu-oss.oss-cn-guangzhou.aliyuncs.com/ca709c5d72304bedbcf9ee14e4a3bcb2.jpg","introduction":"该用户未填写"}]} =================================== 
2025-10-14 11:50:31.926 [http-nio-8082-exec-6] INFO  c.z.f.b.operationlog.aspect.ApiOperationLogAspect - ====== 请求结束: [批量查询用户信息], 耗时: 12ms, 出参: {"success":true,"message":null,"errorCode":null,"data":[{"id":100,"nickName":"稚生","avatar":"https://my-xiaohongshu-oss.oss-cn-guangzhou.aliyuncs.com/ca709c5d72304bedbcf9ee14e4a3bcb2.jpg","introduction":"该用户未填写"}]} =================================== 
2025-10-14 11:50:31.927 [http-nio-8082-exec-5] INFO  c.z.f.b.context.filter.HeaderUserId2ContextFilter - ===== 删除 ThreadLocal， userId: 100
2025-10-14 11:50:31.927 [http-nio-8082-exec-6] INFO  c.z.f.b.context.filter.HeaderUserId2ContextFilter - ===== 删除 ThreadLocal， userId: 100
2025-10-14 11:50:34.190 [http-nio-8082-exec-7] INFO  c.z.f.b.context.filter.HeaderUserId2ContextFilter - ## HeaderUserId2ContextFilter, 用户 ID: 100
2025-10-14 11:50:34.190 [http-nio-8082-exec-8] INFO  c.z.f.b.context.filter.HeaderUserId2ContextFilter - ## HeaderUserId2ContextFilter, 用户 ID: 100
2025-10-14 11:50:34.198 [http-nio-8082-exec-8] INFO  c.z.f.b.c.interceptor.FeignRequestInterceptor - ==> feign请求设置请求头 userId: 100
2025-10-14 11:50:34.198 [http-nio-8082-exec-7] INFO  c.z.f.b.c.interceptor.FeignRequestInterceptor - ==> feign请求设置请求头 userId: 100
2025-10-14 11:50:34.226 [http-nio-8082-exec-8] INFO  c.z.f.b.context.filter.HeaderUserId2ContextFilter - ===== 删除 ThreadLocal， userId: 100
2025-10-14 11:50:34.226 [http-nio-8082-exec-7] INFO  c.z.f.b.context.filter.HeaderUserId2ContextFilter - ===== 删除 ThreadLocal， userId: 100
2025-10-14 11:50:34.274 [http-nio-8082-exec-10] INFO  c.z.f.b.context.filter.HeaderUserId2ContextFilter - ## HeaderUserId2ContextFilter, 用户 ID: 100
2025-10-14 11:50:34.274 [http-nio-8082-exec-9] INFO  c.z.f.b.context.filter.HeaderUserId2ContextFilter - ## HeaderUserId2ContextFilter, 用户 ID: 100
2025-10-14 11:50:34.275 [http-nio-8082-exec-10] INFO  c.z.f.b.operationlog.aspect.ApiOperationLogAspect - ====== 请求开始: [批量查询用户信息], 入参: {"ids":[100]}, 请求类: UserController, 请求方法: findByIds =================================== 
2025-10-14 11:50:34.275 [http-nio-8082-exec-9] INFO  c.z.f.b.operationlog.aspect.ApiOperationLogAspect - ====== 请求开始: [批量查询用户信息], 入参: {"ids":[100]}, 请求类: UserController, 请求方法: findByIds =================================== 
2025-10-14 11:50:34.278 [http-nio-8082-exec-9] INFO  c.z.f.b.operationlog.aspect.ApiOperationLogAspect - ====== 请求结束: [批量查询用户信息], 耗时: 3ms, 出参: {"success":true,"message":null,"errorCode":null,"data":[{"id":100,"nickName":"稚生","avatar":"https://my-xiaohongshu-oss.oss-cn-guangzhou.aliyuncs.com/ca709c5d72304bedbcf9ee14e4a3bcb2.jpg","introduction":"该用户未填写"}]} =================================== 
2025-10-14 11:50:34.278 [http-nio-8082-exec-10] INFO  c.z.f.b.operationlog.aspect.ApiOperationLogAspect - ====== 请求结束: [批量查询用户信息], 耗时: 3ms, 出参: {"success":true,"message":null,"errorCode":null,"data":[{"id":100,"nickName":"稚生","avatar":"https://my-xiaohongshu-oss.oss-cn-guangzhou.aliyuncs.com/ca709c5d72304bedbcf9ee14e4a3bcb2.jpg","introduction":"该用户未填写"}]} =================================== 
2025-10-14 11:50:34.279 [http-nio-8082-exec-10] INFO  c.z.f.b.context.filter.HeaderUserId2ContextFilter - ===== 删除 ThreadLocal， userId: 100
2025-10-14 11:50:34.279 [http-nio-8082-exec-9] INFO  c.z.f.b.context.filter.HeaderUserId2ContextFilter - ===== 删除 ThreadLocal， userId: 100
2025-10-14 11:50:36.277 [http-nio-8082-exec-1] INFO  c.z.f.b.context.filter.HeaderUserId2ContextFilter - ## HeaderUserId2ContextFilter, 用户 ID: 100
2025-10-14 11:50:36.286 [http-nio-8082-exec-1] INFO  c.z.f.b.operationlog.aspect.ApiOperationLogAspect - ====== 请求开始: [根据用户 ID 查询用户信息], 入参: {"id":100}, 请求类: UserController, 请求方法: findById =================================== 
2025-10-14 11:50:36.292 [http-nio-8082-exec-1] INFO  c.z.f.b.operationlog.aspect.ApiOperationLogAspect - ====== 请求结束: [根据用户 ID 查询用户信息], 耗时: 6ms, 出参: {"success":true,"message":null,"errorCode":null,"data":{"id":100,"nickName":"稚生","avatar":"https://my-xiaohongshu-oss.oss-cn-guangzhou.aliyuncs.com/ca709c5d72304bedbcf9ee14e4a3bcb2.jpg","introduction":"该用户未填写"}} =================================== 
2025-10-14 11:50:36.293 [http-nio-8082-exec-1] INFO  c.z.f.b.context.filter.HeaderUserId2ContextFilter - ===== 删除 ThreadLocal， userId: 100
2025-10-14 11:50:38.511 [http-nio-8082-exec-2] INFO  c.z.f.b.context.filter.HeaderUserId2ContextFilter - ## HeaderUserId2ContextFilter, 用户 ID: 100
2025-10-14 11:50:38.512 [http-nio-8082-exec-2] INFO  c.z.f.b.operationlog.aspect.ApiOperationLogAspect - ====== 请求开始: [根据用户 ID 查询用户信息], 入参: {"id":100}, 请求类: UserController, 请求方法: findById =================================== 
2025-10-14 11:50:38.513 [http-nio-8082-exec-2] INFO  c.z.x.user.biz.service.impl.UserServiceImpl - ==> 从本地缓存中获取用户信息，id: 100, userInfo: {"id":100,"nickName":"稚生","avatar":"https://my-xiaohongshu-oss.oss-cn-guangzhou.aliyuncs.com/ca709c5d72304bedbcf9ee14e4a3bcb2.jpg","introduction":"该用户未填写"}
2025-10-14 11:50:38.513 [http-nio-8082-exec-2] INFO  c.z.f.b.operationlog.aspect.ApiOperationLogAspect - ====== 请求结束: [根据用户 ID 查询用户信息], 耗时: 1ms, 出参: {"success":true,"message":null,"errorCode":null,"data":{"id":100,"nickName":"稚生","avatar":"https://my-xiaohongshu-oss.oss-cn-guangzhou.aliyuncs.com/ca709c5d72304bedbcf9ee14e4a3bcb2.jpg","introduction":"该用户未填写"}} =================================== 
2025-10-14 11:50:38.516 [http-nio-8082-exec-2] INFO  c.z.f.b.context.filter.HeaderUserId2ContextFilter - ===== 删除 ThreadLocal， userId: 100
2025-10-14 11:53:48.189 [com.alibaba.nacos.client.remote.worker] INFO  com.alibaba.nacos.common.remote.client - [4cf004b5-7c80-4b10-be98-416955ad6c59] Server healthy check fail, currentConnection = 1760411643717_112.94.129.49_1923
2025-10-14 11:53:48.191 [com.alibaba.nacos.client.remote.worker] INFO  com.alibaba.nacos.common.remote.client - [4cf004b5-7c80-4b10-be98-416955ad6c59] Try to reconnect to a new server, server is  not appointed, will choose a random server.
2025-10-14 11:53:48.191 [com.alibaba.nacos.client.remote.worker] INFO  c.a.nacos.common.remote.client.grpc.GrpcClient - grpc client connection server:8.134.88.169 ip,serverPort:9848,grpcTslConfig:{"sslProvider":"OPENSSL","enableTls":false,"mutualAuthEnable":false,"trustAll":false}
2025-10-14 11:53:48.361 [com.alibaba.nacos.client.remote.worker] INFO  com.alibaba.nacos.common.remote.client - [4cf004b5-7c80-4b10-be98-416955ad6c59] Success to connect a server [8.134.88.169:8848], connectionId = 1760414028211_112.94.129.49_1054
2025-10-14 11:53:48.361 [com.alibaba.nacos.client.remote.worker] INFO  com.alibaba.nacos.common.remote.client - [4cf004b5-7c80-4b10-be98-416955ad6c59] Abandon prev connection, server is 8.134.88.169:8848, connectionId is 1760411643717_112.94.129.49_1923
2025-10-14 11:53:48.361 [com.alibaba.nacos.client.remote.worker] INFO  com.alibaba.nacos.common.remote.client - Close current connection 1760411643717_112.94.129.49_1923
2025-10-14 11:53:48.370 [com.alibaba.nacos.client.remote.worker] INFO  com.alibaba.nacos.common.remote.client - [4cf004b5-7c80-4b10-be98-416955ad6c59] Notify disconnected event to listeners
2025-10-14 11:53:48.370 [com.alibaba.nacos.client.remote.worker] WARN  com.alibaba.nacos.client.naming - Grpc connection disconnect, mark to redo
2025-10-14 11:53:48.370 [com.alibaba.nacos.client.remote.worker] WARN  com.alibaba.nacos.client.naming - mark to redo completed
2025-10-14 11:53:48.370 [com.alibaba.nacos.client.remote.worker] INFO  com.alibaba.nacos.common.remote.client - [4cf004b5-7c80-4b10-be98-416955ad6c59] Notify connected event to listeners.
2025-10-14 11:53:48.370 [com.alibaba.nacos.client.remote.worker] INFO  com.alibaba.nacos.client.naming - Grpc connection connect
2025-10-14 11:53:48.371 [nacos-grpc-client-executor-8.134.88.169-510] WARN  c.a.nacos.common.remote.client.grpc.GrpcClient - [1760411643717_112.94.129.49_1923]Ignore error event,isRunning:true,isAbandon=true
2025-10-14 11:53:50.580 [com.alibaba.nacos.client.naming.grpc.redo.0] INFO  com.alibaba.nacos.client.naming - Redo instance operation REGISTER for DEFAULT_GROUP@@xiaohongshu-user
2025-10-14 11:53:50.817 [com.alibaba.nacos.client.naming.grpc.redo.0] INFO  com.alibaba.nacos.client.naming - Redo subscriber operation REGISTER for DEFAULT_GROUP@@xiaohongshu-count#
2025-10-14 11:53:51.345 [nacos-grpc-client-executor-8.134.88.169-513] INFO  com.alibaba.nacos.common.remote.client - [4cf004b5-7c80-4b10-be98-416955ad6c59] Receive server push request, request = NotifySubscriberRequest, requestId = 117
2025-10-14 11:53:51.347 [nacos-grpc-client-executor-8.134.88.169-513] INFO  com.alibaba.nacos.common.remote.client - [4cf004b5-7c80-4b10-be98-416955ad6c59] Ack server push request, request = NotifySubscriberRequest, requestId = 117
2025-10-14 12:32:12.338 [http-nio-8082-exec-7] INFO  c.z.f.b.context.filter.HeaderUserId2ContextFilter - ## HeaderUserId2ContextFilter, 用户 ID: 100
2025-10-14 12:32:13.120 [http-nio-8082-exec-7] DEBUG c.z.x.u.b.d.m.U.updateByPrimaryKeySelective - ==>  Preparing: update t_user SET xiaohongshu_id = ?, nickname = ?, birthday = ?, sex = ?, introduction = ?, update_time = ? where id = ?
2025-10-14 12:32:13.135 [http-nio-8082-exec-7] DEBUG c.z.x.u.b.d.m.U.updateByPrimaryKeySelective - ==> Parameters: xiaohongshu100(String), 稚生(String), 2000-10-14(LocalDate), 1(Integer), 快乐法则🧼    轻松时刻🫧 (String), 2025-10-14T12:32:12.959280200(LocalDateTime), 100(Long)
2025-10-14 12:32:13.185 [http-nio-8082-exec-7] DEBUG c.z.x.u.b.d.m.U.updateByPrimaryKeySelective - <==    Updates: 1
2025-10-14 12:32:13.207 [http-nio-8082-exec-7] INFO  c.z.f.b.context.filter.HeaderUserId2ContextFilter - ===== 删除 ThreadLocal， userId: 100
2025-10-14 12:32:13.285 [http-nio-8082-exec-8] INFO  c.z.f.b.context.filter.HeaderUserId2ContextFilter - ## HeaderUserId2ContextFilter, 用户 ID: 100
2025-10-14 12:32:13.288 [http-nio-8082-exec-10] INFO  c.z.f.b.context.filter.HeaderUserId2ContextFilter - ## HeaderUserId2ContextFilter, 用户 ID: 100
2025-10-14 12:32:13.293 [http-nio-8082-exec-8] DEBUG c.z.x.u.b.d.mapper.UserDOMapper.selectByPrimaryKey - ==>  Preparing: select id, xiaohongshu_id, `password`, nickname, avatar, birthday, background_img, phone, sex, `status`, introduction, create_time, update_time, is_deleted from t_user where id = ?
2025-10-14 12:32:13.295 [http-nio-8082-exec-8] DEBUG c.z.x.u.b.d.mapper.UserDOMapper.selectByPrimaryKey - ==> Parameters: 100(Long)
2025-10-14 12:32:13.298 [http-nio-8082-exec-8] DEBUG c.z.x.u.b.d.mapper.UserDOMapper.selectByPrimaryKey - <==      Total: 1
2025-10-14 12:32:13.298 [http-nio-8082-exec-10] DEBUG c.z.x.u.b.d.mapper.UserDOMapper.selectByPrimaryKey - ==>  Preparing: select id, xiaohongshu_id, `password`, nickname, avatar, birthday, background_img, phone, sex, `status`, introduction, create_time, update_time, is_deleted from t_user where id = ?
2025-10-14 12:32:13.299 [http-nio-8082-exec-10] DEBUG c.z.x.u.b.d.mapper.UserDOMapper.selectByPrimaryKey - ==> Parameters: 100(Long)
2025-10-14 12:32:13.300 [http-nio-8082-exec-8] INFO  c.z.f.b.c.interceptor.FeignRequestInterceptor - ==> feign请求设置请求头 userId: 100
2025-10-14 12:32:13.301 [http-nio-8082-exec-10] DEBUG c.z.x.u.b.d.mapper.UserDOMapper.selectByPrimaryKey - <==      Total: 1
2025-10-14 12:32:13.302 [http-nio-8082-exec-10] INFO  c.z.f.b.c.interceptor.FeignRequestInterceptor - ==> feign请求设置请求头 userId: 100
2025-10-14 12:32:13.336 [NettyClientPublicExecutor_1] INFO  c.z.x.user.biz.service.impl.UserServiceImpl - ## 延时删除 Redis 用户缓存消息发送成功...
2025-10-14 12:32:13.712 [http-nio-8082-exec-8] INFO  c.z.f.b.context.filter.HeaderUserId2ContextFilter - ===== 删除 ThreadLocal， userId: 100
2025-10-14 12:32:13.712 [http-nio-8082-exec-10] INFO  c.z.f.b.context.filter.HeaderUserId2ContextFilter - ===== 删除 ThreadLocal， userId: 100
2025-10-14 12:32:14.427 [ConsumeMessageThread_xiaohongshu_group_DelayDeleteUserRedisCacheTopic_1] INFO  c.z.x.u.b.c.DelayDeleteUserRedisCacheConsumer - ## 延迟消息消费成功, userId: 100
2025-10-14 12:32:25.502 [http-nio-8082-exec-9] INFO  c.z.f.b.context.filter.HeaderUserId2ContextFilter - ## HeaderUserId2ContextFilter, 用户 ID: 100
2025-10-14 12:32:25.512 [http-nio-8082-exec-9] INFO  c.z.f.b.operationlog.aspect.ApiOperationLogAspect - ====== 请求开始: [批量查询用户信息], 入参: {"ids":[100]}, 请求类: UserController, 请求方法: findByIds =================================== 
2025-10-14 12:32:25.519 [http-nio-8082-exec-9] DEBUG c.z.x.u.biz.domain.mapper.UserDOMapper.selectByIds - ==>  Preparing: select id,nickname,avatar,introduction from t_user where status = 0 and is_deleted = 0 and id in ( ? )
2025-10-14 12:32:25.521 [http-nio-8082-exec-9] DEBUG c.z.x.u.biz.domain.mapper.UserDOMapper.selectByIds - ==> Parameters: 100(Long)
2025-10-14 12:32:25.527 [http-nio-8082-exec-9] DEBUG c.z.x.u.biz.domain.mapper.UserDOMapper.selectByIds - <==      Total: 1
2025-10-14 12:32:25.528 [http-nio-8082-exec-9] INFO  c.z.f.b.operationlog.aspect.ApiOperationLogAspect - ====== 请求结束: [批量查询用户信息], 耗时: 15ms, 出参: {"success":true,"message":null,"errorCode":null,"data":[{"id":100,"nickName":"稚生","avatar":"https://my-xiaohongshu-oss.oss-cn-guangzhou.aliyuncs.com/ca709c5d72304bedbcf9ee14e4a3bcb2.jpg","introduction":"快乐法则🧼    轻松时刻🫧 "}]} =================================== 
2025-10-14 12:32:25.530 [http-nio-8082-exec-9] INFO  c.z.f.b.context.filter.HeaderUserId2ContextFilter - ===== 删除 ThreadLocal， userId: 100
2025-10-14 12:32:26.648 [http-nio-8082-exec-1] INFO  c.z.f.b.context.filter.HeaderUserId2ContextFilter - ## HeaderUserId2ContextFilter, 用户 ID: 100
2025-10-14 12:32:26.649 [http-nio-8082-exec-1] INFO  c.z.f.b.operationlog.aspect.ApiOperationLogAspect - ====== 请求开始: [批量查询用户信息], 入参: {"ids":[100]}, 请求类: UserController, 请求方法: findByIds =================================== 
2025-10-14 12:32:26.655 [http-nio-8082-exec-1] INFO  c.z.f.b.operationlog.aspect.ApiOperationLogAspect - ====== 请求结束: [批量查询用户信息], 耗时: 6ms, 出参: {"success":true,"message":null,"errorCode":null,"data":[{"id":100,"nickName":"稚生","avatar":"https://my-xiaohongshu-oss.oss-cn-guangzhou.aliyuncs.com/ca709c5d72304bedbcf9ee14e4a3bcb2.jpg","introduction":"快乐法则🧼    轻松时刻🫧 "}]} =================================== 
2025-10-14 12:32:26.656 [http-nio-8082-exec-1] INFO  c.z.f.b.context.filter.HeaderUserId2ContextFilter - ===== 删除 ThreadLocal， userId: 100
2025-10-14 12:32:27.557 [http-nio-8082-exec-2] INFO  c.z.f.b.context.filter.HeaderUserId2ContextFilter - ## HeaderUserId2ContextFilter, 用户 ID: 100
2025-10-14 12:32:27.558 [http-nio-8082-exec-2] INFO  c.z.f.b.operationlog.aspect.ApiOperationLogAspect - ====== 请求开始: [批量查询用户信息], 入参: {"ids":[100]}, 请求类: UserController, 请求方法: findByIds =================================== 
2025-10-14 12:32:27.561 [http-nio-8082-exec-2] INFO  c.z.f.b.operationlog.aspect.ApiOperationLogAspect - ====== 请求结束: [批量查询用户信息], 耗时: 3ms, 出参: {"success":true,"message":null,"errorCode":null,"data":[{"id":100,"nickName":"稚生","avatar":"https://my-xiaohongshu-oss.oss-cn-guangzhou.aliyuncs.com/ca709c5d72304bedbcf9ee14e4a3bcb2.jpg","introduction":"快乐法则🧼    轻松时刻🫧 "}]} =================================== 
2025-10-14 12:32:27.563 [http-nio-8082-exec-2] INFO  c.z.f.b.context.filter.HeaderUserId2ContextFilter - ===== 删除 ThreadLocal， userId: 100
2025-10-14 12:32:41.321 [http-nio-8082-exec-4] INFO  c.z.f.b.context.filter.HeaderUserId2ContextFilter - ## HeaderUserId2ContextFilter, 用户 ID: 100
2025-10-14 12:32:41.325 [http-nio-8082-exec-4] DEBUG c.z.x.u.b.d.mapper.UserDOMapper.selectByPrimaryKey - ==>  Preparing: select id, xiaohongshu_id, `password`, nickname, avatar, birthday, background_img, phone, sex, `status`, introduction, create_time, update_time, is_deleted from t_user where id = ?
2025-10-14 12:32:41.325 [http-nio-8082-exec-3] INFO  c.z.f.b.context.filter.HeaderUserId2ContextFilter - ## HeaderUserId2ContextFilter, 用户 ID: 100
2025-10-14 12:32:41.326 [http-nio-8082-exec-4] DEBUG c.z.x.u.b.d.mapper.UserDOMapper.selectByPrimaryKey - ==> Parameters: 100(Long)
2025-10-14 12:32:41.329 [http-nio-8082-exec-4] DEBUG c.z.x.u.b.d.mapper.UserDOMapper.selectByPrimaryKey - <==      Total: 1
2025-10-14 12:32:41.330 [http-nio-8082-exec-3] DEBUG c.z.x.u.b.d.mapper.UserDOMapper.selectByPrimaryKey - ==>  Preparing: select id, xiaohongshu_id, `password`, nickname, avatar, birthday, background_img, phone, sex, `status`, introduction, create_time, update_time, is_deleted from t_user where id = ?
2025-10-14 12:32:41.330 [http-nio-8082-exec-4] INFO  c.z.f.b.c.interceptor.FeignRequestInterceptor - ==> feign请求设置请求头 userId: 100
2025-10-14 12:32:41.331 [http-nio-8082-exec-3] DEBUG c.z.x.u.b.d.mapper.UserDOMapper.selectByPrimaryKey - ==> Parameters: 100(Long)
2025-10-14 12:32:41.333 [http-nio-8082-exec-3] DEBUG c.z.x.u.b.d.mapper.UserDOMapper.selectByPrimaryKey - <==      Total: 1
2025-10-14 12:32:41.334 [http-nio-8082-exec-3] INFO  c.z.f.b.c.interceptor.FeignRequestInterceptor - ==> feign请求设置请求头 userId: 100
2025-10-14 12:32:41.344 [http-nio-8082-exec-3] INFO  c.z.f.b.context.filter.HeaderUserId2ContextFilter - ===== 删除 ThreadLocal， userId: 100
2025-10-14 12:32:41.346 [http-nio-8082-exec-4] INFO  c.z.f.b.context.filter.HeaderUserId2ContextFilter - ===== 删除 ThreadLocal， userId: 100
2025-10-14 12:32:41.382 [http-nio-8082-exec-5] INFO  c.z.f.b.context.filter.HeaderUserId2ContextFilter - ## HeaderUserId2ContextFilter, 用户 ID: 100
2025-10-14 12:32:41.383 [http-nio-8082-exec-5] INFO  c.z.f.b.operationlog.aspect.ApiOperationLogAspect - ====== 请求开始: [批量查询用户信息], 入参: {"ids":[100]}, 请求类: UserController, 请求方法: findByIds =================================== 
2025-10-14 12:32:41.385 [http-nio-8082-exec-6] INFO  c.z.f.b.context.filter.HeaderUserId2ContextFilter - ## HeaderUserId2ContextFilter, 用户 ID: 100
2025-10-14 12:32:41.386 [http-nio-8082-exec-5] INFO  c.z.f.b.operationlog.aspect.ApiOperationLogAspect - ====== 请求结束: [批量查询用户信息], 耗时: 3ms, 出参: {"success":true,"message":null,"errorCode":null,"data":[{"id":100,"nickName":"稚生","avatar":"https://my-xiaohongshu-oss.oss-cn-guangzhou.aliyuncs.com/ca709c5d72304bedbcf9ee14e4a3bcb2.jpg","introduction":"快乐法则🧼    轻松时刻🫧 "}]} =================================== 
2025-10-14 12:32:41.386 [http-nio-8082-exec-6] INFO  c.z.f.b.operationlog.aspect.ApiOperationLogAspect - ====== 请求开始: [批量查询用户信息], 入参: {"ids":[100]}, 请求类: UserController, 请求方法: findByIds =================================== 
2025-10-14 12:32:41.387 [http-nio-8082-exec-5] INFO  c.z.f.b.context.filter.HeaderUserId2ContextFilter - ===== 删除 ThreadLocal， userId: 100
2025-10-14 12:32:41.388 [http-nio-8082-exec-6] INFO  c.z.f.b.operationlog.aspect.ApiOperationLogAspect - ====== 请求结束: [批量查询用户信息], 耗时: 2ms, 出参: {"success":true,"message":null,"errorCode":null,"data":[{"id":100,"nickName":"稚生","avatar":"https://my-xiaohongshu-oss.oss-cn-guangzhou.aliyuncs.com/ca709c5d72304bedbcf9ee14e4a3bcb2.jpg","introduction":"快乐法则🧼    轻松时刻🫧 "}]} =================================== 
2025-10-14 12:32:41.389 [http-nio-8082-exec-6] INFO  c.z.f.b.context.filter.HeaderUserId2ContextFilter - ===== 删除 ThreadLocal， userId: 100
2025-10-14 12:32:46.154 [http-nio-8082-exec-7] INFO  c.z.f.b.context.filter.HeaderUserId2ContextFilter - ## HeaderUserId2ContextFilter, 用户 ID: 100
2025-10-14 12:32:46.155 [http-nio-8082-exec-7] INFO  c.z.f.b.operationlog.aspect.ApiOperationLogAspect - ====== 请求开始: [批量查询用户信息], 入参: {"ids":[100]}, 请求类: UserController, 请求方法: findByIds =================================== 
2025-10-14 12:32:46.158 [http-nio-8082-exec-7] INFO  c.z.f.b.operationlog.aspect.ApiOperationLogAspect - ====== 请求结束: [批量查询用户信息], 耗时: 3ms, 出参: {"success":true,"message":null,"errorCode":null,"data":[{"id":100,"nickName":"稚生","avatar":"https://my-xiaohongshu-oss.oss-cn-guangzhou.aliyuncs.com/ca709c5d72304bedbcf9ee14e4a3bcb2.jpg","introduction":"快乐法则🧼    轻松时刻🫧 "}]} =================================== 
2025-10-14 12:32:46.160 [http-nio-8082-exec-7] INFO  c.z.f.b.context.filter.HeaderUserId2ContextFilter - ===== 删除 ThreadLocal， userId: 100
2025-10-14 12:32:48.202 [http-nio-8082-exec-10] INFO  c.z.f.b.context.filter.HeaderUserId2ContextFilter - ## HeaderUserId2ContextFilter, 用户 ID: 100
2025-10-14 12:32:48.202 [http-nio-8082-exec-8] INFO  c.z.f.b.context.filter.HeaderUserId2ContextFilter - ## HeaderUserId2ContextFilter, 用户 ID: 100
2025-10-14 12:32:48.206 [http-nio-8082-exec-8] INFO  c.z.f.b.c.interceptor.FeignRequestInterceptor - ==> feign请求设置请求头 userId: 100
2025-10-14 12:32:48.206 [http-nio-8082-exec-10] INFO  c.z.f.b.c.interceptor.FeignRequestInterceptor - ==> feign请求设置请求头 userId: 100
2025-10-14 12:32:48.244 [http-nio-8082-exec-8] INFO  c.z.f.b.context.filter.HeaderUserId2ContextFilter - ===== 删除 ThreadLocal， userId: 100
2025-10-14 12:32:48.246 [http-nio-8082-exec-10] INFO  c.z.f.b.context.filter.HeaderUserId2ContextFilter - ===== 删除 ThreadLocal， userId: 100
2025-10-14 12:32:48.285 [http-nio-8082-exec-9] INFO  c.z.f.b.context.filter.HeaderUserId2ContextFilter - ## HeaderUserId2ContextFilter, 用户 ID: 100
2025-10-14 12:32:48.285 [http-nio-8082-exec-1] INFO  c.z.f.b.context.filter.HeaderUserId2ContextFilter - ## HeaderUserId2ContextFilter, 用户 ID: 100
2025-10-14 12:32:48.286 [http-nio-8082-exec-1] INFO  c.z.f.b.operationlog.aspect.ApiOperationLogAspect - ====== 请求开始: [批量查询用户信息], 入参: {"ids":[100]}, 请求类: UserController, 请求方法: findByIds =================================== 
2025-10-14 12:32:48.286 [http-nio-8082-exec-9] INFO  c.z.f.b.operationlog.aspect.ApiOperationLogAspect - ====== 请求开始: [批量查询用户信息], 入参: {"ids":[100]}, 请求类: UserController, 请求方法: findByIds =================================== 
2025-10-14 12:32:48.290 [http-nio-8082-exec-1] INFO  c.z.f.b.operationlog.aspect.ApiOperationLogAspect - ====== 请求结束: [批量查询用户信息], 耗时: 4ms, 出参: {"success":true,"message":null,"errorCode":null,"data":[{"id":100,"nickName":"稚生","avatar":"https://my-xiaohongshu-oss.oss-cn-guangzhou.aliyuncs.com/ca709c5d72304bedbcf9ee14e4a3bcb2.jpg","introduction":"快乐法则🧼    轻松时刻🫧 "}]} =================================== 
2025-10-14 12:32:48.290 [http-nio-8082-exec-9] INFO  c.z.f.b.operationlog.aspect.ApiOperationLogAspect - ====== 请求结束: [批量查询用户信息], 耗时: 4ms, 出参: {"success":true,"message":null,"errorCode":null,"data":[{"id":100,"nickName":"稚生","avatar":"https://my-xiaohongshu-oss.oss-cn-guangzhou.aliyuncs.com/ca709c5d72304bedbcf9ee14e4a3bcb2.jpg","introduction":"快乐法则🧼    轻松时刻🫧 "}]} =================================== 
2025-10-14 12:32:48.291 [http-nio-8082-exec-9] INFO  c.z.f.b.context.filter.HeaderUserId2ContextFilter - ===== 删除 ThreadLocal， userId: 100
2025-10-14 12:32:48.291 [http-nio-8082-exec-1] INFO  c.z.f.b.context.filter.HeaderUserId2ContextFilter - ===== 删除 ThreadLocal， userId: 100
2025-10-14 12:32:52.277 [http-nio-8082-exec-2] INFO  c.z.f.b.context.filter.HeaderUserId2ContextFilter - ## HeaderUserId2ContextFilter, 用户 ID: 100
2025-10-14 12:32:52.278 [http-nio-8082-exec-2] INFO  c.z.f.b.operationlog.aspect.ApiOperationLogAspect - ====== 请求开始: [批量查询用户信息], 入参: {"ids":[100]}, 请求类: UserController, 请求方法: findByIds =================================== 
2025-10-14 12:32:52.281 [http-nio-8082-exec-2] INFO  c.z.f.b.operationlog.aspect.ApiOperationLogAspect - ====== 请求结束: [批量查询用户信息], 耗时: 3ms, 出参: {"success":true,"message":null,"errorCode":null,"data":[{"id":100,"nickName":"稚生","avatar":"https://my-xiaohongshu-oss.oss-cn-guangzhou.aliyuncs.com/ca709c5d72304bedbcf9ee14e4a3bcb2.jpg","introduction":"快乐法则🧼    轻松时刻🫧 "}]} =================================== 
2025-10-14 12:32:52.282 [http-nio-8082-exec-2] INFO  c.z.f.b.context.filter.HeaderUserId2ContextFilter - ===== 删除 ThreadLocal， userId: 100
2025-10-14 12:33:03.258 [http-nio-8082-exec-3] INFO  c.z.f.b.context.filter.HeaderUserId2ContextFilter - ## HeaderUserId2ContextFilter, 用户 ID: 100
2025-10-14 12:33:03.259 [http-nio-8082-exec-3] INFO  c.z.f.b.operationlog.aspect.ApiOperationLogAspect - ====== 请求开始: [批量查询用户信息], 入参: {"ids":[100]}, 请求类: UserController, 请求方法: findByIds =================================== 
2025-10-14 12:33:03.263 [http-nio-8082-exec-3] INFO  c.z.f.b.operationlog.aspect.ApiOperationLogAspect - ====== 请求结束: [批量查询用户信息], 耗时: 4ms, 出参: {"success":true,"message":null,"errorCode":null,"data":[{"id":100,"nickName":"稚生","avatar":"https://my-xiaohongshu-oss.oss-cn-guangzhou.aliyuncs.com/ca709c5d72304bedbcf9ee14e4a3bcb2.jpg","introduction":"快乐法则🧼    轻松时刻🫧 "}]} =================================== 
2025-10-14 12:33:03.264 [http-nio-8082-exec-3] INFO  c.z.f.b.context.filter.HeaderUserId2ContextFilter - ===== 删除 ThreadLocal， userId: 100
2025-10-14 12:33:13.299 [http-nio-8082-exec-4] INFO  c.z.f.b.context.filter.HeaderUserId2ContextFilter - ## HeaderUserId2ContextFilter, 用户 ID: 100
2025-10-14 12:33:13.303 [http-nio-8082-exec-4] INFO  c.z.f.b.operationlog.aspect.ApiOperationLogAspect - ====== 请求开始: [根据用户 ID 查询用户信息], 入参: {"id":100}, 请求类: UserController, 请求方法: findById =================================== 
2025-10-14 12:33:13.303 [http-nio-8082-exec-4] INFO  c.z.x.user.biz.service.impl.UserServiceImpl - ==> 从本地缓存中获取用户信息，id: 100, userInfo: {"id":100,"nickName":"稚生","avatar":"https://my-xiaohongshu-oss.oss-cn-guangzhou.aliyuncs.com/ca709c5d72304bedbcf9ee14e4a3bcb2.jpg","introduction":"该用户未填写"}
2025-10-14 12:33:13.303 [http-nio-8082-exec-4] INFO  c.z.f.b.operationlog.aspect.ApiOperationLogAspect - ====== 请求结束: [根据用户 ID 查询用户信息], 耗时: 0ms, 出参: {"success":true,"message":null,"errorCode":null,"data":{"id":100,"nickName":"稚生","avatar":"https://my-xiaohongshu-oss.oss-cn-guangzhou.aliyuncs.com/ca709c5d72304bedbcf9ee14e4a3bcb2.jpg","introduction":"该用户未填写"}} =================================== 
2025-10-14 12:33:13.304 [http-nio-8082-exec-4] INFO  c.z.f.b.context.filter.HeaderUserId2ContextFilter - ===== 删除 ThreadLocal， userId: 100
2025-10-14 12:34:45.692 [http-nio-8082-exec-10] INFO  c.z.f.b.context.filter.HeaderUserId2ContextFilter - ## HeaderUserId2ContextFilter, 用户 ID: 100
2025-10-14 12:34:45.693 [http-nio-8082-exec-10] INFO  c.z.f.b.operationlog.aspect.ApiOperationLogAspect - ====== 请求开始: [批量查询用户信息], 入参: {"ids":[100]}, 请求类: UserController, 请求方法: findByIds =================================== 
2025-10-14 12:34:45.696 [http-nio-8082-exec-10] INFO  c.z.f.b.operationlog.aspect.ApiOperationLogAspect - ====== 请求结束: [批量查询用户信息], 耗时: 3ms, 出参: {"success":true,"message":null,"errorCode":null,"data":[{"id":100,"nickName":"稚生","avatar":"https://my-xiaohongshu-oss.oss-cn-guangzhou.aliyuncs.com/ca709c5d72304bedbcf9ee14e4a3bcb2.jpg","introduction":"快乐法则🧼    轻松时刻🫧 "}]} =================================== 
2025-10-14 12:34:45.697 [http-nio-8082-exec-10] INFO  c.z.f.b.context.filter.HeaderUserId2ContextFilter - ===== 删除 ThreadLocal， userId: 100
2025-10-14 12:43:59.760 [http-nio-8082-exec-2] INFO  c.z.f.b.context.filter.HeaderUserId2ContextFilter - ## HeaderUserId2ContextFilter, 用户 ID: 100
2025-10-14 12:43:59.760 [http-nio-8082-exec-1] INFO  c.z.f.b.context.filter.HeaderUserId2ContextFilter - ## HeaderUserId2ContextFilter, 用户 ID: 100
2025-10-14 12:43:59.806 [http-nio-8082-exec-1] INFO  c.z.f.b.c.interceptor.FeignRequestInterceptor - ==> feign请求设置请求头 userId: 100
2025-10-14 12:43:59.806 [http-nio-8082-exec-2] INFO  c.z.f.b.c.interceptor.FeignRequestInterceptor - ==> feign请求设置请求头 userId: 100
2025-10-14 12:43:59.882 [http-nio-8082-exec-2] INFO  c.z.f.b.context.filter.HeaderUserId2ContextFilter - ===== 删除 ThreadLocal， userId: 100
2025-10-14 12:43:59.885 [http-nio-8082-exec-1] INFO  c.z.f.b.context.filter.HeaderUserId2ContextFilter - ===== 删除 ThreadLocal， userId: 100
2025-10-14 12:43:59.954 [http-nio-8082-exec-3] INFO  c.z.f.b.context.filter.HeaderUserId2ContextFilter - ## HeaderUserId2ContextFilter, 用户 ID: 100
2025-10-14 12:43:59.954 [http-nio-8082-exec-4] INFO  c.z.f.b.context.filter.HeaderUserId2ContextFilter - ## HeaderUserId2ContextFilter, 用户 ID: 100
2025-10-14 12:43:59.962 [http-nio-8082-exec-4] INFO  c.z.f.b.operationlog.aspect.ApiOperationLogAspect - ====== 请求开始: [批量查询用户信息], 入参: {"ids":[100]}, 请求类: UserController, 请求方法: findByIds =================================== 
2025-10-14 12:43:59.964 [http-nio-8082-exec-3] INFO  c.z.f.b.operationlog.aspect.ApiOperationLogAspect - ====== 请求开始: [批量查询用户信息], 入参: {"ids":[100]}, 请求类: UserController, 请求方法: findByIds =================================== 
2025-10-14 12:43:59.973 [http-nio-8082-exec-3] INFO  c.z.f.b.operationlog.aspect.ApiOperationLogAspect - ====== 请求结束: [批量查询用户信息], 耗时: 12ms, 出参: {"success":true,"message":null,"errorCode":null,"data":[{"id":100,"nickName":"稚生","avatar":"https://my-xiaohongshu-oss.oss-cn-guangzhou.aliyuncs.com/ca709c5d72304bedbcf9ee14e4a3bcb2.jpg","introduction":"快乐法则🧼    轻松时刻🫧 "}]} =================================== 
2025-10-14 12:43:59.974 [http-nio-8082-exec-4] INFO  c.z.f.b.operationlog.aspect.ApiOperationLogAspect - ====== 请求结束: [批量查询用户信息], 耗时: 13ms, 出参: {"success":true,"message":null,"errorCode":null,"data":[{"id":100,"nickName":"稚生","avatar":"https://my-xiaohongshu-oss.oss-cn-guangzhou.aliyuncs.com/ca709c5d72304bedbcf9ee14e4a3bcb2.jpg","introduction":"快乐法则🧼    轻松时刻🫧 "}]} =================================== 
2025-10-14 12:43:59.974 [http-nio-8082-exec-3] INFO  c.z.f.b.context.filter.HeaderUserId2ContextFilter - ===== 删除 ThreadLocal， userId: 100
2025-10-14 12:43:59.975 [http-nio-8082-exec-4] INFO  c.z.f.b.context.filter.HeaderUserId2ContextFilter - ===== 删除 ThreadLocal， userId: 100
2025-10-14 12:44:01.153 [http-nio-8082-exec-5] INFO  c.z.f.b.context.filter.HeaderUserId2ContextFilter - ## HeaderUserId2ContextFilter, 用户 ID: 100
2025-10-14 12:44:01.155 [http-nio-8082-exec-5] INFO  c.z.f.b.operationlog.aspect.ApiOperationLogAspect - ====== 请求开始: [批量查询用户信息], 入参: {"ids":[100]}, 请求类: UserController, 请求方法: findByIds =================================== 
2025-10-14 12:44:01.159 [http-nio-8082-exec-5] INFO  c.z.f.b.operationlog.aspect.ApiOperationLogAspect - ====== 请求结束: [批量查询用户信息], 耗时: 4ms, 出参: {"success":true,"message":null,"errorCode":null,"data":[{"id":100,"nickName":"稚生","avatar":"https://my-xiaohongshu-oss.oss-cn-guangzhou.aliyuncs.com/ca709c5d72304bedbcf9ee14e4a3bcb2.jpg","introduction":"快乐法则🧼    轻松时刻🫧 "}]} =================================== 
2025-10-14 12:44:01.162 [http-nio-8082-exec-5] INFO  c.z.f.b.context.filter.HeaderUserId2ContextFilter - ===== 删除 ThreadLocal， userId: 100
2025-10-14 12:44:02.452 [http-nio-8082-exec-6] INFO  c.z.f.b.context.filter.HeaderUserId2ContextFilter - ## HeaderUserId2ContextFilter, 用户 ID: 100
2025-10-14 12:44:02.456 [http-nio-8082-exec-7] INFO  c.z.f.b.context.filter.HeaderUserId2ContextFilter - ## HeaderUserId2ContextFilter, 用户 ID: 100
2025-10-14 12:44:02.457 [http-nio-8082-exec-6] INFO  c.z.f.b.c.interceptor.FeignRequestInterceptor - ==> feign请求设置请求头 userId: 100
2025-10-14 12:44:02.460 [http-nio-8082-exec-7] INFO  c.z.f.b.c.interceptor.FeignRequestInterceptor - ==> feign请求设置请求头 userId: 100
2025-10-14 12:44:02.476 [http-nio-8082-exec-6] INFO  c.z.f.b.context.filter.HeaderUserId2ContextFilter - ===== 删除 ThreadLocal， userId: 100
2025-10-14 12:44:02.485 [http-nio-8082-exec-7] INFO  c.z.f.b.context.filter.HeaderUserId2ContextFilter - ===== 删除 ThreadLocal， userId: 100
2025-10-14 12:44:02.523 [http-nio-8082-exec-10] INFO  c.z.f.b.context.filter.HeaderUserId2ContextFilter - ## HeaderUserId2ContextFilter, 用户 ID: 100
2025-10-14 12:44:02.523 [http-nio-8082-exec-8] INFO  c.z.f.b.context.filter.HeaderUserId2ContextFilter - ## HeaderUserId2ContextFilter, 用户 ID: 100
2025-10-14 12:44:02.526 [http-nio-8082-exec-8] INFO  c.z.f.b.operationlog.aspect.ApiOperationLogAspect - ====== 请求开始: [批量查询用户信息], 入参: {"ids":[100]}, 请求类: UserController, 请求方法: findByIds =================================== 
2025-10-14 12:44:02.526 [http-nio-8082-exec-10] INFO  c.z.f.b.operationlog.aspect.ApiOperationLogAspect - ====== 请求开始: [批量查询用户信息], 入参: {"ids":[100]}, 请求类: UserController, 请求方法: findByIds =================================== 
2025-10-14 12:44:02.531 [http-nio-8082-exec-10] INFO  c.z.f.b.operationlog.aspect.ApiOperationLogAspect - ====== 请求结束: [批量查询用户信息], 耗时: 5ms, 出参: {"success":true,"message":null,"errorCode":null,"data":[{"id":100,"nickName":"稚生","avatar":"https://my-xiaohongshu-oss.oss-cn-guangzhou.aliyuncs.com/ca709c5d72304bedbcf9ee14e4a3bcb2.jpg","introduction":"快乐法则🧼    轻松时刻🫧 "}]} =================================== 
2025-10-14 12:44:02.532 [http-nio-8082-exec-10] INFO  c.z.f.b.context.filter.HeaderUserId2ContextFilter - ===== 删除 ThreadLocal， userId: 100
2025-10-14 12:44:02.532 [http-nio-8082-exec-8] INFO  c.z.f.b.operationlog.aspect.ApiOperationLogAspect - ====== 请求结束: [批量查询用户信息], 耗时: 6ms, 出参: {"success":true,"message":null,"errorCode":null,"data":[{"id":100,"nickName":"稚生","avatar":"https://my-xiaohongshu-oss.oss-cn-guangzhou.aliyuncs.com/ca709c5d72304bedbcf9ee14e4a3bcb2.jpg","introduction":"快乐法则🧼    轻松时刻🫧 "}]} =================================== 
2025-10-14 12:44:02.535 [http-nio-8082-exec-8] INFO  c.z.f.b.context.filter.HeaderUserId2ContextFilter - ===== 删除 ThreadLocal， userId: 100
2025-10-14 13:32:01.752 [http-nio-8082-exec-3] INFO  c.z.f.b.context.filter.HeaderUserId2ContextFilter - ## HeaderUserId2ContextFilter, 用户 ID: 100
2025-10-14 13:32:01.817 [http-nio-8082-exec-3] INFO  c.z.f.b.operationlog.aspect.ApiOperationLogAspect - ====== 请求开始: [根据用户 ID 查询用户信息], 入参: {"id":100}, 请求类: UserController, 请求方法: findById =================================== 
2025-10-14 13:32:01.831 [http-nio-8082-exec-3] INFO  c.z.f.b.operationlog.aspect.ApiOperationLogAspect - ====== 请求结束: [根据用户 ID 查询用户信息], 耗时: 14ms, 出参: {"success":true,"message":null,"errorCode":null,"data":{"id":100,"nickName":"稚生","avatar":"https://my-xiaohongshu-oss.oss-cn-guangzhou.aliyuncs.com/ca709c5d72304bedbcf9ee14e4a3bcb2.jpg","introduction":"快乐法则🧼    轻松时刻🫧 "}} =================================== 
2025-10-14 13:32:01.859 [http-nio-8082-exec-3] INFO  c.z.f.b.context.filter.HeaderUserId2ContextFilter - ===== 删除 ThreadLocal， userId: 100
2025-10-14 13:32:20.879 [http-nio-8082-exec-5] INFO  c.z.f.b.context.filter.HeaderUserId2ContextFilter - ## HeaderUserId2ContextFilter, 用户 ID: 100
2025-10-14 13:32:20.898 [http-nio-8082-exec-5] INFO  c.z.f.b.operationlog.aspect.ApiOperationLogAspect - ====== 请求开始: [批量查询用户信息], 入参: {"ids":[100]}, 请求类: UserController, 请求方法: findByIds =================================== 
2025-10-14 13:32:20.903 [http-nio-8082-exec-5] INFO  c.z.f.b.operationlog.aspect.ApiOperationLogAspect - ====== 请求结束: [批量查询用户信息], 耗时: 5ms, 出参: {"success":true,"message":null,"errorCode":null,"data":[{"id":100,"nickName":"稚生","avatar":"https://my-xiaohongshu-oss.oss-cn-guangzhou.aliyuncs.com/ca709c5d72304bedbcf9ee14e4a3bcb2.jpg","introduction":"快乐法则🧼    轻松时刻🫧 "}]} =================================== 
2025-10-14 13:32:20.905 [http-nio-8082-exec-5] INFO  c.z.f.b.context.filter.HeaderUserId2ContextFilter - ===== 删除 ThreadLocal， userId: 100
2025-10-14 13:32:22.675 [http-nio-8082-exec-6] INFO  c.z.f.b.context.filter.HeaderUserId2ContextFilter - ## HeaderUserId2ContextFilter, 用户 ID: 100
2025-10-14 13:32:22.682 [http-nio-8082-exec-6] INFO  c.z.f.b.operationlog.aspect.ApiOperationLogAspect - ====== 请求开始: [批量查询用户信息], 入参: {"ids":[100]}, 请求类: UserController, 请求方法: findByIds =================================== 
2025-10-14 13:32:22.685 [http-nio-8082-exec-6] INFO  c.z.f.b.operationlog.aspect.ApiOperationLogAspect - ====== 请求结束: [批量查询用户信息], 耗时: 3ms, 出参: {"success":true,"message":null,"errorCode":null,"data":[{"id":100,"nickName":"稚生","avatar":"https://my-xiaohongshu-oss.oss-cn-guangzhou.aliyuncs.com/ca709c5d72304bedbcf9ee14e4a3bcb2.jpg","introduction":"快乐法则🧼    轻松时刻🫧 "}]} =================================== 
2025-10-14 13:32:22.686 [http-nio-8082-exec-6] INFO  c.z.f.b.context.filter.HeaderUserId2ContextFilter - ===== 删除 ThreadLocal， userId: 100
2025-10-14 14:09:31.169 [nacos-grpc-client-executor-8.134.88.169-2148] INFO  com.alibaba.nacos.common.remote.client - [4cf004b5-7c80-4b10-be98-416955ad6c59] Receive server push request, request = NotifySubscriberRequest, requestId = 1254
2025-10-14 14:09:31.178 [nacos-grpc-client-executor-8.134.88.169-2148] INFO  com.alibaba.nacos.common.remote.client - [4cf004b5-7c80-4b10-be98-416955ad6c59] Ack server push request, request = NotifySubscriberRequest, requestId = 1254
2025-10-14 14:14:40.665 [http-nio-8082-exec-10] INFO  c.z.f.b.context.filter.HeaderUserId2ContextFilter - ## HeaderUserId2ContextFilter, 用户 ID: 100
2025-10-14 14:14:40.674 [http-nio-8082-exec-10] INFO  c.z.f.b.operationlog.aspect.ApiOperationLogAspect - ====== 请求开始: [批量查询用户信息], 入参: {"ids":[100]}, 请求类: UserController, 请求方法: findByIds =================================== 
2025-10-14 14:14:40.680 [http-nio-8082-exec-10] INFO  c.z.f.b.operationlog.aspect.ApiOperationLogAspect - ====== 请求结束: [批量查询用户信息], 耗时: 6ms, 出参: {"success":true,"message":null,"errorCode":null,"data":[{"id":100,"nickName":"稚生","avatar":"https://my-xiaohongshu-oss.oss-cn-guangzhou.aliyuncs.com/ca709c5d72304bedbcf9ee14e4a3bcb2.jpg","introduction":"快乐法则🧼    轻松时刻🫧 "}]} =================================== 
2025-10-14 14:14:40.687 [http-nio-8082-exec-10] INFO  c.z.f.b.context.filter.HeaderUserId2ContextFilter - ===== 删除 ThreadLocal， userId: 100
2025-10-14 14:14:42.222 [http-nio-8082-exec-8] INFO  c.z.f.b.context.filter.HeaderUserId2ContextFilter - ## HeaderUserId2ContextFilter, 用户 ID: 100
2025-10-14 14:14:42.222 [http-nio-8082-exec-1] INFO  c.z.f.b.context.filter.HeaderUserId2ContextFilter - ## HeaderUserId2ContextFilter, 用户 ID: 100
2025-10-14 14:14:42.278 [http-nio-8082-exec-8] DEBUG c.z.x.u.b.d.mapper.UserDOMapper.selectByPrimaryKey - ==>  Preparing: select id, xiaohongshu_id, `password`, nickname, avatar, birthday, background_img, phone, sex, `status`, introduction, create_time, update_time, is_deleted from t_user where id = ?
2025-10-14 14:14:42.288 [http-nio-8082-exec-1] DEBUG c.z.x.u.b.d.mapper.UserDOMapper.selectByPrimaryKey - ==>  Preparing: select id, xiaohongshu_id, `password`, nickname, avatar, birthday, background_img, phone, sex, `status`, introduction, create_time, update_time, is_deleted from t_user where id = ?
2025-10-14 14:14:42.294 [http-nio-8082-exec-8] DEBUG c.z.x.u.b.d.mapper.UserDOMapper.selectByPrimaryKey - ==> Parameters: 100(Long)
2025-10-14 14:14:42.294 [http-nio-8082-exec-1] DEBUG c.z.x.u.b.d.mapper.UserDOMapper.selectByPrimaryKey - ==> Parameters: 100(Long)
2025-10-14 14:14:42.307 [http-nio-8082-exec-8] DEBUG c.z.x.u.b.d.mapper.UserDOMapper.selectByPrimaryKey - <==      Total: 1
2025-10-14 14:14:42.313 [http-nio-8082-exec-1] DEBUG c.z.x.u.b.d.mapper.UserDOMapper.selectByPrimaryKey - <==      Total: 1
2025-10-14 14:14:42.317 [http-nio-8082-exec-1] INFO  c.z.f.b.c.interceptor.FeignRequestInterceptor - ==> feign请求设置请求头 userId: 100
2025-10-14 14:14:42.317 [http-nio-8082-exec-8] INFO  c.z.f.b.c.interceptor.FeignRequestInterceptor - ==> feign请求设置请求头 userId: 100
2025-10-14 14:14:42.488 [http-nio-8082-exec-8] INFO  c.z.f.b.context.filter.HeaderUserId2ContextFilter - ===== 删除 ThreadLocal， userId: 100
2025-10-14 14:14:42.497 [http-nio-8082-exec-1] INFO  c.z.f.b.context.filter.HeaderUserId2ContextFilter - ===== 删除 ThreadLocal， userId: 100
2025-10-14 14:14:42.529 [http-nio-8082-exec-9] INFO  c.z.f.b.context.filter.HeaderUserId2ContextFilter - ## HeaderUserId2ContextFilter, 用户 ID: 100
2025-10-14 14:14:42.530 [http-nio-8082-exec-9] INFO  c.z.f.b.operationlog.aspect.ApiOperationLogAspect - ====== 请求开始: [批量查询用户信息], 入参: {"ids":[100]}, 请求类: UserController, 请求方法: findByIds =================================== 
2025-10-14 14:14:42.533 [http-nio-8082-exec-9] INFO  c.z.f.b.operationlog.aspect.ApiOperationLogAspect - ====== 请求结束: [批量查询用户信息], 耗时: 3ms, 出参: {"success":true,"message":null,"errorCode":null,"data":[{"id":100,"nickName":"稚生","avatar":"https://my-xiaohongshu-oss.oss-cn-guangzhou.aliyuncs.com/ca709c5d72304bedbcf9ee14e4a3bcb2.jpg","introduction":"快乐法则🧼    轻松时刻🫧 "}]} =================================== 
2025-10-14 14:14:42.533 [http-nio-8082-exec-2] INFO  c.z.f.b.context.filter.HeaderUserId2ContextFilter - ## HeaderUserId2ContextFilter, 用户 ID: 100
2025-10-14 14:14:42.534 [http-nio-8082-exec-2] INFO  c.z.f.b.operationlog.aspect.ApiOperationLogAspect - ====== 请求开始: [批量查询用户信息], 入参: {"ids":[100]}, 请求类: UserController, 请求方法: findByIds =================================== 
2025-10-14 14:14:42.534 [http-nio-8082-exec-9] INFO  c.z.f.b.context.filter.HeaderUserId2ContextFilter - ===== 删除 ThreadLocal， userId: 100
2025-10-14 14:14:42.536 [http-nio-8082-exec-2] INFO  c.z.f.b.operationlog.aspect.ApiOperationLogAspect - ====== 请求结束: [批量查询用户信息], 耗时: 3ms, 出参: {"success":true,"message":null,"errorCode":null,"data":[{"id":100,"nickName":"稚生","avatar":"https://my-xiaohongshu-oss.oss-cn-guangzhou.aliyuncs.com/ca709c5d72304bedbcf9ee14e4a3bcb2.jpg","introduction":"快乐法则🧼    轻松时刻🫧 "}]} =================================== 
2025-10-14 14:14:42.536 [http-nio-8082-exec-2] INFO  c.z.f.b.context.filter.HeaderUserId2ContextFilter - ===== 删除 ThreadLocal， userId: 100
2025-10-14 14:14:44.712 [http-nio-8082-exec-4] INFO  c.z.f.b.context.filter.HeaderUserId2ContextFilter - ## HeaderUserId2ContextFilter, 用户 ID: 100
2025-10-14 14:14:44.713 [http-nio-8082-exec-4] INFO  c.z.f.b.operationlog.aspect.ApiOperationLogAspect - ====== 请求开始: [批量查询用户信息], 入参: {"ids":[100]}, 请求类: UserController, 请求方法: findByIds =================================== 
2025-10-14 14:14:44.716 [http-nio-8082-exec-4] INFO  c.z.f.b.operationlog.aspect.ApiOperationLogAspect - ====== 请求结束: [批量查询用户信息], 耗时: 3ms, 出参: {"success":true,"message":null,"errorCode":null,"data":[{"id":100,"nickName":"稚生","avatar":"https://my-xiaohongshu-oss.oss-cn-guangzhou.aliyuncs.com/ca709c5d72304bedbcf9ee14e4a3bcb2.jpg","introduction":"快乐法则🧼    轻松时刻🫧 "}]} =================================== 
2025-10-14 14:14:44.717 [http-nio-8082-exec-4] INFO  c.z.f.b.context.filter.HeaderUserId2ContextFilter - ===== 删除 ThreadLocal， userId: 100
2025-10-14 14:14:45.363 [http-nio-8082-exec-3] INFO  c.z.f.b.context.filter.HeaderUserId2ContextFilter - ## HeaderUserId2ContextFilter, 用户 ID: 100
2025-10-14 14:14:45.368 [http-nio-8082-exec-3] INFO  c.z.f.b.c.interceptor.FeignRequestInterceptor - ==> feign请求设置请求头 userId: 100
2025-10-14 14:14:45.370 [http-nio-8082-exec-5] INFO  c.z.f.b.context.filter.HeaderUserId2ContextFilter - ## HeaderUserId2ContextFilter, 用户 ID: 100
2025-10-14 14:14:45.386 [http-nio-8082-exec-5] INFO  c.z.f.b.c.interceptor.FeignRequestInterceptor - ==> feign请求设置请求头 userId: 100
2025-10-14 14:14:45.411 [http-nio-8082-exec-3] INFO  c.z.f.b.context.filter.HeaderUserId2ContextFilter - ===== 删除 ThreadLocal， userId: 100
2025-10-14 14:14:45.415 [http-nio-8082-exec-5] INFO  c.z.f.b.context.filter.HeaderUserId2ContextFilter - ===== 删除 ThreadLocal， userId: 100
2025-10-14 14:14:45.458 [http-nio-8082-exec-6] INFO  c.z.f.b.context.filter.HeaderUserId2ContextFilter - ## HeaderUserId2ContextFilter, 用户 ID: 100
2025-10-14 14:14:45.458 [http-nio-8082-exec-7] INFO  c.z.f.b.context.filter.HeaderUserId2ContextFilter - ## HeaderUserId2ContextFilter, 用户 ID: 100
2025-10-14 14:14:45.459 [http-nio-8082-exec-7] INFO  c.z.f.b.operationlog.aspect.ApiOperationLogAspect - ====== 请求开始: [批量查询用户信息], 入参: {"ids":[100]}, 请求类: UserController, 请求方法: findByIds =================================== 
2025-10-14 14:14:45.459 [http-nio-8082-exec-6] INFO  c.z.f.b.operationlog.aspect.ApiOperationLogAspect - ====== 请求开始: [批量查询用户信息], 入参: {"ids":[100]}, 请求类: UserController, 请求方法: findByIds =================================== 
2025-10-14 14:14:45.462 [http-nio-8082-exec-6] INFO  c.z.f.b.operationlog.aspect.ApiOperationLogAspect - ====== 请求结束: [批量查询用户信息], 耗时: 3ms, 出参: {"success":true,"message":null,"errorCode":null,"data":[{"id":100,"nickName":"稚生","avatar":"https://my-xiaohongshu-oss.oss-cn-guangzhou.aliyuncs.com/ca709c5d72304bedbcf9ee14e4a3bcb2.jpg","introduction":"快乐法则🧼    轻松时刻🫧 "}]} =================================== 
2025-10-14 14:14:45.462 [http-nio-8082-exec-7] INFO  c.z.f.b.operationlog.aspect.ApiOperationLogAspect - ====== 请求结束: [批量查询用户信息], 耗时: 3ms, 出参: {"success":true,"message":null,"errorCode":null,"data":[{"id":100,"nickName":"稚生","avatar":"https://my-xiaohongshu-oss.oss-cn-guangzhou.aliyuncs.com/ca709c5d72304bedbcf9ee14e4a3bcb2.jpg","introduction":"快乐法则🧼    轻松时刻🫧 "}]} =================================== 
2025-10-14 14:14:45.463 [http-nio-8082-exec-6] INFO  c.z.f.b.context.filter.HeaderUserId2ContextFilter - ===== 删除 ThreadLocal， userId: 100
2025-10-14 14:14:45.463 [http-nio-8082-exec-7] INFO  c.z.f.b.context.filter.HeaderUserId2ContextFilter - ===== 删除 ThreadLocal， userId: 100
2025-10-14 14:14:48.630 [http-nio-8082-exec-10] INFO  c.z.f.b.context.filter.HeaderUserId2ContextFilter - ## HeaderUserId2ContextFilter, 用户 ID: 100
2025-10-14 14:14:48.631 [http-nio-8082-exec-10] INFO  c.z.f.b.operationlog.aspect.ApiOperationLogAspect - ====== 请求开始: [批量查询用户信息], 入参: {"ids":[100]}, 请求类: UserController, 请求方法: findByIds =================================== 
2025-10-14 14:14:48.635 [http-nio-8082-exec-10] INFO  c.z.f.b.operationlog.aspect.ApiOperationLogAspect - ====== 请求结束: [批量查询用户信息], 耗时: 3ms, 出参: {"success":true,"message":null,"errorCode":null,"data":[{"id":100,"nickName":"稚生","avatar":"https://my-xiaohongshu-oss.oss-cn-guangzhou.aliyuncs.com/ca709c5d72304bedbcf9ee14e4a3bcb2.jpg","introduction":"快乐法则🧼    轻松时刻🫧 "}]} =================================== 
2025-10-14 14:14:48.636 [http-nio-8082-exec-10] INFO  c.z.f.b.context.filter.HeaderUserId2ContextFilter - ===== 删除 ThreadLocal， userId: 100
2025-10-14 14:14:49.373 [http-nio-8082-exec-8] INFO  c.z.f.b.context.filter.HeaderUserId2ContextFilter - ## HeaderUserId2ContextFilter, 用户 ID: 100
2025-10-14 14:14:49.378 [http-nio-8082-exec-1] INFO  c.z.f.b.context.filter.HeaderUserId2ContextFilter - ## HeaderUserId2ContextFilter, 用户 ID: 100
2025-10-14 14:14:49.380 [http-nio-8082-exec-8] INFO  c.z.f.b.c.interceptor.FeignRequestInterceptor - ==> feign请求设置请求头 userId: 100
2025-10-14 14:14:49.381 [http-nio-8082-exec-1] INFO  c.z.f.b.c.interceptor.FeignRequestInterceptor - ==> feign请求设置请求头 userId: 100
2025-10-14 14:14:49.394 [http-nio-8082-exec-1] INFO  c.z.f.b.context.filter.HeaderUserId2ContextFilter - ===== 删除 ThreadLocal， userId: 100
2025-10-14 14:14:49.396 [http-nio-8082-exec-8] INFO  c.z.f.b.context.filter.HeaderUserId2ContextFilter - ===== 删除 ThreadLocal， userId: 100
2025-10-14 14:14:49.431 [http-nio-8082-exec-2] INFO  c.z.f.b.context.filter.HeaderUserId2ContextFilter - ## HeaderUserId2ContextFilter, 用户 ID: 100
2025-10-14 14:14:49.431 [http-nio-8082-exec-9] INFO  c.z.f.b.context.filter.HeaderUserId2ContextFilter - ## HeaderUserId2ContextFilter, 用户 ID: 100
2025-10-14 14:14:49.432 [http-nio-8082-exec-9] INFO  c.z.f.b.operationlog.aspect.ApiOperationLogAspect - ====== 请求开始: [批量查询用户信息], 入参: {"ids":[100]}, 请求类: UserController, 请求方法: findByIds =================================== 
2025-10-14 14:14:49.432 [http-nio-8082-exec-2] INFO  c.z.f.b.operationlog.aspect.ApiOperationLogAspect - ====== 请求开始: [批量查询用户信息], 入参: {"ids":[100]}, 请求类: UserController, 请求方法: findByIds =================================== 
2025-10-14 14:14:49.434 [http-nio-8082-exec-9] INFO  c.z.f.b.operationlog.aspect.ApiOperationLogAspect - ====== 请求结束: [批量查询用户信息], 耗时: 2ms, 出参: {"success":true,"message":null,"errorCode":null,"data":[{"id":100,"nickName":"稚生","avatar":"https://my-xiaohongshu-oss.oss-cn-guangzhou.aliyuncs.com/ca709c5d72304bedbcf9ee14e4a3bcb2.jpg","introduction":"快乐法则🧼    轻松时刻🫧 "}]} =================================== 
2025-10-14 14:14:49.434 [http-nio-8082-exec-2] INFO  c.z.f.b.operationlog.aspect.ApiOperationLogAspect - ====== 请求结束: [批量查询用户信息], 耗时: 2ms, 出参: {"success":true,"message":null,"errorCode":null,"data":[{"id":100,"nickName":"稚生","avatar":"https://my-xiaohongshu-oss.oss-cn-guangzhou.aliyuncs.com/ca709c5d72304bedbcf9ee14e4a3bcb2.jpg","introduction":"快乐法则🧼    轻松时刻🫧 "}]} =================================== 
2025-10-14 14:14:49.436 [http-nio-8082-exec-2] INFO  c.z.f.b.context.filter.HeaderUserId2ContextFilter - ===== 删除 ThreadLocal， userId: 100
2025-10-14 14:14:49.436 [http-nio-8082-exec-9] INFO  c.z.f.b.context.filter.HeaderUserId2ContextFilter - ===== 删除 ThreadLocal， userId: 100
2025-10-14 14:14:50.706 [http-nio-8082-exec-4] INFO  c.z.f.b.context.filter.HeaderUserId2ContextFilter - ## HeaderUserId2ContextFilter, 用户 ID: 100
2025-10-14 14:14:50.707 [http-nio-8082-exec-4] INFO  c.z.f.b.operationlog.aspect.ApiOperationLogAspect - ====== 请求开始: [批量查询用户信息], 入参: {"ids":[100]}, 请求类: UserController, 请求方法: findByIds =================================== 
2025-10-14 14:14:50.709 [http-nio-8082-exec-4] INFO  c.z.f.b.operationlog.aspect.ApiOperationLogAspect - ====== 请求结束: [批量查询用户信息], 耗时: 3ms, 出参: {"success":true,"message":null,"errorCode":null,"data":[{"id":100,"nickName":"稚生","avatar":"https://my-xiaohongshu-oss.oss-cn-guangzhou.aliyuncs.com/ca709c5d72304bedbcf9ee14e4a3bcb2.jpg","introduction":"快乐法则🧼    轻松时刻🫧 "}]} =================================== 
2025-10-14 14:14:50.710 [http-nio-8082-exec-4] INFO  c.z.f.b.context.filter.HeaderUserId2ContextFilter - ===== 删除 ThreadLocal， userId: 100
2025-10-14 14:14:51.271 [http-nio-8082-exec-3] INFO  c.z.f.b.context.filter.HeaderUserId2ContextFilter - ## HeaderUserId2ContextFilter, 用户 ID: 100
2025-10-14 14:14:51.275 [http-nio-8082-exec-5] INFO  c.z.f.b.context.filter.HeaderUserId2ContextFilter - ## HeaderUserId2ContextFilter, 用户 ID: 100
2025-10-14 14:14:51.276 [http-nio-8082-exec-3] INFO  c.z.f.b.c.interceptor.FeignRequestInterceptor - ==> feign请求设置请求头 userId: 100
2025-10-14 14:14:51.280 [http-nio-8082-exec-5] INFO  c.z.f.b.c.interceptor.FeignRequestInterceptor - ==> feign请求设置请求头 userId: 100
2025-10-14 14:14:51.290 [http-nio-8082-exec-3] INFO  c.z.f.b.context.filter.HeaderUserId2ContextFilter - ===== 删除 ThreadLocal， userId: 100
2025-10-14 14:14:51.304 [http-nio-8082-exec-5] INFO  c.z.f.b.context.filter.HeaderUserId2ContextFilter - ===== 删除 ThreadLocal， userId: 100
2025-10-14 14:14:51.328 [http-nio-8082-exec-6] INFO  c.z.f.b.context.filter.HeaderUserId2ContextFilter - ## HeaderUserId2ContextFilter, 用户 ID: 100
2025-10-14 14:14:51.329 [http-nio-8082-exec-6] INFO  c.z.f.b.operationlog.aspect.ApiOperationLogAspect - ====== 请求开始: [批量查询用户信息], 入参: {"ids":[100]}, 请求类: UserController, 请求方法: findByIds =================================== 
2025-10-14 14:14:51.331 [http-nio-8082-exec-6] INFO  c.z.f.b.operationlog.aspect.ApiOperationLogAspect - ====== 请求结束: [批量查询用户信息], 耗时: 2ms, 出参: {"success":true,"message":null,"errorCode":null,"data":[{"id":100,"nickName":"稚生","avatar":"https://my-xiaohongshu-oss.oss-cn-guangzhou.aliyuncs.com/ca709c5d72304bedbcf9ee14e4a3bcb2.jpg","introduction":"快乐法则🧼    轻松时刻🫧 "}]} =================================== 
2025-10-14 14:14:51.333 [http-nio-8082-exec-6] INFO  c.z.f.b.context.filter.HeaderUserId2ContextFilter - ===== 删除 ThreadLocal， userId: 100
2025-10-14 14:14:51.344 [http-nio-8082-exec-7] INFO  c.z.f.b.context.filter.HeaderUserId2ContextFilter - ## HeaderUserId2ContextFilter, 用户 ID: 100
2025-10-14 14:14:51.345 [http-nio-8082-exec-7] INFO  c.z.f.b.operationlog.aspect.ApiOperationLogAspect - ====== 请求开始: [批量查询用户信息], 入参: {"ids":[100]}, 请求类: UserController, 请求方法: findByIds =================================== 
2025-10-14 14:14:51.347 [http-nio-8082-exec-7] INFO  c.z.f.b.operationlog.aspect.ApiOperationLogAspect - ====== 请求结束: [批量查询用户信息], 耗时: 2ms, 出参: {"success":true,"message":null,"errorCode":null,"data":[{"id":100,"nickName":"稚生","avatar":"https://my-xiaohongshu-oss.oss-cn-guangzhou.aliyuncs.com/ca709c5d72304bedbcf9ee14e4a3bcb2.jpg","introduction":"快乐法则🧼    轻松时刻🫧 "}]} =================================== 
2025-10-14 14:14:51.348 [http-nio-8082-exec-7] INFO  c.z.f.b.context.filter.HeaderUserId2ContextFilter - ===== 删除 ThreadLocal， userId: 100
2025-10-14 14:15:28.769 [http-nio-8082-exec-10] INFO  c.z.f.b.context.filter.HeaderUserId2ContextFilter - ## HeaderUserId2ContextFilter, 用户 ID: 100
2025-10-14 14:15:28.772 [http-nio-8082-exec-10] INFO  c.z.f.b.operationlog.aspect.ApiOperationLogAspect - ====== 请求开始: [批量查询用户信息], 入参: {"ids":[100]}, 请求类: UserController, 请求方法: findByIds =================================== 
2025-10-14 14:15:28.774 [http-nio-8082-exec-10] INFO  c.z.f.b.operationlog.aspect.ApiOperationLogAspect - ====== 请求结束: [批量查询用户信息], 耗时: 1ms, 出参: {"success":true,"message":null,"errorCode":null,"data":[{"id":100,"nickName":"稚生","avatar":"https://my-xiaohongshu-oss.oss-cn-guangzhou.aliyuncs.com/ca709c5d72304bedbcf9ee14e4a3bcb2.jpg","introduction":"快乐法则🧼    轻松时刻🫧 "}]} =================================== 
2025-10-14 14:15:28.774 [http-nio-8082-exec-10] INFO  c.z.f.b.context.filter.HeaderUserId2ContextFilter - ===== 删除 ThreadLocal， userId: 100
2025-10-14 14:15:29.663 [http-nio-8082-exec-1] INFO  c.z.f.b.context.filter.HeaderUserId2ContextFilter - ## HeaderUserId2ContextFilter, 用户 ID: 100
2025-10-14 14:15:29.664 [http-nio-8082-exec-1] INFO  c.z.f.b.operationlog.aspect.ApiOperationLogAspect - ====== 请求开始: [批量查询用户信息], 入参: {"ids":[100]}, 请求类: UserController, 请求方法: findByIds =================================== 
2025-10-14 14:15:29.667 [http-nio-8082-exec-1] INFO  c.z.f.b.operationlog.aspect.ApiOperationLogAspect - ====== 请求结束: [批量查询用户信息], 耗时: 3ms, 出参: {"success":true,"message":null,"errorCode":null,"data":[{"id":100,"nickName":"稚生","avatar":"https://my-xiaohongshu-oss.oss-cn-guangzhou.aliyuncs.com/ca709c5d72304bedbcf9ee14e4a3bcb2.jpg","introduction":"快乐法则🧼    轻松时刻🫧 "}]} =================================== 
2025-10-14 14:15:29.669 [http-nio-8082-exec-1] INFO  c.z.f.b.context.filter.HeaderUserId2ContextFilter - ===== 删除 ThreadLocal， userId: 100
2025-10-14 14:15:31.355 [http-nio-8082-exec-8] INFO  c.z.f.b.context.filter.HeaderUserId2ContextFilter - ## HeaderUserId2ContextFilter, 用户 ID: 100
2025-10-14 14:15:31.357 [http-nio-8082-exec-8] INFO  c.z.f.b.operationlog.aspect.ApiOperationLogAspect - ====== 请求开始: [批量查询用户信息], 入参: {"ids":[100]}, 请求类: UserController, 请求方法: findByIds =================================== 
2025-10-14 14:15:31.359 [http-nio-8082-exec-8] INFO  c.z.f.b.operationlog.aspect.ApiOperationLogAspect - ====== 请求结束: [批量查询用户信息], 耗时: 3ms, 出参: {"success":true,"message":null,"errorCode":null,"data":[{"id":100,"nickName":"稚生","avatar":"https://my-xiaohongshu-oss.oss-cn-guangzhou.aliyuncs.com/ca709c5d72304bedbcf9ee14e4a3bcb2.jpg","introduction":"快乐法则🧼    轻松时刻🫧 "}]} =================================== 
2025-10-14 14:15:31.360 [http-nio-8082-exec-8] INFO  c.z.f.b.context.filter.HeaderUserId2ContextFilter - ===== 删除 ThreadLocal， userId: 100
2025-10-14 14:24:48.640 [http-nio-8082-exec-5] INFO  c.z.f.b.context.filter.HeaderUserId2ContextFilter - ## HeaderUserId2ContextFilter, 用户 ID: 100
2025-10-14 14:24:48.647 [http-nio-8082-exec-5] INFO  c.z.f.b.operationlog.aspect.ApiOperationLogAspect - ====== 请求开始: [批量查询用户信息], 入参: {"ids":[100]}, 请求类: UserController, 请求方法: findByIds =================================== 
2025-10-14 14:24:48.650 [http-nio-8082-exec-5] INFO  c.z.f.b.operationlog.aspect.ApiOperationLogAspect - ====== 请求结束: [批量查询用户信息], 耗时: 3ms, 出参: {"success":true,"message":null,"errorCode":null,"data":[{"id":100,"nickName":"稚生","avatar":"https://my-xiaohongshu-oss.oss-cn-guangzhou.aliyuncs.com/ca709c5d72304bedbcf9ee14e4a3bcb2.jpg","introduction":"快乐法则🧼    轻松时刻🫧 "}]} =================================== 
2025-10-14 14:24:48.655 [http-nio-8082-exec-5] INFO  c.z.f.b.context.filter.HeaderUserId2ContextFilter - ===== 删除 ThreadLocal， userId: 100
2025-10-14 14:29:08.338 [http-nio-8082-exec-7] INFO  c.z.f.b.context.filter.HeaderUserId2ContextFilter - ## HeaderUserId2ContextFilter, 用户 ID: 100
2025-10-14 14:29:08.338 [http-nio-8082-exec-10] INFO  c.z.f.b.context.filter.HeaderUserId2ContextFilter - ## HeaderUserId2ContextFilter, 用户 ID: 100
2025-10-14 14:29:08.350 [http-nio-8082-exec-7] INFO  c.z.f.b.c.interceptor.FeignRequestInterceptor - ==> feign请求设置请求头 userId: 100
2025-10-14 14:29:08.369 [http-nio-8082-exec-10] INFO  c.z.f.b.c.interceptor.FeignRequestInterceptor - ==> feign请求设置请求头 userId: 100
2025-10-14 14:29:08.376 [http-nio-8082-exec-7] INFO  c.z.f.b.context.filter.HeaderUserId2ContextFilter - ===== 删除 ThreadLocal， userId: 100
2025-10-14 14:29:08.380 [http-nio-8082-exec-10] INFO  c.z.f.b.context.filter.HeaderUserId2ContextFilter - ===== 删除 ThreadLocal， userId: 100
2025-10-14 14:29:08.428 [http-nio-8082-exec-1] INFO  c.z.f.b.context.filter.HeaderUserId2ContextFilter - ## HeaderUserId2ContextFilter, 用户 ID: 100
2025-10-14 14:29:08.428 [http-nio-8082-exec-8] INFO  c.z.f.b.context.filter.HeaderUserId2ContextFilter - ## HeaderUserId2ContextFilter, 用户 ID: 100
2025-10-14 14:29:08.429 [http-nio-8082-exec-1] INFO  c.z.f.b.operationlog.aspect.ApiOperationLogAspect - ====== 请求开始: [批量查询用户信息], 入参: {"ids":[100]}, 请求类: UserController, 请求方法: findByIds =================================== 
2025-10-14 14:29:08.429 [http-nio-8082-exec-8] INFO  c.z.f.b.operationlog.aspect.ApiOperationLogAspect - ====== 请求开始: [批量查询用户信息], 入参: {"ids":[100]}, 请求类: UserController, 请求方法: findByIds =================================== 
2025-10-14 14:29:08.431 [http-nio-8082-exec-1] INFO  c.z.f.b.operationlog.aspect.ApiOperationLogAspect - ====== 请求结束: [批量查询用户信息], 耗时: 2ms, 出参: {"success":true,"message":null,"errorCode":null,"data":[{"id":100,"nickName":"稚生","avatar":"https://my-xiaohongshu-oss.oss-cn-guangzhou.aliyuncs.com/ca709c5d72304bedbcf9ee14e4a3bcb2.jpg","introduction":"快乐法则🧼    轻松时刻🫧 "}]} =================================== 
2025-10-14 14:29:08.431 [http-nio-8082-exec-8] INFO  c.z.f.b.operationlog.aspect.ApiOperationLogAspect - ====== 请求结束: [批量查询用户信息], 耗时: 2ms, 出参: {"success":true,"message":null,"errorCode":null,"data":[{"id":100,"nickName":"稚生","avatar":"https://my-xiaohongshu-oss.oss-cn-guangzhou.aliyuncs.com/ca709c5d72304bedbcf9ee14e4a3bcb2.jpg","introduction":"快乐法则🧼    轻松时刻🫧 "}]} =================================== 
2025-10-14 14:29:08.433 [http-nio-8082-exec-1] INFO  c.z.f.b.context.filter.HeaderUserId2ContextFilter - ===== 删除 ThreadLocal， userId: 100
2025-10-14 14:29:08.433 [http-nio-8082-exec-8] INFO  c.z.f.b.context.filter.HeaderUserId2ContextFilter - ===== 删除 ThreadLocal， userId: 100
2025-10-14 14:29:13.378 [http-nio-8082-exec-2] INFO  c.z.f.b.context.filter.HeaderUserId2ContextFilter - ## HeaderUserId2ContextFilter, 用户 ID: 100
2025-10-14 14:29:13.381 [http-nio-8082-exec-2] INFO  c.z.f.b.operationlog.aspect.ApiOperationLogAspect - ====== 请求开始: [批量查询用户信息], 入参: {"ids":[100]}, 请求类: UserController, 请求方法: findByIds =================================== 
2025-10-14 14:29:13.383 [http-nio-8082-exec-2] INFO  c.z.f.b.operationlog.aspect.ApiOperationLogAspect - ====== 请求结束: [批量查询用户信息], 耗时: 3ms, 出参: {"success":true,"message":null,"errorCode":null,"data":[{"id":100,"nickName":"稚生","avatar":"https://my-xiaohongshu-oss.oss-cn-guangzhou.aliyuncs.com/ca709c5d72304bedbcf9ee14e4a3bcb2.jpg","introduction":"快乐法则🧼    轻松时刻🫧 "}]} =================================== 
2025-10-14 14:29:13.383 [http-nio-8082-exec-2] INFO  c.z.f.b.context.filter.HeaderUserId2ContextFilter - ===== 删除 ThreadLocal， userId: 100
2025-10-14 14:29:13.925 [http-nio-8082-exec-4] INFO  c.z.f.b.context.filter.HeaderUserId2ContextFilter - ## HeaderUserId2ContextFilter, 用户 ID: 100
2025-10-14 14:29:13.927 [http-nio-8082-exec-9] INFO  c.z.f.b.context.filter.HeaderUserId2ContextFilter - ## HeaderUserId2ContextFilter, 用户 ID: 100
2025-10-14 14:29:13.933 [http-nio-8082-exec-4] INFO  c.z.f.b.c.interceptor.FeignRequestInterceptor - ==> feign请求设置请求头 userId: 100
2025-10-14 14:29:13.933 [http-nio-8082-exec-9] INFO  c.z.f.b.c.interceptor.FeignRequestInterceptor - ==> feign请求设置请求头 userId: 100
2025-10-14 14:29:13.943 [http-nio-8082-exec-9] INFO  c.z.f.b.context.filter.HeaderUserId2ContextFilter - ===== 删除 ThreadLocal， userId: 100
2025-10-14 14:29:13.943 [http-nio-8082-exec-4] INFO  c.z.f.b.context.filter.HeaderUserId2ContextFilter - ===== 删除 ThreadLocal， userId: 100
2025-10-14 14:29:13.970 [http-nio-8082-exec-3] INFO  c.z.f.b.context.filter.HeaderUserId2ContextFilter - ## HeaderUserId2ContextFilter, 用户 ID: 100
2025-10-14 14:29:13.970 [http-nio-8082-exec-5] INFO  c.z.f.b.context.filter.HeaderUserId2ContextFilter - ## HeaderUserId2ContextFilter, 用户 ID: 100
2025-10-14 14:29:13.971 [http-nio-8082-exec-3] INFO  c.z.f.b.operationlog.aspect.ApiOperationLogAspect - ====== 请求开始: [批量查询用户信息], 入参: {"ids":[100]}, 请求类: UserController, 请求方法: findByIds =================================== 
2025-10-14 14:29:13.971 [http-nio-8082-exec-5] INFO  c.z.f.b.operationlog.aspect.ApiOperationLogAspect - ====== 请求开始: [批量查询用户信息], 入参: {"ids":[100]}, 请求类: UserController, 请求方法: findByIds =================================== 
2025-10-14 14:29:13.973 [http-nio-8082-exec-5] INFO  c.z.f.b.operationlog.aspect.ApiOperationLogAspect - ====== 请求结束: [批量查询用户信息], 耗时: 2ms, 出参: {"success":true,"message":null,"errorCode":null,"data":[{"id":100,"nickName":"稚生","avatar":"https://my-xiaohongshu-oss.oss-cn-guangzhou.aliyuncs.com/ca709c5d72304bedbcf9ee14e4a3bcb2.jpg","introduction":"快乐法则🧼    轻松时刻🫧 "}]} =================================== 
2025-10-14 14:29:13.973 [http-nio-8082-exec-3] INFO  c.z.f.b.operationlog.aspect.ApiOperationLogAspect - ====== 请求结束: [批量查询用户信息], 耗时: 2ms, 出参: {"success":true,"message":null,"errorCode":null,"data":[{"id":100,"nickName":"稚生","avatar":"https://my-xiaohongshu-oss.oss-cn-guangzhou.aliyuncs.com/ca709c5d72304bedbcf9ee14e4a3bcb2.jpg","introduction":"快乐法则🧼    轻松时刻🫧 "}]} =================================== 
2025-10-14 14:29:13.974 [http-nio-8082-exec-5] INFO  c.z.f.b.context.filter.HeaderUserId2ContextFilter - ===== 删除 ThreadLocal， userId: 100
2025-10-14 14:29:13.974 [http-nio-8082-exec-3] INFO  c.z.f.b.context.filter.HeaderUserId2ContextFilter - ===== 删除 ThreadLocal， userId: 100
2025-10-14 14:29:14.880 [http-nio-8082-exec-6] INFO  c.z.f.b.context.filter.HeaderUserId2ContextFilter - ## HeaderUserId2ContextFilter, 用户 ID: 100
2025-10-14 14:29:14.882 [http-nio-8082-exec-6] INFO  c.z.f.b.operationlog.aspect.ApiOperationLogAspect - ====== 请求开始: [批量查询用户信息], 入参: {"ids":[100]}, 请求类: UserController, 请求方法: findByIds =================================== 
2025-10-14 14:29:14.884 [http-nio-8082-exec-6] INFO  c.z.f.b.operationlog.aspect.ApiOperationLogAspect - ====== 请求结束: [批量查询用户信息], 耗时: 2ms, 出参: {"success":true,"message":null,"errorCode":null,"data":[{"id":100,"nickName":"稚生","avatar":"https://my-xiaohongshu-oss.oss-cn-guangzhou.aliyuncs.com/ca709c5d72304bedbcf9ee14e4a3bcb2.jpg","introduction":"快乐法则🧼    轻松时刻🫧 "}]} =================================== 
2025-10-14 14:29:14.884 [http-nio-8082-exec-6] INFO  c.z.f.b.context.filter.HeaderUserId2ContextFilter - ===== 删除 ThreadLocal， userId: 100
2025-10-14 14:29:16.101 [http-nio-8082-exec-7] INFO  c.z.f.b.context.filter.HeaderUserId2ContextFilter - ## HeaderUserId2ContextFilter, 用户 ID: 100
2025-10-14 14:29:16.102 [http-nio-8082-exec-10] INFO  c.z.f.b.context.filter.HeaderUserId2ContextFilter - ## HeaderUserId2ContextFilter, 用户 ID: 100
2025-10-14 14:29:16.104 [http-nio-8082-exec-10] INFO  c.z.f.b.c.interceptor.FeignRequestInterceptor - ==> feign请求设置请求头 userId: 100
2025-10-14 14:29:16.104 [http-nio-8082-exec-7] INFO  c.z.f.b.c.interceptor.FeignRequestInterceptor - ==> feign请求设置请求头 userId: 100
2025-10-14 14:29:16.112 [http-nio-8082-exec-7] INFO  c.z.f.b.context.filter.HeaderUserId2ContextFilter - ===== 删除 ThreadLocal， userId: 100
2025-10-14 14:29:16.112 [http-nio-8082-exec-10] INFO  c.z.f.b.context.filter.HeaderUserId2ContextFilter - ===== 删除 ThreadLocal， userId: 100
2025-10-14 14:29:16.135 [http-nio-8082-exec-8] INFO  c.z.f.b.context.filter.HeaderUserId2ContextFilter - ## HeaderUserId2ContextFilter, 用户 ID: 100
2025-10-14 14:29:16.135 [http-nio-8082-exec-1] INFO  c.z.f.b.context.filter.HeaderUserId2ContextFilter - ## HeaderUserId2ContextFilter, 用户 ID: 100
2025-10-14 14:29:16.136 [http-nio-8082-exec-1] INFO  c.z.f.b.operationlog.aspect.ApiOperationLogAspect - ====== 请求开始: [批量查询用户信息], 入参: {"ids":[100]}, 请求类: UserController, 请求方法: findByIds =================================== 
2025-10-14 14:29:16.136 [http-nio-8082-exec-8] INFO  c.z.f.b.operationlog.aspect.ApiOperationLogAspect - ====== 请求开始: [批量查询用户信息], 入参: {"ids":[100]}, 请求类: UserController, 请求方法: findByIds =================================== 
2025-10-14 14:29:16.138 [http-nio-8082-exec-8] INFO  c.z.f.b.operationlog.aspect.ApiOperationLogAspect - ====== 请求结束: [批量查询用户信息], 耗时: 1ms, 出参: {"success":true,"message":null,"errorCode":null,"data":[{"id":100,"nickName":"稚生","avatar":"https://my-xiaohongshu-oss.oss-cn-guangzhou.aliyuncs.com/ca709c5d72304bedbcf9ee14e4a3bcb2.jpg","introduction":"快乐法则🧼    轻松时刻🫧 "}]} =================================== 
2025-10-14 14:29:16.138 [http-nio-8082-exec-1] INFO  c.z.f.b.operationlog.aspect.ApiOperationLogAspect - ====== 请求结束: [批量查询用户信息], 耗时: 1ms, 出参: {"success":true,"message":null,"errorCode":null,"data":[{"id":100,"nickName":"稚生","avatar":"https://my-xiaohongshu-oss.oss-cn-guangzhou.aliyuncs.com/ca709c5d72304bedbcf9ee14e4a3bcb2.jpg","introduction":"快乐法则🧼    轻松时刻🫧 "}]} =================================== 
2025-10-14 14:29:16.138 [http-nio-8082-exec-1] INFO  c.z.f.b.context.filter.HeaderUserId2ContextFilter - ===== 删除 ThreadLocal， userId: 100
2025-10-14 14:29:16.138 [http-nio-8082-exec-8] INFO  c.z.f.b.context.filter.HeaderUserId2ContextFilter - ===== 删除 ThreadLocal， userId: 100
2025-10-14 14:29:17.092 [http-nio-8082-exec-2] INFO  c.z.f.b.context.filter.HeaderUserId2ContextFilter - ## HeaderUserId2ContextFilter, 用户 ID: 100
2025-10-14 14:29:17.094 [http-nio-8082-exec-2] INFO  c.z.f.b.operationlog.aspect.ApiOperationLogAspect - ====== 请求开始: [批量查询用户信息], 入参: {"ids":[100]}, 请求类: UserController, 请求方法: findByIds =================================== 
2025-10-14 14:29:17.097 [http-nio-8082-exec-2] INFO  c.z.f.b.operationlog.aspect.ApiOperationLogAspect - ====== 请求结束: [批量查询用户信息], 耗时: 2ms, 出参: {"success":true,"message":null,"errorCode":null,"data":[{"id":100,"nickName":"稚生","avatar":"https://my-xiaohongshu-oss.oss-cn-guangzhou.aliyuncs.com/ca709c5d72304bedbcf9ee14e4a3bcb2.jpg","introduction":"快乐法则🧼    轻松时刻🫧 "}]} =================================== 
2025-10-14 14:29:17.097 [http-nio-8082-exec-2] INFO  c.z.f.b.context.filter.HeaderUserId2ContextFilter - ===== 删除 ThreadLocal， userId: 100
2025-10-14 14:29:17.542 [http-nio-8082-exec-9] INFO  c.z.f.b.context.filter.HeaderUserId2ContextFilter - ## HeaderUserId2ContextFilter, 用户 ID: 100
2025-10-14 14:29:17.544 [http-nio-8082-exec-9] INFO  c.z.f.b.c.interceptor.FeignRequestInterceptor - ==> feign请求设置请求头 userId: 100
2025-10-14 14:29:17.546 [http-nio-8082-exec-4] INFO  c.z.f.b.context.filter.HeaderUserId2ContextFilter - ## HeaderUserId2ContextFilter, 用户 ID: 100
2025-10-14 14:29:17.549 [http-nio-8082-exec-4] INFO  c.z.f.b.c.interceptor.FeignRequestInterceptor - ==> feign请求设置请求头 userId: 100
2025-10-14 14:29:17.553 [http-nio-8082-exec-9] INFO  c.z.f.b.context.filter.HeaderUserId2ContextFilter - ===== 删除 ThreadLocal， userId: 100
2025-10-14 14:29:17.558 [http-nio-8082-exec-4] INFO  c.z.f.b.context.filter.HeaderUserId2ContextFilter - ===== 删除 ThreadLocal， userId: 100
2025-10-14 14:29:17.579 [http-nio-8082-exec-5] INFO  c.z.f.b.context.filter.HeaderUserId2ContextFilter - ## HeaderUserId2ContextFilter, 用户 ID: 100
2025-10-14 14:29:17.580 [http-nio-8082-exec-5] INFO  c.z.f.b.operationlog.aspect.ApiOperationLogAspect - ====== 请求开始: [批量查询用户信息], 入参: {"ids":[100]}, 请求类: UserController, 请求方法: findByIds =================================== 
2025-10-14 14:29:17.581 [http-nio-8082-exec-5] INFO  c.z.f.b.operationlog.aspect.ApiOperationLogAspect - ====== 请求结束: [批量查询用户信息], 耗时: 1ms, 出参: {"success":true,"message":null,"errorCode":null,"data":[{"id":100,"nickName":"稚生","avatar":"https://my-xiaohongshu-oss.oss-cn-guangzhou.aliyuncs.com/ca709c5d72304bedbcf9ee14e4a3bcb2.jpg","introduction":"快乐法则🧼    轻松时刻🫧 "}]} =================================== 
2025-10-14 14:29:17.582 [http-nio-8082-exec-5] INFO  c.z.f.b.context.filter.HeaderUserId2ContextFilter - ===== 删除 ThreadLocal， userId: 100
2025-10-14 14:29:17.583 [http-nio-8082-exec-3] INFO  c.z.f.b.context.filter.HeaderUserId2ContextFilter - ## HeaderUserId2ContextFilter, 用户 ID: 100
2025-10-14 14:29:17.583 [http-nio-8082-exec-3] INFO  c.z.f.b.operationlog.aspect.ApiOperationLogAspect - ====== 请求开始: [批量查询用户信息], 入参: {"ids":[100]}, 请求类: UserController, 请求方法: findByIds =================================== 
2025-10-14 14:29:17.585 [http-nio-8082-exec-3] INFO  c.z.f.b.operationlog.aspect.ApiOperationLogAspect - ====== 请求结束: [批量查询用户信息], 耗时: 2ms, 出参: {"success":true,"message":null,"errorCode":null,"data":[{"id":100,"nickName":"稚生","avatar":"https://my-xiaohongshu-oss.oss-cn-guangzhou.aliyuncs.com/ca709c5d72304bedbcf9ee14e4a3bcb2.jpg","introduction":"快乐法则🧼    轻松时刻🫧 "}]} =================================== 
2025-10-14 14:29:17.586 [http-nio-8082-exec-3] INFO  c.z.f.b.context.filter.HeaderUserId2ContextFilter - ===== 删除 ThreadLocal， userId: 100
2025-10-14 14:29:18.531 [http-nio-8082-exec-6] INFO  c.z.f.b.context.filter.HeaderUserId2ContextFilter - ## HeaderUserId2ContextFilter, 用户 ID: 100
2025-10-14 14:29:18.532 [http-nio-8082-exec-6] INFO  c.z.f.b.operationlog.aspect.ApiOperationLogAspect - ====== 请求开始: [批量查询用户信息], 入参: {"ids":[100]}, 请求类: UserController, 请求方法: findByIds =================================== 
2025-10-14 14:29:18.533 [http-nio-8082-exec-6] INFO  c.z.f.b.operationlog.aspect.ApiOperationLogAspect - ====== 请求结束: [批量查询用户信息], 耗时: 1ms, 出参: {"success":true,"message":null,"errorCode":null,"data":[{"id":100,"nickName":"稚生","avatar":"https://my-xiaohongshu-oss.oss-cn-guangzhou.aliyuncs.com/ca709c5d72304bedbcf9ee14e4a3bcb2.jpg","introduction":"快乐法则🧼    轻松时刻🫧 "}]} =================================== 
2025-10-14 14:29:18.534 [http-nio-8082-exec-6] INFO  c.z.f.b.context.filter.HeaderUserId2ContextFilter - ===== 删除 ThreadLocal， userId: 100
2025-10-14 14:29:18.969 [http-nio-8082-exec-7] INFO  c.z.f.b.context.filter.HeaderUserId2ContextFilter - ## HeaderUserId2ContextFilter, 用户 ID: 100
2025-10-14 14:29:18.971 [http-nio-8082-exec-10] INFO  c.z.f.b.context.filter.HeaderUserId2ContextFilter - ## HeaderUserId2ContextFilter, 用户 ID: 100
2025-10-14 14:29:18.972 [http-nio-8082-exec-7] INFO  c.z.f.b.c.interceptor.FeignRequestInterceptor - ==> feign请求设置请求头 userId: 100
2025-10-14 14:29:18.975 [http-nio-8082-exec-10] INFO  c.z.f.b.c.interceptor.FeignRequestInterceptor - ==> feign请求设置请求头 userId: 100
2025-10-14 14:29:18.981 [http-nio-8082-exec-7] INFO  c.z.f.b.context.filter.HeaderUserId2ContextFilter - ===== 删除 ThreadLocal， userId: 100
2025-10-14 14:29:18.986 [http-nio-8082-exec-10] INFO  c.z.f.b.context.filter.HeaderUserId2ContextFilter - ===== 删除 ThreadLocal， userId: 100
2025-10-14 14:29:19.007 [http-nio-8082-exec-8] INFO  c.z.f.b.context.filter.HeaderUserId2ContextFilter - ## HeaderUserId2ContextFilter, 用户 ID: 100
2025-10-14 14:29:19.007 [http-nio-8082-exec-1] INFO  c.z.f.b.context.filter.HeaderUserId2ContextFilter - ## HeaderUserId2ContextFilter, 用户 ID: 100
2025-10-14 14:29:19.008 [http-nio-8082-exec-8] INFO  c.z.f.b.operationlog.aspect.ApiOperationLogAspect - ====== 请求开始: [批量查询用户信息], 入参: {"ids":[100]}, 请求类: UserController, 请求方法: findByIds =================================== 
2025-10-14 14:29:19.008 [http-nio-8082-exec-1] INFO  c.z.f.b.operationlog.aspect.ApiOperationLogAspect - ====== 请求开始: [批量查询用户信息], 入参: {"ids":[100]}, 请求类: UserController, 请求方法: findByIds =================================== 
2025-10-14 14:29:19.010 [http-nio-8082-exec-8] INFO  c.z.f.b.operationlog.aspect.ApiOperationLogAspect - ====== 请求结束: [批量查询用户信息], 耗时: 2ms, 出参: {"success":true,"message":null,"errorCode":null,"data":[{"id":100,"nickName":"稚生","avatar":"https://my-xiaohongshu-oss.oss-cn-guangzhou.aliyuncs.com/ca709c5d72304bedbcf9ee14e4a3bcb2.jpg","introduction":"快乐法则🧼    轻松时刻🫧 "}]} =================================== 
2025-10-14 14:29:19.010 [http-nio-8082-exec-1] INFO  c.z.f.b.operationlog.aspect.ApiOperationLogAspect - ====== 请求结束: [批量查询用户信息], 耗时: 2ms, 出参: {"success":true,"message":null,"errorCode":null,"data":[{"id":100,"nickName":"稚生","avatar":"https://my-xiaohongshu-oss.oss-cn-guangzhou.aliyuncs.com/ca709c5d72304bedbcf9ee14e4a3bcb2.jpg","introduction":"快乐法则🧼    轻松时刻🫧 "}]} =================================== 
2025-10-14 14:29:19.010 [http-nio-8082-exec-8] INFO  c.z.f.b.context.filter.HeaderUserId2ContextFilter - ===== 删除 ThreadLocal， userId: 100
2025-10-14 14:29:19.010 [http-nio-8082-exec-1] INFO  c.z.f.b.context.filter.HeaderUserId2ContextFilter - ===== 删除 ThreadLocal， userId: 100
2025-10-14 14:29:20.015 [http-nio-8082-exec-2] INFO  c.z.f.b.context.filter.HeaderUserId2ContextFilter - ## HeaderUserId2ContextFilter, 用户 ID: 100
2025-10-14 14:29:20.016 [http-nio-8082-exec-2] INFO  c.z.f.b.operationlog.aspect.ApiOperationLogAspect - ====== 请求开始: [批量查询用户信息], 入参: {"ids":[100]}, 请求类: UserController, 请求方法: findByIds =================================== 
2025-10-14 14:29:20.018 [http-nio-8082-exec-2] INFO  c.z.f.b.operationlog.aspect.ApiOperationLogAspect - ====== 请求结束: [批量查询用户信息], 耗时: 2ms, 出参: {"success":true,"message":null,"errorCode":null,"data":[{"id":100,"nickName":"稚生","avatar":"https://my-xiaohongshu-oss.oss-cn-guangzhou.aliyuncs.com/ca709c5d72304bedbcf9ee14e4a3bcb2.jpg","introduction":"快乐法则🧼    轻松时刻🫧 "}]} =================================== 
2025-10-14 14:29:20.019 [http-nio-8082-exec-2] INFO  c.z.f.b.context.filter.HeaderUserId2ContextFilter - ===== 删除 ThreadLocal， userId: 100
2025-10-14 14:29:20.522 [http-nio-8082-exec-9] INFO  c.z.f.b.context.filter.HeaderUserId2ContextFilter - ## HeaderUserId2ContextFilter, 用户 ID: 100
2025-10-14 14:29:20.525 [http-nio-8082-exec-9] INFO  c.z.f.b.c.interceptor.FeignRequestInterceptor - ==> feign请求设置请求头 userId: 100
2025-10-14 14:29:20.526 [http-nio-8082-exec-4] INFO  c.z.f.b.context.filter.HeaderUserId2ContextFilter - ## HeaderUserId2ContextFilter, 用户 ID: 100
2025-10-14 14:29:20.528 [http-nio-8082-exec-4] INFO  c.z.f.b.c.interceptor.FeignRequestInterceptor - ==> feign请求设置请求头 userId: 100
2025-10-14 14:29:20.537 [http-nio-8082-exec-4] INFO  c.z.f.b.context.filter.HeaderUserId2ContextFilter - ===== 删除 ThreadLocal， userId: 100
2025-10-14 14:29:20.537 [http-nio-8082-exec-9] INFO  c.z.f.b.context.filter.HeaderUserId2ContextFilter - ===== 删除 ThreadLocal， userId: 100
2025-10-14 14:29:20.562 [http-nio-8082-exec-3] INFO  c.z.f.b.context.filter.HeaderUserId2ContextFilter - ## HeaderUserId2ContextFilter, 用户 ID: 100
2025-10-14 14:29:20.562 [http-nio-8082-exec-5] INFO  c.z.f.b.context.filter.HeaderUserId2ContextFilter - ## HeaderUserId2ContextFilter, 用户 ID: 100
2025-10-14 14:29:20.562 [http-nio-8082-exec-3] INFO  c.z.f.b.operationlog.aspect.ApiOperationLogAspect - ====== 请求开始: [批量查询用户信息], 入参: {"ids":[100]}, 请求类: UserController, 请求方法: findByIds =================================== 
2025-10-14 14:29:20.562 [http-nio-8082-exec-5] INFO  c.z.f.b.operationlog.aspect.ApiOperationLogAspect - ====== 请求开始: [批量查询用户信息], 入参: {"ids":[100]}, 请求类: UserController, 请求方法: findByIds =================================== 
2025-10-14 14:29:20.565 [http-nio-8082-exec-5] INFO  c.z.f.b.operationlog.aspect.ApiOperationLogAspect - ====== 请求结束: [批量查询用户信息], 耗时: 3ms, 出参: {"success":true,"message":null,"errorCode":null,"data":[{"id":100,"nickName":"稚生","avatar":"https://my-xiaohongshu-oss.oss-cn-guangzhou.aliyuncs.com/ca709c5d72304bedbcf9ee14e4a3bcb2.jpg","introduction":"快乐法则🧼    轻松时刻🫧 "}]} =================================== 
2025-10-14 14:29:20.565 [http-nio-8082-exec-3] INFO  c.z.f.b.operationlog.aspect.ApiOperationLogAspect - ====== 请求结束: [批量查询用户信息], 耗时: 3ms, 出参: {"success":true,"message":null,"errorCode":null,"data":[{"id":100,"nickName":"稚生","avatar":"https://my-xiaohongshu-oss.oss-cn-guangzhou.aliyuncs.com/ca709c5d72304bedbcf9ee14e4a3bcb2.jpg","introduction":"快乐法则🧼    轻松时刻🫧 "}]} =================================== 
2025-10-14 14:29:20.566 [http-nio-8082-exec-5] INFO  c.z.f.b.context.filter.HeaderUserId2ContextFilter - ===== 删除 ThreadLocal， userId: 100
2025-10-14 14:29:20.566 [http-nio-8082-exec-3] INFO  c.z.f.b.context.filter.HeaderUserId2ContextFilter - ===== 删除 ThreadLocal， userId: 100
2025-10-14 14:29:21.518 [http-nio-8082-exec-6] INFO  c.z.f.b.context.filter.HeaderUserId2ContextFilter - ## HeaderUserId2ContextFilter, 用户 ID: 100
2025-10-14 14:29:21.518 [http-nio-8082-exec-6] INFO  c.z.f.b.operationlog.aspect.ApiOperationLogAspect - ====== 请求开始: [批量查询用户信息], 入参: {"ids":[100]}, 请求类: UserController, 请求方法: findByIds =================================== 
2025-10-14 14:29:21.520 [http-nio-8082-exec-6] INFO  c.z.f.b.operationlog.aspect.ApiOperationLogAspect - ====== 请求结束: [批量查询用户信息], 耗时: 2ms, 出参: {"success":true,"message":null,"errorCode":null,"data":[{"id":100,"nickName":"稚生","avatar":"https://my-xiaohongshu-oss.oss-cn-guangzhou.aliyuncs.com/ca709c5d72304bedbcf9ee14e4a3bcb2.jpg","introduction":"快乐法则🧼    轻松时刻🫧 "}]} =================================== 
2025-10-14 14:29:21.521 [http-nio-8082-exec-6] INFO  c.z.f.b.context.filter.HeaderUserId2ContextFilter - ===== 删除 ThreadLocal， userId: 100
2025-10-14 14:29:21.940 [http-nio-8082-exec-7] INFO  c.z.f.b.context.filter.HeaderUserId2ContextFilter - ## HeaderUserId2ContextFilter, 用户 ID: 100
2025-10-14 14:29:21.940 [http-nio-8082-exec-10] INFO  c.z.f.b.context.filter.HeaderUserId2ContextFilter - ## HeaderUserId2ContextFilter, 用户 ID: 100
2025-10-14 14:29:21.944 [http-nio-8082-exec-7] INFO  c.z.f.b.c.interceptor.FeignRequestInterceptor - ==> feign请求设置请求头 userId: 100
2025-10-14 14:29:21.944 [http-nio-8082-exec-10] INFO  c.z.f.b.c.interceptor.FeignRequestInterceptor - ==> feign请求设置请求头 userId: 100
2025-10-14 14:29:21.952 [http-nio-8082-exec-7] INFO  c.z.f.b.context.filter.HeaderUserId2ContextFilter - ===== 删除 ThreadLocal， userId: 100
2025-10-14 14:29:21.952 [http-nio-8082-exec-10] INFO  c.z.f.b.context.filter.HeaderUserId2ContextFilter - ===== 删除 ThreadLocal， userId: 100
2025-10-14 14:29:21.986 [http-nio-8082-exec-1] INFO  c.z.f.b.context.filter.HeaderUserId2ContextFilter - ## HeaderUserId2ContextFilter, 用户 ID: 100
2025-10-14 14:29:21.986 [http-nio-8082-exec-8] INFO  c.z.f.b.context.filter.HeaderUserId2ContextFilter - ## HeaderUserId2ContextFilter, 用户 ID: 100
2025-10-14 14:29:21.986 [http-nio-8082-exec-8] INFO  c.z.f.b.operationlog.aspect.ApiOperationLogAspect - ====== 请求开始: [批量查询用户信息], 入参: {"ids":[100]}, 请求类: UserController, 请求方法: findByIds =================================== 
2025-10-14 14:29:21.986 [http-nio-8082-exec-1] INFO  c.z.f.b.operationlog.aspect.ApiOperationLogAspect - ====== 请求开始: [批量查询用户信息], 入参: {"ids":[100]}, 请求类: UserController, 请求方法: findByIds =================================== 
2025-10-14 14:29:21.988 [http-nio-8082-exec-1] INFO  c.z.f.b.operationlog.aspect.ApiOperationLogAspect - ====== 请求结束: [批量查询用户信息], 耗时: 2ms, 出参: {"success":true,"message":null,"errorCode":null,"data":[{"id":100,"nickName":"稚生","avatar":"https://my-xiaohongshu-oss.oss-cn-guangzhou.aliyuncs.com/ca709c5d72304bedbcf9ee14e4a3bcb2.jpg","introduction":"快乐法则🧼    轻松时刻🫧 "}]} =================================== 
2025-10-14 14:29:21.988 [http-nio-8082-exec-8] INFO  c.z.f.b.operationlog.aspect.ApiOperationLogAspect - ====== 请求结束: [批量查询用户信息], 耗时: 2ms, 出参: {"success":true,"message":null,"errorCode":null,"data":[{"id":100,"nickName":"稚生","avatar":"https://my-xiaohongshu-oss.oss-cn-guangzhou.aliyuncs.com/ca709c5d72304bedbcf9ee14e4a3bcb2.jpg","introduction":"快乐法则🧼    轻松时刻🫧 "}]} =================================== 
2025-10-14 14:29:21.989 [http-nio-8082-exec-1] INFO  c.z.f.b.context.filter.HeaderUserId2ContextFilter - ===== 删除 ThreadLocal， userId: 100
2025-10-14 14:29:21.989 [http-nio-8082-exec-8] INFO  c.z.f.b.context.filter.HeaderUserId2ContextFilter - ===== 删除 ThreadLocal， userId: 100
2025-10-14 14:29:22.854 [http-nio-8082-exec-2] INFO  c.z.f.b.context.filter.HeaderUserId2ContextFilter - ## HeaderUserId2ContextFilter, 用户 ID: 100
2025-10-14 14:29:22.856 [http-nio-8082-exec-2] INFO  c.z.f.b.operationlog.aspect.ApiOperationLogAspect - ====== 请求开始: [批量查询用户信息], 入参: {"ids":[100]}, 请求类: UserController, 请求方法: findByIds =================================== 
2025-10-14 14:29:22.858 [http-nio-8082-exec-2] INFO  c.z.f.b.operationlog.aspect.ApiOperationLogAspect - ====== 请求结束: [批量查询用户信息], 耗时: 2ms, 出参: {"success":true,"message":null,"errorCode":null,"data":[{"id":100,"nickName":"稚生","avatar":"https://my-xiaohongshu-oss.oss-cn-guangzhou.aliyuncs.com/ca709c5d72304bedbcf9ee14e4a3bcb2.jpg","introduction":"快乐法则🧼    轻松时刻🫧 "}]} =================================== 
2025-10-14 14:29:22.859 [http-nio-8082-exec-2] INFO  c.z.f.b.context.filter.HeaderUserId2ContextFilter - ===== 删除 ThreadLocal， userId: 100
2025-10-14 14:29:23.350 [http-nio-8082-exec-9] INFO  c.z.f.b.context.filter.HeaderUserId2ContextFilter - ## HeaderUserId2ContextFilter, 用户 ID: 100
2025-10-14 14:29:23.353 [http-nio-8082-exec-9] INFO  c.z.f.b.c.interceptor.FeignRequestInterceptor - ==> feign请求设置请求头 userId: 100
2025-10-14 14:29:23.354 [http-nio-8082-exec-4] INFO  c.z.f.b.context.filter.HeaderUserId2ContextFilter - ## HeaderUserId2ContextFilter, 用户 ID: 100
2025-10-14 14:29:23.357 [http-nio-8082-exec-4] INFO  c.z.f.b.c.interceptor.FeignRequestInterceptor - ==> feign请求设置请求头 userId: 100
2025-10-14 14:29:23.364 [http-nio-8082-exec-9] INFO  c.z.f.b.context.filter.HeaderUserId2ContextFilter - ===== 删除 ThreadLocal， userId: 100
2025-10-14 14:29:23.365 [http-nio-8082-exec-4] INFO  c.z.f.b.context.filter.HeaderUserId2ContextFilter - ===== 删除 ThreadLocal， userId: 100
2025-10-14 14:29:23.386 [http-nio-8082-exec-5] INFO  c.z.f.b.context.filter.HeaderUserId2ContextFilter - ## HeaderUserId2ContextFilter, 用户 ID: 100
2025-10-14 14:29:23.386 [http-nio-8082-exec-5] INFO  c.z.f.b.operationlog.aspect.ApiOperationLogAspect - ====== 请求开始: [批量查询用户信息], 入参: {"ids":[100]}, 请求类: UserController, 请求方法: findByIds =================================== 
2025-10-14 14:29:23.388 [http-nio-8082-exec-3] INFO  c.z.f.b.context.filter.HeaderUserId2ContextFilter - ## HeaderUserId2ContextFilter, 用户 ID: 100
2025-10-14 14:29:23.389 [http-nio-8082-exec-5] INFO  c.z.f.b.operationlog.aspect.ApiOperationLogAspect - ====== 请求结束: [批量查询用户信息], 耗时: 2ms, 出参: {"success":true,"message":null,"errorCode":null,"data":[{"id":100,"nickName":"稚生","avatar":"https://my-xiaohongshu-oss.oss-cn-guangzhou.aliyuncs.com/ca709c5d72304bedbcf9ee14e4a3bcb2.jpg","introduction":"快乐法则🧼    轻松时刻🫧 "}]} =================================== 
2025-10-14 14:29:23.389 [http-nio-8082-exec-3] INFO  c.z.f.b.operationlog.aspect.ApiOperationLogAspect - ====== 请求开始: [批量查询用户信息], 入参: {"ids":[100]}, 请求类: UserController, 请求方法: findByIds =================================== 
2025-10-14 14:29:23.390 [http-nio-8082-exec-5] INFO  c.z.f.b.context.filter.HeaderUserId2ContextFilter - ===== 删除 ThreadLocal， userId: 100
2025-10-14 14:29:23.390 [http-nio-8082-exec-3] INFO  c.z.f.b.operationlog.aspect.ApiOperationLogAspect - ====== 请求结束: [批量查询用户信息], 耗时: 2ms, 出参: {"success":true,"message":null,"errorCode":null,"data":[{"id":100,"nickName":"稚生","avatar":"https://my-xiaohongshu-oss.oss-cn-guangzhou.aliyuncs.com/ca709c5d72304bedbcf9ee14e4a3bcb2.jpg","introduction":"快乐法则🧼    轻松时刻🫧 "}]} =================================== 
2025-10-14 14:29:23.392 [http-nio-8082-exec-3] INFO  c.z.f.b.context.filter.HeaderUserId2ContextFilter - ===== 删除 ThreadLocal， userId: 100
2025-10-14 14:29:24.194 [http-nio-8082-exec-6] INFO  c.z.f.b.context.filter.HeaderUserId2ContextFilter - ## HeaderUserId2ContextFilter, 用户 ID: 100
2025-10-14 14:29:24.197 [http-nio-8082-exec-6] INFO  c.z.f.b.c.interceptor.FeignRequestInterceptor - ==> feign请求设置请求头 userId: 100
2025-10-14 14:29:24.198 [http-nio-8082-exec-7] INFO  c.z.f.b.context.filter.HeaderUserId2ContextFilter - ## HeaderUserId2ContextFilter, 用户 ID: 100
2025-10-14 14:29:24.201 [http-nio-8082-exec-7] INFO  c.z.f.b.c.interceptor.FeignRequestInterceptor - ==> feign请求设置请求头 userId: 100
2025-10-14 14:29:24.212 [http-nio-8082-exec-7] INFO  c.z.f.b.context.filter.HeaderUserId2ContextFilter - ===== 删除 ThreadLocal， userId: 100
2025-10-14 14:29:24.212 [http-nio-8082-exec-6] INFO  c.z.f.b.context.filter.HeaderUserId2ContextFilter - ===== 删除 ThreadLocal， userId: 100
2025-10-14 14:29:24.236 [http-nio-8082-exec-10] INFO  c.z.f.b.context.filter.HeaderUserId2ContextFilter - ## HeaderUserId2ContextFilter, 用户 ID: 100
2025-10-14 14:29:24.236 [http-nio-8082-exec-1] INFO  c.z.f.b.context.filter.HeaderUserId2ContextFilter - ## HeaderUserId2ContextFilter, 用户 ID: 100
2025-10-14 14:29:24.237 [http-nio-8082-exec-10] INFO  c.z.f.b.operationlog.aspect.ApiOperationLogAspect - ====== 请求开始: [批量查询用户信息], 入参: {"ids":[100]}, 请求类: UserController, 请求方法: findByIds =================================== 
2025-10-14 14:29:24.237 [http-nio-8082-exec-1] INFO  c.z.f.b.operationlog.aspect.ApiOperationLogAspect - ====== 请求开始: [批量查询用户信息], 入参: {"ids":[100]}, 请求类: UserController, 请求方法: findByIds =================================== 
2025-10-14 14:29:24.239 [http-nio-8082-exec-1] INFO  c.z.f.b.operationlog.aspect.ApiOperationLogAspect - ====== 请求结束: [批量查询用户信息], 耗时: 2ms, 出参: {"success":true,"message":null,"errorCode":null,"data":[{"id":100,"nickName":"稚生","avatar":"https://my-xiaohongshu-oss.oss-cn-guangzhou.aliyuncs.com/ca709c5d72304bedbcf9ee14e4a3bcb2.jpg","introduction":"快乐法则🧼    轻松时刻🫧 "}]} =================================== 
2025-10-14 14:29:24.239 [http-nio-8082-exec-10] INFO  c.z.f.b.operationlog.aspect.ApiOperationLogAspect - ====== 请求结束: [批量查询用户信息], 耗时: 2ms, 出参: {"success":true,"message":null,"errorCode":null,"data":[{"id":100,"nickName":"稚生","avatar":"https://my-xiaohongshu-oss.oss-cn-guangzhou.aliyuncs.com/ca709c5d72304bedbcf9ee14e4a3bcb2.jpg","introduction":"快乐法则🧼    轻松时刻🫧 "}]} =================================== 
2025-10-14 14:29:24.240 [http-nio-8082-exec-1] INFO  c.z.f.b.context.filter.HeaderUserId2ContextFilter - ===== 删除 ThreadLocal， userId: 100
2025-10-14 14:29:24.240 [http-nio-8082-exec-10] INFO  c.z.f.b.context.filter.HeaderUserId2ContextFilter - ===== 删除 ThreadLocal， userId: 100
2025-10-14 14:29:25.888 [http-nio-8082-exec-8] INFO  c.z.f.b.context.filter.HeaderUserId2ContextFilter - ## HeaderUserId2ContextFilter, 用户 ID: 100
2025-10-14 14:29:25.890 [http-nio-8082-exec-2] INFO  c.z.f.b.context.filter.HeaderUserId2ContextFilter - ## HeaderUserId2ContextFilter, 用户 ID: 100
2025-10-14 14:29:25.891 [http-nio-8082-exec-8] INFO  c.z.f.b.c.interceptor.FeignRequestInterceptor - ==> feign请求设置请求头 userId: 100
2025-10-14 14:29:25.893 [http-nio-8082-exec-2] INFO  c.z.f.b.c.interceptor.FeignRequestInterceptor - ==> feign请求设置请求头 userId: 100
2025-10-14 14:29:25.898 [http-nio-8082-exec-8] INFO  c.z.f.b.context.filter.HeaderUserId2ContextFilter - ===== 删除 ThreadLocal， userId: 100
2025-10-14 14:29:25.901 [http-nio-8082-exec-2] INFO  c.z.f.b.context.filter.HeaderUserId2ContextFilter - ===== 删除 ThreadLocal， userId: 100
2025-10-14 14:29:25.921 [http-nio-8082-exec-9] INFO  c.z.f.b.context.filter.HeaderUserId2ContextFilter - ## HeaderUserId2ContextFilter, 用户 ID: 100
2025-10-14 14:29:25.922 [http-nio-8082-exec-9] INFO  c.z.f.b.operationlog.aspect.ApiOperationLogAspect - ====== 请求开始: [批量查询用户信息], 入参: {"ids":[100]}, 请求类: UserController, 请求方法: findByIds =================================== 
2025-10-14 14:29:25.922 [http-nio-8082-exec-4] INFO  c.z.f.b.context.filter.HeaderUserId2ContextFilter - ## HeaderUserId2ContextFilter, 用户 ID: 100
2025-10-14 14:29:25.923 [http-nio-8082-exec-4] INFO  c.z.f.b.operationlog.aspect.ApiOperationLogAspect - ====== 请求开始: [批量查询用户信息], 入参: {"ids":[100]}, 请求类: UserController, 请求方法: findByIds =================================== 
2025-10-14 14:29:25.923 [http-nio-8082-exec-9] INFO  c.z.f.b.operationlog.aspect.ApiOperationLogAspect - ====== 请求结束: [批量查询用户信息], 耗时: 1ms, 出参: {"success":true,"message":null,"errorCode":null,"data":[{"id":100,"nickName":"稚生","avatar":"https://my-xiaohongshu-oss.oss-cn-guangzhou.aliyuncs.com/ca709c5d72304bedbcf9ee14e4a3bcb2.jpg","introduction":"快乐法则🧼    轻松时刻🫧 "}]} =================================== 
2025-10-14 14:29:25.924 [http-nio-8082-exec-9] INFO  c.z.f.b.context.filter.HeaderUserId2ContextFilter - ===== 删除 ThreadLocal， userId: 100
2025-10-14 14:29:25.925 [http-nio-8082-exec-4] INFO  c.z.f.b.operationlog.aspect.ApiOperationLogAspect - ====== 请求结束: [批量查询用户信息], 耗时: 2ms, 出参: {"success":true,"message":null,"errorCode":null,"data":[{"id":100,"nickName":"稚生","avatar":"https://my-xiaohongshu-oss.oss-cn-guangzhou.aliyuncs.com/ca709c5d72304bedbcf9ee14e4a3bcb2.jpg","introduction":"快乐法则🧼    轻松时刻🫧 "}]} =================================== 
2025-10-14 14:29:25.925 [http-nio-8082-exec-4] INFO  c.z.f.b.context.filter.HeaderUserId2ContextFilter - ===== 删除 ThreadLocal， userId: 100
2025-10-14 14:29:26.994 [http-nio-8082-exec-3] INFO  c.z.f.b.context.filter.HeaderUserId2ContextFilter - ## HeaderUserId2ContextFilter, 用户 ID: 100
2025-10-14 14:29:26.998 [http-nio-8082-exec-3] INFO  c.z.f.b.c.interceptor.FeignRequestInterceptor - ==> feign请求设置请求头 userId: 100
2025-10-14 14:29:26.999 [http-nio-8082-exec-5] INFO  c.z.f.b.context.filter.HeaderUserId2ContextFilter - ## HeaderUserId2ContextFilter, 用户 ID: 100
2025-10-14 14:29:27.004 [http-nio-8082-exec-5] INFO  c.z.f.b.c.interceptor.FeignRequestInterceptor - ==> feign请求设置请求头 userId: 100
2025-10-14 14:29:27.007 [http-nio-8082-exec-3] INFO  c.z.f.b.context.filter.HeaderUserId2ContextFilter - ===== 删除 ThreadLocal， userId: 100
2025-10-14 14:29:27.015 [http-nio-8082-exec-5] INFO  c.z.f.b.context.filter.HeaderUserId2ContextFilter - ===== 删除 ThreadLocal， userId: 100
2025-10-14 14:29:27.030 [http-nio-8082-exec-6] INFO  c.z.f.b.context.filter.HeaderUserId2ContextFilter - ## HeaderUserId2ContextFilter, 用户 ID: 100
2025-10-14 14:29:27.032 [http-nio-8082-exec-6] INFO  c.z.f.b.operationlog.aspect.ApiOperationLogAspect - ====== 请求开始: [批量查询用户信息], 入参: {"ids":[100]}, 请求类: UserController, 请求方法: findByIds =================================== 
2025-10-14 14:29:27.034 [http-nio-8082-exec-6] INFO  c.z.f.b.operationlog.aspect.ApiOperationLogAspect - ====== 请求结束: [批量查询用户信息], 耗时: 2ms, 出参: {"success":true,"message":null,"errorCode":null,"data":[{"id":100,"nickName":"稚生","avatar":"https://my-xiaohongshu-oss.oss-cn-guangzhou.aliyuncs.com/ca709c5d72304bedbcf9ee14e4a3bcb2.jpg","introduction":"快乐法则🧼    轻松时刻🫧 "}]} =================================== 
2025-10-14 14:29:27.034 [http-nio-8082-exec-6] INFO  c.z.f.b.context.filter.HeaderUserId2ContextFilter - ===== 删除 ThreadLocal， userId: 100
2025-10-14 14:29:27.035 [http-nio-8082-exec-7] INFO  c.z.f.b.context.filter.HeaderUserId2ContextFilter - ## HeaderUserId2ContextFilter, 用户 ID: 100
2025-10-14 14:29:27.035 [http-nio-8082-exec-7] INFO  c.z.f.b.operationlog.aspect.ApiOperationLogAspect - ====== 请求开始: [批量查询用户信息], 入参: {"ids":[100]}, 请求类: UserController, 请求方法: findByIds =================================== 
2025-10-14 14:29:27.038 [http-nio-8082-exec-7] INFO  c.z.f.b.operationlog.aspect.ApiOperationLogAspect - ====== 请求结束: [批量查询用户信息], 耗时: 3ms, 出参: {"success":true,"message":null,"errorCode":null,"data":[{"id":100,"nickName":"稚生","avatar":"https://my-xiaohongshu-oss.oss-cn-guangzhou.aliyuncs.com/ca709c5d72304bedbcf9ee14e4a3bcb2.jpg","introduction":"快乐法则🧼    轻松时刻🫧 "}]} =================================== 
2025-10-14 14:29:27.039 [http-nio-8082-exec-7] INFO  c.z.f.b.context.filter.HeaderUserId2ContextFilter - ===== 删除 ThreadLocal， userId: 100
2025-10-14 14:29:28.072 [http-nio-8082-exec-1] INFO  c.z.f.b.context.filter.HeaderUserId2ContextFilter - ## HeaderUserId2ContextFilter, 用户 ID: 100
2025-10-14 14:29:28.074 [http-nio-8082-exec-1] INFO  c.z.f.b.c.interceptor.FeignRequestInterceptor - ==> feign请求设置请求头 userId: 100
2025-10-14 14:29:28.075 [http-nio-8082-exec-10] INFO  c.z.f.b.context.filter.HeaderUserId2ContextFilter - ## HeaderUserId2ContextFilter, 用户 ID: 100
2025-10-14 14:29:28.077 [http-nio-8082-exec-10] INFO  c.z.f.b.c.interceptor.FeignRequestInterceptor - ==> feign请求设置请求头 userId: 100
2025-10-14 14:29:28.084 [http-nio-8082-exec-1] INFO  c.z.f.b.context.filter.HeaderUserId2ContextFilter - ===== 删除 ThreadLocal， userId: 100
2025-10-14 14:29:28.085 [http-nio-8082-exec-10] INFO  c.z.f.b.context.filter.HeaderUserId2ContextFilter - ===== 删除 ThreadLocal， userId: 100
2025-10-14 14:29:28.107 [http-nio-8082-exec-8] INFO  c.z.f.b.context.filter.HeaderUserId2ContextFilter - ## HeaderUserId2ContextFilter, 用户 ID: 100
2025-10-14 14:29:28.108 [http-nio-8082-exec-8] INFO  c.z.f.b.operationlog.aspect.ApiOperationLogAspect - ====== 请求开始: [批量查询用户信息], 入参: {"ids":[100]}, 请求类: UserController, 请求方法: findByIds =================================== 
2025-10-14 14:29:28.109 [http-nio-8082-exec-2] INFO  c.z.f.b.context.filter.HeaderUserId2ContextFilter - ## HeaderUserId2ContextFilter, 用户 ID: 100
2025-10-14 14:29:28.109 [http-nio-8082-exec-2] INFO  c.z.f.b.operationlog.aspect.ApiOperationLogAspect - ====== 请求开始: [批量查询用户信息], 入参: {"ids":[100]}, 请求类: UserController, 请求方法: findByIds =================================== 
2025-10-14 14:29:28.110 [http-nio-8082-exec-8] INFO  c.z.f.b.operationlog.aspect.ApiOperationLogAspect - ====== 请求结束: [批量查询用户信息], 耗时: 1ms, 出参: {"success":true,"message":null,"errorCode":null,"data":[{"id":100,"nickName":"稚生","avatar":"https://my-xiaohongshu-oss.oss-cn-guangzhou.aliyuncs.com/ca709c5d72304bedbcf9ee14e4a3bcb2.jpg","introduction":"快乐法则🧼    轻松时刻🫧 "}]} =================================== 
2025-10-14 14:29:28.111 [http-nio-8082-exec-8] INFO  c.z.f.b.context.filter.HeaderUserId2ContextFilter - ===== 删除 ThreadLocal， userId: 100
2025-10-14 14:29:28.111 [http-nio-8082-exec-2] INFO  c.z.f.b.operationlog.aspect.ApiOperationLogAspect - ====== 请求结束: [批量查询用户信息], 耗时: 2ms, 出参: {"success":true,"message":null,"errorCode":null,"data":[{"id":100,"nickName":"稚生","avatar":"https://my-xiaohongshu-oss.oss-cn-guangzhou.aliyuncs.com/ca709c5d72304bedbcf9ee14e4a3bcb2.jpg","introduction":"快乐法则🧼    轻松时刻🫧 "}]} =================================== 
2025-10-14 14:29:28.112 [http-nio-8082-exec-2] INFO  c.z.f.b.context.filter.HeaderUserId2ContextFilter - ===== 删除 ThreadLocal， userId: 100
2025-10-14 14:29:29.255 [http-nio-8082-exec-9] INFO  c.z.f.b.context.filter.HeaderUserId2ContextFilter - ## HeaderUserId2ContextFilter, 用户 ID: 100
2025-10-14 14:29:29.258 [http-nio-8082-exec-9] INFO  c.z.f.b.c.interceptor.FeignRequestInterceptor - ==> feign请求设置请求头 userId: 100
2025-10-14 14:29:29.259 [http-nio-8082-exec-4] INFO  c.z.f.b.context.filter.HeaderUserId2ContextFilter - ## HeaderUserId2ContextFilter, 用户 ID: 100
2025-10-14 14:29:29.262 [http-nio-8082-exec-4] INFO  c.z.f.b.c.interceptor.FeignRequestInterceptor - ==> feign请求设置请求头 userId: 100
2025-10-14 14:29:29.265 [http-nio-8082-exec-9] INFO  c.z.f.b.context.filter.HeaderUserId2ContextFilter - ===== 删除 ThreadLocal， userId: 100
2025-10-14 14:29:29.271 [http-nio-8082-exec-4] INFO  c.z.f.b.context.filter.HeaderUserId2ContextFilter - ===== 删除 ThreadLocal， userId: 100
2025-10-14 14:29:29.289 [http-nio-8082-exec-3] INFO  c.z.f.b.context.filter.HeaderUserId2ContextFilter - ## HeaderUserId2ContextFilter, 用户 ID: 100
2025-10-14 14:29:29.290 [http-nio-8082-exec-3] INFO  c.z.f.b.operationlog.aspect.ApiOperationLogAspect - ====== 请求开始: [批量查询用户信息], 入参: {"ids":[100]}, 请求类: UserController, 请求方法: findByIds =================================== 
2025-10-14 14:29:29.292 [http-nio-8082-exec-3] INFO  c.z.f.b.operationlog.aspect.ApiOperationLogAspect - ====== 请求结束: [批量查询用户信息], 耗时: 2ms, 出参: {"success":true,"message":null,"errorCode":null,"data":[{"id":100,"nickName":"稚生","avatar":"https://my-xiaohongshu-oss.oss-cn-guangzhou.aliyuncs.com/ca709c5d72304bedbcf9ee14e4a3bcb2.jpg","introduction":"快乐法则🧼    轻松时刻🫧 "}]} =================================== 
2025-10-14 14:29:29.292 [http-nio-8082-exec-3] INFO  c.z.f.b.context.filter.HeaderUserId2ContextFilter - ===== 删除 ThreadLocal， userId: 100
2025-10-14 14:29:29.296 [http-nio-8082-exec-5] INFO  c.z.f.b.context.filter.HeaderUserId2ContextFilter - ## HeaderUserId2ContextFilter, 用户 ID: 100
2025-10-14 14:29:29.296 [http-nio-8082-exec-5] INFO  c.z.f.b.operationlog.aspect.ApiOperationLogAspect - ====== 请求开始: [批量查询用户信息], 入参: {"ids":[100]}, 请求类: UserController, 请求方法: findByIds =================================== 
2025-10-14 14:29:29.299 [http-nio-8082-exec-5] INFO  c.z.f.b.operationlog.aspect.ApiOperationLogAspect - ====== 请求结束: [批量查询用户信息], 耗时: 3ms, 出参: {"success":true,"message":null,"errorCode":null,"data":[{"id":100,"nickName":"稚生","avatar":"https://my-xiaohongshu-oss.oss-cn-guangzhou.aliyuncs.com/ca709c5d72304bedbcf9ee14e4a3bcb2.jpg","introduction":"快乐法则🧼    轻松时刻🫧 "}]} =================================== 
2025-10-14 14:29:29.300 [http-nio-8082-exec-5] INFO  c.z.f.b.context.filter.HeaderUserId2ContextFilter - ===== 删除 ThreadLocal， userId: 100
2025-10-14 14:29:30.211 [http-nio-8082-exec-6] INFO  c.z.f.b.context.filter.HeaderUserId2ContextFilter - ## HeaderUserId2ContextFilter, 用户 ID: 100
2025-10-14 14:29:30.215 [http-nio-8082-exec-6] INFO  c.z.f.b.c.interceptor.FeignRequestInterceptor - ==> feign请求设置请求头 userId: 100
2025-10-14 14:29:30.217 [http-nio-8082-exec-7] INFO  c.z.f.b.context.filter.HeaderUserId2ContextFilter - ## HeaderUserId2ContextFilter, 用户 ID: 100
2025-10-14 14:29:30.220 [http-nio-8082-exec-7] INFO  c.z.f.b.c.interceptor.FeignRequestInterceptor - ==> feign请求设置请求头 userId: 100
2025-10-14 14:29:30.224 [http-nio-8082-exec-6] INFO  c.z.f.b.context.filter.HeaderUserId2ContextFilter - ===== 删除 ThreadLocal， userId: 100
2025-10-14 14:29:30.227 [http-nio-8082-exec-7] INFO  c.z.f.b.context.filter.HeaderUserId2ContextFilter - ===== 删除 ThreadLocal， userId: 100
2025-10-14 14:29:30.250 [http-nio-8082-exec-1] INFO  c.z.f.b.context.filter.HeaderUserId2ContextFilter - ## HeaderUserId2ContextFilter, 用户 ID: 100
2025-10-14 14:29:30.250 [http-nio-8082-exec-10] INFO  c.z.f.b.context.filter.HeaderUserId2ContextFilter - ## HeaderUserId2ContextFilter, 用户 ID: 100
2025-10-14 14:29:30.251 [http-nio-8082-exec-10] INFO  c.z.f.b.operationlog.aspect.ApiOperationLogAspect - ====== 请求开始: [批量查询用户信息], 入参: {"ids":[100]}, 请求类: UserController, 请求方法: findByIds =================================== 
2025-10-14 14:29:30.251 [http-nio-8082-exec-1] INFO  c.z.f.b.operationlog.aspect.ApiOperationLogAspect - ====== 请求开始: [批量查询用户信息], 入参: {"ids":[100]}, 请求类: UserController, 请求方法: findByIds =================================== 
2025-10-14 14:29:30.254 [http-nio-8082-exec-10] INFO  c.z.f.b.operationlog.aspect.ApiOperationLogAspect - ====== 请求结束: [批量查询用户信息], 耗时: 3ms, 出参: {"success":true,"message":null,"errorCode":null,"data":[{"id":100,"nickName":"稚生","avatar":"https://my-xiaohongshu-oss.oss-cn-guangzhou.aliyuncs.com/ca709c5d72304bedbcf9ee14e4a3bcb2.jpg","introduction":"快乐法则🧼    轻松时刻🫧 "}]} =================================== 
2025-10-14 14:29:30.254 [http-nio-8082-exec-1] INFO  c.z.f.b.operationlog.aspect.ApiOperationLogAspect - ====== 请求结束: [批量查询用户信息], 耗时: 3ms, 出参: {"success":true,"message":null,"errorCode":null,"data":[{"id":100,"nickName":"稚生","avatar":"https://my-xiaohongshu-oss.oss-cn-guangzhou.aliyuncs.com/ca709c5d72304bedbcf9ee14e4a3bcb2.jpg","introduction":"快乐法则🧼    轻松时刻🫧 "}]} =================================== 
2025-10-14 14:29:30.255 [http-nio-8082-exec-10] INFO  c.z.f.b.context.filter.HeaderUserId2ContextFilter - ===== 删除 ThreadLocal， userId: 100
2025-10-14 14:29:30.255 [http-nio-8082-exec-1] INFO  c.z.f.b.context.filter.HeaderUserId2ContextFilter - ===== 删除 ThreadLocal， userId: 100
2025-10-14 14:29:31.195 [http-nio-8082-exec-8] INFO  c.z.f.b.context.filter.HeaderUserId2ContextFilter - ## HeaderUserId2ContextFilter, 用户 ID: 100
2025-10-14 14:29:31.198 [http-nio-8082-exec-8] INFO  c.z.f.b.c.interceptor.FeignRequestInterceptor - ==> feign请求设置请求头 userId: 100
2025-10-14 14:29:31.209 [http-nio-8082-exec-8] INFO  c.z.f.b.context.filter.HeaderUserId2ContextFilter - ===== 删除 ThreadLocal， userId: 100
2025-10-14 14:29:31.212 [http-nio-8082-exec-2] INFO  c.z.f.b.context.filter.HeaderUserId2ContextFilter - ## HeaderUserId2ContextFilter, 用户 ID: 100
2025-10-14 14:29:31.216 [http-nio-8082-exec-2] INFO  c.z.f.b.c.interceptor.FeignRequestInterceptor - ==> feign请求设置请求头 userId: 100
2025-10-14 14:29:31.226 [http-nio-8082-exec-2] INFO  c.z.f.b.context.filter.HeaderUserId2ContextFilter - ===== 删除 ThreadLocal， userId: 100
2025-10-14 14:29:31.235 [http-nio-8082-exec-9] INFO  c.z.f.b.context.filter.HeaderUserId2ContextFilter - ## HeaderUserId2ContextFilter, 用户 ID: 100
2025-10-14 14:29:31.236 [http-nio-8082-exec-9] INFO  c.z.f.b.operationlog.aspect.ApiOperationLogAspect - ====== 请求开始: [批量查询用户信息], 入参: {"ids":[100]}, 请求类: UserController, 请求方法: findByIds =================================== 
2025-10-14 14:29:31.239 [http-nio-8082-exec-9] INFO  c.z.f.b.operationlog.aspect.ApiOperationLogAspect - ====== 请求结束: [批量查询用户信息], 耗时: 3ms, 出参: {"success":true,"message":null,"errorCode":null,"data":[{"id":100,"nickName":"稚生","avatar":"https://my-xiaohongshu-oss.oss-cn-guangzhou.aliyuncs.com/ca709c5d72304bedbcf9ee14e4a3bcb2.jpg","introduction":"快乐法则🧼    轻松时刻🫧 "}]} =================================== 
2025-10-14 14:29:31.240 [http-nio-8082-exec-9] INFO  c.z.f.b.context.filter.HeaderUserId2ContextFilter - ===== 删除 ThreadLocal， userId: 100
2025-10-14 14:29:31.246 [http-nio-8082-exec-4] INFO  c.z.f.b.context.filter.HeaderUserId2ContextFilter - ## HeaderUserId2ContextFilter, 用户 ID: 100
2025-10-14 14:29:31.247 [http-nio-8082-exec-4] INFO  c.z.f.b.operationlog.aspect.ApiOperationLogAspect - ====== 请求开始: [批量查询用户信息], 入参: {"ids":[100]}, 请求类: UserController, 请求方法: findByIds =================================== 
2025-10-14 14:29:31.249 [http-nio-8082-exec-4] INFO  c.z.f.b.operationlog.aspect.ApiOperationLogAspect - ====== 请求结束: [批量查询用户信息], 耗时: 2ms, 出参: {"success":true,"message":null,"errorCode":null,"data":[{"id":100,"nickName":"稚生","avatar":"https://my-xiaohongshu-oss.oss-cn-guangzhou.aliyuncs.com/ca709c5d72304bedbcf9ee14e4a3bcb2.jpg","introduction":"快乐法则🧼    轻松时刻🫧 "}]} =================================== 
2025-10-14 14:29:31.250 [http-nio-8082-exec-4] INFO  c.z.f.b.context.filter.HeaderUserId2ContextFilter - ===== 删除 ThreadLocal， userId: 100
2025-10-14 14:29:32.314 [http-nio-8082-exec-3] INFO  c.z.f.b.context.filter.HeaderUserId2ContextFilter - ## HeaderUserId2ContextFilter, 用户 ID: 100
2025-10-14 14:29:32.316 [http-nio-8082-exec-3] INFO  c.z.f.b.c.interceptor.FeignRequestInterceptor - ==> feign请求设置请求头 userId: 100
2025-10-14 14:29:32.317 [http-nio-8082-exec-5] INFO  c.z.f.b.context.filter.HeaderUserId2ContextFilter - ## HeaderUserId2ContextFilter, 用户 ID: 100
2025-10-14 14:29:32.320 [http-nio-8082-exec-5] INFO  c.z.f.b.c.interceptor.FeignRequestInterceptor - ==> feign请求设置请求头 userId: 100
2025-10-14 14:29:32.325 [http-nio-8082-exec-3] INFO  c.z.f.b.context.filter.HeaderUserId2ContextFilter - ===== 删除 ThreadLocal， userId: 100
2025-10-14 14:29:32.329 [http-nio-8082-exec-5] INFO  c.z.f.b.context.filter.HeaderUserId2ContextFilter - ===== 删除 ThreadLocal， userId: 100
2025-10-14 14:29:32.348 [http-nio-8082-exec-6] INFO  c.z.f.b.context.filter.HeaderUserId2ContextFilter - ## HeaderUserId2ContextFilter, 用户 ID: 100
2025-10-14 14:29:32.349 [http-nio-8082-exec-6] INFO  c.z.f.b.operationlog.aspect.ApiOperationLogAspect - ====== 请求开始: [批量查询用户信息], 入参: {"ids":[100]}, 请求类: UserController, 请求方法: findByIds =================================== 
2025-10-14 14:29:32.351 [http-nio-8082-exec-6] INFO  c.z.f.b.operationlog.aspect.ApiOperationLogAspect - ====== 请求结束: [批量查询用户信息], 耗时: 2ms, 出参: {"success":true,"message":null,"errorCode":null,"data":[{"id":100,"nickName":"稚生","avatar":"https://my-xiaohongshu-oss.oss-cn-guangzhou.aliyuncs.com/ca709c5d72304bedbcf9ee14e4a3bcb2.jpg","introduction":"快乐法则🧼    轻松时刻🫧 "}]} =================================== 
2025-10-14 14:29:32.352 [http-nio-8082-exec-7] INFO  c.z.f.b.context.filter.HeaderUserId2ContextFilter - ## HeaderUserId2ContextFilter, 用户 ID: 100
2025-10-14 14:29:32.352 [http-nio-8082-exec-6] INFO  c.z.f.b.context.filter.HeaderUserId2ContextFilter - ===== 删除 ThreadLocal， userId: 100
2025-10-14 14:29:32.352 [http-nio-8082-exec-7] INFO  c.z.f.b.operationlog.aspect.ApiOperationLogAspect - ====== 请求开始: [批量查询用户信息], 入参: {"ids":[100]}, 请求类: UserController, 请求方法: findByIds =================================== 
2025-10-14 14:29:32.355 [http-nio-8082-exec-7] INFO  c.z.f.b.operationlog.aspect.ApiOperationLogAspect - ====== 请求结束: [批量查询用户信息], 耗时: 3ms, 出参: {"success":true,"message":null,"errorCode":null,"data":[{"id":100,"nickName":"稚生","avatar":"https://my-xiaohongshu-oss.oss-cn-guangzhou.aliyuncs.com/ca709c5d72304bedbcf9ee14e4a3bcb2.jpg","introduction":"快乐法则🧼    轻松时刻🫧 "}]} =================================== 
2025-10-14 14:29:32.355 [http-nio-8082-exec-7] INFO  c.z.f.b.context.filter.HeaderUserId2ContextFilter - ===== 删除 ThreadLocal， userId: 100
2025-10-14 14:29:33.591 [http-nio-8082-exec-1] INFO  c.z.f.b.context.filter.HeaderUserId2ContextFilter - ## HeaderUserId2ContextFilter, 用户 ID: 100
2025-10-14 14:29:33.594 [http-nio-8082-exec-1] INFO  c.z.f.b.c.interceptor.FeignRequestInterceptor - ==> feign请求设置请求头 userId: 100
2025-10-14 14:29:33.596 [http-nio-8082-exec-10] INFO  c.z.f.b.context.filter.HeaderUserId2ContextFilter - ## HeaderUserId2ContextFilter, 用户 ID: 100
2025-10-14 14:29:33.598 [http-nio-8082-exec-10] INFO  c.z.f.b.c.interceptor.FeignRequestInterceptor - ==> feign请求设置请求头 userId: 100
2025-10-14 14:29:33.602 [http-nio-8082-exec-1] INFO  c.z.f.b.context.filter.HeaderUserId2ContextFilter - ===== 删除 ThreadLocal， userId: 100
2025-10-14 14:29:33.608 [http-nio-8082-exec-10] INFO  c.z.f.b.context.filter.HeaderUserId2ContextFilter - ===== 删除 ThreadLocal， userId: 100
2025-10-14 14:29:33.625 [http-nio-8082-exec-8] INFO  c.z.f.b.context.filter.HeaderUserId2ContextFilter - ## HeaderUserId2ContextFilter, 用户 ID: 100
2025-10-14 14:29:33.626 [http-nio-8082-exec-8] INFO  c.z.f.b.operationlog.aspect.ApiOperationLogAspect - ====== 请求开始: [批量查询用户信息], 入参: {"ids":[100]}, 请求类: UserController, 请求方法: findByIds =================================== 
2025-10-14 14:29:33.628 [http-nio-8082-exec-8] INFO  c.z.f.b.operationlog.aspect.ApiOperationLogAspect - ====== 请求结束: [批量查询用户信息], 耗时: 2ms, 出参: {"success":true,"message":null,"errorCode":null,"data":[{"id":100,"nickName":"稚生","avatar":"https://my-xiaohongshu-oss.oss-cn-guangzhou.aliyuncs.com/ca709c5d72304bedbcf9ee14e4a3bcb2.jpg","introduction":"快乐法则🧼    轻松时刻🫧 "}]} =================================== 
2025-10-14 14:29:33.629 [http-nio-8082-exec-8] INFO  c.z.f.b.context.filter.HeaderUserId2ContextFilter - ===== 删除 ThreadLocal， userId: 100
2025-10-14 14:29:33.630 [http-nio-8082-exec-2] INFO  c.z.f.b.context.filter.HeaderUserId2ContextFilter - ## HeaderUserId2ContextFilter, 用户 ID: 100
2025-10-14 14:29:33.631 [http-nio-8082-exec-2] INFO  c.z.f.b.operationlog.aspect.ApiOperationLogAspect - ====== 请求开始: [批量查询用户信息], 入参: {"ids":[100]}, 请求类: UserController, 请求方法: findByIds =================================== 
2025-10-14 14:29:33.634 [http-nio-8082-exec-2] INFO  c.z.f.b.operationlog.aspect.ApiOperationLogAspect - ====== 请求结束: [批量查询用户信息], 耗时: 2ms, 出参: {"success":true,"message":null,"errorCode":null,"data":[{"id":100,"nickName":"稚生","avatar":"https://my-xiaohongshu-oss.oss-cn-guangzhou.aliyuncs.com/ca709c5d72304bedbcf9ee14e4a3bcb2.jpg","introduction":"快乐法则🧼    轻松时刻🫧 "}]} =================================== 
2025-10-14 14:29:33.634 [http-nio-8082-exec-2] INFO  c.z.f.b.context.filter.HeaderUserId2ContextFilter - ===== 删除 ThreadLocal， userId: 100
2025-10-14 14:30:26.162 [http-nio-8082-exec-9] INFO  c.z.f.b.context.filter.HeaderUserId2ContextFilter - ## HeaderUserId2ContextFilter, 用户 ID: 100
2025-10-14 14:30:26.163 [http-nio-8082-exec-9] INFO  c.z.f.b.operationlog.aspect.ApiOperationLogAspect - ====== 请求开始: [批量查询用户信息], 入参: {"ids":[100]}, 请求类: UserController, 请求方法: findByIds =================================== 
2025-10-14 14:30:26.165 [http-nio-8082-exec-9] INFO  c.z.f.b.operationlog.aspect.ApiOperationLogAspect - ====== 请求结束: [批量查询用户信息], 耗时: 2ms, 出参: {"success":true,"message":null,"errorCode":null,"data":[{"id":100,"nickName":"稚生","avatar":"https://my-xiaohongshu-oss.oss-cn-guangzhou.aliyuncs.com/ca709c5d72304bedbcf9ee14e4a3bcb2.jpg","introduction":"快乐法则🧼    轻松时刻🫧 "}]} =================================== 
2025-10-14 14:30:26.165 [http-nio-8082-exec-9] INFO  c.z.f.b.context.filter.HeaderUserId2ContextFilter - ===== 删除 ThreadLocal， userId: 100
2025-10-14 14:30:26.665 [http-nio-8082-exec-4] INFO  c.z.f.b.context.filter.HeaderUserId2ContextFilter - ## HeaderUserId2ContextFilter, 用户 ID: 100
2025-10-14 14:30:26.666 [http-nio-8082-exec-4] INFO  c.z.f.b.operationlog.aspect.ApiOperationLogAspect - ====== 请求开始: [批量查询用户信息], 入参: {"ids":[100]}, 请求类: UserController, 请求方法: findByIds =================================== 
2025-10-14 14:30:26.668 [http-nio-8082-exec-4] INFO  c.z.f.b.operationlog.aspect.ApiOperationLogAspect - ====== 请求结束: [批量查询用户信息], 耗时: 3ms, 出参: {"success":true,"message":null,"errorCode":null,"data":[{"id":100,"nickName":"稚生","avatar":"https://my-xiaohongshu-oss.oss-cn-guangzhou.aliyuncs.com/ca709c5d72304bedbcf9ee14e4a3bcb2.jpg","introduction":"快乐法则🧼    轻松时刻🫧 "}]} =================================== 
2025-10-14 14:30:26.669 [http-nio-8082-exec-4] INFO  c.z.f.b.context.filter.HeaderUserId2ContextFilter - ===== 删除 ThreadLocal， userId: 100
2025-10-14 14:30:27.641 [http-nio-8082-exec-3] INFO  c.z.f.b.context.filter.HeaderUserId2ContextFilter - ## HeaderUserId2ContextFilter, 用户 ID: 100
2025-10-14 14:30:27.642 [http-nio-8082-exec-3] INFO  c.z.f.b.operationlog.aspect.ApiOperationLogAspect - ====== 请求开始: [批量查询用户信息], 入参: {"ids":[100]}, 请求类: UserController, 请求方法: findByIds =================================== 
2025-10-14 14:30:27.643 [http-nio-8082-exec-3] INFO  c.z.f.b.operationlog.aspect.ApiOperationLogAspect - ====== 请求结束: [批量查询用户信息], 耗时: 1ms, 出参: {"success":true,"message":null,"errorCode":null,"data":[{"id":100,"nickName":"稚生","avatar":"https://my-xiaohongshu-oss.oss-cn-guangzhou.aliyuncs.com/ca709c5d72304bedbcf9ee14e4a3bcb2.jpg","introduction":"快乐法则🧼    轻松时刻🫧 "}]} =================================== 
2025-10-14 14:30:27.644 [http-nio-8082-exec-3] INFO  c.z.f.b.context.filter.HeaderUserId2ContextFilter - ===== 删除 ThreadLocal， userId: 100
2025-10-14 14:30:28.521 [http-nio-8082-exec-5] INFO  c.z.f.b.context.filter.HeaderUserId2ContextFilter - ## HeaderUserId2ContextFilter, 用户 ID: 100
2025-10-14 14:30:28.522 [http-nio-8082-exec-5] INFO  c.z.f.b.operationlog.aspect.ApiOperationLogAspect - ====== 请求开始: [批量查询用户信息], 入参: {"ids":[100]}, 请求类: UserController, 请求方法: findByIds =================================== 
2025-10-14 14:30:28.523 [http-nio-8082-exec-5] INFO  c.z.f.b.operationlog.aspect.ApiOperationLogAspect - ====== 请求结束: [批量查询用户信息], 耗时: 1ms, 出参: {"success":true,"message":null,"errorCode":null,"data":[{"id":100,"nickName":"稚生","avatar":"https://my-xiaohongshu-oss.oss-cn-guangzhou.aliyuncs.com/ca709c5d72304bedbcf9ee14e4a3bcb2.jpg","introduction":"快乐法则🧼    轻松时刻🫧 "}]} =================================== 
2025-10-14 14:30:28.524 [http-nio-8082-exec-5] INFO  c.z.f.b.context.filter.HeaderUserId2ContextFilter - ===== 删除 ThreadLocal， userId: 100
2025-10-14 14:30:29.332 [http-nio-8082-exec-6] INFO  c.z.f.b.context.filter.HeaderUserId2ContextFilter - ## HeaderUserId2ContextFilter, 用户 ID: 100
2025-10-14 14:30:29.333 [http-nio-8082-exec-6] INFO  c.z.f.b.operationlog.aspect.ApiOperationLogAspect - ====== 请求开始: [批量查询用户信息], 入参: {"ids":[100]}, 请求类: UserController, 请求方法: findByIds =================================== 
2025-10-14 14:30:29.335 [http-nio-8082-exec-6] INFO  c.z.f.b.operationlog.aspect.ApiOperationLogAspect - ====== 请求结束: [批量查询用户信息], 耗时: 1ms, 出参: {"success":true,"message":null,"errorCode":null,"data":[{"id":100,"nickName":"稚生","avatar":"https://my-xiaohongshu-oss.oss-cn-guangzhou.aliyuncs.com/ca709c5d72304bedbcf9ee14e4a3bcb2.jpg","introduction":"快乐法则🧼    轻松时刻🫧 "}]} =================================== 
2025-10-14 14:30:29.335 [http-nio-8082-exec-6] INFO  c.z.f.b.context.filter.HeaderUserId2ContextFilter - ===== 删除 ThreadLocal， userId: 100
2025-10-14 14:30:30.149 [http-nio-8082-exec-7] INFO  c.z.f.b.context.filter.HeaderUserId2ContextFilter - ## HeaderUserId2ContextFilter, 用户 ID: 100
2025-10-14 14:30:30.150 [http-nio-8082-exec-7] INFO  c.z.f.b.operationlog.aspect.ApiOperationLogAspect - ====== 请求开始: [批量查询用户信息], 入参: {"ids":[100]}, 请求类: UserController, 请求方法: findByIds =================================== 
2025-10-14 14:30:30.153 [http-nio-8082-exec-7] INFO  c.z.f.b.operationlog.aspect.ApiOperationLogAspect - ====== 请求结束: [批量查询用户信息], 耗时: 3ms, 出参: {"success":true,"message":null,"errorCode":null,"data":[{"id":100,"nickName":"稚生","avatar":"https://my-xiaohongshu-oss.oss-cn-guangzhou.aliyuncs.com/ca709c5d72304bedbcf9ee14e4a3bcb2.jpg","introduction":"快乐法则🧼    轻松时刻🫧 "}]} =================================== 
2025-10-14 14:30:30.153 [http-nio-8082-exec-7] INFO  c.z.f.b.context.filter.HeaderUserId2ContextFilter - ===== 删除 ThreadLocal， userId: 100
2025-10-14 14:30:30.957 [http-nio-8082-exec-1] INFO  c.z.f.b.context.filter.HeaderUserId2ContextFilter - ## HeaderUserId2ContextFilter, 用户 ID: 100
2025-10-14 14:30:30.958 [http-nio-8082-exec-1] INFO  c.z.f.b.operationlog.aspect.ApiOperationLogAspect - ====== 请求开始: [批量查询用户信息], 入参: {"ids":[100]}, 请求类: UserController, 请求方法: findByIds =================================== 
2025-10-14 14:30:30.960 [http-nio-8082-exec-1] INFO  c.z.f.b.operationlog.aspect.ApiOperationLogAspect - ====== 请求结束: [批量查询用户信息], 耗时: 2ms, 出参: {"success":true,"message":null,"errorCode":null,"data":[{"id":100,"nickName":"稚生","avatar":"https://my-xiaohongshu-oss.oss-cn-guangzhou.aliyuncs.com/ca709c5d72304bedbcf9ee14e4a3bcb2.jpg","introduction":"快乐法则🧼    轻松时刻🫧 "}]} =================================== 
2025-10-14 14:30:30.961 [http-nio-8082-exec-1] INFO  c.z.f.b.context.filter.HeaderUserId2ContextFilter - ===== 删除 ThreadLocal， userId: 100
2025-10-14 14:30:31.661 [http-nio-8082-exec-10] INFO  c.z.f.b.context.filter.HeaderUserId2ContextFilter - ## HeaderUserId2ContextFilter, 用户 ID: 100
2025-10-14 14:30:31.662 [http-nio-8082-exec-10] INFO  c.z.f.b.operationlog.aspect.ApiOperationLogAspect - ====== 请求开始: [批量查询用户信息], 入参: {"ids":[100]}, 请求类: UserController, 请求方法: findByIds =================================== 
2025-10-14 14:30:31.664 [http-nio-8082-exec-10] INFO  c.z.f.b.operationlog.aspect.ApiOperationLogAspect - ====== 请求结束: [批量查询用户信息], 耗时: 2ms, 出参: {"success":true,"message":null,"errorCode":null,"data":[{"id":100,"nickName":"稚生","avatar":"https://my-xiaohongshu-oss.oss-cn-guangzhou.aliyuncs.com/ca709c5d72304bedbcf9ee14e4a3bcb2.jpg","introduction":"快乐法则🧼    轻松时刻🫧 "}]} =================================== 
2025-10-14 14:30:31.664 [http-nio-8082-exec-10] INFO  c.z.f.b.context.filter.HeaderUserId2ContextFilter - ===== 删除 ThreadLocal， userId: 100
2025-10-14 14:30:32.685 [http-nio-8082-exec-8] INFO  c.z.f.b.context.filter.HeaderUserId2ContextFilter - ## HeaderUserId2ContextFilter, 用户 ID: 100
2025-10-14 14:30:32.686 [http-nio-8082-exec-8] INFO  c.z.f.b.operationlog.aspect.ApiOperationLogAspect - ====== 请求开始: [批量查询用户信息], 入参: {"ids":[100]}, 请求类: UserController, 请求方法: findByIds =================================== 
2025-10-14 14:30:32.688 [http-nio-8082-exec-8] INFO  c.z.f.b.operationlog.aspect.ApiOperationLogAspect - ====== 请求结束: [批量查询用户信息], 耗时: 2ms, 出参: {"success":true,"message":null,"errorCode":null,"data":[{"id":100,"nickName":"稚生","avatar":"https://my-xiaohongshu-oss.oss-cn-guangzhou.aliyuncs.com/ca709c5d72304bedbcf9ee14e4a3bcb2.jpg","introduction":"快乐法则🧼    轻松时刻🫧 "}]} =================================== 
2025-10-14 14:30:32.688 [http-nio-8082-exec-8] INFO  c.z.f.b.context.filter.HeaderUserId2ContextFilter - ===== 删除 ThreadLocal， userId: 100
2025-10-14 14:30:33.391 [http-nio-8082-exec-2] INFO  c.z.f.b.context.filter.HeaderUserId2ContextFilter - ## HeaderUserId2ContextFilter, 用户 ID: 100
2025-10-14 14:30:33.391 [http-nio-8082-exec-2] INFO  c.z.f.b.operationlog.aspect.ApiOperationLogAspect - ====== 请求开始: [批量查询用户信息], 入参: {"ids":[100]}, 请求类: UserController, 请求方法: findByIds =================================== 
2025-10-14 14:30:33.393 [http-nio-8082-exec-2] INFO  c.z.f.b.operationlog.aspect.ApiOperationLogAspect - ====== 请求结束: [批量查询用户信息], 耗时: 2ms, 出参: {"success":true,"message":null,"errorCode":null,"data":[{"id":100,"nickName":"稚生","avatar":"https://my-xiaohongshu-oss.oss-cn-guangzhou.aliyuncs.com/ca709c5d72304bedbcf9ee14e4a3bcb2.jpg","introduction":"快乐法则🧼    轻松时刻🫧 "}]} =================================== 
2025-10-14 14:30:33.394 [http-nio-8082-exec-2] INFO  c.z.f.b.context.filter.HeaderUserId2ContextFilter - ===== 删除 ThreadLocal， userId: 100
2025-10-14 14:30:34.361 [http-nio-8082-exec-9] INFO  c.z.f.b.context.filter.HeaderUserId2ContextFilter - ## HeaderUserId2ContextFilter, 用户 ID: 100
2025-10-14 14:30:34.361 [http-nio-8082-exec-9] INFO  c.z.f.b.operationlog.aspect.ApiOperationLogAspect - ====== 请求开始: [批量查询用户信息], 入参: {"ids":[100]}, 请求类: UserController, 请求方法: findByIds =================================== 
2025-10-14 14:30:34.364 [http-nio-8082-exec-9] INFO  c.z.f.b.operationlog.aspect.ApiOperationLogAspect - ====== 请求结束: [批量查询用户信息], 耗时: 3ms, 出参: {"success":true,"message":null,"errorCode":null,"data":[{"id":100,"nickName":"稚生","avatar":"https://my-xiaohongshu-oss.oss-cn-guangzhou.aliyuncs.com/ca709c5d72304bedbcf9ee14e4a3bcb2.jpg","introduction":"快乐法则🧼    轻松时刻🫧 "}]} =================================== 
2025-10-14 14:30:34.364 [http-nio-8082-exec-9] INFO  c.z.f.b.context.filter.HeaderUserId2ContextFilter - ===== 删除 ThreadLocal， userId: 100
2025-10-14 14:30:35.098 [http-nio-8082-exec-6] INFO  c.z.f.b.context.filter.HeaderUserId2ContextFilter - ## HeaderUserId2ContextFilter, 用户 ID: 100
2025-10-14 14:30:35.099 [http-nio-8082-exec-6] INFO  c.z.f.b.operationlog.aspect.ApiOperationLogAspect - ====== 请求开始: [批量查询用户信息], 入参: {"ids":[100]}, 请求类: UserController, 请求方法: findByIds =================================== 
2025-10-14 14:30:35.101 [http-nio-8082-exec-6] INFO  c.z.f.b.operationlog.aspect.ApiOperationLogAspect - ====== 请求结束: [批量查询用户信息], 耗时: 2ms, 出参: {"success":true,"message":null,"errorCode":null,"data":[{"id":100,"nickName":"稚生","avatar":"https://my-xiaohongshu-oss.oss-cn-guangzhou.aliyuncs.com/ca709c5d72304bedbcf9ee14e4a3bcb2.jpg","introduction":"快乐法则🧼    轻松时刻🫧 "}]} =================================== 
2025-10-14 14:30:35.102 [http-nio-8082-exec-6] INFO  c.z.f.b.context.filter.HeaderUserId2ContextFilter - ===== 删除 ThreadLocal， userId: 100
2025-10-14 14:30:39.526 [http-nio-8082-exec-7] INFO  c.z.f.b.context.filter.HeaderUserId2ContextFilter - ## HeaderUserId2ContextFilter, 用户 ID: 100
2025-10-14 14:30:39.526 [http-nio-8082-exec-1] INFO  c.z.f.b.context.filter.HeaderUserId2ContextFilter - ## HeaderUserId2ContextFilter, 用户 ID: 100
2025-10-14 14:30:39.528 [http-nio-8082-exec-7] INFO  c.z.f.b.c.interceptor.FeignRequestInterceptor - ==> feign请求设置请求头 userId: 100
2025-10-14 14:30:39.528 [http-nio-8082-exec-1] INFO  c.z.f.b.c.interceptor.FeignRequestInterceptor - ==> feign请求设置请求头 userId: 100
2025-10-14 14:30:39.538 [http-nio-8082-exec-1] INFO  c.z.f.b.context.filter.HeaderUserId2ContextFilter - ===== 删除 ThreadLocal， userId: 100
2025-10-14 14:30:39.538 [http-nio-8082-exec-7] INFO  c.z.f.b.context.filter.HeaderUserId2ContextFilter - ===== 删除 ThreadLocal， userId: 100
2025-10-14 14:30:39.557 [http-nio-8082-exec-10] INFO  c.z.f.b.context.filter.HeaderUserId2ContextFilter - ## HeaderUserId2ContextFilter, 用户 ID: 100
2025-10-14 14:30:39.558 [http-nio-8082-exec-8] INFO  c.z.f.b.context.filter.HeaderUserId2ContextFilter - ## HeaderUserId2ContextFilter, 用户 ID: 100
2025-10-14 14:30:39.558 [http-nio-8082-exec-10] INFO  c.z.f.b.operationlog.aspect.ApiOperationLogAspect - ====== 请求开始: [批量查询用户信息], 入参: {"ids":[100]}, 请求类: UserController, 请求方法: findByIds =================================== 
2025-10-14 14:30:39.558 [http-nio-8082-exec-8] INFO  c.z.f.b.operationlog.aspect.ApiOperationLogAspect - ====== 请求开始: [批量查询用户信息], 入参: {"ids":[100]}, 请求类: UserController, 请求方法: findByIds =================================== 
2025-10-14 14:30:39.560 [http-nio-8082-exec-10] INFO  c.z.f.b.operationlog.aspect.ApiOperationLogAspect - ====== 请求结束: [批量查询用户信息], 耗时: 2ms, 出参: {"success":true,"message":null,"errorCode":null,"data":[{"id":100,"nickName":"稚生","avatar":"https://my-xiaohongshu-oss.oss-cn-guangzhou.aliyuncs.com/ca709c5d72304bedbcf9ee14e4a3bcb2.jpg","introduction":"快乐法则🧼    轻松时刻🫧 "}]} =================================== 
2025-10-14 14:30:39.560 [http-nio-8082-exec-8] INFO  c.z.f.b.operationlog.aspect.ApiOperationLogAspect - ====== 请求结束: [批量查询用户信息], 耗时: 2ms, 出参: {"success":true,"message":null,"errorCode":null,"data":[{"id":100,"nickName":"稚生","avatar":"https://my-xiaohongshu-oss.oss-cn-guangzhou.aliyuncs.com/ca709c5d72304bedbcf9ee14e4a3bcb2.jpg","introduction":"快乐法则🧼    轻松时刻🫧 "}]} =================================== 
2025-10-14 14:30:39.560 [http-nio-8082-exec-8] INFO  c.z.f.b.context.filter.HeaderUserId2ContextFilter - ===== 删除 ThreadLocal， userId: 100
2025-10-14 14:30:39.560 [http-nio-8082-exec-10] INFO  c.z.f.b.context.filter.HeaderUserId2ContextFilter - ===== 删除 ThreadLocal， userId: 100
2025-10-14 14:30:45.809 [http-nio-8082-exec-2] INFO  c.z.f.b.context.filter.HeaderUserId2ContextFilter - ## HeaderUserId2ContextFilter, 用户 ID: 100
2025-10-14 14:30:45.810 [http-nio-8082-exec-2] INFO  c.z.f.b.operationlog.aspect.ApiOperationLogAspect - ====== 请求开始: [批量查询用户信息], 入参: {"ids":[100]}, 请求类: UserController, 请求方法: findByIds =================================== 
2025-10-14 14:30:45.813 [http-nio-8082-exec-2] INFO  c.z.f.b.operationlog.aspect.ApiOperationLogAspect - ====== 请求结束: [批量查询用户信息], 耗时: 2ms, 出参: {"success":true,"message":null,"errorCode":null,"data":[{"id":100,"nickName":"稚生","avatar":"https://my-xiaohongshu-oss.oss-cn-guangzhou.aliyuncs.com/ca709c5d72304bedbcf9ee14e4a3bcb2.jpg","introduction":"快乐法则🧼    轻松时刻🫧 "}]} =================================== 
2025-10-14 14:30:45.814 [http-nio-8082-exec-2] INFO  c.z.f.b.context.filter.HeaderUserId2ContextFilter - ===== 删除 ThreadLocal， userId: 100
2025-10-14 14:30:46.525 [http-nio-8082-exec-5] INFO  c.z.f.b.context.filter.HeaderUserId2ContextFilter - ## HeaderUserId2ContextFilter, 用户 ID: 100
2025-10-14 14:30:46.526 [http-nio-8082-exec-5] INFO  c.z.f.b.operationlog.aspect.ApiOperationLogAspect - ====== 请求开始: [批量查询用户信息], 入参: {"ids":[100]}, 请求类: UserController, 请求方法: findByIds =================================== 
2025-10-14 14:30:46.528 [http-nio-8082-exec-5] INFO  c.z.f.b.operationlog.aspect.ApiOperationLogAspect - ====== 请求结束: [批量查询用户信息], 耗时: 2ms, 出参: {"success":true,"message":null,"errorCode":null,"data":[{"id":100,"nickName":"稚生","avatar":"https://my-xiaohongshu-oss.oss-cn-guangzhou.aliyuncs.com/ca709c5d72304bedbcf9ee14e4a3bcb2.jpg","introduction":"快乐法则🧼    轻松时刻🫧 "}]} =================================== 
2025-10-14 14:30:46.529 [http-nio-8082-exec-5] INFO  c.z.f.b.context.filter.HeaderUserId2ContextFilter - ===== 删除 ThreadLocal， userId: 100
2025-10-14 14:30:47.886 [http-nio-8082-exec-4] INFO  c.z.f.b.context.filter.HeaderUserId2ContextFilter - ## HeaderUserId2ContextFilter, 用户 ID: 100
2025-10-14 14:30:47.889 [http-nio-8082-exec-4] INFO  c.z.f.b.c.interceptor.FeignRequestInterceptor - ==> feign请求设置请求头 userId: 100
2025-10-14 14:30:47.890 [http-nio-8082-exec-3] INFO  c.z.f.b.context.filter.HeaderUserId2ContextFilter - ## HeaderUserId2ContextFilter, 用户 ID: 100
2025-10-14 14:30:47.893 [http-nio-8082-exec-3] INFO  c.z.f.b.c.interceptor.FeignRequestInterceptor - ==> feign请求设置请求头 userId: 100
2025-10-14 14:30:47.902 [http-nio-8082-exec-3] INFO  c.z.f.b.context.filter.HeaderUserId2ContextFilter - ===== 删除 ThreadLocal， userId: 100
2025-10-14 14:30:47.902 [http-nio-8082-exec-4] INFO  c.z.f.b.context.filter.HeaderUserId2ContextFilter - ===== 删除 ThreadLocal， userId: 100
2025-10-14 14:30:47.928 [http-nio-8082-exec-6] INFO  c.z.f.b.context.filter.HeaderUserId2ContextFilter - ## HeaderUserId2ContextFilter, 用户 ID: 100
2025-10-14 14:30:47.928 [http-nio-8082-exec-9] INFO  c.z.f.b.context.filter.HeaderUserId2ContextFilter - ## HeaderUserId2ContextFilter, 用户 ID: 100
2025-10-14 14:30:47.929 [http-nio-8082-exec-9] INFO  c.z.f.b.operationlog.aspect.ApiOperationLogAspect - ====== 请求开始: [批量查询用户信息], 入参: {"ids":[100]}, 请求类: UserController, 请求方法: findByIds =================================== 
2025-10-14 14:30:47.929 [http-nio-8082-exec-6] INFO  c.z.f.b.operationlog.aspect.ApiOperationLogAspect - ====== 请求开始: [批量查询用户信息], 入参: {"ids":[100]}, 请求类: UserController, 请求方法: findByIds =================================== 
2025-10-14 14:30:47.931 [http-nio-8082-exec-6] INFO  c.z.f.b.operationlog.aspect.ApiOperationLogAspect - ====== 请求结束: [批量查询用户信息], 耗时: 2ms, 出参: {"success":true,"message":null,"errorCode":null,"data":[{"id":100,"nickName":"稚生","avatar":"https://my-xiaohongshu-oss.oss-cn-guangzhou.aliyuncs.com/ca709c5d72304bedbcf9ee14e4a3bcb2.jpg","introduction":"快乐法则🧼    轻松时刻🫧 "}]} =================================== 
2025-10-14 14:30:47.931 [http-nio-8082-exec-9] INFO  c.z.f.b.operationlog.aspect.ApiOperationLogAspect - ====== 请求结束: [批量查询用户信息], 耗时: 2ms, 出参: {"success":true,"message":null,"errorCode":null,"data":[{"id":100,"nickName":"稚生","avatar":"https://my-xiaohongshu-oss.oss-cn-guangzhou.aliyuncs.com/ca709c5d72304bedbcf9ee14e4a3bcb2.jpg","introduction":"快乐法则🧼    轻松时刻🫧 "}]} =================================== 
2025-10-14 14:30:47.932 [http-nio-8082-exec-6] INFO  c.z.f.b.context.filter.HeaderUserId2ContextFilter - ===== 删除 ThreadLocal， userId: 100
2025-10-14 14:30:47.932 [http-nio-8082-exec-9] INFO  c.z.f.b.context.filter.HeaderUserId2ContextFilter - ===== 删除 ThreadLocal， userId: 100
2025-10-14 14:30:48.798 [http-nio-8082-exec-1] INFO  c.z.f.b.context.filter.HeaderUserId2ContextFilter - ## HeaderUserId2ContextFilter, 用户 ID: 100
2025-10-14 14:30:48.803 [http-nio-8082-exec-1] INFO  c.z.f.b.c.interceptor.FeignRequestInterceptor - ==> feign请求设置请求头 userId: 100
2025-10-14 14:30:48.805 [http-nio-8082-exec-7] INFO  c.z.f.b.context.filter.HeaderUserId2ContextFilter - ## HeaderUserId2ContextFilter, 用户 ID: 100
2025-10-14 14:30:48.808 [http-nio-8082-exec-7] INFO  c.z.f.b.c.interceptor.FeignRequestInterceptor - ==> feign请求设置请求头 userId: 100
2025-10-14 14:30:48.811 [http-nio-8082-exec-1] INFO  c.z.f.b.context.filter.HeaderUserId2ContextFilter - ===== 删除 ThreadLocal， userId: 100
2025-10-14 14:30:48.818 [http-nio-8082-exec-7] INFO  c.z.f.b.context.filter.HeaderUserId2ContextFilter - ===== 删除 ThreadLocal， userId: 100
2025-10-14 14:30:48.836 [http-nio-8082-exec-8] INFO  c.z.f.b.context.filter.HeaderUserId2ContextFilter - ## HeaderUserId2ContextFilter, 用户 ID: 100
2025-10-14 14:30:48.837 [http-nio-8082-exec-8] INFO  c.z.f.b.operationlog.aspect.ApiOperationLogAspect - ====== 请求开始: [批量查询用户信息], 入参: {"ids":[100]}, 请求类: UserController, 请求方法: findByIds =================================== 
2025-10-14 14:30:48.839 [http-nio-8082-exec-8] INFO  c.z.f.b.operationlog.aspect.ApiOperationLogAspect - ====== 请求结束: [批量查询用户信息], 耗时: 2ms, 出参: {"success":true,"message":null,"errorCode":null,"data":[{"id":100,"nickName":"稚生","avatar":"https://my-xiaohongshu-oss.oss-cn-guangzhou.aliyuncs.com/ca709c5d72304bedbcf9ee14e4a3bcb2.jpg","introduction":"快乐法则🧼    轻松时刻🫧 "}]} =================================== 
2025-10-14 14:30:48.839 [http-nio-8082-exec-10] INFO  c.z.f.b.context.filter.HeaderUserId2ContextFilter - ## HeaderUserId2ContextFilter, 用户 ID: 100
2025-10-14 14:30:48.840 [http-nio-8082-exec-8] INFO  c.z.f.b.context.filter.HeaderUserId2ContextFilter - ===== 删除 ThreadLocal， userId: 100
2025-10-14 14:30:48.840 [http-nio-8082-exec-10] INFO  c.z.f.b.operationlog.aspect.ApiOperationLogAspect - ====== 请求开始: [批量查询用户信息], 入参: {"ids":[100]}, 请求类: UserController, 请求方法: findByIds =================================== 
2025-10-14 14:30:48.841 [http-nio-8082-exec-10] INFO  c.z.f.b.operationlog.aspect.ApiOperationLogAspect - ====== 请求结束: [批量查询用户信息], 耗时: 1ms, 出参: {"success":true,"message":null,"errorCode":null,"data":[{"id":100,"nickName":"稚生","avatar":"https://my-xiaohongshu-oss.oss-cn-guangzhou.aliyuncs.com/ca709c5d72304bedbcf9ee14e4a3bcb2.jpg","introduction":"快乐法则🧼    轻松时刻🫧 "}]} =================================== 
2025-10-14 14:30:48.843 [http-nio-8082-exec-10] INFO  c.z.f.b.context.filter.HeaderUserId2ContextFilter - ===== 删除 ThreadLocal， userId: 100
2025-10-14 14:30:49.565 [http-nio-8082-exec-2] INFO  c.z.f.b.context.filter.HeaderUserId2ContextFilter - ## HeaderUserId2ContextFilter, 用户 ID: 100
2025-10-14 14:30:49.568 [http-nio-8082-exec-5] INFO  c.z.f.b.context.filter.HeaderUserId2ContextFilter - ## HeaderUserId2ContextFilter, 用户 ID: 100
2025-10-14 14:30:49.569 [http-nio-8082-exec-2] INFO  c.z.f.b.c.interceptor.FeignRequestInterceptor - ==> feign请求设置请求头 userId: 100
2025-10-14 14:30:49.571 [http-nio-8082-exec-5] INFO  c.z.f.b.c.interceptor.FeignRequestInterceptor - ==> feign请求设置请求头 userId: 100
2025-10-14 14:30:49.581 [http-nio-8082-exec-5] INFO  c.z.f.b.context.filter.HeaderUserId2ContextFilter - ===== 删除 ThreadLocal， userId: 100
2025-10-14 14:30:49.581 [http-nio-8082-exec-2] INFO  c.z.f.b.context.filter.HeaderUserId2ContextFilter - ===== 删除 ThreadLocal， userId: 100
2025-10-14 14:30:49.601 [http-nio-8082-exec-4] INFO  c.z.f.b.context.filter.HeaderUserId2ContextFilter - ## HeaderUserId2ContextFilter, 用户 ID: 100
2025-10-14 14:30:49.601 [http-nio-8082-exec-3] INFO  c.z.f.b.context.filter.HeaderUserId2ContextFilter - ## HeaderUserId2ContextFilter, 用户 ID: 100
2025-10-14 14:30:49.602 [http-nio-8082-exec-4] INFO  c.z.f.b.operationlog.aspect.ApiOperationLogAspect - ====== 请求开始: [批量查询用户信息], 入参: {"ids":[100]}, 请求类: UserController, 请求方法: findByIds =================================== 
2025-10-14 14:30:49.602 [http-nio-8082-exec-3] INFO  c.z.f.b.operationlog.aspect.ApiOperationLogAspect - ====== 请求开始: [批量查询用户信息], 入参: {"ids":[100]}, 请求类: UserController, 请求方法: findByIds =================================== 
2025-10-14 14:30:49.604 [http-nio-8082-exec-4] INFO  c.z.f.b.operationlog.aspect.ApiOperationLogAspect - ====== 请求结束: [批量查询用户信息], 耗时: 2ms, 出参: {"success":true,"message":null,"errorCode":null,"data":[{"id":100,"nickName":"稚生","avatar":"https://my-xiaohongshu-oss.oss-cn-guangzhou.aliyuncs.com/ca709c5d72304bedbcf9ee14e4a3bcb2.jpg","introduction":"快乐法则🧼    轻松时刻🫧 "}]} =================================== 
2025-10-14 14:30:49.604 [http-nio-8082-exec-3] INFO  c.z.f.b.operationlog.aspect.ApiOperationLogAspect - ====== 请求结束: [批量查询用户信息], 耗时: 2ms, 出参: {"success":true,"message":null,"errorCode":null,"data":[{"id":100,"nickName":"稚生","avatar":"https://my-xiaohongshu-oss.oss-cn-guangzhou.aliyuncs.com/ca709c5d72304bedbcf9ee14e4a3bcb2.jpg","introduction":"快乐法则🧼    轻松时刻🫧 "}]} =================================== 
2025-10-14 14:30:49.604 [http-nio-8082-exec-3] INFO  c.z.f.b.context.filter.HeaderUserId2ContextFilter - ===== 删除 ThreadLocal， userId: 100
2025-10-14 14:30:49.604 [http-nio-8082-exec-4] INFO  c.z.f.b.context.filter.HeaderUserId2ContextFilter - ===== 删除 ThreadLocal， userId: 100
2025-10-14 14:30:50.700 [http-nio-8082-exec-9] INFO  c.z.f.b.context.filter.HeaderUserId2ContextFilter - ## HeaderUserId2ContextFilter, 用户 ID: 100
2025-10-14 14:30:50.702 [http-nio-8082-exec-9] INFO  c.z.f.b.c.interceptor.FeignRequestInterceptor - ==> feign请求设置请求头 userId: 100
2025-10-14 14:30:50.703 [http-nio-8082-exec-6] INFO  c.z.f.b.context.filter.HeaderUserId2ContextFilter - ## HeaderUserId2ContextFilter, 用户 ID: 100
2025-10-14 14:30:50.706 [http-nio-8082-exec-6] INFO  c.z.f.b.c.interceptor.FeignRequestInterceptor - ==> feign请求设置请求头 userId: 100
2025-10-14 14:30:50.710 [http-nio-8082-exec-9] INFO  c.z.f.b.context.filter.HeaderUserId2ContextFilter - ===== 删除 ThreadLocal， userId: 100
2025-10-14 14:30:50.715 [http-nio-8082-exec-6] INFO  c.z.f.b.context.filter.HeaderUserId2ContextFilter - ===== 删除 ThreadLocal， userId: 100
2025-10-14 14:30:50.733 [http-nio-8082-exec-1] INFO  c.z.f.b.context.filter.HeaderUserId2ContextFilter - ## HeaderUserId2ContextFilter, 用户 ID: 100
2025-10-14 14:30:50.734 [http-nio-8082-exec-7] INFO  c.z.f.b.context.filter.HeaderUserId2ContextFilter - ## HeaderUserId2ContextFilter, 用户 ID: 100
2025-10-14 14:30:50.735 [http-nio-8082-exec-7] INFO  c.z.f.b.operationlog.aspect.ApiOperationLogAspect - ====== 请求开始: [批量查询用户信息], 入参: {"ids":[100]}, 请求类: UserController, 请求方法: findByIds =================================== 
2025-10-14 14:30:50.735 [http-nio-8082-exec-1] INFO  c.z.f.b.operationlog.aspect.ApiOperationLogAspect - ====== 请求开始: [批量查询用户信息], 入参: {"ids":[100]}, 请求类: UserController, 请求方法: findByIds =================================== 
2025-10-14 14:30:50.737 [http-nio-8082-exec-7] INFO  c.z.f.b.operationlog.aspect.ApiOperationLogAspect - ====== 请求结束: [批量查询用户信息], 耗时: 2ms, 出参: {"success":true,"message":null,"errorCode":null,"data":[{"id":100,"nickName":"稚生","avatar":"https://my-xiaohongshu-oss.oss-cn-guangzhou.aliyuncs.com/ca709c5d72304bedbcf9ee14e4a3bcb2.jpg","introduction":"快乐法则🧼    轻松时刻🫧 "}]} =================================== 
2025-10-14 14:30:50.737 [http-nio-8082-exec-1] INFO  c.z.f.b.operationlog.aspect.ApiOperationLogAspect - ====== 请求结束: [批量查询用户信息], 耗时: 2ms, 出参: {"success":true,"message":null,"errorCode":null,"data":[{"id":100,"nickName":"稚生","avatar":"https://my-xiaohongshu-oss.oss-cn-guangzhou.aliyuncs.com/ca709c5d72304bedbcf9ee14e4a3bcb2.jpg","introduction":"快乐法则🧼    轻松时刻🫧 "}]} =================================== 
2025-10-14 14:30:50.738 [http-nio-8082-exec-1] INFO  c.z.f.b.context.filter.HeaderUserId2ContextFilter - ===== 删除 ThreadLocal， userId: 100
2025-10-14 14:30:50.738 [http-nio-8082-exec-7] INFO  c.z.f.b.context.filter.HeaderUserId2ContextFilter - ===== 删除 ThreadLocal， userId: 100
2025-10-14 14:30:51.763 [http-nio-8082-exec-8] INFO  c.z.f.b.context.filter.HeaderUserId2ContextFilter - ## HeaderUserId2ContextFilter, 用户 ID: 100
2025-10-14 14:30:51.767 [http-nio-8082-exec-10] INFO  c.z.f.b.context.filter.HeaderUserId2ContextFilter - ## HeaderUserId2ContextFilter, 用户 ID: 100
2025-10-14 14:30:51.767 [http-nio-8082-exec-8] INFO  c.z.f.b.c.interceptor.FeignRequestInterceptor - ==> feign请求设置请求头 userId: 100
2025-10-14 14:30:51.769 [http-nio-8082-exec-10] INFO  c.z.f.b.c.interceptor.FeignRequestInterceptor - ==> feign请求设置请求头 userId: 100
2025-10-14 14:30:51.776 [http-nio-8082-exec-10] INFO  c.z.f.b.context.filter.HeaderUserId2ContextFilter - ===== 删除 ThreadLocal， userId: 100
2025-10-14 14:30:51.776 [http-nio-8082-exec-8] INFO  c.z.f.b.context.filter.HeaderUserId2ContextFilter - ===== 删除 ThreadLocal， userId: 100
2025-10-14 14:30:51.798 [http-nio-8082-exec-5] INFO  c.z.f.b.context.filter.HeaderUserId2ContextFilter - ## HeaderUserId2ContextFilter, 用户 ID: 100
2025-10-14 14:30:51.799 [http-nio-8082-exec-5] INFO  c.z.f.b.operationlog.aspect.ApiOperationLogAspect - ====== 请求开始: [批量查询用户信息], 入参: {"ids":[100]}, 请求类: UserController, 请求方法: findByIds =================================== 
2025-10-14 14:30:51.800 [http-nio-8082-exec-2] INFO  c.z.f.b.context.filter.HeaderUserId2ContextFilter - ## HeaderUserId2ContextFilter, 用户 ID: 100
2025-10-14 14:30:51.800 [http-nio-8082-exec-2] INFO  c.z.f.b.operationlog.aspect.ApiOperationLogAspect - ====== 请求开始: [批量查询用户信息], 入参: {"ids":[100]}, 请求类: UserController, 请求方法: findByIds =================================== 
2025-10-14 14:30:51.801 [http-nio-8082-exec-5] INFO  c.z.f.b.operationlog.aspect.ApiOperationLogAspect - ====== 请求结束: [批量查询用户信息], 耗时: 2ms, 出参: {"success":true,"message":null,"errorCode":null,"data":[{"id":100,"nickName":"稚生","avatar":"https://my-xiaohongshu-oss.oss-cn-guangzhou.aliyuncs.com/ca709c5d72304bedbcf9ee14e4a3bcb2.jpg","introduction":"快乐法则🧼    轻松时刻🫧 "}]} =================================== 
2025-10-14 14:30:51.801 [http-nio-8082-exec-5] INFO  c.z.f.b.context.filter.HeaderUserId2ContextFilter - ===== 删除 ThreadLocal， userId: 100
2025-10-14 14:30:51.801 [http-nio-8082-exec-2] INFO  c.z.f.b.operationlog.aspect.ApiOperationLogAspect - ====== 请求结束: [批量查询用户信息], 耗时: 1ms, 出参: {"success":true,"message":null,"errorCode":null,"data":[{"id":100,"nickName":"稚生","avatar":"https://my-xiaohongshu-oss.oss-cn-guangzhou.aliyuncs.com/ca709c5d72304bedbcf9ee14e4a3bcb2.jpg","introduction":"快乐法则🧼    轻松时刻🫧 "}]} =================================== 
2025-10-14 14:30:51.803 [http-nio-8082-exec-2] INFO  c.z.f.b.context.filter.HeaderUserId2ContextFilter - ===== 删除 ThreadLocal， userId: 100
2025-10-14 14:30:53.561 [http-nio-8082-exec-4] INFO  c.z.f.b.context.filter.HeaderUserId2ContextFilter - ## HeaderUserId2ContextFilter, 用户 ID: 100
2025-10-14 14:30:53.563 [http-nio-8082-exec-3] INFO  c.z.f.b.context.filter.HeaderUserId2ContextFilter - ## HeaderUserId2ContextFilter, 用户 ID: 100
2025-10-14 14:30:53.563 [http-nio-8082-exec-4] INFO  c.z.f.b.c.interceptor.FeignRequestInterceptor - ==> feign请求设置请求头 userId: 100
2025-10-14 14:30:53.565 [http-nio-8082-exec-3] INFO  c.z.f.b.c.interceptor.FeignRequestInterceptor - ==> feign请求设置请求头 userId: 100
2025-10-14 14:30:53.571 [http-nio-8082-exec-4] INFO  c.z.f.b.context.filter.HeaderUserId2ContextFilter - ===== 删除 ThreadLocal， userId: 100
2025-10-14 14:30:53.574 [http-nio-8082-exec-3] INFO  c.z.f.b.context.filter.HeaderUserId2ContextFilter - ===== 删除 ThreadLocal， userId: 100
2025-10-14 14:30:53.593 [http-nio-8082-exec-9] INFO  c.z.f.b.context.filter.HeaderUserId2ContextFilter - ## HeaderUserId2ContextFilter, 用户 ID: 100
2025-10-14 14:30:53.593 [http-nio-8082-exec-6] INFO  c.z.f.b.context.filter.HeaderUserId2ContextFilter - ## HeaderUserId2ContextFilter, 用户 ID: 100
2025-10-14 14:30:53.594 [http-nio-8082-exec-6] INFO  c.z.f.b.operationlog.aspect.ApiOperationLogAspect - ====== 请求开始: [批量查询用户信息], 入参: {"ids":[100]}, 请求类: UserController, 请求方法: findByIds =================================== 
2025-10-14 14:30:53.594 [http-nio-8082-exec-9] INFO  c.z.f.b.operationlog.aspect.ApiOperationLogAspect - ====== 请求开始: [批量查询用户信息], 入参: {"ids":[100]}, 请求类: UserController, 请求方法: findByIds =================================== 
2025-10-14 14:30:53.596 [http-nio-8082-exec-9] INFO  c.z.f.b.operationlog.aspect.ApiOperationLogAspect - ====== 请求结束: [批量查询用户信息], 耗时: 2ms, 出参: {"success":true,"message":null,"errorCode":null,"data":[{"id":100,"nickName":"稚生","avatar":"https://my-xiaohongshu-oss.oss-cn-guangzhou.aliyuncs.com/ca709c5d72304bedbcf9ee14e4a3bcb2.jpg","introduction":"快乐法则🧼    轻松时刻🫧 "}]} =================================== 
2025-10-14 14:30:53.596 [http-nio-8082-exec-6] INFO  c.z.f.b.operationlog.aspect.ApiOperationLogAspect - ====== 请求结束: [批量查询用户信息], 耗时: 2ms, 出参: {"success":true,"message":null,"errorCode":null,"data":[{"id":100,"nickName":"稚生","avatar":"https://my-xiaohongshu-oss.oss-cn-guangzhou.aliyuncs.com/ca709c5d72304bedbcf9ee14e4a3bcb2.jpg","introduction":"快乐法则🧼    轻松时刻🫧 "}]} =================================== 
2025-10-14 14:30:53.597 [http-nio-8082-exec-6] INFO  c.z.f.b.context.filter.HeaderUserId2ContextFilter - ===== 删除 ThreadLocal， userId: 100
2025-10-14 14:30:53.597 [http-nio-8082-exec-9] INFO  c.z.f.b.context.filter.HeaderUserId2ContextFilter - ===== 删除 ThreadLocal， userId: 100
2025-10-14 14:30:54.761 [http-nio-8082-exec-7] INFO  c.z.f.b.context.filter.HeaderUserId2ContextFilter - ## HeaderUserId2ContextFilter, 用户 ID: 100
2025-10-14 14:30:54.763 [http-nio-8082-exec-1] INFO  c.z.f.b.context.filter.HeaderUserId2ContextFilter - ## HeaderUserId2ContextFilter, 用户 ID: 100
2025-10-14 14:30:54.763 [http-nio-8082-exec-7] INFO  c.z.f.b.c.interceptor.FeignRequestInterceptor - ==> feign请求设置请求头 userId: 100
2025-10-14 14:30:54.766 [http-nio-8082-exec-1] INFO  c.z.f.b.c.interceptor.FeignRequestInterceptor - ==> feign请求设置请求头 userId: 100
2025-10-14 14:30:54.771 [http-nio-8082-exec-1] INFO  c.z.f.b.context.filter.HeaderUserId2ContextFilter - ===== 删除 ThreadLocal， userId: 100
2025-10-14 14:30:54.771 [http-nio-8082-exec-7] INFO  c.z.f.b.context.filter.HeaderUserId2ContextFilter - ===== 删除 ThreadLocal， userId: 100
2025-10-14 14:30:54.793 [http-nio-8082-exec-8] INFO  c.z.f.b.context.filter.HeaderUserId2ContextFilter - ## HeaderUserId2ContextFilter, 用户 ID: 100
2025-10-14 14:30:54.794 [http-nio-8082-exec-8] INFO  c.z.f.b.operationlog.aspect.ApiOperationLogAspect - ====== 请求开始: [批量查询用户信息], 入参: {"ids":[100]}, 请求类: UserController, 请求方法: findByIds =================================== 
2025-10-14 14:30:54.794 [http-nio-8082-exec-10] INFO  c.z.f.b.context.filter.HeaderUserId2ContextFilter - ## HeaderUserId2ContextFilter, 用户 ID: 100
2025-10-14 14:30:54.795 [http-nio-8082-exec-10] INFO  c.z.f.b.operationlog.aspect.ApiOperationLogAspect - ====== 请求开始: [批量查询用户信息], 入参: {"ids":[100]}, 请求类: UserController, 请求方法: findByIds =================================== 
2025-10-14 14:30:54.796 [http-nio-8082-exec-8] INFO  c.z.f.b.operationlog.aspect.ApiOperationLogAspect - ====== 请求结束: [批量查询用户信息], 耗时: 2ms, 出参: {"success":true,"message":null,"errorCode":null,"data":[{"id":100,"nickName":"稚生","avatar":"https://my-xiaohongshu-oss.oss-cn-guangzhou.aliyuncs.com/ca709c5d72304bedbcf9ee14e4a3bcb2.jpg","introduction":"快乐法则🧼    轻松时刻🫧 "}]} =================================== 
2025-10-14 14:30:54.797 [http-nio-8082-exec-8] INFO  c.z.f.b.context.filter.HeaderUserId2ContextFilter - ===== 删除 ThreadLocal， userId: 100
2025-10-14 14:30:54.797 [http-nio-8082-exec-10] INFO  c.z.f.b.operationlog.aspect.ApiOperationLogAspect - ====== 请求结束: [批量查询用户信息], 耗时: 2ms, 出参: {"success":true,"message":null,"errorCode":null,"data":[{"id":100,"nickName":"稚生","avatar":"https://my-xiaohongshu-oss.oss-cn-guangzhou.aliyuncs.com/ca709c5d72304bedbcf9ee14e4a3bcb2.jpg","introduction":"快乐法则🧼    轻松时刻🫧 "}]} =================================== 
2025-10-14 14:30:54.797 [http-nio-8082-exec-10] INFO  c.z.f.b.context.filter.HeaderUserId2ContextFilter - ===== 删除 ThreadLocal， userId: 100
2025-10-14 14:31:36.085 [http-nio-8082-exec-5] INFO  c.z.f.b.context.filter.HeaderUserId2ContextFilter - ## HeaderUserId2ContextFilter, 用户 ID: 100
2025-10-14 14:31:36.086 [http-nio-8082-exec-5] INFO  c.z.f.b.operationlog.aspect.ApiOperationLogAspect - ====== 请求开始: [批量查询用户信息], 入参: {"ids":[100]}, 请求类: UserController, 请求方法: findByIds =================================== 
2025-10-14 14:31:36.088 [http-nio-8082-exec-5] INFO  c.z.f.b.operationlog.aspect.ApiOperationLogAspect - ====== 请求结束: [批量查询用户信息], 耗时: 2ms, 出参: {"success":true,"message":null,"errorCode":null,"data":[{"id":100,"nickName":"稚生","avatar":"https://my-xiaohongshu-oss.oss-cn-guangzhou.aliyuncs.com/ca709c5d72304bedbcf9ee14e4a3bcb2.jpg","introduction":"快乐法则🧼    轻松时刻🫧 "}]} =================================== 
2025-10-14 14:31:36.088 [http-nio-8082-exec-5] INFO  c.z.f.b.context.filter.HeaderUserId2ContextFilter - ===== 删除 ThreadLocal， userId: 100
2025-10-14 14:31:36.811 [http-nio-8082-exec-2] INFO  c.z.f.b.context.filter.HeaderUserId2ContextFilter - ## HeaderUserId2ContextFilter, 用户 ID: 100
2025-10-14 14:31:36.813 [http-nio-8082-exec-4] INFO  c.z.f.b.context.filter.HeaderUserId2ContextFilter - ## HeaderUserId2ContextFilter, 用户 ID: 100
2025-10-14 14:31:36.814 [http-nio-8082-exec-2] INFO  c.z.f.b.c.interceptor.FeignRequestInterceptor - ==> feign请求设置请求头 userId: 100
2025-10-14 14:31:36.815 [http-nio-8082-exec-4] INFO  c.z.f.b.c.interceptor.FeignRequestInterceptor - ==> feign请求设置请求头 userId: 100
2025-10-14 14:31:36.823 [http-nio-8082-exec-2] INFO  c.z.f.b.context.filter.HeaderUserId2ContextFilter - ===== 删除 ThreadLocal， userId: 100
2025-10-14 14:31:36.832 [http-nio-8082-exec-4] INFO  c.z.f.b.context.filter.HeaderUserId2ContextFilter - ===== 删除 ThreadLocal， userId: 100
2025-10-14 14:31:36.842 [http-nio-8082-exec-3] INFO  c.z.f.b.context.filter.HeaderUserId2ContextFilter - ## HeaderUserId2ContextFilter, 用户 ID: 100
2025-10-14 14:31:36.843 [http-nio-8082-exec-3] INFO  c.z.f.b.operationlog.aspect.ApiOperationLogAspect - ====== 请求开始: [批量查询用户信息], 入参: {"ids":[100]}, 请求类: UserController, 请求方法: findByIds =================================== 
2025-10-14 14:31:36.845 [http-nio-8082-exec-3] INFO  c.z.f.b.operationlog.aspect.ApiOperationLogAspect - ====== 请求结束: [批量查询用户信息], 耗时: 2ms, 出参: {"success":true,"message":null,"errorCode":null,"data":[{"id":100,"nickName":"稚生","avatar":"https://my-xiaohongshu-oss.oss-cn-guangzhou.aliyuncs.com/ca709c5d72304bedbcf9ee14e4a3bcb2.jpg","introduction":"快乐法则🧼    轻松时刻🫧 "}]} =================================== 
2025-10-14 14:31:36.846 [http-nio-8082-exec-3] INFO  c.z.f.b.context.filter.HeaderUserId2ContextFilter - ===== 删除 ThreadLocal， userId: 100
2025-10-14 14:31:36.851 [http-nio-8082-exec-6] INFO  c.z.f.b.context.filter.HeaderUserId2ContextFilter - ## HeaderUserId2ContextFilter, 用户 ID: 100
2025-10-14 14:31:36.851 [http-nio-8082-exec-6] INFO  c.z.f.b.operationlog.aspect.ApiOperationLogAspect - ====== 请求开始: [批量查询用户信息], 入参: {"ids":[100]}, 请求类: UserController, 请求方法: findByIds =================================== 
2025-10-14 14:31:36.853 [http-nio-8082-exec-6] INFO  c.z.f.b.operationlog.aspect.ApiOperationLogAspect - ====== 请求结束: [批量查询用户信息], 耗时: 2ms, 出参: {"success":true,"message":null,"errorCode":null,"data":[{"id":100,"nickName":"稚生","avatar":"https://my-xiaohongshu-oss.oss-cn-guangzhou.aliyuncs.com/ca709c5d72304bedbcf9ee14e4a3bcb2.jpg","introduction":"快乐法则🧼    轻松时刻🫧 "}]} =================================== 
2025-10-14 14:31:36.854 [http-nio-8082-exec-6] INFO  c.z.f.b.context.filter.HeaderUserId2ContextFilter - ===== 删除 ThreadLocal， userId: 100
2025-10-14 14:31:37.877 [http-nio-8082-exec-9] INFO  c.z.f.b.context.filter.HeaderUserId2ContextFilter - ## HeaderUserId2ContextFilter, 用户 ID: 100
2025-10-14 14:31:37.878 [http-nio-8082-exec-9] INFO  c.z.f.b.operationlog.aspect.ApiOperationLogAspect - ====== 请求开始: [批量查询用户信息], 入参: {"ids":[100]}, 请求类: UserController, 请求方法: findByIds =================================== 
2025-10-14 14:31:37.880 [http-nio-8082-exec-9] INFO  c.z.f.b.operationlog.aspect.ApiOperationLogAspect - ====== 请求结束: [批量查询用户信息], 耗时: 2ms, 出参: {"success":true,"message":null,"errorCode":null,"data":[{"id":100,"nickName":"稚生","avatar":"https://my-xiaohongshu-oss.oss-cn-guangzhou.aliyuncs.com/ca709c5d72304bedbcf9ee14e4a3bcb2.jpg","introduction":"快乐法则🧼    轻松时刻🫧 "}]} =================================== 
2025-10-14 14:31:37.881 [http-nio-8082-exec-9] INFO  c.z.f.b.context.filter.HeaderUserId2ContextFilter - ===== 删除 ThreadLocal， userId: 100
2025-10-14 14:31:49.234 [http-nio-8082-exec-1] INFO  c.z.f.b.context.filter.HeaderUserId2ContextFilter - ## HeaderUserId2ContextFilter, 用户 ID: 100
2025-10-14 14:31:49.235 [http-nio-8082-exec-1] INFO  c.z.f.b.operationlog.aspect.ApiOperationLogAspect - ====== 请求开始: [批量查询用户信息], 入参: {"ids":[100]}, 请求类: UserController, 请求方法: findByIds =================================== 
2025-10-14 14:31:49.238 [http-nio-8082-exec-1] INFO  c.z.f.b.operationlog.aspect.ApiOperationLogAspect - ====== 请求结束: [批量查询用户信息], 耗时: 2ms, 出参: {"success":true,"message":null,"errorCode":null,"data":[{"id":100,"nickName":"稚生","avatar":"https://my-xiaohongshu-oss.oss-cn-guangzhou.aliyuncs.com/ca709c5d72304bedbcf9ee14e4a3bcb2.jpg","introduction":"快乐法则🧼    轻松时刻🫧 "}]} =================================== 
2025-10-14 14:31:49.238 [http-nio-8082-exec-1] INFO  c.z.f.b.context.filter.HeaderUserId2ContextFilter - ===== 删除 ThreadLocal， userId: 100
2025-10-14 14:31:52.733 [http-nio-8082-exec-7] INFO  c.z.f.b.context.filter.HeaderUserId2ContextFilter - ## HeaderUserId2ContextFilter, 用户 ID: 100
2025-10-14 14:31:52.734 [http-nio-8082-exec-8] INFO  c.z.f.b.context.filter.HeaderUserId2ContextFilter - ## HeaderUserId2ContextFilter, 用户 ID: 100
2025-10-14 14:31:52.738 [http-nio-8082-exec-7] INFO  c.z.f.b.c.interceptor.FeignRequestInterceptor - ==> feign请求设置请求头 userId: 100
2025-10-14 14:31:52.738 [http-nio-8082-exec-8] INFO  c.z.f.b.c.interceptor.FeignRequestInterceptor - ==> feign请求设置请求头 userId: 100
2025-10-14 14:31:52.745 [http-nio-8082-exec-8] INFO  c.z.f.b.context.filter.HeaderUserId2ContextFilter - ===== 删除 ThreadLocal， userId: 100
2025-10-14 14:31:52.745 [http-nio-8082-exec-7] INFO  c.z.f.b.context.filter.HeaderUserId2ContextFilter - ===== 删除 ThreadLocal， userId: 100
2025-10-14 14:31:52.766 [http-nio-8082-exec-10] INFO  c.z.f.b.context.filter.HeaderUserId2ContextFilter - ## HeaderUserId2ContextFilter, 用户 ID: 100
2025-10-14 14:31:52.766 [http-nio-8082-exec-5] INFO  c.z.f.b.context.filter.HeaderUserId2ContextFilter - ## HeaderUserId2ContextFilter, 用户 ID: 100
2025-10-14 14:31:52.767 [http-nio-8082-exec-5] INFO  c.z.f.b.operationlog.aspect.ApiOperationLogAspect - ====== 请求开始: [批量查询用户信息], 入参: {"ids":[100]}, 请求类: UserController, 请求方法: findByIds =================================== 
2025-10-14 14:31:52.767 [http-nio-8082-exec-10] INFO  c.z.f.b.operationlog.aspect.ApiOperationLogAspect - ====== 请求开始: [批量查询用户信息], 入参: {"ids":[100]}, 请求类: UserController, 请求方法: findByIds =================================== 
2025-10-14 14:31:52.769 [http-nio-8082-exec-5] INFO  c.z.f.b.operationlog.aspect.ApiOperationLogAspect - ====== 请求结束: [批量查询用户信息], 耗时: 2ms, 出参: {"success":true,"message":null,"errorCode":null,"data":[{"id":100,"nickName":"稚生","avatar":"https://my-xiaohongshu-oss.oss-cn-guangzhou.aliyuncs.com/ca709c5d72304bedbcf9ee14e4a3bcb2.jpg","introduction":"快乐法则🧼    轻松时刻🫧 "}]} =================================== 
2025-10-14 14:31:52.769 [http-nio-8082-exec-10] INFO  c.z.f.b.operationlog.aspect.ApiOperationLogAspect - ====== 请求结束: [批量查询用户信息], 耗时: 2ms, 出参: {"success":true,"message":null,"errorCode":null,"data":[{"id":100,"nickName":"稚生","avatar":"https://my-xiaohongshu-oss.oss-cn-guangzhou.aliyuncs.com/ca709c5d72304bedbcf9ee14e4a3bcb2.jpg","introduction":"快乐法则🧼    轻松时刻🫧 "}]} =================================== 
2025-10-14 14:31:52.769 [http-nio-8082-exec-5] INFO  c.z.f.b.context.filter.HeaderUserId2ContextFilter - ===== 删除 ThreadLocal， userId: 100
2025-10-14 14:31:52.769 [http-nio-8082-exec-10] INFO  c.z.f.b.context.filter.HeaderUserId2ContextFilter - ===== 删除 ThreadLocal， userId: 100
2025-10-14 14:31:53.711 [http-nio-8082-exec-2] INFO  c.z.f.b.context.filter.HeaderUserId2ContextFilter - ## HeaderUserId2ContextFilter, 用户 ID: 100
2025-10-14 14:31:53.711 [http-nio-8082-exec-2] INFO  c.z.f.b.operationlog.aspect.ApiOperationLogAspect - ====== 请求开始: [批量查询用户信息], 入参: {"ids":[100]}, 请求类: UserController, 请求方法: findByIds =================================== 
2025-10-14 14:31:53.714 [http-nio-8082-exec-2] INFO  c.z.f.b.operationlog.aspect.ApiOperationLogAspect - ====== 请求结束: [批量查询用户信息], 耗时: 3ms, 出参: {"success":true,"message":null,"errorCode":null,"data":[{"id":100,"nickName":"稚生","avatar":"https://my-xiaohongshu-oss.oss-cn-guangzhou.aliyuncs.com/ca709c5d72304bedbcf9ee14e4a3bcb2.jpg","introduction":"快乐法则🧼    轻松时刻🫧 "}]} =================================== 
2025-10-14 14:31:53.715 [http-nio-8082-exec-2] INFO  c.z.f.b.context.filter.HeaderUserId2ContextFilter - ===== 删除 ThreadLocal， userId: 100
2025-10-14 14:31:54.628 [http-nio-8082-exec-4] INFO  c.z.f.b.context.filter.HeaderUserId2ContextFilter - ## HeaderUserId2ContextFilter, 用户 ID: 100
2025-10-14 14:31:54.630 [http-nio-8082-exec-4] INFO  c.z.f.b.c.interceptor.FeignRequestInterceptor - ==> feign请求设置请求头 userId: 100
2025-10-14 14:31:54.631 [http-nio-8082-exec-3] INFO  c.z.f.b.context.filter.HeaderUserId2ContextFilter - ## HeaderUserId2ContextFilter, 用户 ID: 100
2025-10-14 14:31:54.633 [http-nio-8082-exec-3] INFO  c.z.f.b.c.interceptor.FeignRequestInterceptor - ==> feign请求设置请求头 userId: 100
2025-10-14 14:31:54.638 [http-nio-8082-exec-4] INFO  c.z.f.b.context.filter.HeaderUserId2ContextFilter - ===== 删除 ThreadLocal， userId: 100
2025-10-14 14:31:54.639 [http-nio-8082-exec-3] INFO  c.z.f.b.context.filter.HeaderUserId2ContextFilter - ===== 删除 ThreadLocal， userId: 100
2025-10-14 14:31:54.660 [http-nio-8082-exec-9] INFO  c.z.f.b.context.filter.HeaderUserId2ContextFilter - ## HeaderUserId2ContextFilter, 用户 ID: 100
2025-10-14 14:31:54.660 [http-nio-8082-exec-6] INFO  c.z.f.b.context.filter.HeaderUserId2ContextFilter - ## HeaderUserId2ContextFilter, 用户 ID: 100
2025-10-14 14:31:54.661 [http-nio-8082-exec-6] INFO  c.z.f.b.operationlog.aspect.ApiOperationLogAspect - ====== 请求开始: [批量查询用户信息], 入参: {"ids":[100]}, 请求类: UserController, 请求方法: findByIds =================================== 
2025-10-14 14:31:54.661 [http-nio-8082-exec-9] INFO  c.z.f.b.operationlog.aspect.ApiOperationLogAspect - ====== 请求开始: [批量查询用户信息], 入参: {"ids":[100]}, 请求类: UserController, 请求方法: findByIds =================================== 
2025-10-14 14:31:54.663 [http-nio-8082-exec-9] INFO  c.z.f.b.operationlog.aspect.ApiOperationLogAspect - ====== 请求结束: [批量查询用户信息], 耗时: 2ms, 出参: {"success":true,"message":null,"errorCode":null,"data":[{"id":100,"nickName":"稚生","avatar":"https://my-xiaohongshu-oss.oss-cn-guangzhou.aliyuncs.com/ca709c5d72304bedbcf9ee14e4a3bcb2.jpg","introduction":"快乐法则🧼    轻松时刻🫧 "}]} =================================== 
2025-10-14 14:31:54.663 [http-nio-8082-exec-6] INFO  c.z.f.b.operationlog.aspect.ApiOperationLogAspect - ====== 请求结束: [批量查询用户信息], 耗时: 2ms, 出参: {"success":true,"message":null,"errorCode":null,"data":[{"id":100,"nickName":"稚生","avatar":"https://my-xiaohongshu-oss.oss-cn-guangzhou.aliyuncs.com/ca709c5d72304bedbcf9ee14e4a3bcb2.jpg","introduction":"快乐法则🧼    轻松时刻🫧 "}]} =================================== 
2025-10-14 14:31:54.664 [http-nio-8082-exec-9] INFO  c.z.f.b.context.filter.HeaderUserId2ContextFilter - ===== 删除 ThreadLocal， userId: 100
2025-10-14 14:31:54.664 [http-nio-8082-exec-6] INFO  c.z.f.b.context.filter.HeaderUserId2ContextFilter - ===== 删除 ThreadLocal， userId: 100
2025-10-14 14:32:01.280 [http-nio-8082-exec-1] INFO  c.z.f.b.context.filter.HeaderUserId2ContextFilter - ## HeaderUserId2ContextFilter, 用户 ID: 100
2025-10-14 14:32:01.281 [http-nio-8082-exec-1] INFO  c.z.f.b.operationlog.aspect.ApiOperationLogAspect - ====== 请求开始: [批量查询用户信息], 入参: {"ids":[100]}, 请求类: UserController, 请求方法: findByIds =================================== 
2025-10-14 14:32:01.284 [http-nio-8082-exec-1] INFO  c.z.f.b.operationlog.aspect.ApiOperationLogAspect - ====== 请求结束: [批量查询用户信息], 耗时: 3ms, 出参: {"success":true,"message":null,"errorCode":null,"data":[{"id":100,"nickName":"稚生","avatar":"https://my-xiaohongshu-oss.oss-cn-guangzhou.aliyuncs.com/ca709c5d72304bedbcf9ee14e4a3bcb2.jpg","introduction":"快乐法则🧼    轻松时刻🫧 "}]} =================================== 
2025-10-14 14:32:01.285 [http-nio-8082-exec-1] INFO  c.z.f.b.context.filter.HeaderUserId2ContextFilter - ===== 删除 ThreadLocal， userId: 100
2025-10-14 14:32:14.002 [http-nio-8082-exec-8] INFO  c.z.f.b.context.filter.HeaderUserId2ContextFilter - ## HeaderUserId2ContextFilter, 用户 ID: 100
2025-10-14 14:32:14.003 [http-nio-8082-exec-8] INFO  c.z.f.b.operationlog.aspect.ApiOperationLogAspect - ====== 请求开始: [批量查询用户信息], 入参: {"ids":[100]}, 请求类: UserController, 请求方法: findByIds =================================== 
2025-10-14 14:32:14.005 [http-nio-8082-exec-8] INFO  c.z.f.b.operationlog.aspect.ApiOperationLogAspect - ====== 请求结束: [批量查询用户信息], 耗时: 2ms, 出参: {"success":true,"message":null,"errorCode":null,"data":[{"id":100,"nickName":"稚生","avatar":"https://my-xiaohongshu-oss.oss-cn-guangzhou.aliyuncs.com/ca709c5d72304bedbcf9ee14e4a3bcb2.jpg","introduction":"快乐法则🧼    轻松时刻🫧 "}]} =================================== 
2025-10-14 14:32:14.006 [http-nio-8082-exec-8] INFO  c.z.f.b.context.filter.HeaderUserId2ContextFilter - ===== 删除 ThreadLocal， userId: 100
2025-10-14 14:32:23.158 [http-nio-8082-exec-7] INFO  c.z.f.b.context.filter.HeaderUserId2ContextFilter - ## HeaderUserId2ContextFilter, 用户 ID: 100
2025-10-14 14:32:23.159 [http-nio-8082-exec-7] INFO  c.z.f.b.operationlog.aspect.ApiOperationLogAspect - ====== 请求开始: [批量查询用户信息], 入参: {"ids":[100]}, 请求类: UserController, 请求方法: findByIds =================================== 
2025-10-14 14:32:23.161 [http-nio-8082-exec-7] INFO  c.z.f.b.operationlog.aspect.ApiOperationLogAspect - ====== 请求结束: [批量查询用户信息], 耗时: 2ms, 出参: {"success":true,"message":null,"errorCode":null,"data":[{"id":100,"nickName":"稚生","avatar":"https://my-xiaohongshu-oss.oss-cn-guangzhou.aliyuncs.com/ca709c5d72304bedbcf9ee14e4a3bcb2.jpg","introduction":"快乐法则🧼    轻松时刻🫧 "}]} =================================== 
2025-10-14 14:32:23.162 [http-nio-8082-exec-7] INFO  c.z.f.b.context.filter.HeaderUserId2ContextFilter - ===== 删除 ThreadLocal， userId: 100
2025-10-14 14:43:42.845 [http-nio-8082-exec-3] INFO  c.z.f.b.context.filter.HeaderUserId2ContextFilter - ## HeaderUserId2ContextFilter, 用户 ID: 100
2025-10-14 14:43:42.910 [http-nio-8082-exec-3] INFO  c.z.f.b.operationlog.aspect.ApiOperationLogAspect - ====== 请求开始: [批量查询用户信息], 入参: {"ids":[100]}, 请求类: UserController, 请求方法: findByIds =================================== 
2025-10-14 14:43:42.942 [http-nio-8082-exec-3] INFO  c.z.f.b.operationlog.aspect.ApiOperationLogAspect - ====== 请求结束: [批量查询用户信息], 耗时: 36ms, 出参: {"success":true,"message":null,"errorCode":null,"data":[{"id":100,"nickName":"稚生","avatar":"https://my-xiaohongshu-oss.oss-cn-guangzhou.aliyuncs.com/ca709c5d72304bedbcf9ee14e4a3bcb2.jpg","introduction":"快乐法则🧼    轻松时刻🫧 "}]} =================================== 
2025-10-14 14:43:42.962 [http-nio-8082-exec-3] INFO  c.z.f.b.context.filter.HeaderUserId2ContextFilter - ===== 删除 ThreadLocal， userId: 100
2025-10-14 14:51:43.582 [http-nio-8082-exec-6] INFO  c.z.f.b.context.filter.HeaderUserId2ContextFilter - ## HeaderUserId2ContextFilter, 用户 ID: 100
2025-10-14 14:51:43.604 [http-nio-8082-exec-6] INFO  c.z.f.b.operationlog.aspect.ApiOperationLogAspect - ====== 请求开始: [批量查询用户信息], 入参: {"ids":[100]}, 请求类: UserController, 请求方法: findByIds =================================== 
2025-10-14 14:51:43.617 [http-nio-8082-exec-6] INFO  c.z.f.b.operationlog.aspect.ApiOperationLogAspect - ====== 请求结束: [批量查询用户信息], 耗时: 15ms, 出参: {"success":true,"message":null,"errorCode":null,"data":[{"id":100,"nickName":"稚生","avatar":"https://my-xiaohongshu-oss.oss-cn-guangzhou.aliyuncs.com/ca709c5d72304bedbcf9ee14e4a3bcb2.jpg","introduction":"快乐法则🧼    轻松时刻🫧 "}]} =================================== 
2025-10-14 14:51:43.622 [http-nio-8082-exec-6] INFO  c.z.f.b.context.filter.HeaderUserId2ContextFilter - ===== 删除 ThreadLocal， userId: 100
2025-10-14 14:51:45.090 [http-nio-8082-exec-1] INFO  c.z.f.b.context.filter.HeaderUserId2ContextFilter - ## HeaderUserId2ContextFilter, 用户 ID: 100
2025-10-14 14:51:45.206 [http-nio-8082-exec-1] INFO  c.z.f.b.operationlog.aspect.ApiOperationLogAspect - ====== 请求开始: [根据用户 ID 查询用户信息], 入参: {"id":100}, 请求类: UserController, 请求方法: findById =================================== 
2025-10-14 14:51:45.231 [http-nio-8082-exec-1] INFO  c.z.f.b.operationlog.aspect.ApiOperationLogAspect - ====== 请求结束: [根据用户 ID 查询用户信息], 耗时: 25ms, 出参: {"success":true,"message":null,"errorCode":null,"data":{"id":100,"nickName":"稚生","avatar":"https://my-xiaohongshu-oss.oss-cn-guangzhou.aliyuncs.com/ca709c5d72304bedbcf9ee14e4a3bcb2.jpg","introduction":"快乐法则🧼    轻松时刻🫧 "}} =================================== 
2025-10-14 14:51:45.236 [http-nio-8082-exec-1] INFO  c.z.f.b.context.filter.HeaderUserId2ContextFilter - ===== 删除 ThreadLocal， userId: 100
2025-10-14 14:51:55.974 [http-nio-8082-exec-8] INFO  c.z.f.b.context.filter.HeaderUserId2ContextFilter - ## HeaderUserId2ContextFilter, 用户 ID: 100
2025-10-14 14:51:55.977 [http-nio-8082-exec-8] INFO  c.z.f.b.operationlog.aspect.ApiOperationLogAspect - ====== 请求开始: [批量查询用户信息], 入参: {"ids":[100]}, 请求类: UserController, 请求方法: findByIds =================================== 
2025-10-14 14:51:55.981 [http-nio-8082-exec-8] INFO  c.z.f.b.operationlog.aspect.ApiOperationLogAspect - ====== 请求结束: [批量查询用户信息], 耗时: 3ms, 出参: {"success":true,"message":null,"errorCode":null,"data":[{"id":100,"nickName":"稚生","avatar":"https://my-xiaohongshu-oss.oss-cn-guangzhou.aliyuncs.com/ca709c5d72304bedbcf9ee14e4a3bcb2.jpg","introduction":"快乐法则🧼    轻松时刻🫧 "}]} =================================== 
2025-10-14 14:51:55.981 [http-nio-8082-exec-8] INFO  c.z.f.b.context.filter.HeaderUserId2ContextFilter - ===== 删除 ThreadLocal， userId: 100
2025-10-14 15:04:17.379 [http-nio-8082-exec-5] INFO  c.z.f.b.context.filter.HeaderUserId2ContextFilter - ## HeaderUserId2ContextFilter, 用户 ID: 100
2025-10-14 15:04:17.415 [http-nio-8082-exec-5] INFO  c.z.f.b.operationlog.aspect.ApiOperationLogAspect - ====== 请求开始: [批量查询用户信息], 入参: {"ids":[100]}, 请求类: UserController, 请求方法: findByIds =================================== 
2025-10-14 15:04:17.436 [http-nio-8082-exec-5] INFO  c.z.f.b.operationlog.aspect.ApiOperationLogAspect - ====== 请求结束: [批量查询用户信息], 耗时: 24ms, 出参: {"success":true,"message":null,"errorCode":null,"data":[{"id":100,"nickName":"稚生","avatar":"https://my-xiaohongshu-oss.oss-cn-guangzhou.aliyuncs.com/ca709c5d72304bedbcf9ee14e4a3bcb2.jpg","introduction":"快乐法则🧼    轻松时刻🫧 "}]} =================================== 
2025-10-14 15:04:17.446 [http-nio-8082-exec-5] INFO  c.z.f.b.context.filter.HeaderUserId2ContextFilter - ===== 删除 ThreadLocal， userId: 100
2025-10-14 15:04:18.900 [http-nio-8082-exec-10] INFO  c.z.f.b.context.filter.HeaderUserId2ContextFilter - ## HeaderUserId2ContextFilter, 用户 ID: 100
2025-10-14 15:04:18.904 [http-nio-8082-exec-10] INFO  c.z.f.b.operationlog.aspect.ApiOperationLogAspect - ====== 请求开始: [根据用户 ID 查询用户信息], 入参: {"id":100}, 请求类: UserController, 请求方法: findById =================================== 
2025-10-14 15:04:18.908 [http-nio-8082-exec-10] INFO  c.z.x.user.biz.service.impl.UserServiceImpl - ==> 从本地缓存中获取用户信息，id: 100, userInfo: {"id":100,"nickName":"稚生","avatar":"https://my-xiaohongshu-oss.oss-cn-guangzhou.aliyuncs.com/ca709c5d72304bedbcf9ee14e4a3bcb2.jpg","introduction":"快乐法则🧼    轻松时刻🫧 "}
2025-10-14 15:04:18.909 [http-nio-8082-exec-10] INFO  c.z.f.b.operationlog.aspect.ApiOperationLogAspect - ====== 请求结束: [根据用户 ID 查询用户信息], 耗时: 5ms, 出参: {"success":true,"message":null,"errorCode":null,"data":{"id":100,"nickName":"稚生","avatar":"https://my-xiaohongshu-oss.oss-cn-guangzhou.aliyuncs.com/ca709c5d72304bedbcf9ee14e4a3bcb2.jpg","introduction":"快乐法则🧼    轻松时刻🫧 "}} =================================== 
2025-10-14 15:04:18.910 [http-nio-8082-exec-10] INFO  c.z.f.b.context.filter.HeaderUserId2ContextFilter - ===== 删除 ThreadLocal， userId: 100
2025-10-14 15:04:23.911 [http-nio-8082-exec-2] INFO  c.z.f.b.context.filter.HeaderUserId2ContextFilter - ## HeaderUserId2ContextFilter, 用户 ID: 100
2025-10-14 15:04:23.912 [http-nio-8082-exec-2] INFO  c.z.f.b.operationlog.aspect.ApiOperationLogAspect - ====== 请求开始: [批量查询用户信息], 入参: {"ids":[100]}, 请求类: UserController, 请求方法: findByIds =================================== 
2025-10-14 15:04:23.915 [http-nio-8082-exec-2] INFO  c.z.f.b.operationlog.aspect.ApiOperationLogAspect - ====== 请求结束: [批量查询用户信息], 耗时: 3ms, 出参: {"success":true,"message":null,"errorCode":null,"data":[{"id":100,"nickName":"稚生","avatar":"https://my-xiaohongshu-oss.oss-cn-guangzhou.aliyuncs.com/ca709c5d72304bedbcf9ee14e4a3bcb2.jpg","introduction":"快乐法则🧼    轻松时刻🫧 "}]} =================================== 
2025-10-14 15:04:23.916 [http-nio-8082-exec-2] INFO  c.z.f.b.context.filter.HeaderUserId2ContextFilter - ===== 删除 ThreadLocal， userId: 100
2025-10-14 15:04:47.906 [http-nio-8082-exec-4] INFO  c.z.f.b.context.filter.HeaderUserId2ContextFilter - ## HeaderUserId2ContextFilter, 用户 ID: 100
2025-10-14 15:04:47.907 [http-nio-8082-exec-4] INFO  c.z.f.b.operationlog.aspect.ApiOperationLogAspect - ====== 请求开始: [批量查询用户信息], 入参: {"ids":[100]}, 请求类: UserController, 请求方法: findByIds =================================== 
2025-10-14 15:04:47.910 [http-nio-8082-exec-4] INFO  c.z.f.b.operationlog.aspect.ApiOperationLogAspect - ====== 请求结束: [批量查询用户信息], 耗时: 3ms, 出参: {"success":true,"message":null,"errorCode":null,"data":[{"id":100,"nickName":"稚生","avatar":"https://my-xiaohongshu-oss.oss-cn-guangzhou.aliyuncs.com/ca709c5d72304bedbcf9ee14e4a3bcb2.jpg","introduction":"快乐法则🧼    轻松时刻🫧 "}]} =================================== 
2025-10-14 15:04:47.911 [http-nio-8082-exec-4] INFO  c.z.f.b.context.filter.HeaderUserId2ContextFilter - ===== 删除 ThreadLocal， userId: 100
2025-10-14 15:05:03.629 [http-nio-8082-exec-3] INFO  c.z.f.b.context.filter.HeaderUserId2ContextFilter - ## HeaderUserId2ContextFilter, 用户 ID: 100
2025-10-14 15:05:03.630 [http-nio-8082-exec-3] INFO  c.z.f.b.operationlog.aspect.ApiOperationLogAspect - ====== 请求开始: [批量查询用户信息], 入参: {"ids":[100]}, 请求类: UserController, 请求方法: findByIds =================================== 
2025-10-14 15:05:03.633 [http-nio-8082-exec-3] INFO  c.z.f.b.operationlog.aspect.ApiOperationLogAspect - ====== 请求结束: [批量查询用户信息], 耗时: 3ms, 出参: {"success":true,"message":null,"errorCode":null,"data":[{"id":100,"nickName":"稚生","avatar":"https://my-xiaohongshu-oss.oss-cn-guangzhou.aliyuncs.com/ca709c5d72304bedbcf9ee14e4a3bcb2.jpg","introduction":"快乐法则🧼    轻松时刻🫧 "}]} =================================== 
2025-10-14 15:05:03.635 [http-nio-8082-exec-3] INFO  c.z.f.b.context.filter.HeaderUserId2ContextFilter - ===== 删除 ThreadLocal， userId: 100
2025-10-14 15:05:35.565 [http-nio-8082-exec-6] INFO  c.z.f.b.context.filter.HeaderUserId2ContextFilter - ## HeaderUserId2ContextFilter, 用户 ID: 100
2025-10-14 15:05:35.566 [http-nio-8082-exec-6] INFO  c.z.f.b.operationlog.aspect.ApiOperationLogAspect - ====== 请求开始: [批量查询用户信息], 入参: {"ids":[100]}, 请求类: UserController, 请求方法: findByIds =================================== 
2025-10-14 15:05:35.569 [http-nio-8082-exec-6] INFO  c.z.f.b.operationlog.aspect.ApiOperationLogAspect - ====== 请求结束: [批量查询用户信息], 耗时: 3ms, 出参: {"success":true,"message":null,"errorCode":null,"data":[{"id":100,"nickName":"稚生","avatar":"https://my-xiaohongshu-oss.oss-cn-guangzhou.aliyuncs.com/ca709c5d72304bedbcf9ee14e4a3bcb2.jpg","introduction":"快乐法则🧼    轻松时刻🫧 "}]} =================================== 
2025-10-14 15:05:35.571 [http-nio-8082-exec-6] INFO  c.z.f.b.context.filter.HeaderUserId2ContextFilter - ===== 删除 ThreadLocal， userId: 100
2025-10-14 15:05:43.883 [http-nio-8082-exec-8] INFO  c.z.f.b.context.filter.HeaderUserId2ContextFilter - ## HeaderUserId2ContextFilter, 用户 ID: 100
2025-10-14 15:05:43.883 [http-nio-8082-exec-1] INFO  c.z.f.b.context.filter.HeaderUserId2ContextFilter - ## HeaderUserId2ContextFilter, 用户 ID: 100
2025-10-14 15:05:43.952 [http-nio-8082-exec-1] INFO  c.z.f.b.c.interceptor.FeignRequestInterceptor - ==> feign请求设置请求头 userId: 100
2025-10-14 15:05:43.952 [http-nio-8082-exec-8] INFO  c.z.f.b.c.interceptor.FeignRequestInterceptor - ==> feign请求设置请求头 userId: 100
2025-10-14 15:05:44.087 [http-nio-8082-exec-1] INFO  c.z.f.b.context.filter.HeaderUserId2ContextFilter - ===== 删除 ThreadLocal， userId: 100
2025-10-14 15:05:44.087 [http-nio-8082-exec-8] INFO  c.z.f.b.context.filter.HeaderUserId2ContextFilter - ===== 删除 ThreadLocal， userId: 100
2025-10-14 15:05:44.158 [http-nio-8082-exec-7] INFO  c.z.f.b.context.filter.HeaderUserId2ContextFilter - ## HeaderUserId2ContextFilter, 用户 ID: 100
2025-10-14 15:05:44.159 [http-nio-8082-exec-7] INFO  c.z.f.b.operationlog.aspect.ApiOperationLogAspect - ====== 请求开始: [批量查询用户信息], 入参: {"ids":[100]}, 请求类: UserController, 请求方法: findByIds =================================== 
2025-10-14 15:05:44.160 [http-nio-8082-exec-5] INFO  c.z.f.b.context.filter.HeaderUserId2ContextFilter - ## HeaderUserId2ContextFilter, 用户 ID: 100
2025-10-14 15:05:44.162 [http-nio-8082-exec-5] INFO  c.z.f.b.operationlog.aspect.ApiOperationLogAspect - ====== 请求开始: [批量查询用户信息], 入参: {"ids":[100]}, 请求类: UserController, 请求方法: findByIds =================================== 
2025-10-14 15:05:44.162 [http-nio-8082-exec-7] INFO  c.z.f.b.operationlog.aspect.ApiOperationLogAspect - ====== 请求结束: [批量查询用户信息], 耗时: 3ms, 出参: {"success":true,"message":null,"errorCode":null,"data":[{"id":100,"nickName":"稚生","avatar":"https://my-xiaohongshu-oss.oss-cn-guangzhou.aliyuncs.com/ca709c5d72304bedbcf9ee14e4a3bcb2.jpg","introduction":"快乐法则🧼    轻松时刻🫧 "}]} =================================== 
2025-10-14 15:05:44.163 [http-nio-8082-exec-7] INFO  c.z.f.b.context.filter.HeaderUserId2ContextFilter - ===== 删除 ThreadLocal， userId: 100
2025-10-14 15:05:44.164 [http-nio-8082-exec-5] INFO  c.z.f.b.operationlog.aspect.ApiOperationLogAspect - ====== 请求结束: [批量查询用户信息], 耗时: 2ms, 出参: {"success":true,"message":null,"errorCode":null,"data":[{"id":100,"nickName":"稚生","avatar":"https://my-xiaohongshu-oss.oss-cn-guangzhou.aliyuncs.com/ca709c5d72304bedbcf9ee14e4a3bcb2.jpg","introduction":"快乐法则🧼    轻松时刻🫧 "}]} =================================== 
2025-10-14 15:05:44.165 [http-nio-8082-exec-5] INFO  c.z.f.b.context.filter.HeaderUserId2ContextFilter - ===== 删除 ThreadLocal， userId: 100
2025-10-14 15:05:49.688 [http-nio-8082-exec-10] INFO  c.z.f.b.context.filter.HeaderUserId2ContextFilter - ## HeaderUserId2ContextFilter, 用户 ID: 100
2025-10-14 15:05:49.689 [http-nio-8082-exec-10] INFO  c.z.f.b.operationlog.aspect.ApiOperationLogAspect - ====== 请求开始: [批量查询用户信息], 入参: {"ids":[100]}, 请求类: UserController, 请求方法: findByIds =================================== 
2025-10-14 15:05:49.692 [http-nio-8082-exec-10] INFO  c.z.f.b.operationlog.aspect.ApiOperationLogAspect - ====== 请求结束: [批量查询用户信息], 耗时: 3ms, 出参: {"success":true,"message":null,"errorCode":null,"data":[{"id":100,"nickName":"稚生","avatar":"https://my-xiaohongshu-oss.oss-cn-guangzhou.aliyuncs.com/ca709c5d72304bedbcf9ee14e4a3bcb2.jpg","introduction":"快乐法则🧼    轻松时刻🫧 "}]} =================================== 
2025-10-14 15:05:49.694 [http-nio-8082-exec-10] INFO  c.z.f.b.context.filter.HeaderUserId2ContextFilter - ===== 删除 ThreadLocal， userId: 100
2025-10-14 15:06:03.376 [http-nio-8082-exec-2] INFO  c.z.f.b.context.filter.HeaderUserId2ContextFilter - ## HeaderUserId2ContextFilter, 用户 ID: 100
2025-10-14 15:06:03.377 [http-nio-8082-exec-2] INFO  c.z.f.b.operationlog.aspect.ApiOperationLogAspect - ====== 请求开始: [批量查询用户信息], 入参: {"ids":[100]}, 请求类: UserController, 请求方法: findByIds =================================== 
2025-10-14 15:06:03.380 [http-nio-8082-exec-2] INFO  c.z.f.b.operationlog.aspect.ApiOperationLogAspect - ====== 请求结束: [批量查询用户信息], 耗时: 4ms, 出参: {"success":true,"message":null,"errorCode":null,"data":[{"id":100,"nickName":"稚生","avatar":"https://my-xiaohongshu-oss.oss-cn-guangzhou.aliyuncs.com/ca709c5d72304bedbcf9ee14e4a3bcb2.jpg","introduction":"快乐法则🧼    轻松时刻🫧 "}]} =================================== 
2025-10-14 15:06:03.381 [http-nio-8082-exec-2] INFO  c.z.f.b.context.filter.HeaderUserId2ContextFilter - ===== 删除 ThreadLocal， userId: 100
2025-10-14 15:06:12.559 [http-nio-8082-exec-4] INFO  c.z.f.b.context.filter.HeaderUserId2ContextFilter - ## HeaderUserId2ContextFilter, 用户 ID: 100
2025-10-14 15:06:12.561 [http-nio-8082-exec-4] INFO  c.z.f.b.operationlog.aspect.ApiOperationLogAspect - ====== 请求开始: [批量查询用户信息], 入参: {"ids":[100]}, 请求类: UserController, 请求方法: findByIds =================================== 
2025-10-14 15:06:12.564 [http-nio-8082-exec-4] INFO  c.z.f.b.operationlog.aspect.ApiOperationLogAspect - ====== 请求结束: [批量查询用户信息], 耗时: 3ms, 出参: {"success":true,"message":null,"errorCode":null,"data":[{"id":100,"nickName":"稚生","avatar":"https://my-xiaohongshu-oss.oss-cn-guangzhou.aliyuncs.com/ca709c5d72304bedbcf9ee14e4a3bcb2.jpg","introduction":"快乐法则🧼    轻松时刻🫧 "}]} =================================== 
2025-10-14 15:06:12.564 [http-nio-8082-exec-4] INFO  c.z.f.b.context.filter.HeaderUserId2ContextFilter - ===== 删除 ThreadLocal， userId: 100
2025-10-14 15:06:15.728 [http-nio-8082-exec-3] INFO  c.z.f.b.context.filter.HeaderUserId2ContextFilter - ## HeaderUserId2ContextFilter, 用户 ID: 100
2025-10-14 15:06:15.729 [http-nio-8082-exec-3] INFO  c.z.f.b.operationlog.aspect.ApiOperationLogAspect - ====== 请求开始: [批量查询用户信息], 入参: {"ids":[100]}, 请求类: UserController, 请求方法: findByIds =================================== 
2025-10-14 15:06:15.732 [http-nio-8082-exec-3] INFO  c.z.f.b.operationlog.aspect.ApiOperationLogAspect - ====== 请求结束: [批量查询用户信息], 耗时: 3ms, 出参: {"success":true,"message":null,"errorCode":null,"data":[{"id":100,"nickName":"稚生","avatar":"https://my-xiaohongshu-oss.oss-cn-guangzhou.aliyuncs.com/ca709c5d72304bedbcf9ee14e4a3bcb2.jpg","introduction":"快乐法则🧼    轻松时刻🫧 "}]} =================================== 
2025-10-14 15:06:15.733 [http-nio-8082-exec-3] INFO  c.z.f.b.context.filter.HeaderUserId2ContextFilter - ===== 删除 ThreadLocal， userId: 100
2025-10-14 15:06:28.101 [http-nio-8082-exec-9] INFO  c.z.f.b.context.filter.HeaderUserId2ContextFilter - ## HeaderUserId2ContextFilter, 用户 ID: 100
2025-10-14 15:06:28.104 [http-nio-8082-exec-9] INFO  c.z.f.b.operationlog.aspect.ApiOperationLogAspect - ====== 请求开始: [批量查询用户信息], 入参: {"ids":[100]}, 请求类: UserController, 请求方法: findByIds =================================== 
2025-10-14 15:06:28.108 [http-nio-8082-exec-9] INFO  c.z.f.b.operationlog.aspect.ApiOperationLogAspect - ====== 请求结束: [批量查询用户信息], 耗时: 4ms, 出参: {"success":true,"message":null,"errorCode":null,"data":[{"id":100,"nickName":"稚生","avatar":"https://my-xiaohongshu-oss.oss-cn-guangzhou.aliyuncs.com/ca709c5d72304bedbcf9ee14e4a3bcb2.jpg","introduction":"快乐法则🧼    轻松时刻🫧 "}]} =================================== 
2025-10-14 15:06:28.109 [http-nio-8082-exec-9] INFO  c.z.f.b.context.filter.HeaderUserId2ContextFilter - ===== 删除 ThreadLocal， userId: 100
2025-10-14 15:06:59.434 [http-nio-8082-exec-7] INFO  c.z.f.b.context.filter.HeaderUserId2ContextFilter - ## HeaderUserId2ContextFilter, 用户 ID: 100
2025-10-14 15:06:59.435 [http-nio-8082-exec-7] INFO  c.z.f.b.operationlog.aspect.ApiOperationLogAspect - ====== 请求开始: [批量查询用户信息], 入参: {"ids":[100]}, 请求类: UserController, 请求方法: findByIds =================================== 
2025-10-14 15:06:59.438 [http-nio-8082-exec-7] INFO  c.z.f.b.operationlog.aspect.ApiOperationLogAspect - ====== 请求结束: [批量查询用户信息], 耗时: 2ms, 出参: {"success":true,"message":null,"errorCode":null,"data":[{"id":100,"nickName":"稚生","avatar":"https://my-xiaohongshu-oss.oss-cn-guangzhou.aliyuncs.com/ca709c5d72304bedbcf9ee14e4a3bcb2.jpg","introduction":"快乐法则🧼    轻松时刻🫧 "}]} =================================== 
2025-10-14 15:06:59.438 [http-nio-8082-exec-7] INFO  c.z.f.b.context.filter.HeaderUserId2ContextFilter - ===== 删除 ThreadLocal， userId: 100
2025-10-14 15:07:12.250 [http-nio-8082-exec-5] INFO  c.z.f.b.context.filter.HeaderUserId2ContextFilter - ## HeaderUserId2ContextFilter, 用户 ID: 100
2025-10-14 15:07:12.251 [http-nio-8082-exec-5] INFO  c.z.f.b.operationlog.aspect.ApiOperationLogAspect - ====== 请求开始: [批量查询用户信息], 入参: {"ids":[100]}, 请求类: UserController, 请求方法: findByIds =================================== 
2025-10-14 15:07:12.254 [http-nio-8082-exec-5] INFO  c.z.f.b.operationlog.aspect.ApiOperationLogAspect - ====== 请求结束: [批量查询用户信息], 耗时: 3ms, 出参: {"success":true,"message":null,"errorCode":null,"data":[{"id":100,"nickName":"稚生","avatar":"https://my-xiaohongshu-oss.oss-cn-guangzhou.aliyuncs.com/ca709c5d72304bedbcf9ee14e4a3bcb2.jpg","introduction":"快乐法则🧼    轻松时刻🫧 "}]} =================================== 
2025-10-14 15:07:12.255 [http-nio-8082-exec-5] INFO  c.z.f.b.context.filter.HeaderUserId2ContextFilter - ===== 删除 ThreadLocal， userId: 100
2025-10-14 15:13:26.658 [http-nio-8082-exec-4] INFO  c.z.f.b.context.filter.HeaderUserId2ContextFilter - ## HeaderUserId2ContextFilter, 用户 ID: 100
2025-10-14 15:13:26.670 [http-nio-8082-exec-4] INFO  c.z.f.b.operationlog.aspect.ApiOperationLogAspect - ====== 请求开始: [批量查询用户信息], 入参: {"ids":[100]}, 请求类: UserController, 请求方法: findByIds =================================== 
2025-10-14 15:13:26.681 [http-nio-8082-exec-4] INFO  c.z.f.b.operationlog.aspect.ApiOperationLogAspect - ====== 请求结束: [批量查询用户信息], 耗时: 11ms, 出参: {"success":true,"message":null,"errorCode":null,"data":[{"id":100,"nickName":"稚生","avatar":"https://my-xiaohongshu-oss.oss-cn-guangzhou.aliyuncs.com/ca709c5d72304bedbcf9ee14e4a3bcb2.jpg","introduction":"快乐法则🧼    轻松时刻🫧 "}]} =================================== 
2025-10-14 15:13:26.685 [http-nio-8082-exec-4] INFO  c.z.f.b.context.filter.HeaderUserId2ContextFilter - ===== 删除 ThreadLocal， userId: 100
2025-10-14 15:13:27.720 [http-nio-8082-exec-3] INFO  c.z.f.b.context.filter.HeaderUserId2ContextFilter - ## HeaderUserId2ContextFilter, 用户 ID: 100
2025-10-14 15:13:27.721 [http-nio-8082-exec-3] INFO  c.z.f.b.operationlog.aspect.ApiOperationLogAspect - ====== 请求开始: [批量查询用户信息], 入参: {"ids":[100]}, 请求类: UserController, 请求方法: findByIds =================================== 
2025-10-14 15:13:27.725 [http-nio-8082-exec-3] INFO  c.z.f.b.operationlog.aspect.ApiOperationLogAspect - ====== 请求结束: [批量查询用户信息], 耗时: 4ms, 出参: {"success":true,"message":null,"errorCode":null,"data":[{"id":100,"nickName":"稚生","avatar":"https://my-xiaohongshu-oss.oss-cn-guangzhou.aliyuncs.com/ca709c5d72304bedbcf9ee14e4a3bcb2.jpg","introduction":"快乐法则🧼    轻松时刻🫧 "}]} =================================== 
2025-10-14 15:13:27.726 [http-nio-8082-exec-3] INFO  c.z.f.b.context.filter.HeaderUserId2ContextFilter - ===== 删除 ThreadLocal， userId: 100
2025-10-14 15:13:29.012 [http-nio-8082-exec-9] INFO  c.z.f.b.context.filter.HeaderUserId2ContextFilter - ## HeaderUserId2ContextFilter, 用户 ID: 100
2025-10-14 15:13:29.013 [http-nio-8082-exec-9] INFO  c.z.f.b.operationlog.aspect.ApiOperationLogAspect - ====== 请求开始: [批量查询用户信息], 入参: {"ids":[100]}, 请求类: UserController, 请求方法: findByIds =================================== 
2025-10-14 15:13:29.015 [http-nio-8082-exec-9] INFO  c.z.f.b.operationlog.aspect.ApiOperationLogAspect - ====== 请求结束: [批量查询用户信息], 耗时: 2ms, 出参: {"success":true,"message":null,"errorCode":null,"data":[{"id":100,"nickName":"稚生","avatar":"https://my-xiaohongshu-oss.oss-cn-guangzhou.aliyuncs.com/ca709c5d72304bedbcf9ee14e4a3bcb2.jpg","introduction":"快乐法则🧼    轻松时刻🫧 "}]} =================================== 
2025-10-14 15:13:29.016 [http-nio-8082-exec-9] INFO  c.z.f.b.context.filter.HeaderUserId2ContextFilter - ===== 删除 ThreadLocal， userId: 100
2025-10-14 15:20:35.374 [http-nio-8082-exec-8] INFO  c.z.f.b.context.filter.HeaderUserId2ContextFilter - ## HeaderUserId2ContextFilter, 用户 ID: 100
2025-10-14 15:20:35.375 [http-nio-8082-exec-8] INFO  c.z.f.b.operationlog.aspect.ApiOperationLogAspect - ====== 请求开始: [批量查询用户信息], 入参: {"ids":[100]}, 请求类: UserController, 请求方法: findByIds =================================== 
2025-10-14 15:20:35.377 [http-nio-8082-exec-8] INFO  c.z.f.b.operationlog.aspect.ApiOperationLogAspect - ====== 请求结束: [批量查询用户信息], 耗时: 2ms, 出参: {"success":true,"message":null,"errorCode":null,"data":[{"id":100,"nickName":"稚生","avatar":"https://my-xiaohongshu-oss.oss-cn-guangzhou.aliyuncs.com/ca709c5d72304bedbcf9ee14e4a3bcb2.jpg","introduction":"快乐法则🧼    轻松时刻🫧 "}]} =================================== 
2025-10-14 15:20:35.378 [http-nio-8082-exec-8] INFO  c.z.f.b.context.filter.HeaderUserId2ContextFilter - ===== 删除 ThreadLocal， userId: 100
2025-10-14 15:20:52.442 [http-nio-8082-exec-7] INFO  c.z.f.b.context.filter.HeaderUserId2ContextFilter - ## HeaderUserId2ContextFilter, 用户 ID: 100
2025-10-14 15:20:52.444 [http-nio-8082-exec-7] INFO  c.z.f.b.operationlog.aspect.ApiOperationLogAspect - ====== 请求开始: [批量查询用户信息], 入参: {"ids":[100]}, 请求类: UserController, 请求方法: findByIds =================================== 
2025-10-14 15:20:52.447 [http-nio-8082-exec-7] INFO  c.z.f.b.operationlog.aspect.ApiOperationLogAspect - ====== 请求结束: [批量查询用户信息], 耗时: 3ms, 出参: {"success":true,"message":null,"errorCode":null,"data":[{"id":100,"nickName":"稚生","avatar":"https://my-xiaohongshu-oss.oss-cn-guangzhou.aliyuncs.com/ca709c5d72304bedbcf9ee14e4a3bcb2.jpg","introduction":"快乐法则🧼    轻松时刻🫧 "}]} =================================== 
2025-10-14 15:20:52.448 [http-nio-8082-exec-7] INFO  c.z.f.b.context.filter.HeaderUserId2ContextFilter - ===== 删除 ThreadLocal， userId: 100
2025-10-14 15:22:12.651 [http-nio-8082-exec-10] INFO  c.z.f.b.context.filter.HeaderUserId2ContextFilter - ## HeaderUserId2ContextFilter, 用户 ID: 100
2025-10-14 15:22:12.652 [http-nio-8082-exec-10] INFO  c.z.f.b.operationlog.aspect.ApiOperationLogAspect - ====== 请求开始: [批量查询用户信息], 入参: {"ids":[100]}, 请求类: UserController, 请求方法: findByIds =================================== 
2025-10-14 15:22:12.655 [http-nio-8082-exec-10] INFO  c.z.f.b.operationlog.aspect.ApiOperationLogAspect - ====== 请求结束: [批量查询用户信息], 耗时: 3ms, 出参: {"success":true,"message":null,"errorCode":null,"data":[{"id":100,"nickName":"稚生","avatar":"https://my-xiaohongshu-oss.oss-cn-guangzhou.aliyuncs.com/ca709c5d72304bedbcf9ee14e4a3bcb2.jpg","introduction":"快乐法则🧼    轻松时刻🫧 "}]} =================================== 
2025-10-14 15:22:12.655 [http-nio-8082-exec-10] INFO  c.z.f.b.context.filter.HeaderUserId2ContextFilter - ===== 删除 ThreadLocal， userId: 100
2025-10-14 15:22:44.827 [http-nio-8082-exec-2] INFO  c.z.f.b.context.filter.HeaderUserId2ContextFilter - ## HeaderUserId2ContextFilter, 用户 ID: 100
2025-10-14 15:22:44.831 [http-nio-8082-exec-2] INFO  c.z.f.b.operationlog.aspect.ApiOperationLogAspect - ====== 请求开始: [批量查询用户信息], 入参: {"ids":[100]}, 请求类: UserController, 请求方法: findByIds =================================== 
2025-10-14 15:22:44.834 [http-nio-8082-exec-2] INFO  c.z.f.b.operationlog.aspect.ApiOperationLogAspect - ====== 请求结束: [批量查询用户信息], 耗时: 4ms, 出参: {"success":true,"message":null,"errorCode":null,"data":[{"id":100,"nickName":"稚生","avatar":"https://my-xiaohongshu-oss.oss-cn-guangzhou.aliyuncs.com/ca709c5d72304bedbcf9ee14e4a3bcb2.jpg","introduction":"快乐法则🧼    轻松时刻🫧 "}]} =================================== 
2025-10-14 15:22:44.836 [http-nio-8082-exec-2] INFO  c.z.f.b.context.filter.HeaderUserId2ContextFilter - ===== 删除 ThreadLocal， userId: 100
2025-10-14 15:24:26.886 [http-nio-8082-exec-9] INFO  c.z.f.b.context.filter.HeaderUserId2ContextFilter - ## HeaderUserId2ContextFilter, 用户 ID: 100
2025-10-14 15:24:26.887 [http-nio-8082-exec-9] INFO  c.z.f.b.operationlog.aspect.ApiOperationLogAspect - ====== 请求开始: [批量查询用户信息], 入参: {"ids":[100]}, 请求类: UserController, 请求方法: findByIds =================================== 
2025-10-14 15:24:26.890 [http-nio-8082-exec-9] INFO  c.z.f.b.operationlog.aspect.ApiOperationLogAspect - ====== 请求结束: [批量查询用户信息], 耗时: 3ms, 出参: {"success":true,"message":null,"errorCode":null,"data":[{"id":100,"nickName":"稚生","avatar":"https://my-xiaohongshu-oss.oss-cn-guangzhou.aliyuncs.com/ca709c5d72304bedbcf9ee14e4a3bcb2.jpg","introduction":"快乐法则🧼    轻松时刻🫧 "}]} =================================== 
2025-10-14 15:24:26.892 [http-nio-8082-exec-9] INFO  c.z.f.b.context.filter.HeaderUserId2ContextFilter - ===== 删除 ThreadLocal， userId: 100
2025-10-14 15:43:43.792 [http-nio-8082-exec-1] INFO  c.z.f.b.context.filter.HeaderUserId2ContextFilter - ## HeaderUserId2ContextFilter, 用户 ID: 100
2025-10-14 15:43:43.806 [http-nio-8082-exec-1] INFO  c.z.f.b.operationlog.aspect.ApiOperationLogAspect - ====== 请求开始: [批量查询用户信息], 入参: {"ids":[100]}, 请求类: UserController, 请求方法: findByIds =================================== 
2025-10-14 15:43:43.816 [http-nio-8082-exec-1] INFO  c.z.f.b.operationlog.aspect.ApiOperationLogAspect - ====== 请求结束: [批量查询用户信息], 耗时: 14ms, 出参: {"success":true,"message":null,"errorCode":null,"data":[{"id":100,"nickName":"稚生","avatar":"https://my-xiaohongshu-oss.oss-cn-guangzhou.aliyuncs.com/ca709c5d72304bedbcf9ee14e4a3bcb2.jpg","introduction":"快乐法则🧼    轻松时刻🫧 "}]} =================================== 
2025-10-14 15:43:43.823 [http-nio-8082-exec-1] INFO  c.z.f.b.context.filter.HeaderUserId2ContextFilter - ===== 删除 ThreadLocal， userId: 100
2025-10-14 15:53:49.142 [http-nio-8082-exec-7] INFO  c.z.f.b.context.filter.HeaderUserId2ContextFilter - ## HeaderUserId2ContextFilter, 用户 ID: 100
2025-10-14 15:53:49.142 [http-nio-8082-exec-5] INFO  c.z.f.b.context.filter.HeaderUserId2ContextFilter - ## HeaderUserId2ContextFilter, 用户 ID: 100
2025-10-14 15:53:49.156 [http-nio-8082-exec-7] INFO  c.z.f.b.operationlog.aspect.ApiOperationLogAspect - ====== 请求开始: [批量查询用户信息], 入参: {"ids":[null,100]}, 请求类: UserController, 请求方法: findByIds =================================== 
2025-10-14 15:53:49.156 [http-nio-8082-exec-5] INFO  c.z.f.b.operationlog.aspect.ApiOperationLogAspect - ====== 请求开始: [批量查询用户信息], 入参: {"ids":[null,100]}, 请求类: UserController, 请求方法: findByIds =================================== 
2025-10-14 15:53:49.411 [http-nio-8082-exec-7] DEBUG c.z.x.u.biz.domain.mapper.UserDOMapper.selectByIds - ==>  Preparing: select id,nickname,avatar,introduction from t_user where status = 0 and is_deleted = 0 and id in ( ? )
2025-10-14 15:53:49.457 [http-nio-8082-exec-5] DEBUG c.z.x.u.biz.domain.mapper.UserDOMapper.selectByIds - ==>  Preparing: select id,nickname,avatar,introduction from t_user where status = 0 and is_deleted = 0 and id in ( ? )
2025-10-14 15:53:49.512 [http-nio-8082-exec-7] DEBUG c.z.x.u.biz.domain.mapper.UserDOMapper.selectByIds - ==> Parameters: null
2025-10-14 15:53:49.512 [http-nio-8082-exec-5] DEBUG c.z.x.u.biz.domain.mapper.UserDOMapper.selectByIds - ==> Parameters: null
2025-10-14 15:53:49.532 [http-nio-8082-exec-5] DEBUG c.z.x.u.biz.domain.mapper.UserDOMapper.selectByIds - <==      Total: 0
2025-10-14 15:53:49.532 [http-nio-8082-exec-7] DEBUG c.z.x.u.biz.domain.mapper.UserDOMapper.selectByIds - <==      Total: 0
2025-10-14 15:53:49.535 [http-nio-8082-exec-7] INFO  c.z.f.b.operationlog.aspect.ApiOperationLogAspect - ====== 请求结束: [批量查询用户信息], 耗时: 382ms, 出参: {"success":true,"message":null,"errorCode":null,"data":[{"id":100,"nickName":"稚生","avatar":"https://my-xiaohongshu-oss.oss-cn-guangzhou.aliyuncs.com/ca709c5d72304bedbcf9ee14e4a3bcb2.jpg","introduction":"快乐法则🧼    轻松时刻🫧 "}]} =================================== 
2025-10-14 15:53:49.540 [http-nio-8082-exec-7] INFO  c.z.f.b.context.filter.HeaderUserId2ContextFilter - ===== 删除 ThreadLocal， userId: 100
2025-10-14 15:53:49.543 [http-nio-8082-exec-5] INFO  c.z.f.b.operationlog.aspect.ApiOperationLogAspect - ====== 请求结束: [批量查询用户信息], 耗时: 390ms, 出参: {"success":true,"message":null,"errorCode":null,"data":[{"id":100,"nickName":"稚生","avatar":"https://my-xiaohongshu-oss.oss-cn-guangzhou.aliyuncs.com/ca709c5d72304bedbcf9ee14e4a3bcb2.jpg","introduction":"快乐法则🧼    轻松时刻🫧 "}]} =================================== 
2025-10-14 15:53:49.544 [http-nio-8082-exec-5] INFO  c.z.f.b.context.filter.HeaderUserId2ContextFilter - ===== 删除 ThreadLocal， userId: 100
2025-10-14 15:53:54.651 [http-nio-8082-exec-10] INFO  c.z.f.b.context.filter.HeaderUserId2ContextFilter - ## HeaderUserId2ContextFilter, 用户 ID: 100
2025-10-14 15:53:54.652 [http-nio-8082-exec-10] INFO  c.z.f.b.operationlog.aspect.ApiOperationLogAspect - ====== 请求开始: [批量查询用户信息], 入参: {"ids":[100]}, 请求类: UserController, 请求方法: findByIds =================================== 
2025-10-14 15:53:54.653 [http-nio-8082-exec-10] INFO  c.z.f.b.operationlog.aspect.ApiOperationLogAspect - ====== 请求结束: [批量查询用户信息], 耗时: 1ms, 出参: {"success":true,"message":null,"errorCode":null,"data":[{"id":100,"nickName":"稚生","avatar":"https://my-xiaohongshu-oss.oss-cn-guangzhou.aliyuncs.com/ca709c5d72304bedbcf9ee14e4a3bcb2.jpg","introduction":"快乐法则🧼    轻松时刻🫧 "}]} =================================== 
2025-10-14 15:53:54.656 [http-nio-8082-exec-10] INFO  c.z.f.b.context.filter.HeaderUserId2ContextFilter - ===== 删除 ThreadLocal， userId: 100
2025-10-14 15:54:04.162 [http-nio-8082-exec-2] INFO  c.z.f.b.context.filter.HeaderUserId2ContextFilter - ## HeaderUserId2ContextFilter, 用户 ID: 100
2025-10-14 15:54:04.163 [http-nio-8082-exec-2] INFO  c.z.f.b.operationlog.aspect.ApiOperationLogAspect - ====== 请求开始: [批量查询用户信息], 入参: {"ids":[null,100]}, 请求类: UserController, 请求方法: findByIds =================================== 
2025-10-14 15:54:04.168 [http-nio-8082-exec-2] DEBUG c.z.x.u.biz.domain.mapper.UserDOMapper.selectByIds - ==>  Preparing: select id,nickname,avatar,introduction from t_user where status = 0 and is_deleted = 0 and id in ( ? )
2025-10-14 15:54:04.170 [http-nio-8082-exec-2] DEBUG c.z.x.u.biz.domain.mapper.UserDOMapper.selectByIds - ==> Parameters: null
2025-10-14 15:54:04.185 [http-nio-8082-exec-2] DEBUG c.z.x.u.biz.domain.mapper.UserDOMapper.selectByIds - <==      Total: 0
2025-10-14 15:54:04.201 [http-nio-8082-exec-2] INFO  c.z.f.b.operationlog.aspect.ApiOperationLogAspect - ====== 请求结束: [批量查询用户信息], 耗时: 39ms, 出参: {"success":true,"message":null,"errorCode":null,"data":[{"id":100,"nickName":"稚生","avatar":"https://my-xiaohongshu-oss.oss-cn-guangzhou.aliyuncs.com/ca709c5d72304bedbcf9ee14e4a3bcb2.jpg","introduction":"快乐法则🧼    轻松时刻🫧 "}]} =================================== 
2025-10-14 15:54:04.203 [http-nio-8082-exec-2] INFO  c.z.f.b.context.filter.HeaderUserId2ContextFilter - ===== 删除 ThreadLocal， userId: 100
2025-10-14 16:03:17.026 [http-nio-8082-exec-6] INFO  c.z.f.b.context.filter.HeaderUserId2ContextFilter - ## HeaderUserId2ContextFilter, 用户 ID: 100
2025-10-14 16:03:17.050 [http-nio-8082-exec-6] INFO  c.z.f.b.operationlog.aspect.ApiOperationLogAspect - ====== 请求开始: [批量查询用户信息], 入参: {"ids":[100]}, 请求类: UserController, 请求方法: findByIds =================================== 
2025-10-14 16:03:17.063 [http-nio-8082-exec-6] INFO  c.z.f.b.operationlog.aspect.ApiOperationLogAspect - ====== 请求结束: [批量查询用户信息], 耗时: 15ms, 出参: {"success":true,"message":null,"errorCode":null,"data":[{"id":100,"nickName":"稚生","avatar":"https://my-xiaohongshu-oss.oss-cn-guangzhou.aliyuncs.com/ca709c5d72304bedbcf9ee14e4a3bcb2.jpg","introduction":"快乐法则🧼    轻松时刻🫧 "}]} =================================== 
2025-10-14 16:03:17.070 [http-nio-8082-exec-6] INFO  c.z.f.b.context.filter.HeaderUserId2ContextFilter - ===== 删除 ThreadLocal， userId: 100
2025-10-14 16:03:25.660 [http-nio-8082-exec-1] INFO  c.z.f.b.context.filter.HeaderUserId2ContextFilter - ## HeaderUserId2ContextFilter, 用户 ID: 100
2025-10-14 16:03:25.663 [http-nio-8082-exec-1] INFO  c.z.f.b.operationlog.aspect.ApiOperationLogAspect - ====== 请求开始: [批量查询用户信息], 入参: {"ids":[100]}, 请求类: UserController, 请求方法: findByIds =================================== 
2025-10-14 16:03:25.667 [http-nio-8082-exec-1] INFO  c.z.f.b.operationlog.aspect.ApiOperationLogAspect - ====== 请求结束: [批量查询用户信息], 耗时: 4ms, 出参: {"success":true,"message":null,"errorCode":null,"data":[{"id":100,"nickName":"稚生","avatar":"https://my-xiaohongshu-oss.oss-cn-guangzhou.aliyuncs.com/ca709c5d72304bedbcf9ee14e4a3bcb2.jpg","introduction":"快乐法则🧼    轻松时刻🫧 "}]} =================================== 
2025-10-14 16:03:25.668 [http-nio-8082-exec-1] INFO  c.z.f.b.context.filter.HeaderUserId2ContextFilter - ===== 删除 ThreadLocal， userId: 100
2025-10-14 16:07:34.476 [http-nio-8082-exec-7] INFO  c.z.f.b.context.filter.HeaderUserId2ContextFilter - ## HeaderUserId2ContextFilter, 用户 ID: 100
2025-10-14 16:07:34.477 [http-nio-8082-exec-7] INFO  c.z.f.b.operationlog.aspect.ApiOperationLogAspect - ====== 请求开始: [批量查询用户信息], 入参: {"ids":[100]}, 请求类: UserController, 请求方法: findByIds =================================== 
2025-10-14 16:07:34.481 [http-nio-8082-exec-7] INFO  c.z.f.b.operationlog.aspect.ApiOperationLogAspect - ====== 请求结束: [批量查询用户信息], 耗时: 4ms, 出参: {"success":true,"message":null,"errorCode":null,"data":[{"id":100,"nickName":"稚生","avatar":"https://my-xiaohongshu-oss.oss-cn-guangzhou.aliyuncs.com/ca709c5d72304bedbcf9ee14e4a3bcb2.jpg","introduction":"快乐法则🧼    轻松时刻🫧 "}]} =================================== 
2025-10-14 16:07:34.482 [http-nio-8082-exec-7] INFO  c.z.f.b.context.filter.HeaderUserId2ContextFilter - ===== 删除 ThreadLocal， userId: 100
2025-10-14 16:07:35.197 [http-nio-8082-exec-5] INFO  c.z.f.b.context.filter.HeaderUserId2ContextFilter - ## HeaderUserId2ContextFilter, 用户 ID: 100
2025-10-14 16:07:35.198 [http-nio-8082-exec-5] INFO  c.z.f.b.operationlog.aspect.ApiOperationLogAspect - ====== 请求开始: [批量查询用户信息], 入参: {"ids":[100]}, 请求类: UserController, 请求方法: findByIds =================================== 
2025-10-14 16:07:35.202 [http-nio-8082-exec-5] INFO  c.z.f.b.operationlog.aspect.ApiOperationLogAspect - ====== 请求结束: [批量查询用户信息], 耗时: 4ms, 出参: {"success":true,"message":null,"errorCode":null,"data":[{"id":100,"nickName":"稚生","avatar":"https://my-xiaohongshu-oss.oss-cn-guangzhou.aliyuncs.com/ca709c5d72304bedbcf9ee14e4a3bcb2.jpg","introduction":"快乐法则🧼    轻松时刻🫧 "}]} =================================== 
2025-10-14 16:07:35.203 [http-nio-8082-exec-5] INFO  c.z.f.b.context.filter.HeaderUserId2ContextFilter - ===== 删除 ThreadLocal， userId: 100
2025-10-14 16:07:40.315 [http-nio-8082-exec-10] INFO  c.z.f.b.context.filter.HeaderUserId2ContextFilter - ## HeaderUserId2ContextFilter, 用户 ID: 100
2025-10-14 16:07:40.317 [http-nio-8082-exec-10] INFO  c.z.f.b.operationlog.aspect.ApiOperationLogAspect - ====== 请求开始: [批量查询用户信息], 入参: {"ids":[100]}, 请求类: UserController, 请求方法: findByIds =================================== 
2025-10-14 16:07:40.321 [http-nio-8082-exec-10] INFO  c.z.f.b.operationlog.aspect.ApiOperationLogAspect - ====== 请求结束: [批量查询用户信息], 耗时: 5ms, 出参: {"success":true,"message":null,"errorCode":null,"data":[{"id":100,"nickName":"稚生","avatar":"https://my-xiaohongshu-oss.oss-cn-guangzhou.aliyuncs.com/ca709c5d72304bedbcf9ee14e4a3bcb2.jpg","introduction":"快乐法则🧼    轻松时刻🫧 "}]} =================================== 
2025-10-14 16:07:40.322 [http-nio-8082-exec-10] INFO  c.z.f.b.context.filter.HeaderUserId2ContextFilter - ===== 删除 ThreadLocal， userId: 100
2025-10-14 16:07:46.940 [http-nio-8082-exec-2] INFO  c.z.f.b.context.filter.HeaderUserId2ContextFilter - ## HeaderUserId2ContextFilter, 用户 ID: 100
2025-10-14 16:07:46.941 [http-nio-8082-exec-2] INFO  c.z.f.b.operationlog.aspect.ApiOperationLogAspect - ====== 请求开始: [批量查询用户信息], 入参: {"ids":[100]}, 请求类: UserController, 请求方法: findByIds =================================== 
2025-10-14 16:07:46.945 [http-nio-8082-exec-2] INFO  c.z.f.b.operationlog.aspect.ApiOperationLogAspect - ====== 请求结束: [批量查询用户信息], 耗时: 4ms, 出参: {"success":true,"message":null,"errorCode":null,"data":[{"id":100,"nickName":"稚生","avatar":"https://my-xiaohongshu-oss.oss-cn-guangzhou.aliyuncs.com/ca709c5d72304bedbcf9ee14e4a3bcb2.jpg","introduction":"快乐法则🧼    轻松时刻🫧 "}]} =================================== 
2025-10-14 16:07:46.945 [http-nio-8082-exec-2] INFO  c.z.f.b.context.filter.HeaderUserId2ContextFilter - ===== 删除 ThreadLocal， userId: 100
2025-10-14 16:07:52.925 [http-nio-8082-exec-3] INFO  c.z.f.b.context.filter.HeaderUserId2ContextFilter - ## HeaderUserId2ContextFilter, 用户 ID: 100
2025-10-14 16:07:52.925 [http-nio-8082-exec-4] INFO  c.z.f.b.context.filter.HeaderUserId2ContextFilter - ## HeaderUserId2ContextFilter, 用户 ID: 100
2025-10-14 16:07:53.025 [http-nio-8082-exec-4] DEBUG c.z.x.u.b.d.mapper.UserDOMapper.selectByPrimaryKey - ==>  Preparing: select id, xiaohongshu_id, `password`, nickname, avatar, birthday, background_img, phone, sex, `status`, introduction, create_time, update_time, is_deleted from t_user where id = ?
2025-10-14 16:07:53.025 [http-nio-8082-exec-3] DEBUG c.z.x.u.b.d.mapper.UserDOMapper.selectByPrimaryKey - ==>  Preparing: select id, xiaohongshu_id, `password`, nickname, avatar, birthday, background_img, phone, sex, `status`, introduction, create_time, update_time, is_deleted from t_user where id = ?
2025-10-14 16:07:53.037 [http-nio-8082-exec-4] DEBUG c.z.x.u.b.d.mapper.UserDOMapper.selectByPrimaryKey - ==> Parameters: 100(Long)
2025-10-14 16:07:53.037 [http-nio-8082-exec-3] DEBUG c.z.x.u.b.d.mapper.UserDOMapper.selectByPrimaryKey - ==> Parameters: 100(Long)
2025-10-14 16:07:53.062 [http-nio-8082-exec-3] DEBUG c.z.x.u.b.d.mapper.UserDOMapper.selectByPrimaryKey - <==      Total: 1
2025-10-14 16:07:53.063 [http-nio-8082-exec-4] DEBUG c.z.x.u.b.d.mapper.UserDOMapper.selectByPrimaryKey - <==      Total: 1
2025-10-14 16:07:53.111 [http-nio-8082-exec-4] INFO  c.z.f.b.c.interceptor.FeignRequestInterceptor - ==> feign请求设置请求头 userId: 100
2025-10-14 16:07:53.111 [http-nio-8082-exec-3] INFO  c.z.f.b.c.interceptor.FeignRequestInterceptor - ==> feign请求设置请求头 userId: 100
2025-10-14 16:07:53.209 [http-nio-8082-exec-3] INFO  c.z.f.b.context.filter.HeaderUserId2ContextFilter - ===== 删除 ThreadLocal， userId: 100
2025-10-14 16:07:53.209 [http-nio-8082-exec-4] INFO  c.z.f.b.context.filter.HeaderUserId2ContextFilter - ===== 删除 ThreadLocal， userId: 100
2025-10-14 16:07:53.279 [http-nio-8082-exec-9] INFO  c.z.f.b.context.filter.HeaderUserId2ContextFilter - ## HeaderUserId2ContextFilter, 用户 ID: 100
2025-10-14 16:07:53.281 [http-nio-8082-exec-6] INFO  c.z.f.b.context.filter.HeaderUserId2ContextFilter - ## HeaderUserId2ContextFilter, 用户 ID: 100
2025-10-14 16:07:53.281 [http-nio-8082-exec-9] INFO  c.z.f.b.operationlog.aspect.ApiOperationLogAspect - ====== 请求开始: [批量查询用户信息], 入参: {"ids":[100]}, 请求类: UserController, 请求方法: findByIds =================================== 
2025-10-14 16:07:53.282 [http-nio-8082-exec-6] INFO  c.z.f.b.operationlog.aspect.ApiOperationLogAspect - ====== 请求开始: [批量查询用户信息], 入参: {"ids":[100]}, 请求类: UserController, 请求方法: findByIds =================================== 
2025-10-14 16:07:53.284 [http-nio-8082-exec-9] INFO  c.z.f.b.operationlog.aspect.ApiOperationLogAspect - ====== 请求结束: [批量查询用户信息], 耗时: 3ms, 出参: {"success":true,"message":null,"errorCode":null,"data":[{"id":100,"nickName":"稚生","avatar":"https://my-xiaohongshu-oss.oss-cn-guangzhou.aliyuncs.com/ca709c5d72304bedbcf9ee14e4a3bcb2.jpg","introduction":"快乐法则🧼    轻松时刻🫧 "}]} =================================== 
2025-10-14 16:07:53.284 [http-nio-8082-exec-6] INFO  c.z.f.b.operationlog.aspect.ApiOperationLogAspect - ====== 请求结束: [批量查询用户信息], 耗时: 2ms, 出参: {"success":true,"message":null,"errorCode":null,"data":[{"id":100,"nickName":"稚生","avatar":"https://my-xiaohongshu-oss.oss-cn-guangzhou.aliyuncs.com/ca709c5d72304bedbcf9ee14e4a3bcb2.jpg","introduction":"快乐法则🧼    轻松时刻🫧 "}]} =================================== 
2025-10-14 16:07:53.285 [http-nio-8082-exec-9] INFO  c.z.f.b.context.filter.HeaderUserId2ContextFilter - ===== 删除 ThreadLocal， userId: 100
2025-10-14 16:07:53.285 [http-nio-8082-exec-6] INFO  c.z.f.b.context.filter.HeaderUserId2ContextFilter - ===== 删除 ThreadLocal， userId: 100
2025-10-14 16:07:54.599 [http-nio-8082-exec-1] INFO  c.z.f.b.context.filter.HeaderUserId2ContextFilter - ## HeaderUserId2ContextFilter, 用户 ID: 100
2025-10-14 16:07:54.600 [http-nio-8082-exec-1] INFO  c.z.f.b.operationlog.aspect.ApiOperationLogAspect - ====== 请求开始: [批量查询用户信息], 入参: {"ids":[100]}, 请求类: UserController, 请求方法: findByIds =================================== 
2025-10-14 16:07:54.603 [http-nio-8082-exec-1] INFO  c.z.f.b.operationlog.aspect.ApiOperationLogAspect - ====== 请求结束: [批量查询用户信息], 耗时: 3ms, 出参: {"success":true,"message":null,"errorCode":null,"data":[{"id":100,"nickName":"稚生","avatar":"https://my-xiaohongshu-oss.oss-cn-guangzhou.aliyuncs.com/ca709c5d72304bedbcf9ee14e4a3bcb2.jpg","introduction":"快乐法则🧼    轻松时刻🫧 "}]} =================================== 
2025-10-14 16:07:54.603 [http-nio-8082-exec-1] INFO  c.z.f.b.context.filter.HeaderUserId2ContextFilter - ===== 删除 ThreadLocal， userId: 100
2025-10-14 16:07:55.089 [http-nio-8082-exec-8] INFO  c.z.f.b.context.filter.HeaderUserId2ContextFilter - ## HeaderUserId2ContextFilter, 用户 ID: 100
2025-10-14 16:07:55.091 [http-nio-8082-exec-7] INFO  c.z.f.b.context.filter.HeaderUserId2ContextFilter - ## HeaderUserId2ContextFilter, 用户 ID: 100
2025-10-14 16:07:55.093 [http-nio-8082-exec-8] INFO  c.z.f.b.c.interceptor.FeignRequestInterceptor - ==> feign请求设置请求头 userId: 100
2025-10-14 16:07:55.093 [http-nio-8082-exec-7] INFO  c.z.f.b.c.interceptor.FeignRequestInterceptor - ==> feign请求设置请求头 userId: 100
2025-10-14 16:07:55.112 [http-nio-8082-exec-7] INFO  c.z.f.b.context.filter.HeaderUserId2ContextFilter - ===== 删除 ThreadLocal， userId: 100
2025-10-14 16:07:55.112 [http-nio-8082-exec-8] INFO  c.z.f.b.context.filter.HeaderUserId2ContextFilter - ===== 删除 ThreadLocal， userId: 100
2025-10-14 16:07:55.149 [http-nio-8082-exec-10] INFO  c.z.f.b.context.filter.HeaderUserId2ContextFilter - ## HeaderUserId2ContextFilter, 用户 ID: 100
2025-10-14 16:07:55.149 [http-nio-8082-exec-5] INFO  c.z.f.b.context.filter.HeaderUserId2ContextFilter - ## HeaderUserId2ContextFilter, 用户 ID: 100
2025-10-14 16:07:55.150 [http-nio-8082-exec-10] INFO  c.z.f.b.operationlog.aspect.ApiOperationLogAspect - ====== 请求开始: [批量查询用户信息], 入参: {"ids":[100]}, 请求类: UserController, 请求方法: findByIds =================================== 
2025-10-14 16:07:55.150 [http-nio-8082-exec-5] INFO  c.z.f.b.operationlog.aspect.ApiOperationLogAspect - ====== 请求开始: [批量查询用户信息], 入参: {"ids":[100]}, 请求类: UserController, 请求方法: findByIds =================================== 
2025-10-14 16:07:55.155 [http-nio-8082-exec-5] INFO  c.z.f.b.operationlog.aspect.ApiOperationLogAspect - ====== 请求结束: [批量查询用户信息], 耗时: 5ms, 出参: {"success":true,"message":null,"errorCode":null,"data":[{"id":100,"nickName":"稚生","avatar":"https://my-xiaohongshu-oss.oss-cn-guangzhou.aliyuncs.com/ca709c5d72304bedbcf9ee14e4a3bcb2.jpg","introduction":"快乐法则🧼    轻松时刻🫧 "}]} =================================== 
2025-10-14 16:07:55.155 [http-nio-8082-exec-10] INFO  c.z.f.b.operationlog.aspect.ApiOperationLogAspect - ====== 请求结束: [批量查询用户信息], 耗时: 5ms, 出参: {"success":true,"message":null,"errorCode":null,"data":[{"id":100,"nickName":"稚生","avatar":"https://my-xiaohongshu-oss.oss-cn-guangzhou.aliyuncs.com/ca709c5d72304bedbcf9ee14e4a3bcb2.jpg","introduction":"快乐法则🧼    轻松时刻🫧 "}]} =================================== 
2025-10-14 16:07:55.156 [http-nio-8082-exec-5] INFO  c.z.f.b.context.filter.HeaderUserId2ContextFilter - ===== 删除 ThreadLocal， userId: 100
2025-10-14 16:07:55.156 [http-nio-8082-exec-10] INFO  c.z.f.b.context.filter.HeaderUserId2ContextFilter - ===== 删除 ThreadLocal， userId: 100
2025-10-14 16:07:56.426 [http-nio-8082-exec-2] INFO  c.z.f.b.context.filter.HeaderUserId2ContextFilter - ## HeaderUserId2ContextFilter, 用户 ID: 100
2025-10-14 16:07:56.427 [http-nio-8082-exec-2] INFO  c.z.f.b.operationlog.aspect.ApiOperationLogAspect - ====== 请求开始: [批量查询用户信息], 入参: {"ids":[100]}, 请求类: UserController, 请求方法: findByIds =================================== 
2025-10-14 16:07:56.430 [http-nio-8082-exec-2] INFO  c.z.f.b.operationlog.aspect.ApiOperationLogAspect - ====== 请求结束: [批量查询用户信息], 耗时: 3ms, 出参: {"success":true,"message":null,"errorCode":null,"data":[{"id":100,"nickName":"稚生","avatar":"https://my-xiaohongshu-oss.oss-cn-guangzhou.aliyuncs.com/ca709c5d72304bedbcf9ee14e4a3bcb2.jpg","introduction":"快乐法则🧼    轻松时刻🫧 "}]} =================================== 
2025-10-14 16:07:56.431 [http-nio-8082-exec-2] INFO  c.z.f.b.context.filter.HeaderUserId2ContextFilter - ===== 删除 ThreadLocal， userId: 100
2025-10-14 16:07:56.992 [http-nio-8082-exec-4] INFO  c.z.f.b.context.filter.HeaderUserId2ContextFilter - ## HeaderUserId2ContextFilter, 用户 ID: 100
2025-10-14 16:07:56.996 [http-nio-8082-exec-3] INFO  c.z.f.b.context.filter.HeaderUserId2ContextFilter - ## HeaderUserId2ContextFilter, 用户 ID: 100
2025-10-14 16:07:56.997 [http-nio-8082-exec-4] INFO  c.z.f.b.c.interceptor.FeignRequestInterceptor - ==> feign请求设置请求头 userId: 100
2025-10-14 16:07:57.000 [http-nio-8082-exec-3] INFO  c.z.f.b.c.interceptor.FeignRequestInterceptor - ==> feign请求设置请求头 userId: 100
2025-10-14 16:07:57.017 [http-nio-8082-exec-4] INFO  c.z.f.b.context.filter.HeaderUserId2ContextFilter - ===== 删除 ThreadLocal， userId: 100
2025-10-14 16:07:57.017 [http-nio-8082-exec-3] INFO  c.z.f.b.context.filter.HeaderUserId2ContextFilter - ===== 删除 ThreadLocal， userId: 100
2025-10-14 16:07:57.040 [http-nio-8082-exec-6] INFO  c.z.f.b.context.filter.HeaderUserId2ContextFilter - ## HeaderUserId2ContextFilter, 用户 ID: 100
2025-10-14 16:07:57.041 [http-nio-8082-exec-6] INFO  c.z.f.b.operationlog.aspect.ApiOperationLogAspect - ====== 请求开始: [批量查询用户信息], 入参: {"ids":[100]}, 请求类: UserController, 请求方法: findByIds =================================== 
2025-10-14 16:07:57.043 [http-nio-8082-exec-6] INFO  c.z.f.b.operationlog.aspect.ApiOperationLogAspect - ====== 请求结束: [批量查询用户信息], 耗时: 2ms, 出参: {"success":true,"message":null,"errorCode":null,"data":[{"id":100,"nickName":"稚生","avatar":"https://my-xiaohongshu-oss.oss-cn-guangzhou.aliyuncs.com/ca709c5d72304bedbcf9ee14e4a3bcb2.jpg","introduction":"快乐法则🧼    轻松时刻🫧 "}]} =================================== 
2025-10-14 16:07:57.045 [http-nio-8082-exec-6] INFO  c.z.f.b.context.filter.HeaderUserId2ContextFilter - ===== 删除 ThreadLocal， userId: 100
2025-10-14 16:07:57.056 [http-nio-8082-exec-9] INFO  c.z.f.b.context.filter.HeaderUserId2ContextFilter - ## HeaderUserId2ContextFilter, 用户 ID: 100
2025-10-14 16:07:57.057 [http-nio-8082-exec-9] INFO  c.z.f.b.operationlog.aspect.ApiOperationLogAspect - ====== 请求开始: [批量查询用户信息], 入参: {"ids":[100]}, 请求类: UserController, 请求方法: findByIds =================================== 
2025-10-14 16:07:57.060 [http-nio-8082-exec-9] INFO  c.z.f.b.operationlog.aspect.ApiOperationLogAspect - ====== 请求结束: [批量查询用户信息], 耗时: 3ms, 出参: {"success":true,"message":null,"errorCode":null,"data":[{"id":100,"nickName":"稚生","avatar":"https://my-xiaohongshu-oss.oss-cn-guangzhou.aliyuncs.com/ca709c5d72304bedbcf9ee14e4a3bcb2.jpg","introduction":"快乐法则🧼    轻松时刻🫧 "}]} =================================== 
2025-10-14 16:07:57.061 [http-nio-8082-exec-9] INFO  c.z.f.b.context.filter.HeaderUserId2ContextFilter - ===== 删除 ThreadLocal， userId: 100
2025-10-14 16:07:58.168 [http-nio-8082-exec-1] INFO  c.z.f.b.context.filter.HeaderUserId2ContextFilter - ## HeaderUserId2ContextFilter, 用户 ID: 100
2025-10-14 16:07:58.169 [http-nio-8082-exec-1] INFO  c.z.f.b.operationlog.aspect.ApiOperationLogAspect - ====== 请求开始: [批量查询用户信息], 入参: {"ids":[100]}, 请求类: UserController, 请求方法: findByIds =================================== 
2025-10-14 16:07:58.173 [http-nio-8082-exec-1] INFO  c.z.f.b.operationlog.aspect.ApiOperationLogAspect - ====== 请求结束: [批量查询用户信息], 耗时: 4ms, 出参: {"success":true,"message":null,"errorCode":null,"data":[{"id":100,"nickName":"稚生","avatar":"https://my-xiaohongshu-oss.oss-cn-guangzhou.aliyuncs.com/ca709c5d72304bedbcf9ee14e4a3bcb2.jpg","introduction":"快乐法则🧼    轻松时刻🫧 "}]} =================================== 
2025-10-14 16:07:58.175 [http-nio-8082-exec-1] INFO  c.z.f.b.context.filter.HeaderUserId2ContextFilter - ===== 删除 ThreadLocal， userId: 100
2025-10-14 16:07:59.056 [http-nio-8082-exec-7] INFO  c.z.f.b.context.filter.HeaderUserId2ContextFilter - ## HeaderUserId2ContextFilter, 用户 ID: 100
2025-10-14 16:07:59.060 [http-nio-8082-exec-8] INFO  c.z.f.b.context.filter.HeaderUserId2ContextFilter - ## HeaderUserId2ContextFilter, 用户 ID: 100
2025-10-14 16:07:59.063 [http-nio-8082-exec-7] INFO  c.z.f.b.c.interceptor.FeignRequestInterceptor - ==> feign请求设置请求头 userId: 100
2025-10-14 16:07:59.065 [http-nio-8082-exec-8] INFO  c.z.f.b.c.interceptor.FeignRequestInterceptor - ==> feign请求设置请求头 userId: 100
2025-10-14 16:07:59.076 [http-nio-8082-exec-8] INFO  c.z.f.b.context.filter.HeaderUserId2ContextFilter - ===== 删除 ThreadLocal， userId: 100
2025-10-14 16:07:59.076 [http-nio-8082-exec-7] INFO  c.z.f.b.context.filter.HeaderUserId2ContextFilter - ===== 删除 ThreadLocal， userId: 100
2025-10-14 16:07:59.114 [http-nio-8082-exec-10] INFO  c.z.f.b.context.filter.HeaderUserId2ContextFilter - ## HeaderUserId2ContextFilter, 用户 ID: 100
2025-10-14 16:07:59.114 [http-nio-8082-exec-5] INFO  c.z.f.b.context.filter.HeaderUserId2ContextFilter - ## HeaderUserId2ContextFilter, 用户 ID: 100
2025-10-14 16:07:59.117 [http-nio-8082-exec-10] INFO  c.z.f.b.operationlog.aspect.ApiOperationLogAspect - ====== 请求开始: [批量查询用户信息], 入参: {"ids":[100]}, 请求类: UserController, 请求方法: findByIds =================================== 
2025-10-14 16:07:59.117 [http-nio-8082-exec-5] INFO  c.z.f.b.operationlog.aspect.ApiOperationLogAspect - ====== 请求开始: [批量查询用户信息], 入参: {"ids":[100]}, 请求类: UserController, 请求方法: findByIds =================================== 
2025-10-14 16:07:59.121 [http-nio-8082-exec-5] INFO  c.z.f.b.operationlog.aspect.ApiOperationLogAspect - ====== 请求结束: [批量查询用户信息], 耗时: 4ms, 出参: {"success":true,"message":null,"errorCode":null,"data":[{"id":100,"nickName":"稚生","avatar":"https://my-xiaohongshu-oss.oss-cn-guangzhou.aliyuncs.com/ca709c5d72304bedbcf9ee14e4a3bcb2.jpg","introduction":"快乐法则🧼    轻松时刻🫧 "}]} =================================== 
2025-10-14 16:07:59.121 [http-nio-8082-exec-10] INFO  c.z.f.b.operationlog.aspect.ApiOperationLogAspect - ====== 请求结束: [批量查询用户信息], 耗时: 4ms, 出参: {"success":true,"message":null,"errorCode":null,"data":[{"id":100,"nickName":"稚生","avatar":"https://my-xiaohongshu-oss.oss-cn-guangzhou.aliyuncs.com/ca709c5d72304bedbcf9ee14e4a3bcb2.jpg","introduction":"快乐法则🧼    轻松时刻🫧 "}]} =================================== 
2025-10-14 16:07:59.122 [http-nio-8082-exec-5] INFO  c.z.f.b.context.filter.HeaderUserId2ContextFilter - ===== 删除 ThreadLocal， userId: 100
2025-10-14 16:07:59.122 [http-nio-8082-exec-10] INFO  c.z.f.b.context.filter.HeaderUserId2ContextFilter - ===== 删除 ThreadLocal， userId: 100
2025-10-14 16:08:00.303 [http-nio-8082-exec-2] INFO  c.z.f.b.context.filter.HeaderUserId2ContextFilter - ## HeaderUserId2ContextFilter, 用户 ID: 100
2025-10-14 16:08:00.304 [http-nio-8082-exec-2] INFO  c.z.f.b.operationlog.aspect.ApiOperationLogAspect - ====== 请求开始: [批量查询用户信息], 入参: {"ids":[100]}, 请求类: UserController, 请求方法: findByIds =================================== 
2025-10-14 16:08:00.306 [http-nio-8082-exec-2] INFO  c.z.f.b.operationlog.aspect.ApiOperationLogAspect - ====== 请求结束: [批量查询用户信息], 耗时: 2ms, 出参: {"success":true,"message":null,"errorCode":null,"data":[{"id":100,"nickName":"稚生","avatar":"https://my-xiaohongshu-oss.oss-cn-guangzhou.aliyuncs.com/ca709c5d72304bedbcf9ee14e4a3bcb2.jpg","introduction":"快乐法则🧼    轻松时刻🫧 "}]} =================================== 
2025-10-14 16:08:00.307 [http-nio-8082-exec-2] INFO  c.z.f.b.context.filter.HeaderUserId2ContextFilter - ===== 删除 ThreadLocal， userId: 100
2025-10-14 16:08:01.060 [http-nio-8082-exec-4] INFO  c.z.f.b.context.filter.HeaderUserId2ContextFilter - ## HeaderUserId2ContextFilter, 用户 ID: 100
2025-10-14 16:08:01.063 [http-nio-8082-exec-3] INFO  c.z.f.b.context.filter.HeaderUserId2ContextFilter - ## HeaderUserId2ContextFilter, 用户 ID: 100
2025-10-14 16:08:01.063 [http-nio-8082-exec-4] INFO  c.z.f.b.c.interceptor.FeignRequestInterceptor - ==> feign请求设置请求头 userId: 100
2025-10-14 16:08:01.066 [http-nio-8082-exec-3] INFO  c.z.f.b.c.interceptor.FeignRequestInterceptor - ==> feign请求设置请求头 userId: 100
2025-10-14 16:08:01.080 [http-nio-8082-exec-3] INFO  c.z.f.b.context.filter.HeaderUserId2ContextFilter - ===== 删除 ThreadLocal， userId: 100
2025-10-14 16:08:01.080 [http-nio-8082-exec-4] INFO  c.z.f.b.context.filter.HeaderUserId2ContextFilter - ===== 删除 ThreadLocal， userId: 100
2025-10-14 16:08:01.120 [http-nio-8082-exec-6] INFO  c.z.f.b.context.filter.HeaderUserId2ContextFilter - ## HeaderUserId2ContextFilter, 用户 ID: 100
2025-10-14 16:08:01.120 [http-nio-8082-exec-9] INFO  c.z.f.b.context.filter.HeaderUserId2ContextFilter - ## HeaderUserId2ContextFilter, 用户 ID: 100
2025-10-14 16:08:01.121 [http-nio-8082-exec-9] INFO  c.z.f.b.operationlog.aspect.ApiOperationLogAspect - ====== 请求开始: [批量查询用户信息], 入参: {"ids":[100]}, 请求类: UserController, 请求方法: findByIds =================================== 
2025-10-14 16:08:01.121 [http-nio-8082-exec-6] INFO  c.z.f.b.operationlog.aspect.ApiOperationLogAspect - ====== 请求开始: [批量查询用户信息], 入参: {"ids":[100]}, 请求类: UserController, 请求方法: findByIds =================================== 
2025-10-14 16:08:01.124 [http-nio-8082-exec-6] INFO  c.z.f.b.operationlog.aspect.ApiOperationLogAspect - ====== 请求结束: [批量查询用户信息], 耗时: 3ms, 出参: {"success":true,"message":null,"errorCode":null,"data":[{"id":100,"nickName":"稚生","avatar":"https://my-xiaohongshu-oss.oss-cn-guangzhou.aliyuncs.com/ca709c5d72304bedbcf9ee14e4a3bcb2.jpg","introduction":"快乐法则🧼    轻松时刻🫧 "}]} =================================== 
2025-10-14 16:08:01.124 [http-nio-8082-exec-9] INFO  c.z.f.b.operationlog.aspect.ApiOperationLogAspect - ====== 请求结束: [批量查询用户信息], 耗时: 3ms, 出参: {"success":true,"message":null,"errorCode":null,"data":[{"id":100,"nickName":"稚生","avatar":"https://my-xiaohongshu-oss.oss-cn-guangzhou.aliyuncs.com/ca709c5d72304bedbcf9ee14e4a3bcb2.jpg","introduction":"快乐法则🧼    轻松时刻🫧 "}]} =================================== 
2025-10-14 16:08:01.126 [http-nio-8082-exec-6] INFO  c.z.f.b.context.filter.HeaderUserId2ContextFilter - ===== 删除 ThreadLocal， userId: 100
2025-10-14 16:08:01.126 [http-nio-8082-exec-9] INFO  c.z.f.b.context.filter.HeaderUserId2ContextFilter - ===== 删除 ThreadLocal， userId: 100
2025-10-14 16:08:02.347 [http-nio-8082-exec-1] INFO  c.z.f.b.context.filter.HeaderUserId2ContextFilter - ## HeaderUserId2ContextFilter, 用户 ID: 100
2025-10-14 16:08:02.348 [http-nio-8082-exec-1] INFO  c.z.f.b.operationlog.aspect.ApiOperationLogAspect - ====== 请求开始: [批量查询用户信息], 入参: {"ids":[100]}, 请求类: UserController, 请求方法: findByIds =================================== 
2025-10-14 16:08:02.349 [http-nio-8082-exec-1] INFO  c.z.f.b.operationlog.aspect.ApiOperationLogAspect - ====== 请求结束: [批量查询用户信息], 耗时: 2ms, 出参: {"success":true,"message":null,"errorCode":null,"data":[{"id":100,"nickName":"稚生","avatar":"https://my-xiaohongshu-oss.oss-cn-guangzhou.aliyuncs.com/ca709c5d72304bedbcf9ee14e4a3bcb2.jpg","introduction":"快乐法则🧼    轻松时刻🫧 "}]} =================================== 
2025-10-14 16:08:02.350 [http-nio-8082-exec-1] INFO  c.z.f.b.context.filter.HeaderUserId2ContextFilter - ===== 删除 ThreadLocal， userId: 100
2025-10-14 16:08:02.974 [http-nio-8082-exec-7] INFO  c.z.f.b.context.filter.HeaderUserId2ContextFilter - ## HeaderUserId2ContextFilter, 用户 ID: 100
2025-10-14 16:08:02.976 [http-nio-8082-exec-8] INFO  c.z.f.b.context.filter.HeaderUserId2ContextFilter - ## HeaderUserId2ContextFilter, 用户 ID: 100
2025-10-14 16:08:02.977 [http-nio-8082-exec-7] INFO  c.z.f.b.c.interceptor.FeignRequestInterceptor - ==> feign请求设置请求头 userId: 100
2025-10-14 16:08:02.979 [http-nio-8082-exec-8] INFO  c.z.f.b.c.interceptor.FeignRequestInterceptor - ==> feign请求设置请求头 userId: 100
2025-10-14 16:08:03.000 [http-nio-8082-exec-8] INFO  c.z.f.b.context.filter.HeaderUserId2ContextFilter - ===== 删除 ThreadLocal， userId: 100
2025-10-14 16:08:03.000 [http-nio-8082-exec-7] INFO  c.z.f.b.context.filter.HeaderUserId2ContextFilter - ===== 删除 ThreadLocal， userId: 100
2025-10-14 16:08:03.025 [http-nio-8082-exec-10] INFO  c.z.f.b.context.filter.HeaderUserId2ContextFilter - ## HeaderUserId2ContextFilter, 用户 ID: 100
2025-10-14 16:08:03.025 [http-nio-8082-exec-5] INFO  c.z.f.b.context.filter.HeaderUserId2ContextFilter - ## HeaderUserId2ContextFilter, 用户 ID: 100
2025-10-14 16:08:03.026 [http-nio-8082-exec-5] INFO  c.z.f.b.operationlog.aspect.ApiOperationLogAspect - ====== 请求开始: [批量查询用户信息], 入参: {"ids":[100]}, 请求类: UserController, 请求方法: findByIds =================================== 
2025-10-14 16:08:03.026 [http-nio-8082-exec-10] INFO  c.z.f.b.operationlog.aspect.ApiOperationLogAspect - ====== 请求开始: [批量查询用户信息], 入参: {"ids":[100]}, 请求类: UserController, 请求方法: findByIds =================================== 
2025-10-14 16:08:03.028 [http-nio-8082-exec-5] INFO  c.z.f.b.operationlog.aspect.ApiOperationLogAspect - ====== 请求结束: [批量查询用户信息], 耗时: 2ms, 出参: {"success":true,"message":null,"errorCode":null,"data":[{"id":100,"nickName":"稚生","avatar":"https://my-xiaohongshu-oss.oss-cn-guangzhou.aliyuncs.com/ca709c5d72304bedbcf9ee14e4a3bcb2.jpg","introduction":"快乐法则🧼    轻松时刻🫧 "}]} =================================== 
2025-10-14 16:08:03.028 [http-nio-8082-exec-10] INFO  c.z.f.b.operationlog.aspect.ApiOperationLogAspect - ====== 请求结束: [批量查询用户信息], 耗时: 2ms, 出参: {"success":true,"message":null,"errorCode":null,"data":[{"id":100,"nickName":"稚生","avatar":"https://my-xiaohongshu-oss.oss-cn-guangzhou.aliyuncs.com/ca709c5d72304bedbcf9ee14e4a3bcb2.jpg","introduction":"快乐法则🧼    轻松时刻🫧 "}]} =================================== 
2025-10-14 16:08:03.030 [http-nio-8082-exec-5] INFO  c.z.f.b.context.filter.HeaderUserId2ContextFilter - ===== 删除 ThreadLocal， userId: 100
2025-10-14 16:08:03.030 [http-nio-8082-exec-10] INFO  c.z.f.b.context.filter.HeaderUserId2ContextFilter - ===== 删除 ThreadLocal， userId: 100
2025-10-14 16:08:05.904 [http-nio-8082-exec-2] INFO  c.z.f.b.context.filter.HeaderUserId2ContextFilter - ## HeaderUserId2ContextFilter, 用户 ID: 100
2025-10-14 16:08:05.905 [http-nio-8082-exec-2] INFO  c.z.f.b.operationlog.aspect.ApiOperationLogAspect - ====== 请求开始: [批量查询用户信息], 入参: {"ids":[100]}, 请求类: UserController, 请求方法: findByIds =================================== 
2025-10-14 16:08:05.907 [http-nio-8082-exec-2] INFO  c.z.f.b.operationlog.aspect.ApiOperationLogAspect - ====== 请求结束: [批量查询用户信息], 耗时: 2ms, 出参: {"success":true,"message":null,"errorCode":null,"data":[{"id":100,"nickName":"稚生","avatar":"https://my-xiaohongshu-oss.oss-cn-guangzhou.aliyuncs.com/ca709c5d72304bedbcf9ee14e4a3bcb2.jpg","introduction":"快乐法则🧼    轻松时刻🫧 "}]} =================================== 
2025-10-14 16:08:05.908 [http-nio-8082-exec-2] INFO  c.z.f.b.context.filter.HeaderUserId2ContextFilter - ===== 删除 ThreadLocal， userId: 100
2025-10-14 16:08:07.905 [http-nio-8082-exec-3] INFO  c.z.f.b.context.filter.HeaderUserId2ContextFilter - ## HeaderUserId2ContextFilter, 用户 ID: 100
2025-10-14 16:08:07.907 [http-nio-8082-exec-4] INFO  c.z.f.b.context.filter.HeaderUserId2ContextFilter - ## HeaderUserId2ContextFilter, 用户 ID: 100
2025-10-14 16:08:07.908 [http-nio-8082-exec-3] INFO  c.z.f.b.c.interceptor.FeignRequestInterceptor - ==> feign请求设置请求头 userId: 100
2025-10-14 16:08:07.909 [http-nio-8082-exec-4] INFO  c.z.f.b.c.interceptor.FeignRequestInterceptor - ==> feign请求设置请求头 userId: 100
2025-10-14 16:08:07.922 [http-nio-8082-exec-3] INFO  c.z.f.b.context.filter.HeaderUserId2ContextFilter - ===== 删除 ThreadLocal， userId: 100
2025-10-14 16:08:07.922 [http-nio-8082-exec-4] INFO  c.z.f.b.context.filter.HeaderUserId2ContextFilter - ===== 删除 ThreadLocal， userId: 100
2025-10-14 16:08:07.964 [http-nio-8082-exec-6] INFO  c.z.f.b.context.filter.HeaderUserId2ContextFilter - ## HeaderUserId2ContextFilter, 用户 ID: 100
2025-10-14 16:08:07.964 [http-nio-8082-exec-9] INFO  c.z.f.b.context.filter.HeaderUserId2ContextFilter - ## HeaderUserId2ContextFilter, 用户 ID: 100
2025-10-14 16:08:07.965 [http-nio-8082-exec-6] INFO  c.z.f.b.operationlog.aspect.ApiOperationLogAspect - ====== 请求开始: [批量查询用户信息], 入参: {"ids":[100]}, 请求类: UserController, 请求方法: findByIds =================================== 
2025-10-14 16:08:07.965 [http-nio-8082-exec-9] INFO  c.z.f.b.operationlog.aspect.ApiOperationLogAspect - ====== 请求开始: [批量查询用户信息], 入参: {"ids":[100]}, 请求类: UserController, 请求方法: findByIds =================================== 
2025-10-14 16:08:07.967 [http-nio-8082-exec-6] INFO  c.z.f.b.operationlog.aspect.ApiOperationLogAspect - ====== 请求结束: [批量查询用户信息], 耗时: 3ms, 出参: {"success":true,"message":null,"errorCode":null,"data":[{"id":100,"nickName":"稚生","avatar":"https://my-xiaohongshu-oss.oss-cn-guangzhou.aliyuncs.com/ca709c5d72304bedbcf9ee14e4a3bcb2.jpg","introduction":"快乐法则🧼    轻松时刻🫧 "}]} =================================== 
2025-10-14 16:08:07.967 [http-nio-8082-exec-9] INFO  c.z.f.b.operationlog.aspect.ApiOperationLogAspect - ====== 请求结束: [批量查询用户信息], 耗时: 2ms, 出参: {"success":true,"message":null,"errorCode":null,"data":[{"id":100,"nickName":"稚生","avatar":"https://my-xiaohongshu-oss.oss-cn-guangzhou.aliyuncs.com/ca709c5d72304bedbcf9ee14e4a3bcb2.jpg","introduction":"快乐法则🧼    轻松时刻🫧 "}]} =================================== 
2025-10-14 16:08:07.968 [http-nio-8082-exec-6] INFO  c.z.f.b.context.filter.HeaderUserId2ContextFilter - ===== 删除 ThreadLocal， userId: 100
2025-10-14 16:08:07.968 [http-nio-8082-exec-9] INFO  c.z.f.b.context.filter.HeaderUserId2ContextFilter - ===== 删除 ThreadLocal， userId: 100
2025-10-14 16:08:24.560 [http-nio-8082-exec-1] INFO  c.z.f.b.context.filter.HeaderUserId2ContextFilter - ## HeaderUserId2ContextFilter, 用户 ID: 100
2025-10-14 16:08:24.561 [http-nio-8082-exec-1] INFO  c.z.f.b.operationlog.aspect.ApiOperationLogAspect - ====== 请求开始: [批量查询用户信息], 入参: {"ids":[100]}, 请求类: UserController, 请求方法: findByIds =================================== 
2025-10-14 16:08:24.562 [http-nio-8082-exec-1] INFO  c.z.f.b.operationlog.aspect.ApiOperationLogAspect - ====== 请求结束: [批量查询用户信息], 耗时: 1ms, 出参: {"success":true,"message":null,"errorCode":null,"data":[{"id":100,"nickName":"稚生","avatar":"https://my-xiaohongshu-oss.oss-cn-guangzhou.aliyuncs.com/ca709c5d72304bedbcf9ee14e4a3bcb2.jpg","introduction":"快乐法则🧼    轻松时刻🫧 "}]} =================================== 
2025-10-14 16:08:24.563 [http-nio-8082-exec-1] INFO  c.z.f.b.context.filter.HeaderUserId2ContextFilter - ===== 删除 ThreadLocal， userId: 100
2025-10-14 16:08:39.135 [http-nio-8082-exec-8] INFO  c.z.f.b.context.filter.HeaderUserId2ContextFilter - ## HeaderUserId2ContextFilter, 用户 ID: 100
2025-10-14 16:08:39.137 [http-nio-8082-exec-8] INFO  c.z.f.b.operationlog.aspect.ApiOperationLogAspect - ====== 请求开始: [批量查询用户信息], 入参: {"ids":[100]}, 请求类: UserController, 请求方法: findByIds =================================== 
2025-10-14 16:08:39.139 [http-nio-8082-exec-8] INFO  c.z.f.b.operationlog.aspect.ApiOperationLogAspect - ====== 请求结束: [批量查询用户信息], 耗时: 3ms, 出参: {"success":true,"message":null,"errorCode":null,"data":[{"id":100,"nickName":"稚生","avatar":"https://my-xiaohongshu-oss.oss-cn-guangzhou.aliyuncs.com/ca709c5d72304bedbcf9ee14e4a3bcb2.jpg","introduction":"快乐法则🧼    轻松时刻🫧 "}]} =================================== 
2025-10-14 16:08:39.139 [http-nio-8082-exec-8] INFO  c.z.f.b.context.filter.HeaderUserId2ContextFilter - ===== 删除 ThreadLocal， userId: 100
2025-10-14 16:09:30.030 [http-nio-8082-exec-4] INFO  c.z.f.b.context.filter.HeaderUserId2ContextFilter - ## HeaderUserId2ContextFilter, 用户 ID: 100
2025-10-14 16:09:30.032 [http-nio-8082-exec-4] INFO  c.z.f.b.operationlog.aspect.ApiOperationLogAspect - ====== 请求开始: [批量查询用户信息], 入参: {"ids":[100]}, 请求类: UserController, 请求方法: findByIds =================================== 
2025-10-14 16:09:30.034 [http-nio-8082-exec-4] INFO  c.z.f.b.operationlog.aspect.ApiOperationLogAspect - ====== 请求结束: [批量查询用户信息], 耗时: 2ms, 出参: {"success":true,"message":null,"errorCode":null,"data":[{"id":100,"nickName":"稚生","avatar":"https://my-xiaohongshu-oss.oss-cn-guangzhou.aliyuncs.com/ca709c5d72304bedbcf9ee14e4a3bcb2.jpg","introduction":"快乐法则🧼    轻松时刻🫧 "}]} =================================== 
2025-10-14 16:09:30.035 [http-nio-8082-exec-4] INFO  c.z.f.b.context.filter.HeaderUserId2ContextFilter - ===== 删除 ThreadLocal， userId: 100
2025-10-14 16:09:51.543 [http-nio-8082-exec-3] INFO  c.z.f.b.context.filter.HeaderUserId2ContextFilter - ## HeaderUserId2ContextFilter, 用户 ID: 100
2025-10-14 16:09:51.543 [http-nio-8082-exec-3] INFO  c.z.f.b.operationlog.aspect.ApiOperationLogAspect - ====== 请求开始: [批量查询用户信息], 入参: {"ids":[100]}, 请求类: UserController, 请求方法: findByIds =================================== 
2025-10-14 16:09:51.548 [http-nio-8082-exec-3] INFO  c.z.f.b.operationlog.aspect.ApiOperationLogAspect - ====== 请求结束: [批量查询用户信息], 耗时: 5ms, 出参: {"success":true,"message":null,"errorCode":null,"data":[{"id":100,"nickName":"稚生","avatar":"https://my-xiaohongshu-oss.oss-cn-guangzhou.aliyuncs.com/ca709c5d72304bedbcf9ee14e4a3bcb2.jpg","introduction":"快乐法则🧼    轻松时刻🫧 "}]} =================================== 
2025-10-14 16:09:51.548 [http-nio-8082-exec-3] INFO  c.z.f.b.context.filter.HeaderUserId2ContextFilter - ===== 删除 ThreadLocal， userId: 100
2025-10-14 16:16:04.143 [http-nio-8082-exec-9] INFO  c.z.f.b.context.filter.HeaderUserId2ContextFilter - ## HeaderUserId2ContextFilter, 用户 ID: 100
2025-10-14 16:16:04.176 [http-nio-8082-exec-9] INFO  c.z.f.b.operationlog.aspect.ApiOperationLogAspect - ====== 请求开始: [批量查询用户信息], 入参: {"ids":[100]}, 请求类: UserController, 请求方法: findByIds =================================== 
2025-10-14 16:16:04.189 [http-nio-8082-exec-9] INFO  c.z.f.b.operationlog.aspect.ApiOperationLogAspect - ====== 请求结束: [批量查询用户信息], 耗时: 16ms, 出参: {"success":true,"message":null,"errorCode":null,"data":[{"id":100,"nickName":"稚生","avatar":"https://my-xiaohongshu-oss.oss-cn-guangzhou.aliyuncs.com/ca709c5d72304bedbcf9ee14e4a3bcb2.jpg","introduction":"快乐法则🧼    轻松时刻🫧 "}]} =================================== 
2025-10-14 16:16:04.204 [http-nio-8082-exec-9] INFO  c.z.f.b.context.filter.HeaderUserId2ContextFilter - ===== 删除 ThreadLocal， userId: 100
2025-10-14 16:16:13.522 [http-nio-8082-exec-1] INFO  c.z.f.b.context.filter.HeaderUserId2ContextFilter - ## HeaderUserId2ContextFilter, 用户 ID: 100
2025-10-14 16:16:13.526 [http-nio-8082-exec-1] INFO  c.z.f.b.operationlog.aspect.ApiOperationLogAspect - ====== 请求开始: [批量查询用户信息], 入参: {"ids":[100]}, 请求类: UserController, 请求方法: findByIds =================================== 
2025-10-14 16:16:13.536 [http-nio-8082-exec-1] INFO  c.z.f.b.operationlog.aspect.ApiOperationLogAspect - ====== 请求结束: [批量查询用户信息], 耗时: 11ms, 出参: {"success":true,"message":null,"errorCode":null,"data":[{"id":100,"nickName":"稚生","avatar":"https://my-xiaohongshu-oss.oss-cn-guangzhou.aliyuncs.com/ca709c5d72304bedbcf9ee14e4a3bcb2.jpg","introduction":"快乐法则🧼    轻松时刻🫧 "}]} =================================== 
2025-10-14 16:16:13.537 [http-nio-8082-exec-1] INFO  c.z.f.b.context.filter.HeaderUserId2ContextFilter - ===== 删除 ThreadLocal， userId: 100
2025-10-14 16:16:26.771 [http-nio-8082-exec-8] INFO  c.z.f.b.context.filter.HeaderUserId2ContextFilter - ## HeaderUserId2ContextFilter, 用户 ID: 100
2025-10-14 16:16:26.779 [http-nio-8082-exec-8] INFO  c.z.f.b.operationlog.aspect.ApiOperationLogAspect - ====== 请求开始: [批量查询用户信息], 入参: {"ids":[100]}, 请求类: UserController, 请求方法: findByIds =================================== 
2025-10-14 16:16:26.783 [http-nio-8082-exec-8] INFO  c.z.f.b.operationlog.aspect.ApiOperationLogAspect - ====== 请求结束: [批量查询用户信息], 耗时: 5ms, 出参: {"success":true,"message":null,"errorCode":null,"data":[{"id":100,"nickName":"稚生","avatar":"https://my-xiaohongshu-oss.oss-cn-guangzhou.aliyuncs.com/ca709c5d72304bedbcf9ee14e4a3bcb2.jpg","introduction":"快乐法则🧼    轻松时刻🫧 "}]} =================================== 
2025-10-14 16:16:26.785 [http-nio-8082-exec-8] INFO  c.z.f.b.context.filter.HeaderUserId2ContextFilter - ===== 删除 ThreadLocal， userId: 100
2025-10-14 16:16:58.458 [http-nio-8082-exec-7] INFO  c.z.f.b.context.filter.HeaderUserId2ContextFilter - ## HeaderUserId2ContextFilter, 用户 ID: 100
2025-10-14 16:16:58.460 [http-nio-8082-exec-7] INFO  c.z.f.b.operationlog.aspect.ApiOperationLogAspect - ====== 请求开始: [批量查询用户信息], 入参: {"ids":[100]}, 请求类: UserController, 请求方法: findByIds =================================== 
2025-10-14 16:16:58.464 [http-nio-8082-exec-7] INFO  c.z.f.b.operationlog.aspect.ApiOperationLogAspect - ====== 请求结束: [批量查询用户信息], 耗时: 3ms, 出参: {"success":true,"message":null,"errorCode":null,"data":[{"id":100,"nickName":"稚生","avatar":"https://my-xiaohongshu-oss.oss-cn-guangzhou.aliyuncs.com/ca709c5d72304bedbcf9ee14e4a3bcb2.jpg","introduction":"快乐法则🧼    轻松时刻🫧 "}]} =================================== 
2025-10-14 16:16:58.464 [http-nio-8082-exec-7] INFO  c.z.f.b.context.filter.HeaderUserId2ContextFilter - ===== 删除 ThreadLocal， userId: 100
2025-10-14 16:17:12.549 [http-nio-8082-exec-2] INFO  c.z.f.b.context.filter.HeaderUserId2ContextFilter - ## HeaderUserId2ContextFilter, 用户 ID: 100
2025-10-14 16:17:12.680 [http-nio-8082-exec-2] INFO  c.z.f.b.operationlog.aspect.ApiOperationLogAspect - ====== 请求开始: [根据用户 ID 查询用户信息], 入参: {"id":100}, 请求类: UserController, 请求方法: findById =================================== 
2025-10-14 16:17:12.697 [http-nio-8082-exec-2] INFO  c.z.f.b.operationlog.aspect.ApiOperationLogAspect - ====== 请求结束: [根据用户 ID 查询用户信息], 耗时: 17ms, 出参: {"success":true,"message":null,"errorCode":null,"data":{"id":100,"nickName":"稚生","avatar":"https://my-xiaohongshu-oss.oss-cn-guangzhou.aliyuncs.com/ca709c5d72304bedbcf9ee14e4a3bcb2.jpg","introduction":"快乐法则🧼    轻松时刻🫧 "}} =================================== 
2025-10-14 16:17:12.701 [http-nio-8082-exec-2] INFO  c.z.f.b.context.filter.HeaderUserId2ContextFilter - ===== 删除 ThreadLocal， userId: 100
2025-10-14 16:29:15.786 [http-nio-8082-exec-4] INFO  c.z.f.b.context.filter.HeaderUserId2ContextFilter - ## HeaderUserId2ContextFilter, 用户 ID: 100
2025-10-14 16:29:15.802 [http-nio-8082-exec-4] INFO  c.z.f.b.operationlog.aspect.ApiOperationLogAspect - ====== 请求开始: [批量查询用户信息], 入参: {"ids":[100]}, 请求类: UserController, 请求方法: findByIds =================================== 
2025-10-14 16:29:15.809 [http-nio-8082-exec-4] INFO  c.z.f.b.operationlog.aspect.ApiOperationLogAspect - ====== 请求结束: [批量查询用户信息], 耗时: 7ms, 出参: {"success":true,"message":null,"errorCode":null,"data":[{"id":100,"nickName":"稚生","avatar":"https://my-xiaohongshu-oss.oss-cn-guangzhou.aliyuncs.com/ca709c5d72304bedbcf9ee14e4a3bcb2.jpg","introduction":"快乐法则🧼    轻松时刻🫧 "}]} =================================== 
2025-10-14 16:29:15.812 [http-nio-8082-exec-4] INFO  c.z.f.b.context.filter.HeaderUserId2ContextFilter - ===== 删除 ThreadLocal， userId: 100
2025-10-14 16:37:28.393 [http-nio-8082-exec-3] INFO  c.z.f.b.context.filter.HeaderUserId2ContextFilter - ## HeaderUserId2ContextFilter, 用户 ID: 100
2025-10-14 16:37:28.420 [http-nio-8082-exec-3] INFO  c.z.f.b.operationlog.aspect.ApiOperationLogAspect - ====== 请求开始: [批量查询用户信息], 入参: {"ids":[100]}, 请求类: UserController, 请求方法: findByIds =================================== 
2025-10-14 16:37:28.432 [http-nio-8082-exec-3] INFO  c.z.f.b.operationlog.aspect.ApiOperationLogAspect - ====== 请求结束: [批量查询用户信息], 耗时: 16ms, 出参: {"success":true,"message":null,"errorCode":null,"data":[{"id":100,"nickName":"稚生","avatar":"https://my-xiaohongshu-oss.oss-cn-guangzhou.aliyuncs.com/ca709c5d72304bedbcf9ee14e4a3bcb2.jpg","introduction":"快乐法则🧼    轻松时刻🫧 "}]} =================================== 
2025-10-14 16:37:28.439 [http-nio-8082-exec-3] INFO  c.z.f.b.context.filter.HeaderUserId2ContextFilter - ===== 删除 ThreadLocal， userId: 100
2025-10-14 16:52:00.592 [http-nio-8082-exec-9] INFO  c.z.f.b.context.filter.HeaderUserId2ContextFilter - ## HeaderUserId2ContextFilter, 用户 ID: 100
2025-10-14 16:52:00.624 [http-nio-8082-exec-9] INFO  c.z.f.b.operationlog.aspect.ApiOperationLogAspect - ====== 请求开始: [批量查询用户信息], 入参: {"ids":[100]}, 请求类: UserController, 请求方法: findByIds =================================== 
2025-10-14 16:52:00.635 [http-nio-8082-exec-9] INFO  c.z.f.b.operationlog.aspect.ApiOperationLogAspect - ====== 请求结束: [批量查询用户信息], 耗时: 13ms, 出参: {"success":true,"message":null,"errorCode":null,"data":[{"id":100,"nickName":"稚生","avatar":"https://my-xiaohongshu-oss.oss-cn-guangzhou.aliyuncs.com/ca709c5d72304bedbcf9ee14e4a3bcb2.jpg","introduction":"快乐法则🧼    轻松时刻🫧 "}]} =================================== 
2025-10-14 16:52:00.640 [http-nio-8082-exec-9] INFO  c.z.f.b.context.filter.HeaderUserId2ContextFilter - ===== 删除 ThreadLocal， userId: 100
2025-10-14 16:52:32.636 [http-nio-8082-exec-1] INFO  c.z.f.b.context.filter.HeaderUserId2ContextFilter - ## HeaderUserId2ContextFilter, 用户 ID: 100
2025-10-14 16:52:32.638 [http-nio-8082-exec-1] INFO  c.z.f.b.operationlog.aspect.ApiOperationLogAspect - ====== 请求开始: [批量查询用户信息], 入参: {"ids":[100]}, 请求类: UserController, 请求方法: findByIds =================================== 
2025-10-14 16:52:32.641 [http-nio-8082-exec-1] INFO  c.z.f.b.operationlog.aspect.ApiOperationLogAspect - ====== 请求结束: [批量查询用户信息], 耗时: 4ms, 出参: {"success":true,"message":null,"errorCode":null,"data":[{"id":100,"nickName":"稚生","avatar":"https://my-xiaohongshu-oss.oss-cn-guangzhou.aliyuncs.com/ca709c5d72304bedbcf9ee14e4a3bcb2.jpg","introduction":"快乐法则🧼    轻松时刻🫧 "}]} =================================== 
2025-10-14 16:52:32.643 [http-nio-8082-exec-1] INFO  c.z.f.b.context.filter.HeaderUserId2ContextFilter - ===== 删除 ThreadLocal， userId: 100
2025-10-14 17:03:19.526 [http-nio-8082-exec-2] INFO  c.z.f.b.context.filter.HeaderUserId2ContextFilter - ## HeaderUserId2ContextFilter, 用户 ID: 100
2025-10-14 17:03:19.534 [http-nio-8082-exec-2] INFO  c.z.f.b.operationlog.aspect.ApiOperationLogAspect - ====== 请求开始: [批量查询用户信息], 入参: {"ids":[100]}, 请求类: UserController, 请求方法: findByIds =================================== 
2025-10-14 17:03:19.540 [http-nio-8082-exec-2] INFO  c.z.f.b.operationlog.aspect.ApiOperationLogAspect - ====== 请求结束: [批量查询用户信息], 耗时: 7ms, 出参: {"success":true,"message":null,"errorCode":null,"data":[{"id":100,"nickName":"稚生","avatar":"https://my-xiaohongshu-oss.oss-cn-guangzhou.aliyuncs.com/ca709c5d72304bedbcf9ee14e4a3bcb2.jpg","introduction":"快乐法则🧼    轻松时刻🫧 "}]} =================================== 
2025-10-14 17:03:19.543 [http-nio-8082-exec-2] INFO  c.z.f.b.context.filter.HeaderUserId2ContextFilter - ===== 删除 ThreadLocal， userId: 100
2025-10-14 17:03:21.138 [http-nio-8082-exec-5] INFO  c.z.f.b.context.filter.HeaderUserId2ContextFilter - ## HeaderUserId2ContextFilter, 用户 ID: 100
2025-10-14 17:03:21.153 [http-nio-8082-exec-5] INFO  c.z.f.b.operationlog.aspect.ApiOperationLogAspect - ====== 请求开始: [根据用户 ID 查询用户信息], 入参: {"id":100}, 请求类: UserController, 请求方法: findById =================================== 
2025-10-14 17:03:21.168 [http-nio-8082-exec-5] INFO  c.z.x.user.biz.service.impl.UserServiceImpl - ==> 从本地缓存中获取用户信息，id: 100, userInfo: {"id":100,"nickName":"稚生","avatar":"https://my-xiaohongshu-oss.oss-cn-guangzhou.aliyuncs.com/ca709c5d72304bedbcf9ee14e4a3bcb2.jpg","introduction":"快乐法则🧼    轻松时刻🫧 "}
2025-10-14 17:03:21.168 [http-nio-8082-exec-5] INFO  c.z.f.b.operationlog.aspect.ApiOperationLogAspect - ====== 请求结束: [根据用户 ID 查询用户信息], 耗时: 15ms, 出参: {"success":true,"message":null,"errorCode":null,"data":{"id":100,"nickName":"稚生","avatar":"https://my-xiaohongshu-oss.oss-cn-guangzhou.aliyuncs.com/ca709c5d72304bedbcf9ee14e4a3bcb2.jpg","introduction":"快乐法则🧼    轻松时刻🫧 "}} =================================== 
2025-10-14 17:03:21.169 [http-nio-8082-exec-5] INFO  c.z.f.b.context.filter.HeaderUserId2ContextFilter - ===== 删除 ThreadLocal， userId: 100
2025-10-14 17:03:45.298 [http-nio-8082-exec-10] INFO  c.z.f.b.context.filter.HeaderUserId2ContextFilter - ## HeaderUserId2ContextFilter, 用户 ID: 100
2025-10-14 17:03:45.299 [http-nio-8082-exec-10] INFO  c.z.f.b.operationlog.aspect.ApiOperationLogAspect - ====== 请求开始: [批量查询用户信息], 入参: {"ids":[100]}, 请求类: UserController, 请求方法: findByIds =================================== 
2025-10-14 17:03:45.301 [http-nio-8082-exec-10] INFO  c.z.f.b.operationlog.aspect.ApiOperationLogAspect - ====== 请求结束: [批量查询用户信息], 耗时: 2ms, 出参: {"success":true,"message":null,"errorCode":null,"data":[{"id":100,"nickName":"稚生","avatar":"https://my-xiaohongshu-oss.oss-cn-guangzhou.aliyuncs.com/ca709c5d72304bedbcf9ee14e4a3bcb2.jpg","introduction":"快乐法则🧼    轻松时刻🫧 "}]} =================================== 
2025-10-14 17:03:45.302 [http-nio-8082-exec-10] INFO  c.z.f.b.context.filter.HeaderUserId2ContextFilter - ===== 删除 ThreadLocal， userId: 100
2025-10-14 17:03:46.227 [http-nio-8082-exec-4] INFO  c.z.f.b.context.filter.HeaderUserId2ContextFilter - ## HeaderUserId2ContextFilter, 用户 ID: 100
2025-10-14 17:03:46.227 [http-nio-8082-exec-4] INFO  c.z.f.b.operationlog.aspect.ApiOperationLogAspect - ====== 请求开始: [批量查询用户信息], 入参: {"ids":[100]}, 请求类: UserController, 请求方法: findByIds =================================== 
2025-10-14 17:03:46.229 [http-nio-8082-exec-4] INFO  c.z.f.b.operationlog.aspect.ApiOperationLogAspect - ====== 请求结束: [批量查询用户信息], 耗时: 2ms, 出参: {"success":true,"message":null,"errorCode":null,"data":[{"id":100,"nickName":"稚生","avatar":"https://my-xiaohongshu-oss.oss-cn-guangzhou.aliyuncs.com/ca709c5d72304bedbcf9ee14e4a3bcb2.jpg","introduction":"快乐法则🧼    轻松时刻🫧 "}]} =================================== 
2025-10-14 17:03:46.229 [http-nio-8082-exec-4] INFO  c.z.f.b.context.filter.HeaderUserId2ContextFilter - ===== 删除 ThreadLocal， userId: 100
2025-10-14 17:03:53.109 [http-nio-8082-exec-3] INFO  c.z.f.b.context.filter.HeaderUserId2ContextFilter - ## HeaderUserId2ContextFilter, 用户 ID: 100
2025-10-14 17:03:53.109 [http-nio-8082-exec-6] INFO  c.z.f.b.context.filter.HeaderUserId2ContextFilter - ## HeaderUserId2ContextFilter, 用户 ID: 100
2025-10-14 17:03:53.135 [http-nio-8082-exec-3] INFO  c.z.f.b.c.interceptor.FeignRequestInterceptor - ==> feign请求设置请求头 userId: 100
2025-10-14 17:03:53.135 [http-nio-8082-exec-6] INFO  c.z.f.b.c.interceptor.FeignRequestInterceptor - ==> feign请求设置请求头 userId: 100
2025-10-14 17:03:53.172 [http-nio-8082-exec-3] INFO  c.z.f.b.context.filter.HeaderUserId2ContextFilter - ===== 删除 ThreadLocal， userId: 100
2025-10-14 17:03:53.172 [http-nio-8082-exec-6] INFO  c.z.f.b.context.filter.HeaderUserId2ContextFilter - ===== 删除 ThreadLocal， userId: 100
2025-10-14 17:03:53.211 [http-nio-8082-exec-9] INFO  c.z.f.b.context.filter.HeaderUserId2ContextFilter - ## HeaderUserId2ContextFilter, 用户 ID: 100
2025-10-14 17:03:53.212 [http-nio-8082-exec-1] INFO  c.z.f.b.context.filter.HeaderUserId2ContextFilter - ## HeaderUserId2ContextFilter, 用户 ID: 100
2025-10-14 17:03:53.212 [http-nio-8082-exec-9] INFO  c.z.f.b.operationlog.aspect.ApiOperationLogAspect - ====== 请求开始: [批量查询用户信息], 入参: {"ids":[100]}, 请求类: UserController, 请求方法: findByIds =================================== 
2025-10-14 17:03:53.213 [http-nio-8082-exec-1] INFO  c.z.f.b.operationlog.aspect.ApiOperationLogAspect - ====== 请求开始: [批量查询用户信息], 入参: {"ids":[100]}, 请求类: UserController, 请求方法: findByIds =================================== 
2025-10-14 17:03:53.216 [http-nio-8082-exec-1] INFO  c.z.f.b.operationlog.aspect.ApiOperationLogAspect - ====== 请求结束: [批量查询用户信息], 耗时: 3ms, 出参: {"success":true,"message":null,"errorCode":null,"data":[{"id":100,"nickName":"稚生","avatar":"https://my-xiaohongshu-oss.oss-cn-guangzhou.aliyuncs.com/ca709c5d72304bedbcf9ee14e4a3bcb2.jpg","introduction":"快乐法则🧼    轻松时刻🫧 "}]} =================================== 
2025-10-14 17:03:53.216 [http-nio-8082-exec-9] INFO  c.z.f.b.operationlog.aspect.ApiOperationLogAspect - ====== 请求结束: [批量查询用户信息], 耗时: 4ms, 出参: {"success":true,"message":null,"errorCode":null,"data":[{"id":100,"nickName":"稚生","avatar":"https://my-xiaohongshu-oss.oss-cn-guangzhou.aliyuncs.com/ca709c5d72304bedbcf9ee14e4a3bcb2.jpg","introduction":"快乐法则🧼    轻松时刻🫧 "}]} =================================== 
2025-10-14 17:03:53.216 [http-nio-8082-exec-1] INFO  c.z.f.b.context.filter.HeaderUserId2ContextFilter - ===== 删除 ThreadLocal， userId: 100
2025-10-14 17:03:53.216 [http-nio-8082-exec-9] INFO  c.z.f.b.context.filter.HeaderUserId2ContextFilter - ===== 删除 ThreadLocal， userId: 100
2025-10-14 17:03:55.009 [http-nio-8082-exec-8] INFO  c.z.f.b.context.filter.HeaderUserId2ContextFilter - ## HeaderUserId2ContextFilter, 用户 ID: 100
2025-10-14 17:03:55.012 [http-nio-8082-exec-8] INFO  c.z.f.b.c.interceptor.FeignRequestInterceptor - ==> feign请求设置请求头 userId: 100
2025-10-14 17:03:55.013 [http-nio-8082-exec-7] INFO  c.z.f.b.context.filter.HeaderUserId2ContextFilter - ## HeaderUserId2ContextFilter, 用户 ID: 100
2025-10-14 17:03:55.016 [http-nio-8082-exec-7] INFO  c.z.f.b.c.interceptor.FeignRequestInterceptor - ==> feign请求设置请求头 userId: 100
2025-10-14 17:03:55.020 [http-nio-8082-exec-8] INFO  c.z.f.b.context.filter.HeaderUserId2ContextFilter - ===== 删除 ThreadLocal， userId: 100
2025-10-14 17:03:55.023 [http-nio-8082-exec-7] INFO  c.z.f.b.context.filter.HeaderUserId2ContextFilter - ===== 删除 ThreadLocal， userId: 100
2025-10-14 17:03:55.047 [http-nio-8082-exec-2] INFO  c.z.f.b.context.filter.HeaderUserId2ContextFilter - ## HeaderUserId2ContextFilter, 用户 ID: 100
2025-10-14 17:03:55.048 [http-nio-8082-exec-2] INFO  c.z.f.b.operationlog.aspect.ApiOperationLogAspect - ====== 请求开始: [批量查询用户信息], 入参: {"ids":[100]}, 请求类: UserController, 请求方法: findByIds =================================== 
2025-10-14 17:03:55.051 [http-nio-8082-exec-2] INFO  c.z.f.b.operationlog.aspect.ApiOperationLogAspect - ====== 请求结束: [批量查询用户信息], 耗时: 3ms, 出参: {"success":true,"message":null,"errorCode":null,"data":[{"id":100,"nickName":"稚生","avatar":"https://my-xiaohongshu-oss.oss-cn-guangzhou.aliyuncs.com/ca709c5d72304bedbcf9ee14e4a3bcb2.jpg","introduction":"快乐法则🧼    轻松时刻🫧 "}]} =================================== 
2025-10-14 17:03:55.051 [http-nio-8082-exec-5] INFO  c.z.f.b.context.filter.HeaderUserId2ContextFilter - ## HeaderUserId2ContextFilter, 用户 ID: 100
2025-10-14 17:03:55.051 [http-nio-8082-exec-2] INFO  c.z.f.b.context.filter.HeaderUserId2ContextFilter - ===== 删除 ThreadLocal， userId: 100
2025-10-14 17:03:55.051 [http-nio-8082-exec-5] INFO  c.z.f.b.operationlog.aspect.ApiOperationLogAspect - ====== 请求开始: [批量查询用户信息], 入参: {"ids":[100]}, 请求类: UserController, 请求方法: findByIds =================================== 
2025-10-14 17:03:55.053 [http-nio-8082-exec-5] INFO  c.z.f.b.operationlog.aspect.ApiOperationLogAspect - ====== 请求结束: [批量查询用户信息], 耗时: 2ms, 出参: {"success":true,"message":null,"errorCode":null,"data":[{"id":100,"nickName":"稚生","avatar":"https://my-xiaohongshu-oss.oss-cn-guangzhou.aliyuncs.com/ca709c5d72304bedbcf9ee14e4a3bcb2.jpg","introduction":"快乐法则🧼    轻松时刻🫧 "}]} =================================== 
2025-10-14 17:03:55.054 [http-nio-8082-exec-5] INFO  c.z.f.b.context.filter.HeaderUserId2ContextFilter - ===== 删除 ThreadLocal， userId: 100
2025-10-14 17:03:55.802 [http-nio-8082-exec-10] INFO  c.z.f.b.context.filter.HeaderUserId2ContextFilter - ## HeaderUserId2ContextFilter, 用户 ID: 100
2025-10-14 17:03:55.802 [http-nio-8082-exec-10] INFO  c.z.f.b.operationlog.aspect.ApiOperationLogAspect - ====== 请求开始: [批量查询用户信息], 入参: {"ids":[100]}, 请求类: UserController, 请求方法: findByIds =================================== 
2025-10-14 17:03:55.804 [http-nio-8082-exec-10] INFO  c.z.f.b.operationlog.aspect.ApiOperationLogAspect - ====== 请求结束: [批量查询用户信息], 耗时: 2ms, 出参: {"success":true,"message":null,"errorCode":null,"data":[{"id":100,"nickName":"稚生","avatar":"https://my-xiaohongshu-oss.oss-cn-guangzhou.aliyuncs.com/ca709c5d72304bedbcf9ee14e4a3bcb2.jpg","introduction":"快乐法则🧼    轻松时刻🫧 "}]} =================================== 
2025-10-14 17:03:55.805 [http-nio-8082-exec-10] INFO  c.z.f.b.context.filter.HeaderUserId2ContextFilter - ===== 删除 ThreadLocal， userId: 100
2025-10-14 17:03:56.370 [http-nio-8082-exec-4] INFO  c.z.f.b.context.filter.HeaderUserId2ContextFilter - ## HeaderUserId2ContextFilter, 用户 ID: 100
2025-10-14 17:03:56.372 [http-nio-8082-exec-4] INFO  c.z.f.b.c.interceptor.FeignRequestInterceptor - ==> feign请求设置请求头 userId: 100
2025-10-14 17:03:56.374 [http-nio-8082-exec-6] INFO  c.z.f.b.context.filter.HeaderUserId2ContextFilter - ## HeaderUserId2ContextFilter, 用户 ID: 100
2025-10-14 17:03:56.377 [http-nio-8082-exec-6] INFO  c.z.f.b.c.interceptor.FeignRequestInterceptor - ==> feign请求设置请求头 userId: 100
2025-10-14 17:03:56.379 [http-nio-8082-exec-4] INFO  c.z.f.b.context.filter.HeaderUserId2ContextFilter - ===== 删除 ThreadLocal， userId: 100
2025-10-14 17:03:56.384 [http-nio-8082-exec-6] INFO  c.z.f.b.context.filter.HeaderUserId2ContextFilter - ===== 删除 ThreadLocal， userId: 100
2025-10-14 17:03:56.403 [http-nio-8082-exec-3] INFO  c.z.f.b.context.filter.HeaderUserId2ContextFilter - ## HeaderUserId2ContextFilter, 用户 ID: 100
2025-10-14 17:03:56.403 [http-nio-8082-exec-3] INFO  c.z.f.b.operationlog.aspect.ApiOperationLogAspect - ====== 请求开始: [批量查询用户信息], 入参: {"ids":[100]}, 请求类: UserController, 请求方法: findByIds =================================== 
2025-10-14 17:03:56.406 [http-nio-8082-exec-3] INFO  c.z.f.b.operationlog.aspect.ApiOperationLogAspect - ====== 请求结束: [批量查询用户信息], 耗时: 3ms, 出参: {"success":true,"message":null,"errorCode":null,"data":[{"id":100,"nickName":"稚生","avatar":"https://my-xiaohongshu-oss.oss-cn-guangzhou.aliyuncs.com/ca709c5d72304bedbcf9ee14e4a3bcb2.jpg","introduction":"快乐法则🧼    轻松时刻🫧 "}]} =================================== 
2025-10-14 17:03:56.407 [http-nio-8082-exec-3] INFO  c.z.f.b.context.filter.HeaderUserId2ContextFilter - ===== 删除 ThreadLocal， userId: 100
2025-10-14 17:03:56.409 [http-nio-8082-exec-9] INFO  c.z.f.b.context.filter.HeaderUserId2ContextFilter - ## HeaderUserId2ContextFilter, 用户 ID: 100
2025-10-14 17:03:56.410 [http-nio-8082-exec-9] INFO  c.z.f.b.operationlog.aspect.ApiOperationLogAspect - ====== 请求开始: [批量查询用户信息], 入参: {"ids":[100]}, 请求类: UserController, 请求方法: findByIds =================================== 
2025-10-14 17:03:56.411 [http-nio-8082-exec-9] INFO  c.z.f.b.operationlog.aspect.ApiOperationLogAspect - ====== 请求结束: [批量查询用户信息], 耗时: 1ms, 出参: {"success":true,"message":null,"errorCode":null,"data":[{"id":100,"nickName":"稚生","avatar":"https://my-xiaohongshu-oss.oss-cn-guangzhou.aliyuncs.com/ca709c5d72304bedbcf9ee14e4a3bcb2.jpg","introduction":"快乐法则🧼    轻松时刻🫧 "}]} =================================== 
2025-10-14 17:03:56.413 [http-nio-8082-exec-9] INFO  c.z.f.b.context.filter.HeaderUserId2ContextFilter - ===== 删除 ThreadLocal， userId: 100
2025-10-14 17:04:01.202 [http-nio-8082-exec-1] INFO  c.z.f.b.context.filter.HeaderUserId2ContextFilter - ## HeaderUserId2ContextFilter, 用户 ID: 100
2025-10-14 17:04:01.205 [http-nio-8082-exec-1] INFO  c.z.f.b.c.interceptor.FeignRequestInterceptor - ==> feign请求设置请求头 userId: 100
2025-10-14 17:04:01.207 [http-nio-8082-exec-8] INFO  c.z.f.b.context.filter.HeaderUserId2ContextFilter - ## HeaderUserId2ContextFilter, 用户 ID: 100
2025-10-14 17:04:01.210 [http-nio-8082-exec-8] INFO  c.z.f.b.c.interceptor.FeignRequestInterceptor - ==> feign请求设置请求头 userId: 100
2025-10-14 17:04:01.212 [http-nio-8082-exec-1] INFO  c.z.f.b.context.filter.HeaderUserId2ContextFilter - ===== 删除 ThreadLocal， userId: 100
2025-10-14 17:04:01.216 [http-nio-8082-exec-8] INFO  c.z.f.b.context.filter.HeaderUserId2ContextFilter - ===== 删除 ThreadLocal， userId: 100
2025-10-14 17:04:01.236 [http-nio-8082-exec-7] INFO  c.z.f.b.context.filter.HeaderUserId2ContextFilter - ## HeaderUserId2ContextFilter, 用户 ID: 100
2025-10-14 17:04:01.236 [http-nio-8082-exec-7] INFO  c.z.f.b.operationlog.aspect.ApiOperationLogAspect - ====== 请求开始: [批量查询用户信息], 入参: {"ids":[100]}, 请求类: UserController, 请求方法: findByIds =================================== 
2025-10-14 17:04:01.239 [http-nio-8082-exec-2] INFO  c.z.f.b.context.filter.HeaderUserId2ContextFilter - ## HeaderUserId2ContextFilter, 用户 ID: 100
2025-10-14 17:04:01.239 [http-nio-8082-exec-7] INFO  c.z.f.b.operationlog.aspect.ApiOperationLogAspect - ====== 请求结束: [批量查询用户信息], 耗时: 3ms, 出参: {"success":true,"message":null,"errorCode":null,"data":[{"id":100,"nickName":"稚生","avatar":"https://my-xiaohongshu-oss.oss-cn-guangzhou.aliyuncs.com/ca709c5d72304bedbcf9ee14e4a3bcb2.jpg","introduction":"快乐法则🧼    轻松时刻🫧 "}]} =================================== 
2025-10-14 17:04:01.240 [http-nio-8082-exec-7] INFO  c.z.f.b.context.filter.HeaderUserId2ContextFilter - ===== 删除 ThreadLocal， userId: 100
2025-10-14 17:04:01.240 [http-nio-8082-exec-2] INFO  c.z.f.b.operationlog.aspect.ApiOperationLogAspect - ====== 请求开始: [批量查询用户信息], 入参: {"ids":[100]}, 请求类: UserController, 请求方法: findByIds =================================== 
2025-10-14 17:04:01.242 [http-nio-8082-exec-2] INFO  c.z.f.b.operationlog.aspect.ApiOperationLogAspect - ====== 请求结束: [批量查询用户信息], 耗时: 2ms, 出参: {"success":true,"message":null,"errorCode":null,"data":[{"id":100,"nickName":"稚生","avatar":"https://my-xiaohongshu-oss.oss-cn-guangzhou.aliyuncs.com/ca709c5d72304bedbcf9ee14e4a3bcb2.jpg","introduction":"快乐法则🧼    轻松时刻🫧 "}]} =================================== 
2025-10-14 17:04:01.243 [http-nio-8082-exec-2] INFO  c.z.f.b.context.filter.HeaderUserId2ContextFilter - ===== 删除 ThreadLocal， userId: 100
2025-10-14 17:04:03.830 [http-nio-8082-exec-5] INFO  c.z.f.b.context.filter.HeaderUserId2ContextFilter - ## HeaderUserId2ContextFilter, 用户 ID: 100
2025-10-14 17:04:03.831 [http-nio-8082-exec-5] INFO  c.z.f.b.operationlog.aspect.ApiOperationLogAspect - ====== 请求开始: [批量查询用户信息], 入参: {"ids":[100]}, 请求类: UserController, 请求方法: findByIds =================================== 
2025-10-14 17:04:03.833 [http-nio-8082-exec-5] INFO  c.z.f.b.operationlog.aspect.ApiOperationLogAspect - ====== 请求结束: [批量查询用户信息], 耗时: 1ms, 出参: {"success":true,"message":null,"errorCode":null,"data":[{"id":100,"nickName":"稚生","avatar":"https://my-xiaohongshu-oss.oss-cn-guangzhou.aliyuncs.com/ca709c5d72304bedbcf9ee14e4a3bcb2.jpg","introduction":"快乐法则🧼    轻松时刻🫧 "}]} =================================== 
2025-10-14 17:04:03.833 [http-nio-8082-exec-5] INFO  c.z.f.b.context.filter.HeaderUserId2ContextFilter - ===== 删除 ThreadLocal， userId: 100
2025-10-14 17:06:18.645 [http-nio-8082-exec-1] INFO  c.z.f.b.context.filter.HeaderUserId2ContextFilter - ## HeaderUserId2ContextFilter, 用户 ID: 100
2025-10-14 17:06:18.646 [http-nio-8082-exec-1] INFO  c.z.f.b.operationlog.aspect.ApiOperationLogAspect - ====== 请求开始: [批量查询用户信息], 入参: {"ids":[100]}, 请求类: UserController, 请求方法: findByIds =================================== 
2025-10-14 17:06:18.649 [http-nio-8082-exec-1] INFO  c.z.f.b.operationlog.aspect.ApiOperationLogAspect - ====== 请求结束: [批量查询用户信息], 耗时: 3ms, 出参: {"success":true,"message":null,"errorCode":null,"data":[{"id":100,"nickName":"稚生","avatar":"https://my-xiaohongshu-oss.oss-cn-guangzhou.aliyuncs.com/ca709c5d72304bedbcf9ee14e4a3bcb2.jpg","introduction":"快乐法则🧼    轻松时刻🫧 "}]} =================================== 
2025-10-14 17:06:18.649 [http-nio-8082-exec-1] INFO  c.z.f.b.context.filter.HeaderUserId2ContextFilter - ===== 删除 ThreadLocal， userId: 100
2025-10-14 17:06:37.312 [http-nio-8082-exec-8] INFO  c.z.f.b.context.filter.HeaderUserId2ContextFilter - ## HeaderUserId2ContextFilter, 用户 ID: 100
2025-10-14 17:06:37.313 [http-nio-8082-exec-8] INFO  c.z.f.b.operationlog.aspect.ApiOperationLogAspect - ====== 请求开始: [批量查询用户信息], 入参: {"ids":[100]}, 请求类: UserController, 请求方法: findByIds =================================== 
2025-10-14 17:06:37.316 [http-nio-8082-exec-8] INFO  c.z.f.b.operationlog.aspect.ApiOperationLogAspect - ====== 请求结束: [批量查询用户信息], 耗时: 2ms, 出参: {"success":true,"message":null,"errorCode":null,"data":[{"id":100,"nickName":"稚生","avatar":"https://my-xiaohongshu-oss.oss-cn-guangzhou.aliyuncs.com/ca709c5d72304bedbcf9ee14e4a3bcb2.jpg","introduction":"快乐法则🧼    轻松时刻🫧 "}]} =================================== 
2025-10-14 17:06:37.316 [http-nio-8082-exec-8] INFO  c.z.f.b.context.filter.HeaderUserId2ContextFilter - ===== 删除 ThreadLocal， userId: 100
2025-10-14 17:08:43.609 [http-nio-8082-exec-2] INFO  c.z.f.b.context.filter.HeaderUserId2ContextFilter - ## HeaderUserId2ContextFilter, 用户 ID: 100
2025-10-14 17:08:43.612 [http-nio-8082-exec-2] INFO  c.z.f.b.operationlog.aspect.ApiOperationLogAspect - ====== 请求开始: [批量查询用户信息], 入参: {"ids":[100]}, 请求类: UserController, 请求方法: findByIds =================================== 
2025-10-14 17:08:43.614 [http-nio-8082-exec-2] INFO  c.z.f.b.operationlog.aspect.ApiOperationLogAspect - ====== 请求结束: [批量查询用户信息], 耗时: 3ms, 出参: {"success":true,"message":null,"errorCode":null,"data":[{"id":100,"nickName":"稚生","avatar":"https://my-xiaohongshu-oss.oss-cn-guangzhou.aliyuncs.com/ca709c5d72304bedbcf9ee14e4a3bcb2.jpg","introduction":"快乐法则🧼    轻松时刻🫧 "}]} =================================== 
2025-10-14 17:08:43.615 [http-nio-8082-exec-2] INFO  c.z.f.b.context.filter.HeaderUserId2ContextFilter - ===== 删除 ThreadLocal， userId: 100
2025-10-14 17:09:19.090 [http-nio-8082-exec-5] INFO  c.z.f.b.context.filter.HeaderUserId2ContextFilter - ## HeaderUserId2ContextFilter, 用户 ID: 100
2025-10-14 17:09:19.091 [http-nio-8082-exec-5] INFO  c.z.f.b.operationlog.aspect.ApiOperationLogAspect - ====== 请求开始: [批量查询用户信息], 入参: {"ids":[100]}, 请求类: UserController, 请求方法: findByIds =================================== 
2025-10-14 17:09:19.093 [http-nio-8082-exec-5] INFO  c.z.f.b.operationlog.aspect.ApiOperationLogAspect - ====== 请求结束: [批量查询用户信息], 耗时: 2ms, 出参: {"success":true,"message":null,"errorCode":null,"data":[{"id":100,"nickName":"稚生","avatar":"https://my-xiaohongshu-oss.oss-cn-guangzhou.aliyuncs.com/ca709c5d72304bedbcf9ee14e4a3bcb2.jpg","introduction":"快乐法则🧼    轻松时刻🫧 "}]} =================================== 
2025-10-14 17:09:19.094 [http-nio-8082-exec-5] INFO  c.z.f.b.context.filter.HeaderUserId2ContextFilter - ===== 删除 ThreadLocal， userId: 100
2025-10-14 17:09:57.661 [http-nio-8082-exec-3] INFO  c.z.f.b.context.filter.HeaderUserId2ContextFilter - ## HeaderUserId2ContextFilter, 用户 ID: 100
2025-10-14 17:09:57.663 [http-nio-8082-exec-3] INFO  c.z.f.b.operationlog.aspect.ApiOperationLogAspect - ====== 请求开始: [批量查询用户信息], 入参: {"ids":[100]}, 请求类: UserController, 请求方法: findByIds =================================== 
2025-10-14 17:09:57.672 [http-nio-8082-exec-3] INFO  c.z.f.b.operationlog.aspect.ApiOperationLogAspect - ====== 请求结束: [批量查询用户信息], 耗时: 10ms, 出参: {"success":true,"message":null,"errorCode":null,"data":[{"id":100,"nickName":"稚生","avatar":"https://my-xiaohongshu-oss.oss-cn-guangzhou.aliyuncs.com/ca709c5d72304bedbcf9ee14e4a3bcb2.jpg","introduction":"快乐法则🧼    轻松时刻🫧 "}]} =================================== 
2025-10-14 17:09:57.674 [http-nio-8082-exec-3] INFO  c.z.f.b.context.filter.HeaderUserId2ContextFilter - ===== 删除 ThreadLocal， userId: 100
2025-10-14 17:10:14.685 [http-nio-8082-exec-6] INFO  c.z.f.b.context.filter.HeaderUserId2ContextFilter - ## HeaderUserId2ContextFilter, 用户 ID: 100
2025-10-14 17:10:14.686 [http-nio-8082-exec-6] INFO  c.z.f.b.operationlog.aspect.ApiOperationLogAspect - ====== 请求开始: [批量查询用户信息], 入参: {"ids":[100]}, 请求类: UserController, 请求方法: findByIds =================================== 
2025-10-14 17:10:14.688 [http-nio-8082-exec-6] INFO  c.z.f.b.operationlog.aspect.ApiOperationLogAspect - ====== 请求结束: [批量查询用户信息], 耗时: 2ms, 出参: {"success":true,"message":null,"errorCode":null,"data":[{"id":100,"nickName":"稚生","avatar":"https://my-xiaohongshu-oss.oss-cn-guangzhou.aliyuncs.com/ca709c5d72304bedbcf9ee14e4a3bcb2.jpg","introduction":"快乐法则🧼    轻松时刻🫧 "}]} =================================== 
2025-10-14 17:10:14.689 [http-nio-8082-exec-6] INFO  c.z.f.b.context.filter.HeaderUserId2ContextFilter - ===== 删除 ThreadLocal， userId: 100
2025-10-14 17:11:25.266 [http-nio-8082-exec-1] INFO  c.z.f.b.context.filter.HeaderUserId2ContextFilter - ## HeaderUserId2ContextFilter, 用户 ID: 100
2025-10-14 17:11:25.278 [http-nio-8082-exec-1] INFO  c.z.f.b.operationlog.aspect.ApiOperationLogAspect - ====== 请求开始: [根据用户 ID 查询用户信息], 入参: {"id":100}, 请求类: UserController, 请求方法: findById =================================== 
2025-10-14 17:11:25.283 [http-nio-8082-exec-1] INFO  c.z.x.user.biz.service.impl.UserServiceImpl - ==> 从本地缓存中获取用户信息，id: 100, userInfo: {"id":100,"nickName":"稚生","avatar":"https://my-xiaohongshu-oss.oss-cn-guangzhou.aliyuncs.com/ca709c5d72304bedbcf9ee14e4a3bcb2.jpg","introduction":"快乐法则🧼    轻松时刻🫧 "}
2025-10-14 17:11:25.283 [http-nio-8082-exec-1] INFO  c.z.f.b.operationlog.aspect.ApiOperationLogAspect - ====== 请求结束: [根据用户 ID 查询用户信息], 耗时: 5ms, 出参: {"success":true,"message":null,"errorCode":null,"data":{"id":100,"nickName":"稚生","avatar":"https://my-xiaohongshu-oss.oss-cn-guangzhou.aliyuncs.com/ca709c5d72304bedbcf9ee14e4a3bcb2.jpg","introduction":"快乐法则🧼    轻松时刻🫧 "}} =================================== 
2025-10-14 17:11:25.285 [http-nio-8082-exec-1] INFO  c.z.f.b.context.filter.HeaderUserId2ContextFilter - ===== 删除 ThreadLocal， userId: 100
2025-10-14 17:16:35.982 [http-nio-8082-exec-7] INFO  c.z.f.b.context.filter.HeaderUserId2ContextFilter - ## HeaderUserId2ContextFilter, 用户 ID: 100
2025-10-14 17:16:35.989 [http-nio-8082-exec-7] INFO  c.z.f.b.operationlog.aspect.ApiOperationLogAspect - ====== 请求开始: [批量查询用户信息], 入参: {"ids":[100]}, 请求类: UserController, 请求方法: findByIds =================================== 
2025-10-14 17:16:36.006 [http-nio-8082-exec-7] INFO  c.z.f.b.operationlog.aspect.ApiOperationLogAspect - ====== 请求结束: [批量查询用户信息], 耗时: 17ms, 出参: {"success":true,"message":null,"errorCode":null,"data":[{"id":100,"nickName":"稚生","avatar":"https://my-xiaohongshu-oss.oss-cn-guangzhou.aliyuncs.com/ca709c5d72304bedbcf9ee14e4a3bcb2.jpg","introduction":"快乐法则🧼    轻松时刻🫧 "}]} =================================== 
2025-10-14 17:16:36.008 [http-nio-8082-exec-7] INFO  c.z.f.b.context.filter.HeaderUserId2ContextFilter - ===== 删除 ThreadLocal， userId: 100
2025-10-14 17:28:24.972 [http-nio-8082-exec-5] INFO  c.z.f.b.context.filter.HeaderUserId2ContextFilter - ## HeaderUserId2ContextFilter, 用户 ID: 100
2025-10-14 17:28:24.989 [http-nio-8082-exec-5] INFO  c.z.f.b.operationlog.aspect.ApiOperationLogAspect - ====== 请求开始: [批量查询用户信息], 入参: {"ids":[100]}, 请求类: UserController, 请求方法: findByIds =================================== 
2025-10-14 17:28:24.996 [http-nio-8082-exec-5] INFO  c.z.f.b.operationlog.aspect.ApiOperationLogAspect - ====== 请求结束: [批量查询用户信息], 耗时: 8ms, 出参: {"success":true,"message":null,"errorCode":null,"data":[{"id":100,"nickName":"稚生","avatar":"https://my-xiaohongshu-oss.oss-cn-guangzhou.aliyuncs.com/ca709c5d72304bedbcf9ee14e4a3bcb2.jpg","introduction":"快乐法则🧼    轻松时刻🫧 "}]} =================================== 
2025-10-14 17:28:25.001 [http-nio-8082-exec-5] INFO  c.z.f.b.context.filter.HeaderUserId2ContextFilter - ===== 删除 ThreadLocal， userId: 100
2025-10-14 17:38:11.956 [nacos-grpc-client-executor-8.134.88.169-4668] INFO  com.alibaba.nacos.common.remote.client - [4cf004b5-7c80-4b10-be98-416955ad6c59] Receive server push request, request = NotifySubscriberRequest, requestId = 1311
2025-10-14 17:38:12.055 [nacos-grpc-client-executor-8.134.88.169-4668] INFO  com.alibaba.nacos.client.naming - removed ips(1) service: DEFAULT_GROUP@@xiaohongshu-count -> [{"ip":"10.2.66.18","port":8090,"weight":1.0,"healthy":true,"enabled":true,"ephemeral":true,"clusterName":"DEFAULT","serviceName":"DEFAULT_GROUP@@xiaohongshu-count","metadata":{"preserved.register.source":"SPRING_CLOUD"},"ipDeleteTimeout":30000,"instanceHeartBeatInterval":5000,"instanceHeartBeatTimeOut":15000}]
2025-10-14 17:38:12.059 [nacos-grpc-client-executor-8.134.88.169-4668] INFO  com.alibaba.nacos.client.naming - current ips:(0) service: DEFAULT_GROUP@@xiaohongshu-count -> []
2025-10-14 17:38:12.075 [nacos-grpc-client-executor-8.134.88.169-4668] INFO  com.alibaba.nacos.common.remote.client - [4cf004b5-7c80-4b10-be98-416955ad6c59] Ack server push request, request = NotifySubscriberRequest, requestId = 1311
2025-10-14 17:38:29.645 [nacos-grpc-client-executor-8.134.88.169-4672] INFO  com.alibaba.nacos.common.remote.client - [4cf004b5-7c80-4b10-be98-416955ad6c59] Receive server push request, request = NotifySubscriberRequest, requestId = 1313
2025-10-14 17:38:29.645 [nacos-grpc-client-executor-8.134.88.169-4672] INFO  com.alibaba.nacos.client.naming - new ips(1) service: DEFAULT_GROUP@@xiaohongshu-count -> [{"ip":"10.2.66.18","port":8090,"weight":1.0,"healthy":true,"enabled":true,"ephemeral":true,"clusterName":"DEFAULT","serviceName":"DEFAULT_GROUP@@xiaohongshu-count","metadata":{"preserved.register.source":"SPRING_CLOUD"},"ipDeleteTimeout":30000,"instanceHeartBeatInterval":5000,"instanceHeartBeatTimeOut":15000}]
2025-10-14 17:38:29.645 [nacos-grpc-client-executor-8.134.88.169-4672] INFO  com.alibaba.nacos.client.naming - current ips:(1) service: DEFAULT_GROUP@@xiaohongshu-count -> [{"ip":"10.2.66.18","port":8090,"weight":1.0,"healthy":true,"enabled":true,"ephemeral":true,"clusterName":"DEFAULT","serviceName":"DEFAULT_GROUP@@xiaohongshu-count","metadata":{"preserved.register.source":"SPRING_CLOUD"},"ipDeleteTimeout":30000,"instanceHeartBeatInterval":5000,"instanceHeartBeatTimeOut":15000}]
2025-10-14 17:38:29.647 [nacos-grpc-client-executor-8.134.88.169-4672] INFO  com.alibaba.nacos.common.remote.client - [4cf004b5-7c80-4b10-be98-416955ad6c59] Ack server push request, request = NotifySubscriberRequest, requestId = 1313
2025-10-14 17:42:43.369 [nacos-grpc-client-executor-8.134.88.169-4722] INFO  com.alibaba.nacos.common.remote.client - [4cf004b5-7c80-4b10-be98-416955ad6c59] Receive server push request, request = NotifySubscriberRequest, requestId = 1315
2025-10-14 17:42:43.425 [nacos-grpc-client-executor-8.134.88.169-4722] INFO  com.alibaba.nacos.client.naming - removed ips(1) service: DEFAULT_GROUP@@xiaohongshu-count -> [{"ip":"10.2.66.18","port":8090,"weight":1.0,"healthy":true,"enabled":true,"ephemeral":true,"clusterName":"DEFAULT","serviceName":"DEFAULT_GROUP@@xiaohongshu-count","metadata":{"preserved.register.source":"SPRING_CLOUD"},"ipDeleteTimeout":30000,"instanceHeartBeatInterval":5000,"instanceHeartBeatTimeOut":15000}]
2025-10-14 17:42:43.425 [nacos-grpc-client-executor-8.134.88.169-4722] INFO  com.alibaba.nacos.client.naming - current ips:(0) service: DEFAULT_GROUP@@xiaohongshu-count -> []
2025-10-14 17:42:43.427 [nacos-grpc-client-executor-8.134.88.169-4722] INFO  com.alibaba.nacos.common.remote.client - [4cf004b5-7c80-4b10-be98-416955ad6c59] Ack server push request, request = NotifySubscriberRequest, requestId = 1315
2025-10-14 17:42:55.782 [nacos-grpc-client-executor-8.134.88.169-4725] INFO  com.alibaba.nacos.common.remote.client - [4cf004b5-7c80-4b10-be98-416955ad6c59] Receive server push request, request = NotifySubscriberRequest, requestId = 1317
2025-10-14 17:42:55.795 [nacos-grpc-client-executor-8.134.88.169-4725] INFO  com.alibaba.nacos.client.naming - new ips(1) service: DEFAULT_GROUP@@xiaohongshu-count -> [{"ip":"10.2.66.18","port":8090,"weight":1.0,"healthy":true,"enabled":true,"ephemeral":true,"clusterName":"DEFAULT","serviceName":"DEFAULT_GROUP@@xiaohongshu-count","metadata":{"preserved.register.source":"SPRING_CLOUD"},"ipDeleteTimeout":30000,"instanceHeartBeatInterval":5000,"instanceHeartBeatTimeOut":15000}]
2025-10-14 17:42:55.796 [nacos-grpc-client-executor-8.134.88.169-4725] INFO  com.alibaba.nacos.client.naming - current ips:(1) service: DEFAULT_GROUP@@xiaohongshu-count -> [{"ip":"10.2.66.18","port":8090,"weight":1.0,"healthy":true,"enabled":true,"ephemeral":true,"clusterName":"DEFAULT","serviceName":"DEFAULT_GROUP@@xiaohongshu-count","metadata":{"preserved.register.source":"SPRING_CLOUD"},"ipDeleteTimeout":30000,"instanceHeartBeatInterval":5000,"instanceHeartBeatTimeOut":15000}]
2025-10-14 17:42:55.797 [nacos-grpc-client-executor-8.134.88.169-4725] INFO  com.alibaba.nacos.common.remote.client - [4cf004b5-7c80-4b10-be98-416955ad6c59] Ack server push request, request = NotifySubscriberRequest, requestId = 1317
2025-10-14 17:43:47.139 [nacos-grpc-client-executor-8.134.88.169-4735] INFO  com.alibaba.nacos.common.remote.client - [4cf004b5-7c80-4b10-be98-416955ad6c59] Receive server push request, request = NotifySubscriberRequest, requestId = 1319
2025-10-14 17:43:47.140 [nacos-grpc-client-executor-8.134.88.169-4735] INFO  com.alibaba.nacos.client.naming - removed ips(1) service: DEFAULT_GROUP@@xiaohongshu-count -> [{"ip":"10.2.66.18","port":8090,"weight":1.0,"healthy":true,"enabled":true,"ephemeral":true,"clusterName":"DEFAULT","serviceName":"DEFAULT_GROUP@@xiaohongshu-count","metadata":{"preserved.register.source":"SPRING_CLOUD"},"ipDeleteTimeout":30000,"instanceHeartBeatInterval":5000,"instanceHeartBeatTimeOut":15000}]
2025-10-14 17:43:47.141 [nacos-grpc-client-executor-8.134.88.169-4735] INFO  com.alibaba.nacos.client.naming - current ips:(0) service: DEFAULT_GROUP@@xiaohongshu-count -> []
2025-10-14 17:43:47.142 [nacos-grpc-client-executor-8.134.88.169-4735] INFO  com.alibaba.nacos.common.remote.client - [4cf004b5-7c80-4b10-be98-416955ad6c59] Ack server push request, request = NotifySubscriberRequest, requestId = 1319
2025-10-14 17:43:59.041 [nacos-grpc-client-executor-8.134.88.169-4737] INFO  com.alibaba.nacos.common.remote.client - [4cf004b5-7c80-4b10-be98-416955ad6c59] Receive server push request, request = NotifySubscriberRequest, requestId = 1321
2025-10-14 17:43:59.041 [nacos-grpc-client-executor-8.134.88.169-4737] INFO  com.alibaba.nacos.client.naming - new ips(1) service: DEFAULT_GROUP@@xiaohongshu-count -> [{"ip":"10.2.66.18","port":8090,"weight":1.0,"healthy":true,"enabled":true,"ephemeral":true,"clusterName":"DEFAULT","serviceName":"DEFAULT_GROUP@@xiaohongshu-count","metadata":{"preserved.register.source":"SPRING_CLOUD"},"ipDeleteTimeout":30000,"instanceHeartBeatInterval":5000,"instanceHeartBeatTimeOut":15000}]
2025-10-14 17:43:59.042 [nacos-grpc-client-executor-8.134.88.169-4737] INFO  com.alibaba.nacos.client.naming - current ips:(1) service: DEFAULT_GROUP@@xiaohongshu-count -> [{"ip":"10.2.66.18","port":8090,"weight":1.0,"healthy":true,"enabled":true,"ephemeral":true,"clusterName":"DEFAULT","serviceName":"DEFAULT_GROUP@@xiaohongshu-count","metadata":{"preserved.register.source":"SPRING_CLOUD"},"ipDeleteTimeout":30000,"instanceHeartBeatInterval":5000,"instanceHeartBeatTimeOut":15000}]
2025-10-14 17:43:59.043 [nacos-grpc-client-executor-8.134.88.169-4737] INFO  com.alibaba.nacos.common.remote.client - [4cf004b5-7c80-4b10-be98-416955ad6c59] Ack server push request, request = NotifySubscriberRequest, requestId = 1321
2025-10-14 17:44:28.168 [nacos-grpc-client-executor-8.134.88.169-4743] INFO  com.alibaba.nacos.common.remote.client - [4cf004b5-7c80-4b10-be98-416955ad6c59] Receive server push request, request = NotifySubscriberRequest, requestId = 1323
2025-10-14 17:44:28.169 [nacos-grpc-client-executor-8.134.88.169-4743] INFO  com.alibaba.nacos.client.naming - removed ips(1) service: DEFAULT_GROUP@@xiaohongshu-count -> [{"ip":"10.2.66.18","port":8090,"weight":1.0,"healthy":true,"enabled":true,"ephemeral":true,"clusterName":"DEFAULT","serviceName":"DEFAULT_GROUP@@xiaohongshu-count","metadata":{"preserved.register.source":"SPRING_CLOUD"},"ipDeleteTimeout":30000,"instanceHeartBeatInterval":5000,"instanceHeartBeatTimeOut":15000}]
2025-10-14 17:44:28.171 [nacos-grpc-client-executor-8.134.88.169-4743] INFO  com.alibaba.nacos.client.naming - current ips:(0) service: DEFAULT_GROUP@@xiaohongshu-count -> []
2025-10-14 17:44:28.174 [nacos-grpc-client-executor-8.134.88.169-4743] INFO  com.alibaba.nacos.common.remote.client - [4cf004b5-7c80-4b10-be98-416955ad6c59] Ack server push request, request = NotifySubscriberRequest, requestId = 1323
2025-10-14 17:44:40.277 [nacos-grpc-client-executor-8.134.88.169-4745] INFO  com.alibaba.nacos.common.remote.client - [4cf004b5-7c80-4b10-be98-416955ad6c59] Receive server push request, request = NotifySubscriberRequest, requestId = 1325
2025-10-14 17:44:40.277 [nacos-grpc-client-executor-8.134.88.169-4745] INFO  com.alibaba.nacos.client.naming - new ips(1) service: DEFAULT_GROUP@@xiaohongshu-count -> [{"ip":"10.2.66.18","port":8090,"weight":1.0,"healthy":true,"enabled":true,"ephemeral":true,"clusterName":"DEFAULT","serviceName":"DEFAULT_GROUP@@xiaohongshu-count","metadata":{"preserved.register.source":"SPRING_CLOUD"},"ipDeleteTimeout":30000,"instanceHeartBeatInterval":5000,"instanceHeartBeatTimeOut":15000}]
2025-10-14 17:44:40.278 [nacos-grpc-client-executor-8.134.88.169-4745] INFO  com.alibaba.nacos.client.naming - current ips:(1) service: DEFAULT_GROUP@@xiaohongshu-count -> [{"ip":"10.2.66.18","port":8090,"weight":1.0,"healthy":true,"enabled":true,"ephemeral":true,"clusterName":"DEFAULT","serviceName":"DEFAULT_GROUP@@xiaohongshu-count","metadata":{"preserved.register.source":"SPRING_CLOUD"},"ipDeleteTimeout":30000,"instanceHeartBeatInterval":5000,"instanceHeartBeatTimeOut":15000}]
2025-10-14 17:44:40.279 [nacos-grpc-client-executor-8.134.88.169-4745] INFO  com.alibaba.nacos.common.remote.client - [4cf004b5-7c80-4b10-be98-416955ad6c59] Ack server push request, request = NotifySubscriberRequest, requestId = 1325
2025-10-14 17:47:54.751 [nacos-grpc-client-executor-8.134.88.169-4785] INFO  com.alibaba.nacos.common.remote.client - [4cf004b5-7c80-4b10-be98-416955ad6c59] Receive server push request, request = NotifySubscriberRequest, requestId = 1327
2025-10-14 17:47:54.751 [nacos-grpc-client-executor-8.134.88.169-4785] INFO  com.alibaba.nacos.client.naming - removed ips(1) service: DEFAULT_GROUP@@xiaohongshu-count -> [{"ip":"10.2.66.18","port":8090,"weight":1.0,"healthy":true,"enabled":true,"ephemeral":true,"clusterName":"DEFAULT","serviceName":"DEFAULT_GROUP@@xiaohongshu-count","metadata":{"preserved.register.source":"SPRING_CLOUD"},"ipDeleteTimeout":30000,"instanceHeartBeatInterval":5000,"instanceHeartBeatTimeOut":15000}]
2025-10-14 17:47:54.751 [nacos-grpc-client-executor-8.134.88.169-4785] INFO  com.alibaba.nacos.client.naming - current ips:(0) service: DEFAULT_GROUP@@xiaohongshu-count -> []
2025-10-14 17:47:54.753 [nacos-grpc-client-executor-8.134.88.169-4785] INFO  com.alibaba.nacos.common.remote.client - [4cf004b5-7c80-4b10-be98-416955ad6c59] Ack server push request, request = NotifySubscriberRequest, requestId = 1327
2025-10-14 17:48:07.070 [nacos-grpc-client-executor-8.134.88.169-4788] INFO  com.alibaba.nacos.common.remote.client - [4cf004b5-7c80-4b10-be98-416955ad6c59] Receive server push request, request = NotifySubscriberRequest, requestId = 1329
2025-10-14 17:48:07.070 [nacos-grpc-client-executor-8.134.88.169-4788] INFO  com.alibaba.nacos.client.naming - new ips(1) service: DEFAULT_GROUP@@xiaohongshu-count -> [{"ip":"10.2.66.18","port":8090,"weight":1.0,"healthy":true,"enabled":true,"ephemeral":true,"clusterName":"DEFAULT","serviceName":"DEFAULT_GROUP@@xiaohongshu-count","metadata":{"preserved.register.source":"SPRING_CLOUD"},"ipDeleteTimeout":30000,"instanceHeartBeatInterval":5000,"instanceHeartBeatTimeOut":15000}]
2025-10-14 17:48:07.070 [nacos-grpc-client-executor-8.134.88.169-4788] INFO  com.alibaba.nacos.client.naming - current ips:(1) service: DEFAULT_GROUP@@xiaohongshu-count -> [{"ip":"10.2.66.18","port":8090,"weight":1.0,"healthy":true,"enabled":true,"ephemeral":true,"clusterName":"DEFAULT","serviceName":"DEFAULT_GROUP@@xiaohongshu-count","metadata":{"preserved.register.source":"SPRING_CLOUD"},"ipDeleteTimeout":30000,"instanceHeartBeatInterval":5000,"instanceHeartBeatTimeOut":15000}]
2025-10-14 17:48:07.074 [nacos-grpc-client-executor-8.134.88.169-4788] INFO  com.alibaba.nacos.common.remote.client - [4cf004b5-7c80-4b10-be98-416955ad6c59] Ack server push request, request = NotifySubscriberRequest, requestId = 1329
2025-10-14 17:49:17.171 [http-nio-8082-exec-3] INFO  c.z.f.b.context.filter.HeaderUserId2ContextFilter - ## HeaderUserId2ContextFilter, 用户 ID: 100
2025-10-14 17:49:17.177 [http-nio-8082-exec-3] INFO  c.z.f.b.operationlog.aspect.ApiOperationLogAspect - ====== 请求开始: [批量查询用户信息], 入参: {"ids":[100]}, 请求类: UserController, 请求方法: findByIds =================================== 
2025-10-14 17:49:17.181 [http-nio-8082-exec-3] INFO  c.z.f.b.operationlog.aspect.ApiOperationLogAspect - ====== 请求结束: [批量查询用户信息], 耗时: 5ms, 出参: {"success":true,"message":null,"errorCode":null,"data":[{"id":100,"nickName":"稚生","avatar":"https://my-xiaohongshu-oss.oss-cn-guangzhou.aliyuncs.com/ca709c5d72304bedbcf9ee14e4a3bcb2.jpg","introduction":"快乐法则🧼    轻松时刻🫧 "}]} =================================== 
2025-10-14 17:49:17.182 [http-nio-8082-exec-3] INFO  c.z.f.b.context.filter.HeaderUserId2ContextFilter - ===== 删除 ThreadLocal， userId: 100
2025-10-14 17:53:52.503 [http-nio-8082-exec-9] INFO  c.z.f.b.context.filter.HeaderUserId2ContextFilter - ## HeaderUserId2ContextFilter, 用户 ID: 100
2025-10-14 17:53:52.503 [http-nio-8082-exec-4] INFO  c.z.f.b.context.filter.HeaderUserId2ContextFilter - ## HeaderUserId2ContextFilter, 用户 ID: 100
2025-10-14 17:53:52.741 [http-nio-8082-exec-4] DEBUG c.z.x.u.b.d.mapper.UserDOMapper.selectByPrimaryKey - ==>  Preparing: select id, xiaohongshu_id, `password`, nickname, avatar, birthday, background_img, phone, sex, `status`, introduction, create_time, update_time, is_deleted from t_user where id = ?
2025-10-14 17:53:52.748 [http-nio-8082-exec-9] DEBUG c.z.x.u.b.d.mapper.UserDOMapper.selectByPrimaryKey - ==>  Preparing: select id, xiaohongshu_id, `password`, nickname, avatar, birthday, background_img, phone, sex, `status`, introduction, create_time, update_time, is_deleted from t_user where id = ?
2025-10-14 17:53:52.764 [http-nio-8082-exec-4] DEBUG c.z.x.u.b.d.mapper.UserDOMapper.selectByPrimaryKey - ==> Parameters: 100(Long)
2025-10-14 17:53:52.764 [http-nio-8082-exec-9] DEBUG c.z.x.u.b.d.mapper.UserDOMapper.selectByPrimaryKey - ==> Parameters: 100(Long)
2025-10-14 17:53:52.783 [http-nio-8082-exec-4] DEBUG c.z.x.u.b.d.mapper.UserDOMapper.selectByPrimaryKey - <==      Total: 1
2025-10-14 17:53:52.783 [http-nio-8082-exec-9] DEBUG c.z.x.u.b.d.mapper.UserDOMapper.selectByPrimaryKey - <==      Total: 1
2025-10-14 17:53:52.823 [http-nio-8082-exec-4] INFO  c.z.f.b.c.interceptor.FeignRequestInterceptor - ==> feign请求设置请求头 userId: 100
2025-10-14 17:53:52.823 [http-nio-8082-exec-9] INFO  c.z.f.b.c.interceptor.FeignRequestInterceptor - ==> feign请求设置请求头 userId: 100
2025-10-14 17:53:52.971 [http-nio-8082-exec-9] INFO  c.z.f.b.context.filter.HeaderUserId2ContextFilter - ===== 删除 ThreadLocal， userId: 100
2025-10-14 17:53:52.971 [http-nio-8082-exec-4] INFO  c.z.f.b.context.filter.HeaderUserId2ContextFilter - ===== 删除 ThreadLocal， userId: 100
2025-10-14 17:53:53.040 [http-nio-8082-exec-1] INFO  c.z.f.b.context.filter.HeaderUserId2ContextFilter - ## HeaderUserId2ContextFilter, 用户 ID: 100
2025-10-14 17:53:53.041 [http-nio-8082-exec-8] INFO  c.z.f.b.context.filter.HeaderUserId2ContextFilter - ## HeaderUserId2ContextFilter, 用户 ID: 100
2025-10-14 17:53:53.042 [http-nio-8082-exec-1] INFO  c.z.f.b.operationlog.aspect.ApiOperationLogAspect - ====== 请求开始: [批量查询用户信息], 入参: {"ids":[100]}, 请求类: UserController, 请求方法: findByIds =================================== 
2025-10-14 17:53:53.044 [http-nio-8082-exec-8] INFO  c.z.f.b.operationlog.aspect.ApiOperationLogAspect - ====== 请求开始: [批量查询用户信息], 入参: {"ids":[100]}, 请求类: UserController, 请求方法: findByIds =================================== 
2025-10-14 17:53:53.045 [http-nio-8082-exec-1] INFO  c.z.f.b.operationlog.aspect.ApiOperationLogAspect - ====== 请求结束: [批量查询用户信息], 耗时: 4ms, 出参: {"success":true,"message":null,"errorCode":null,"data":[{"id":100,"nickName":"稚生","avatar":"https://my-xiaohongshu-oss.oss-cn-guangzhou.aliyuncs.com/ca709c5d72304bedbcf9ee14e4a3bcb2.jpg","introduction":"快乐法则🧼    轻松时刻🫧 "}]} =================================== 
2025-10-14 17:53:53.046 [http-nio-8082-exec-8] INFO  c.z.f.b.operationlog.aspect.ApiOperationLogAspect - ====== 请求结束: [批量查询用户信息], 耗时: 3ms, 出参: {"success":true,"message":null,"errorCode":null,"data":[{"id":100,"nickName":"稚生","avatar":"https://my-xiaohongshu-oss.oss-cn-guangzhou.aliyuncs.com/ca709c5d72304bedbcf9ee14e4a3bcb2.jpg","introduction":"快乐法则🧼    轻松时刻🫧 "}]} =================================== 
2025-10-14 17:53:53.046 [http-nio-8082-exec-1] INFO  c.z.f.b.context.filter.HeaderUserId2ContextFilter - ===== 删除 ThreadLocal， userId: 100
2025-10-14 17:53:53.047 [http-nio-8082-exec-8] INFO  c.z.f.b.context.filter.HeaderUserId2ContextFilter - ===== 删除 ThreadLocal， userId: 100
2025-10-14 17:53:55.676 [http-nio-8082-exec-7] INFO  c.z.f.b.context.filter.HeaderUserId2ContextFilter - ## HeaderUserId2ContextFilter, 用户 ID: 100
2025-10-14 17:53:55.678 [http-nio-8082-exec-7] INFO  c.z.f.b.operationlog.aspect.ApiOperationLogAspect - ====== 请求开始: [批量查询用户信息], 入参: {"ids":[100]}, 请求类: UserController, 请求方法: findByIds =================================== 
2025-10-14 17:53:55.682 [http-nio-8082-exec-7] INFO  c.z.f.b.operationlog.aspect.ApiOperationLogAspect - ====== 请求结束: [批量查询用户信息], 耗时: 4ms, 出参: {"success":true,"message":null,"errorCode":null,"data":[{"id":100,"nickName":"稚生","avatar":"https://my-xiaohongshu-oss.oss-cn-guangzhou.aliyuncs.com/ca709c5d72304bedbcf9ee14e4a3bcb2.jpg","introduction":"快乐法则🧼    轻松时刻🫧 "}]} =================================== 
2025-10-14 17:53:55.685 [http-nio-8082-exec-7] INFO  c.z.f.b.context.filter.HeaderUserId2ContextFilter - ===== 删除 ThreadLocal， userId: 100
2025-10-14 17:53:57.392 [http-nio-8082-exec-2] INFO  c.z.f.b.context.filter.HeaderUserId2ContextFilter - ## HeaderUserId2ContextFilter, 用户 ID: 100
2025-10-14 17:53:57.396 [http-nio-8082-exec-2] INFO  c.z.f.b.c.interceptor.FeignRequestInterceptor - ==> feign请求设置请求头 userId: 100
2025-10-14 17:53:57.396 [http-nio-8082-exec-5] INFO  c.z.f.b.context.filter.HeaderUserId2ContextFilter - ## HeaderUserId2ContextFilter, 用户 ID: 100
2025-10-14 17:53:57.400 [http-nio-8082-exec-5] INFO  c.z.f.b.c.interceptor.FeignRequestInterceptor - ==> feign请求设置请求头 userId: 100
2025-10-14 17:53:57.414 [http-nio-8082-exec-2] INFO  c.z.f.b.context.filter.HeaderUserId2ContextFilter - ===== 删除 ThreadLocal， userId: 100
2025-10-14 17:53:57.414 [http-nio-8082-exec-5] INFO  c.z.f.b.context.filter.HeaderUserId2ContextFilter - ===== 删除 ThreadLocal， userId: 100
2025-10-14 17:53:57.451 [http-nio-8082-exec-3] INFO  c.z.f.b.context.filter.HeaderUserId2ContextFilter - ## HeaderUserId2ContextFilter, 用户 ID: 100
2025-10-14 17:53:57.451 [http-nio-8082-exec-10] INFO  c.z.f.b.context.filter.HeaderUserId2ContextFilter - ## HeaderUserId2ContextFilter, 用户 ID: 100
2025-10-14 17:53:57.452 [http-nio-8082-exec-10] INFO  c.z.f.b.operationlog.aspect.ApiOperationLogAspect - ====== 请求开始: [批量查询用户信息], 入参: {"ids":[100]}, 请求类: UserController, 请求方法: findByIds =================================== 
2025-10-14 17:53:57.452 [http-nio-8082-exec-3] INFO  c.z.f.b.operationlog.aspect.ApiOperationLogAspect - ====== 请求开始: [批量查询用户信息], 入参: {"ids":[100]}, 请求类: UserController, 请求方法: findByIds =================================== 
2025-10-14 17:53:57.455 [http-nio-8082-exec-3] INFO  c.z.f.b.operationlog.aspect.ApiOperationLogAspect - ====== 请求结束: [批量查询用户信息], 耗时: 3ms, 出参: {"success":true,"message":null,"errorCode":null,"data":[{"id":100,"nickName":"稚生","avatar":"https://my-xiaohongshu-oss.oss-cn-guangzhou.aliyuncs.com/ca709c5d72304bedbcf9ee14e4a3bcb2.jpg","introduction":"快乐法则🧼    轻松时刻🫧 "}]} =================================== 
2025-10-14 17:53:57.455 [http-nio-8082-exec-10] INFO  c.z.f.b.operationlog.aspect.ApiOperationLogAspect - ====== 请求结束: [批量查询用户信息], 耗时: 3ms, 出参: {"success":true,"message":null,"errorCode":null,"data":[{"id":100,"nickName":"稚生","avatar":"https://my-xiaohongshu-oss.oss-cn-guangzhou.aliyuncs.com/ca709c5d72304bedbcf9ee14e4a3bcb2.jpg","introduction":"快乐法则🧼    轻松时刻🫧 "}]} =================================== 
2025-10-14 17:53:57.456 [http-nio-8082-exec-3] INFO  c.z.f.b.context.filter.HeaderUserId2ContextFilter - ===== 删除 ThreadLocal， userId: 100
2025-10-14 17:53:57.456 [http-nio-8082-exec-10] INFO  c.z.f.b.context.filter.HeaderUserId2ContextFilter - ===== 删除 ThreadLocal， userId: 100
2025-10-14 17:53:58.697 [http-nio-8082-exec-6] INFO  c.z.f.b.context.filter.HeaderUserId2ContextFilter - ## HeaderUserId2ContextFilter, 用户 ID: 100
2025-10-14 17:53:58.698 [http-nio-8082-exec-6] INFO  c.z.f.b.operationlog.aspect.ApiOperationLogAspect - ====== 请求开始: [批量查询用户信息], 入参: {"ids":[100]}, 请求类: UserController, 请求方法: findByIds =================================== 
2025-10-14 17:53:58.702 [http-nio-8082-exec-6] INFO  c.z.f.b.operationlog.aspect.ApiOperationLogAspect - ====== 请求结束: [批量查询用户信息], 耗时: 4ms, 出参: {"success":true,"message":null,"errorCode":null,"data":[{"id":100,"nickName":"稚生","avatar":"https://my-xiaohongshu-oss.oss-cn-guangzhou.aliyuncs.com/ca709c5d72304bedbcf9ee14e4a3bcb2.jpg","introduction":"快乐法则🧼    轻松时刻🫧 "}]} =================================== 
2025-10-14 17:53:58.703 [http-nio-8082-exec-6] INFO  c.z.f.b.context.filter.HeaderUserId2ContextFilter - ===== 删除 ThreadLocal， userId: 100
2025-10-14 17:54:05.530 [http-nio-8082-exec-4] INFO  c.z.f.b.context.filter.HeaderUserId2ContextFilter - ## HeaderUserId2ContextFilter, 用户 ID: 100
2025-10-14 17:54:05.531 [http-nio-8082-exec-4] INFO  c.z.f.b.operationlog.aspect.ApiOperationLogAspect - ====== 请求开始: [批量查询用户信息], 入参: {"ids":[100]}, 请求类: UserController, 请求方法: findByIds =================================== 
2025-10-14 17:54:05.533 [http-nio-8082-exec-4] INFO  c.z.f.b.operationlog.aspect.ApiOperationLogAspect - ====== 请求结束: [批量查询用户信息], 耗时: 2ms, 出参: {"success":true,"message":null,"errorCode":null,"data":[{"id":100,"nickName":"稚生","avatar":"https://my-xiaohongshu-oss.oss-cn-guangzhou.aliyuncs.com/ca709c5d72304bedbcf9ee14e4a3bcb2.jpg","introduction":"快乐法则🧼    轻松时刻🫧 "}]} =================================== 
2025-10-14 17:54:05.535 [http-nio-8082-exec-4] INFO  c.z.f.b.context.filter.HeaderUserId2ContextFilter - ===== 删除 ThreadLocal， userId: 100
2025-10-14 17:54:43.812 [http-nio-8082-exec-9] INFO  c.z.f.b.context.filter.HeaderUserId2ContextFilter - ## HeaderUserId2ContextFilter, 用户 ID: 100
2025-10-14 17:54:43.813 [http-nio-8082-exec-9] INFO  c.z.f.b.operationlog.aspect.ApiOperationLogAspect - ====== 请求开始: [批量查询用户信息], 入参: {"ids":[100]}, 请求类: UserController, 请求方法: findByIds =================================== 
2025-10-14 17:54:43.815 [http-nio-8082-exec-9] INFO  c.z.f.b.operationlog.aspect.ApiOperationLogAspect - ====== 请求结束: [批量查询用户信息], 耗时: 2ms, 出参: {"success":true,"message":null,"errorCode":null,"data":[{"id":100,"nickName":"稚生","avatar":"https://my-xiaohongshu-oss.oss-cn-guangzhou.aliyuncs.com/ca709c5d72304bedbcf9ee14e4a3bcb2.jpg","introduction":"快乐法则🧼    轻松时刻🫧 "}]} =================================== 
2025-10-14 17:54:43.816 [http-nio-8082-exec-9] INFO  c.z.f.b.context.filter.HeaderUserId2ContextFilter - ===== 删除 ThreadLocal， userId: 100
2025-10-14 17:54:44.619 [http-nio-8082-exec-1] INFO  c.z.f.b.context.filter.HeaderUserId2ContextFilter - ## HeaderUserId2ContextFilter, 用户 ID: 100
2025-10-14 17:54:44.620 [http-nio-8082-exec-1] INFO  c.z.f.b.operationlog.aspect.ApiOperationLogAspect - ====== 请求开始: [批量查询用户信息], 入参: {"ids":[100]}, 请求类: UserController, 请求方法: findByIds =================================== 
2025-10-14 17:54:44.623 [http-nio-8082-exec-1] INFO  c.z.f.b.operationlog.aspect.ApiOperationLogAspect - ====== 请求结束: [批量查询用户信息], 耗时: 3ms, 出参: {"success":true,"message":null,"errorCode":null,"data":[{"id":100,"nickName":"稚生","avatar":"https://my-xiaohongshu-oss.oss-cn-guangzhou.aliyuncs.com/ca709c5d72304bedbcf9ee14e4a3bcb2.jpg","introduction":"快乐法则🧼    轻松时刻🫧 "}]} =================================== 
2025-10-14 17:54:44.623 [http-nio-8082-exec-1] INFO  c.z.f.b.context.filter.HeaderUserId2ContextFilter - ===== 删除 ThreadLocal， userId: 100
2025-10-14 17:54:53.384 [http-nio-8082-exec-8] INFO  c.z.f.b.context.filter.HeaderUserId2ContextFilter - ## HeaderUserId2ContextFilter, 用户 ID: 100
2025-10-14 17:54:53.385 [http-nio-8082-exec-8] INFO  c.z.f.b.operationlog.aspect.ApiOperationLogAspect - ====== 请求开始: [批量查询用户信息], 入参: {"ids":[100]}, 请求类: UserController, 请求方法: findByIds =================================== 
2025-10-14 17:54:53.386 [http-nio-8082-exec-8] INFO  c.z.f.b.operationlog.aspect.ApiOperationLogAspect - ====== 请求结束: [批量查询用户信息], 耗时: 2ms, 出参: {"success":true,"message":null,"errorCode":null,"data":[{"id":100,"nickName":"稚生","avatar":"https://my-xiaohongshu-oss.oss-cn-guangzhou.aliyuncs.com/ca709c5d72304bedbcf9ee14e4a3bcb2.jpg","introduction":"快乐法则🧼    轻松时刻🫧 "}]} =================================== 
2025-10-14 17:54:53.387 [http-nio-8082-exec-8] INFO  c.z.f.b.context.filter.HeaderUserId2ContextFilter - ===== 删除 ThreadLocal， userId: 100
2025-10-14 17:54:54.874 [http-nio-8082-exec-7] INFO  c.z.f.b.context.filter.HeaderUserId2ContextFilter - ## HeaderUserId2ContextFilter, 用户 ID: 100
2025-10-14 17:54:54.875 [http-nio-8082-exec-7] INFO  c.z.f.b.operationlog.aspect.ApiOperationLogAspect - ====== 请求开始: [批量查询用户信息], 入参: {"ids":[100]}, 请求类: UserController, 请求方法: findByIds =================================== 
2025-10-14 17:54:54.877 [http-nio-8082-exec-7] INFO  c.z.f.b.operationlog.aspect.ApiOperationLogAspect - ====== 请求结束: [批量查询用户信息], 耗时: 1ms, 出参: {"success":true,"message":null,"errorCode":null,"data":[{"id":100,"nickName":"稚生","avatar":"https://my-xiaohongshu-oss.oss-cn-guangzhou.aliyuncs.com/ca709c5d72304bedbcf9ee14e4a3bcb2.jpg","introduction":"快乐法则🧼    轻松时刻🫧 "}]} =================================== 
2025-10-14 17:54:54.877 [http-nio-8082-exec-7] INFO  c.z.f.b.context.filter.HeaderUserId2ContextFilter - ===== 删除 ThreadLocal， userId: 100
2025-10-14 17:55:04.409 [http-nio-8082-exec-10] INFO  c.z.f.b.context.filter.HeaderUserId2ContextFilter - ## HeaderUserId2ContextFilter, 用户 ID: 100
2025-10-14 17:55:04.410 [http-nio-8082-exec-10] INFO  c.z.f.b.operationlog.aspect.ApiOperationLogAspect - ====== 请求开始: [批量查询用户信息], 入参: {"ids":[100]}, 请求类: UserController, 请求方法: findByIds =================================== 
2025-10-14 17:55:04.412 [http-nio-8082-exec-10] INFO  c.z.f.b.operationlog.aspect.ApiOperationLogAspect - ====== 请求结束: [批量查询用户信息], 耗时: 2ms, 出参: {"success":true,"message":null,"errorCode":null,"data":[{"id":100,"nickName":"稚生","avatar":"https://my-xiaohongshu-oss.oss-cn-guangzhou.aliyuncs.com/ca709c5d72304bedbcf9ee14e4a3bcb2.jpg","introduction":"快乐法则🧼    轻松时刻🫧 "}]} =================================== 
2025-10-14 17:55:04.414 [http-nio-8082-exec-10] INFO  c.z.f.b.context.filter.HeaderUserId2ContextFilter - ===== 删除 ThreadLocal， userId: 100
2025-10-14 17:55:12.283 [http-nio-8082-exec-6] INFO  c.z.f.b.context.filter.HeaderUserId2ContextFilter - ## HeaderUserId2ContextFilter, 用户 ID: 100
2025-10-14 17:55:12.284 [http-nio-8082-exec-6] INFO  c.z.f.b.operationlog.aspect.ApiOperationLogAspect - ====== 请求开始: [批量查询用户信息], 入参: {"ids":[100]}, 请求类: UserController, 请求方法: findByIds =================================== 
2025-10-14 17:55:12.286 [http-nio-8082-exec-6] INFO  c.z.f.b.operationlog.aspect.ApiOperationLogAspect - ====== 请求结束: [批量查询用户信息], 耗时: 2ms, 出参: {"success":true,"message":null,"errorCode":null,"data":[{"id":100,"nickName":"稚生","avatar":"https://my-xiaohongshu-oss.oss-cn-guangzhou.aliyuncs.com/ca709c5d72304bedbcf9ee14e4a3bcb2.jpg","introduction":"快乐法则🧼    轻松时刻🫧 "}]} =================================== 
2025-10-14 17:55:12.287 [http-nio-8082-exec-6] INFO  c.z.f.b.context.filter.HeaderUserId2ContextFilter - ===== 删除 ThreadLocal， userId: 100
2025-10-14 17:55:15.718 [http-nio-8082-exec-4] INFO  c.z.f.b.context.filter.HeaderUserId2ContextFilter - ## HeaderUserId2ContextFilter, 用户 ID: 100
2025-10-14 17:55:15.719 [http-nio-8082-exec-4] INFO  c.z.f.b.operationlog.aspect.ApiOperationLogAspect - ====== 请求开始: [批量查询用户信息], 入参: {"ids":[100]}, 请求类: UserController, 请求方法: findByIds =================================== 
2025-10-14 17:55:15.721 [http-nio-8082-exec-4] INFO  c.z.f.b.operationlog.aspect.ApiOperationLogAspect - ====== 请求结束: [批量查询用户信息], 耗时: 2ms, 出参: {"success":true,"message":null,"errorCode":null,"data":[{"id":100,"nickName":"稚生","avatar":"https://my-xiaohongshu-oss.oss-cn-guangzhou.aliyuncs.com/ca709c5d72304bedbcf9ee14e4a3bcb2.jpg","introduction":"快乐法则🧼    轻松时刻🫧 "}]} =================================== 
2025-10-14 17:55:15.722 [http-nio-8082-exec-4] INFO  c.z.f.b.context.filter.HeaderUserId2ContextFilter - ===== 删除 ThreadLocal， userId: 100
2025-10-14 17:55:17.810 [http-nio-8082-exec-9] INFO  c.z.f.b.context.filter.HeaderUserId2ContextFilter - ## HeaderUserId2ContextFilter, 用户 ID: 100
2025-10-14 17:55:17.810 [http-nio-8082-exec-9] INFO  c.z.f.b.operationlog.aspect.ApiOperationLogAspect - ====== 请求开始: [批量查询用户信息], 入参: {"ids":[100]}, 请求类: UserController, 请求方法: findByIds =================================== 
2025-10-14 17:55:17.812 [http-nio-8082-exec-9] INFO  c.z.f.b.operationlog.aspect.ApiOperationLogAspect - ====== 请求结束: [批量查询用户信息], 耗时: 2ms, 出参: {"success":true,"message":null,"errorCode":null,"data":[{"id":100,"nickName":"稚生","avatar":"https://my-xiaohongshu-oss.oss-cn-guangzhou.aliyuncs.com/ca709c5d72304bedbcf9ee14e4a3bcb2.jpg","introduction":"快乐法则🧼    轻松时刻🫧 "}]} =================================== 
2025-10-14 17:55:17.813 [http-nio-8082-exec-9] INFO  c.z.f.b.context.filter.HeaderUserId2ContextFilter - ===== 删除 ThreadLocal， userId: 100
2025-10-14 17:55:38.228 [http-nio-8082-exec-1] INFO  c.z.f.b.context.filter.HeaderUserId2ContextFilter - ## HeaderUserId2ContextFilter, 用户 ID: 100
2025-10-14 17:55:38.230 [http-nio-8082-exec-1] INFO  c.z.f.b.operationlog.aspect.ApiOperationLogAspect - ====== 请求开始: [批量查询用户信息], 入参: {"ids":[100]}, 请求类: UserController, 请求方法: findByIds =================================== 
2025-10-14 17:55:38.232 [http-nio-8082-exec-1] INFO  c.z.f.b.operationlog.aspect.ApiOperationLogAspect - ====== 请求结束: [批量查询用户信息], 耗时: 2ms, 出参: {"success":true,"message":null,"errorCode":null,"data":[{"id":100,"nickName":"稚生","avatar":"https://my-xiaohongshu-oss.oss-cn-guangzhou.aliyuncs.com/ca709c5d72304bedbcf9ee14e4a3bcb2.jpg","introduction":"快乐法则🧼    轻松时刻🫧 "}]} =================================== 
2025-10-14 17:55:38.233 [http-nio-8082-exec-1] INFO  c.z.f.b.context.filter.HeaderUserId2ContextFilter - ===== 删除 ThreadLocal， userId: 100
2025-10-14 17:56:24.592 [http-nio-8082-exec-7] INFO  c.z.f.b.context.filter.HeaderUserId2ContextFilter - ## HeaderUserId2ContextFilter, 用户 ID: 100
2025-10-14 17:56:24.594 [http-nio-8082-exec-7] INFO  c.z.f.b.operationlog.aspect.ApiOperationLogAspect - ====== 请求开始: [批量查询用户信息], 入参: {"ids":[100]}, 请求类: UserController, 请求方法: findByIds =================================== 
2025-10-14 17:56:24.597 [http-nio-8082-exec-7] INFO  c.z.f.b.operationlog.aspect.ApiOperationLogAspect - ====== 请求结束: [批量查询用户信息], 耗时: 3ms, 出参: {"success":true,"message":null,"errorCode":null,"data":[{"id":100,"nickName":"稚生","avatar":"https://my-xiaohongshu-oss.oss-cn-guangzhou.aliyuncs.com/ca709c5d72304bedbcf9ee14e4a3bcb2.jpg","introduction":"快乐法则🧼    轻松时刻🫧 "}]} =================================== 
2025-10-14 17:56:24.599 [http-nio-8082-exec-7] INFO  c.z.f.b.context.filter.HeaderUserId2ContextFilter - ===== 删除 ThreadLocal， userId: 100
2025-10-14 18:01:27.310 [http-nio-8082-exec-3] INFO  c.z.f.b.context.filter.HeaderUserId2ContextFilter - ## HeaderUserId2ContextFilter, 用户 ID: 100
2025-10-14 18:01:27.317 [http-nio-8082-exec-3] INFO  c.z.f.b.operationlog.aspect.ApiOperationLogAspect - ====== 请求开始: [批量查询用户信息], 入参: {"ids":[100]}, 请求类: UserController, 请求方法: findByIds =================================== 
2025-10-14 18:01:27.321 [http-nio-8082-exec-3] INFO  c.z.f.b.operationlog.aspect.ApiOperationLogAspect - ====== 请求结束: [批量查询用户信息], 耗时: 4ms, 出参: {"success":true,"message":null,"errorCode":null,"data":[{"id":100,"nickName":"稚生","avatar":"https://my-xiaohongshu-oss.oss-cn-guangzhou.aliyuncs.com/ca709c5d72304bedbcf9ee14e4a3bcb2.jpg","introduction":"快乐法则🧼    轻松时刻🫧 "}]} =================================== 
2025-10-14 18:01:27.324 [http-nio-8082-exec-3] INFO  c.z.f.b.context.filter.HeaderUserId2ContextFilter - ===== 删除 ThreadLocal， userId: 100
2025-10-14 18:02:10.543 [http-nio-8082-exec-10] INFO  c.z.f.b.context.filter.HeaderUserId2ContextFilter - ## HeaderUserId2ContextFilter, 用户 ID: 100
2025-10-14 18:02:10.545 [http-nio-8082-exec-10] INFO  c.z.f.b.operationlog.aspect.ApiOperationLogAspect - ====== 请求开始: [批量查询用户信息], 入参: {"ids":[100]}, 请求类: UserController, 请求方法: findByIds =================================== 
2025-10-14 18:02:10.547 [http-nio-8082-exec-10] INFO  c.z.f.b.operationlog.aspect.ApiOperationLogAspect - ====== 请求结束: [批量查询用户信息], 耗时: 2ms, 出参: {"success":true,"message":null,"errorCode":null,"data":[{"id":100,"nickName":"稚生","avatar":"https://my-xiaohongshu-oss.oss-cn-guangzhou.aliyuncs.com/ca709c5d72304bedbcf9ee14e4a3bcb2.jpg","introduction":"快乐法则🧼    轻松时刻🫧 "}]} =================================== 
2025-10-14 18:02:10.548 [http-nio-8082-exec-10] INFO  c.z.f.b.context.filter.HeaderUserId2ContextFilter - ===== 删除 ThreadLocal， userId: 100
2025-10-14 18:02:22.265 [http-nio-8082-exec-6] INFO  c.z.f.b.context.filter.HeaderUserId2ContextFilter - ## HeaderUserId2ContextFilter, 用户 ID: 100
2025-10-14 18:02:22.266 [http-nio-8082-exec-6] INFO  c.z.f.b.operationlog.aspect.ApiOperationLogAspect - ====== 请求开始: [批量查询用户信息], 入参: {"ids":[100]}, 请求类: UserController, 请求方法: findByIds =================================== 
2025-10-14 18:02:22.268 [http-nio-8082-exec-6] INFO  c.z.f.b.operationlog.aspect.ApiOperationLogAspect - ====== 请求结束: [批量查询用户信息], 耗时: 3ms, 出参: {"success":true,"message":null,"errorCode":null,"data":[{"id":100,"nickName":"稚生","avatar":"https://my-xiaohongshu-oss.oss-cn-guangzhou.aliyuncs.com/ca709c5d72304bedbcf9ee14e4a3bcb2.jpg","introduction":"快乐法则🧼    轻松时刻🫧 "}]} =================================== 
2025-10-14 18:02:22.270 [http-nio-8082-exec-6] INFO  c.z.f.b.context.filter.HeaderUserId2ContextFilter - ===== 删除 ThreadLocal， userId: 100
2025-10-14 18:03:24.626 [nacos-grpc-client-executor-8.134.88.169-4975] INFO  com.alibaba.nacos.common.remote.client - [4cf004b5-7c80-4b10-be98-416955ad6c59] Receive server push request, request = NotifySubscriberRequest, requestId = 1338
2025-10-14 18:03:24.630 [nacos-grpc-client-executor-8.134.88.169-4975] INFO  com.alibaba.nacos.client.naming - removed ips(1) service: DEFAULT_GROUP@@xiaohongshu-count -> [{"ip":"10.2.66.18","port":8090,"weight":1.0,"healthy":true,"enabled":true,"ephemeral":true,"clusterName":"DEFAULT","serviceName":"DEFAULT_GROUP@@xiaohongshu-count","metadata":{"preserved.register.source":"SPRING_CLOUD"},"ipDeleteTimeout":30000,"instanceHeartBeatInterval":5000,"instanceHeartBeatTimeOut":15000}]
2025-10-14 18:03:24.659 [nacos-grpc-client-executor-8.134.88.169-4975] INFO  com.alibaba.nacos.client.naming - current ips:(0) service: DEFAULT_GROUP@@xiaohongshu-count -> []
2025-10-14 18:03:24.665 [nacos-grpc-client-executor-8.134.88.169-4975] INFO  com.alibaba.nacos.common.remote.client - [4cf004b5-7c80-4b10-be98-416955ad6c59] Ack server push request, request = NotifySubscriberRequest, requestId = 1338
2025-10-14 18:03:36.695 [nacos-grpc-client-executor-8.134.88.169-4977] INFO  com.alibaba.nacos.common.remote.client - [4cf004b5-7c80-4b10-be98-416955ad6c59] Receive server push request, request = NotifySubscriberRequest, requestId = 1340
2025-10-14 18:03:36.695 [nacos-grpc-client-executor-8.134.88.169-4977] INFO  com.alibaba.nacos.client.naming - new ips(1) service: DEFAULT_GROUP@@xiaohongshu-count -> [{"ip":"10.2.66.18","port":8090,"weight":1.0,"healthy":true,"enabled":true,"ephemeral":true,"clusterName":"DEFAULT","serviceName":"DEFAULT_GROUP@@xiaohongshu-count","metadata":{"preserved.register.source":"SPRING_CLOUD"},"ipDeleteTimeout":30000,"instanceHeartBeatInterval":5000,"instanceHeartBeatTimeOut":15000}]
2025-10-14 18:03:36.696 [nacos-grpc-client-executor-8.134.88.169-4977] INFO  com.alibaba.nacos.client.naming - current ips:(1) service: DEFAULT_GROUP@@xiaohongshu-count -> [{"ip":"10.2.66.18","port":8090,"weight":1.0,"healthy":true,"enabled":true,"ephemeral":true,"clusterName":"DEFAULT","serviceName":"DEFAULT_GROUP@@xiaohongshu-count","metadata":{"preserved.register.source":"SPRING_CLOUD"},"ipDeleteTimeout":30000,"instanceHeartBeatInterval":5000,"instanceHeartBeatTimeOut":15000}]
2025-10-14 18:03:36.698 [nacos-grpc-client-executor-8.134.88.169-4977] INFO  com.alibaba.nacos.common.remote.client - [4cf004b5-7c80-4b10-be98-416955ad6c59] Ack server push request, request = NotifySubscriberRequest, requestId = 1340
2025-10-14 18:04:09.065 [http-nio-8082-exec-1] INFO  c.z.f.b.context.filter.HeaderUserId2ContextFilter - ## HeaderUserId2ContextFilter, 用户 ID: 100
2025-10-14 18:04:09.067 [http-nio-8082-exec-1] INFO  c.z.f.b.operationlog.aspect.ApiOperationLogAspect - ====== 请求开始: [批量查询用户信息], 入参: {"ids":[100]}, 请求类: UserController, 请求方法: findByIds =================================== 
2025-10-14 18:04:09.071 [http-nio-8082-exec-1] INFO  c.z.f.b.operationlog.aspect.ApiOperationLogAspect - ====== 请求结束: [批量查询用户信息], 耗时: 4ms, 出参: {"success":true,"message":null,"errorCode":null,"data":[{"id":100,"nickName":"稚生","avatar":"https://my-xiaohongshu-oss.oss-cn-guangzhou.aliyuncs.com/ca709c5d72304bedbcf9ee14e4a3bcb2.jpg","introduction":"快乐法则🧼    轻松时刻🫧 "}]} =================================== 
2025-10-14 18:04:09.072 [http-nio-8082-exec-1] INFO  c.z.f.b.context.filter.HeaderUserId2ContextFilter - ===== 删除 ThreadLocal， userId: 100
2025-10-14 18:04:25.320 [http-nio-8082-exec-8] INFO  c.z.f.b.context.filter.HeaderUserId2ContextFilter - ## HeaderUserId2ContextFilter, 用户 ID: 100
2025-10-14 18:04:25.321 [http-nio-8082-exec-8] INFO  c.z.f.b.operationlog.aspect.ApiOperationLogAspect - ====== 请求开始: [批量查询用户信息], 入参: {"ids":[100]}, 请求类: UserController, 请求方法: findByIds =================================== 
2025-10-14 18:04:25.325 [http-nio-8082-exec-8] INFO  c.z.f.b.operationlog.aspect.ApiOperationLogAspect - ====== 请求结束: [批量查询用户信息], 耗时: 4ms, 出参: {"success":true,"message":null,"errorCode":null,"data":[{"id":100,"nickName":"稚生","avatar":"https://my-xiaohongshu-oss.oss-cn-guangzhou.aliyuncs.com/ca709c5d72304bedbcf9ee14e4a3bcb2.jpg","introduction":"快乐法则🧼    轻松时刻🫧 "}]} =================================== 
2025-10-14 18:04:25.325 [http-nio-8082-exec-8] INFO  c.z.f.b.context.filter.HeaderUserId2ContextFilter - ===== 删除 ThreadLocal， userId: 100
2025-10-14 18:13:12.275 [http-nio-8082-exec-5] INFO  c.z.f.b.context.filter.HeaderUserId2ContextFilter - ## HeaderUserId2ContextFilter, 用户 ID: 100
2025-10-14 18:13:12.301 [http-nio-8082-exec-5] INFO  c.z.f.b.operationlog.aspect.ApiOperationLogAspect - ====== 请求开始: [批量查询用户信息], 入参: {"ids":[100]}, 请求类: UserController, 请求方法: findByIds =================================== 
2025-10-14 18:13:12.312 [http-nio-8082-exec-5] INFO  c.z.f.b.operationlog.aspect.ApiOperationLogAspect - ====== 请求结束: [批量查询用户信息], 耗时: 13ms, 出参: {"success":true,"message":null,"errorCode":null,"data":[{"id":100,"nickName":"稚生","avatar":"https://my-xiaohongshu-oss.oss-cn-guangzhou.aliyuncs.com/ca709c5d72304bedbcf9ee14e4a3bcb2.jpg","introduction":"快乐法则🧼    轻松时刻🫧 "}]} =================================== 
2025-10-14 18:13:12.319 [http-nio-8082-exec-5] INFO  c.z.f.b.context.filter.HeaderUserId2ContextFilter - ===== 删除 ThreadLocal， userId: 100
2025-10-14 18:16:14.565 [http-nio-8082-exec-3] INFO  c.z.f.b.context.filter.HeaderUserId2ContextFilter - ## HeaderUserId2ContextFilter, 用户 ID: 100
2025-10-14 18:16:14.578 [http-nio-8082-exec-3] INFO  c.z.f.b.operationlog.aspect.ApiOperationLogAspect - ====== 请求开始: [批量查询用户信息], 入参: {"ids":[100]}, 请求类: UserController, 请求方法: findByIds =================================== 
2025-10-14 18:16:14.584 [http-nio-8082-exec-3] INFO  c.z.f.b.operationlog.aspect.ApiOperationLogAspect - ====== 请求结束: [批量查询用户信息], 耗时: 7ms, 出参: {"success":true,"message":null,"errorCode":null,"data":[{"id":100,"nickName":"稚生","avatar":"https://my-xiaohongshu-oss.oss-cn-guangzhou.aliyuncs.com/ca709c5d72304bedbcf9ee14e4a3bcb2.jpg","introduction":"快乐法则🧼    轻松时刻🫧 "}]} =================================== 
2025-10-14 18:16:14.588 [http-nio-8082-exec-3] INFO  c.z.f.b.context.filter.HeaderUserId2ContextFilter - ===== 删除 ThreadLocal， userId: 100
2025-10-14 18:16:16.726 [http-nio-8082-exec-10] INFO  c.z.f.b.context.filter.HeaderUserId2ContextFilter - ## HeaderUserId2ContextFilter, 用户 ID: 100
2025-10-14 18:16:16.788 [http-nio-8082-exec-6] INFO  c.z.f.b.context.filter.HeaderUserId2ContextFilter - ## HeaderUserId2ContextFilter, 用户 ID: 100
2025-10-14 18:16:16.790 [http-nio-8082-exec-6] INFO  c.z.f.b.operationlog.aspect.ApiOperationLogAspect - ====== 请求开始: [批量查询用户信息], 入参: {"ids":[100]}, 请求类: UserController, 请求方法: findByIds =================================== 
2025-10-14 18:16:16.793 [http-nio-8082-exec-6] INFO  c.z.f.b.operationlog.aspect.ApiOperationLogAspect - ====== 请求结束: [批量查询用户信息], 耗时: 3ms, 出参: {"success":true,"message":null,"errorCode":null,"data":[{"id":100,"nickName":"稚生","avatar":"https://my-xiaohongshu-oss.oss-cn-guangzhou.aliyuncs.com/ca709c5d72304bedbcf9ee14e4a3bcb2.jpg","introduction":"快乐法则🧼    轻松时刻🫧 "}]} =================================== 
2025-10-14 18:16:16.794 [http-nio-8082-exec-6] INFO  c.z.f.b.context.filter.HeaderUserId2ContextFilter - ===== 删除 ThreadLocal， userId: 100
2025-10-14 18:16:16.839 [http-nio-8082-exec-10] INFO  c.z.f.b.operationlog.aspect.ApiOperationLogAspect - ====== 请求开始: [根据用户 ID 查询用户信息], 入参: {"id":100}, 请求类: UserController, 请求方法: findById =================================== 
2025-10-14 18:16:16.856 [http-nio-8082-exec-10] INFO  c.z.f.b.operationlog.aspect.ApiOperationLogAspect - ====== 请求结束: [根据用户 ID 查询用户信息], 耗时: 17ms, 出参: {"success":true,"message":null,"errorCode":null,"data":{"id":100,"nickName":"稚生","avatar":"https://my-xiaohongshu-oss.oss-cn-guangzhou.aliyuncs.com/ca709c5d72304bedbcf9ee14e4a3bcb2.jpg","introduction":"快乐法则🧼    轻松时刻🫧 "}} =================================== 
2025-10-14 18:16:16.859 [http-nio-8082-exec-10] INFO  c.z.f.b.context.filter.HeaderUserId2ContextFilter - ===== 删除 ThreadLocal， userId: 100
2025-10-14 18:16:18.685 [http-nio-8082-exec-4] INFO  c.z.f.b.context.filter.HeaderUserId2ContextFilter - ## HeaderUserId2ContextFilter, 用户 ID: 100
2025-10-14 18:16:18.687 [http-nio-8082-exec-4] INFO  c.z.f.b.operationlog.aspect.ApiOperationLogAspect - ====== 请求开始: [批量查询用户信息], 入参: {"ids":[100]}, 请求类: UserController, 请求方法: findByIds =================================== 
2025-10-14 18:16:18.690 [http-nio-8082-exec-4] INFO  c.z.f.b.operationlog.aspect.ApiOperationLogAspect - ====== 请求结束: [批量查询用户信息], 耗时: 3ms, 出参: {"success":true,"message":null,"errorCode":null,"data":[{"id":100,"nickName":"稚生","avatar":"https://my-xiaohongshu-oss.oss-cn-guangzhou.aliyuncs.com/ca709c5d72304bedbcf9ee14e4a3bcb2.jpg","introduction":"快乐法则🧼    轻松时刻🫧 "}]} =================================== 
2025-10-14 18:16:18.692 [http-nio-8082-exec-4] INFO  c.z.f.b.context.filter.HeaderUserId2ContextFilter - ===== 删除 ThreadLocal， userId: 100
2025-10-14 18:16:20.339 [http-nio-8082-exec-9] INFO  c.z.f.b.context.filter.HeaderUserId2ContextFilter - ## HeaderUserId2ContextFilter, 用户 ID: 100
2025-10-14 18:16:20.340 [http-nio-8082-exec-9] INFO  c.z.f.b.operationlog.aspect.ApiOperationLogAspect - ====== 请求开始: [根据用户 ID 查询用户信息], 入参: {"id":100}, 请求类: UserController, 请求方法: findById =================================== 
2025-10-14 18:16:20.342 [http-nio-8082-exec-9] INFO  c.z.x.user.biz.service.impl.UserServiceImpl - ==> 从本地缓存中获取用户信息，id: 100, userInfo: {"id":100,"nickName":"稚生","avatar":"https://my-xiaohongshu-oss.oss-cn-guangzhou.aliyuncs.com/ca709c5d72304bedbcf9ee14e4a3bcb2.jpg","introduction":"快乐法则🧼    轻松时刻🫧 "}
2025-10-14 18:16:20.342 [http-nio-8082-exec-9] INFO  c.z.f.b.operationlog.aspect.ApiOperationLogAspect - ====== 请求结束: [根据用户 ID 查询用户信息], 耗时: 2ms, 出参: {"success":true,"message":null,"errorCode":null,"data":{"id":100,"nickName":"稚生","avatar":"https://my-xiaohongshu-oss.oss-cn-guangzhou.aliyuncs.com/ca709c5d72304bedbcf9ee14e4a3bcb2.jpg","introduction":"快乐法则🧼    轻松时刻🫧 "}} =================================== 
2025-10-14 18:16:20.343 [http-nio-8082-exec-9] INFO  c.z.f.b.context.filter.HeaderUserId2ContextFilter - ===== 删除 ThreadLocal， userId: 100
2025-10-14 18:16:20.370 [http-nio-8082-exec-1] INFO  c.z.f.b.context.filter.HeaderUserId2ContextFilter - ## HeaderUserId2ContextFilter, 用户 ID: 100
2025-10-14 18:16:20.371 [http-nio-8082-exec-1] INFO  c.z.f.b.operationlog.aspect.ApiOperationLogAspect - ====== 请求开始: [批量查询用户信息], 入参: {"ids":[100]}, 请求类: UserController, 请求方法: findByIds =================================== 
2025-10-14 18:16:20.374 [http-nio-8082-exec-1] INFO  c.z.f.b.operationlog.aspect.ApiOperationLogAspect - ====== 请求结束: [批量查询用户信息], 耗时: 3ms, 出参: {"success":true,"message":null,"errorCode":null,"data":[{"id":100,"nickName":"稚生","avatar":"https://my-xiaohongshu-oss.oss-cn-guangzhou.aliyuncs.com/ca709c5d72304bedbcf9ee14e4a3bcb2.jpg","introduction":"快乐法则🧼    轻松时刻🫧 "}]} =================================== 
2025-10-14 18:16:20.375 [http-nio-8082-exec-1] INFO  c.z.f.b.context.filter.HeaderUserId2ContextFilter - ===== 删除 ThreadLocal， userId: 100
2025-10-14 18:16:22.963 [http-nio-8082-exec-8] INFO  c.z.f.b.context.filter.HeaderUserId2ContextFilter - ## HeaderUserId2ContextFilter, 用户 ID: 100
2025-10-14 18:16:22.964 [http-nio-8082-exec-8] INFO  c.z.f.b.operationlog.aspect.ApiOperationLogAspect - ====== 请求开始: [批量查询用户信息], 入参: {"ids":[100]}, 请求类: UserController, 请求方法: findByIds =================================== 
2025-10-14 18:16:22.966 [http-nio-8082-exec-8] INFO  c.z.f.b.operationlog.aspect.ApiOperationLogAspect - ====== 请求结束: [批量查询用户信息], 耗时: 2ms, 出参: {"success":true,"message":null,"errorCode":null,"data":[{"id":100,"nickName":"稚生","avatar":"https://my-xiaohongshu-oss.oss-cn-guangzhou.aliyuncs.com/ca709c5d72304bedbcf9ee14e4a3bcb2.jpg","introduction":"快乐法则🧼    轻松时刻🫧 "}]} =================================== 
2025-10-14 18:16:22.967 [http-nio-8082-exec-8] INFO  c.z.f.b.context.filter.HeaderUserId2ContextFilter - ===== 删除 ThreadLocal， userId: 100
2025-10-14 18:17:08.895 [http-nio-8082-exec-7] INFO  c.z.f.b.context.filter.HeaderUserId2ContextFilter - ## HeaderUserId2ContextFilter, 用户 ID: 100
2025-10-14 18:17:08.896 [http-nio-8082-exec-7] INFO  c.z.f.b.operationlog.aspect.ApiOperationLogAspect - ====== 请求开始: [根据用户 ID 查询用户信息], 入参: {"id":100}, 请求类: UserController, 请求方法: findById =================================== 
2025-10-14 18:17:08.896 [http-nio-8082-exec-7] INFO  c.z.x.user.biz.service.impl.UserServiceImpl - ==> 从本地缓存中获取用户信息，id: 100, userInfo: {"id":100,"nickName":"稚生","avatar":"https://my-xiaohongshu-oss.oss-cn-guangzhou.aliyuncs.com/ca709c5d72304bedbcf9ee14e4a3bcb2.jpg","introduction":"快乐法则🧼    轻松时刻🫧 "}
2025-10-14 18:17:08.896 [http-nio-8082-exec-7] INFO  c.z.f.b.operationlog.aspect.ApiOperationLogAspect - ====== 请求结束: [根据用户 ID 查询用户信息], 耗时: 0ms, 出参: {"success":true,"message":null,"errorCode":null,"data":{"id":100,"nickName":"稚生","avatar":"https://my-xiaohongshu-oss.oss-cn-guangzhou.aliyuncs.com/ca709c5d72304bedbcf9ee14e4a3bcb2.jpg","introduction":"快乐法则🧼    轻松时刻🫧 "}} =================================== 
2025-10-14 18:17:08.897 [http-nio-8082-exec-7] INFO  c.z.f.b.context.filter.HeaderUserId2ContextFilter - ===== 删除 ThreadLocal， userId: 100
2025-10-14 18:17:10.108 [http-nio-8082-exec-5] INFO  c.z.f.b.context.filter.HeaderUserId2ContextFilter - ## HeaderUserId2ContextFilter, 用户 ID: 100
2025-10-14 18:17:10.109 [http-nio-8082-exec-5] INFO  c.z.f.b.operationlog.aspect.ApiOperationLogAspect - ====== 请求开始: [批量查询用户信息], 入参: {"ids":[100]}, 请求类: UserController, 请求方法: findByIds =================================== 
2025-10-14 18:17:10.111 [http-nio-8082-exec-5] INFO  c.z.f.b.operationlog.aspect.ApiOperationLogAspect - ====== 请求结束: [批量查询用户信息], 耗时: 2ms, 出参: {"success":true,"message":null,"errorCode":null,"data":[{"id":100,"nickName":"稚生","avatar":"https://my-xiaohongshu-oss.oss-cn-guangzhou.aliyuncs.com/ca709c5d72304bedbcf9ee14e4a3bcb2.jpg","introduction":"快乐法则🧼    轻松时刻🫧 "}]} =================================== 
2025-10-14 18:17:10.112 [http-nio-8082-exec-5] INFO  c.z.f.b.context.filter.HeaderUserId2ContextFilter - ===== 删除 ThreadLocal， userId: 100
2025-10-14 18:17:16.202 [http-nio-8082-exec-2] INFO  c.z.f.b.context.filter.HeaderUserId2ContextFilter - ## HeaderUserId2ContextFilter, 用户 ID: 100
2025-10-14 18:17:16.203 [http-nio-8082-exec-2] INFO  c.z.f.b.operationlog.aspect.ApiOperationLogAspect - ====== 请求开始: [批量查询用户信息], 入参: {"ids":[100]}, 请求类: UserController, 请求方法: findByIds =================================== 
2025-10-14 18:17:16.206 [http-nio-8082-exec-2] INFO  c.z.f.b.operationlog.aspect.ApiOperationLogAspect - ====== 请求结束: [批量查询用户信息], 耗时: 3ms, 出参: {"success":true,"message":null,"errorCode":null,"data":[{"id":100,"nickName":"稚生","avatar":"https://my-xiaohongshu-oss.oss-cn-guangzhou.aliyuncs.com/ca709c5d72304bedbcf9ee14e4a3bcb2.jpg","introduction":"快乐法则🧼    轻松时刻🫧 "}]} =================================== 
2025-10-14 18:17:16.207 [http-nio-8082-exec-2] INFO  c.z.f.b.context.filter.HeaderUserId2ContextFilter - ===== 删除 ThreadLocal， userId: 100
2025-10-14 18:17:18.460 [http-nio-8082-exec-3] INFO  c.z.f.b.context.filter.HeaderUserId2ContextFilter - ## HeaderUserId2ContextFilter, 用户 ID: 100
2025-10-14 18:17:18.461 [http-nio-8082-exec-3] INFO  c.z.f.b.operationlog.aspect.ApiOperationLogAspect - ====== 请求开始: [批量查询用户信息], 入参: {"ids":[100]}, 请求类: UserController, 请求方法: findByIds =================================== 
2025-10-14 18:17:18.463 [http-nio-8082-exec-3] INFO  c.z.f.b.operationlog.aspect.ApiOperationLogAspect - ====== 请求结束: [批量查询用户信息], 耗时: 2ms, 出参: {"success":true,"message":null,"errorCode":null,"data":[{"id":100,"nickName":"稚生","avatar":"https://my-xiaohongshu-oss.oss-cn-guangzhou.aliyuncs.com/ca709c5d72304bedbcf9ee14e4a3bcb2.jpg","introduction":"快乐法则🧼    轻松时刻🫧 "}]} =================================== 
2025-10-14 18:17:18.464 [http-nio-8082-exec-3] INFO  c.z.f.b.context.filter.HeaderUserId2ContextFilter - ===== 删除 ThreadLocal， userId: 100
2025-10-14 18:17:44.169 [http-nio-8082-exec-6] INFO  c.z.f.b.context.filter.HeaderUserId2ContextFilter - ## HeaderUserId2ContextFilter, 用户 ID: 100
2025-10-14 18:17:44.171 [http-nio-8082-exec-6] INFO  c.z.f.b.operationlog.aspect.ApiOperationLogAspect - ====== 请求开始: [批量查询用户信息], 入参: {"ids":[100]}, 请求类: UserController, 请求方法: findByIds =================================== 
2025-10-14 18:17:44.174 [http-nio-8082-exec-6] INFO  c.z.f.b.operationlog.aspect.ApiOperationLogAspect - ====== 请求结束: [批量查询用户信息], 耗时: 4ms, 出参: {"success":true,"message":null,"errorCode":null,"data":[{"id":100,"nickName":"稚生","avatar":"https://my-xiaohongshu-oss.oss-cn-guangzhou.aliyuncs.com/ca709c5d72304bedbcf9ee14e4a3bcb2.jpg","introduction":"快乐法则🧼    轻松时刻🫧 "}]} =================================== 
2025-10-14 18:17:44.175 [http-nio-8082-exec-6] INFO  c.z.f.b.context.filter.HeaderUserId2ContextFilter - ===== 删除 ThreadLocal， userId: 100
2025-10-14 18:20:04.137 [http-nio-8082-exec-9] INFO  c.z.f.b.context.filter.HeaderUserId2ContextFilter - ## HeaderUserId2ContextFilter, 用户 ID: 100
2025-10-14 18:20:04.138 [http-nio-8082-exec-9] INFO  c.z.f.b.operationlog.aspect.ApiOperationLogAspect - ====== 请求开始: [批量查询用户信息], 入参: {"ids":[100]}, 请求类: UserController, 请求方法: findByIds =================================== 
2025-10-14 18:20:04.140 [http-nio-8082-exec-9] INFO  c.z.f.b.operationlog.aspect.ApiOperationLogAspect - ====== 请求结束: [批量查询用户信息], 耗时: 2ms, 出参: {"success":true,"message":null,"errorCode":null,"data":[{"id":100,"nickName":"稚生","avatar":"https://my-xiaohongshu-oss.oss-cn-guangzhou.aliyuncs.com/ca709c5d72304bedbcf9ee14e4a3bcb2.jpg","introduction":"快乐法则🧼    轻松时刻🫧 "}]} =================================== 
2025-10-14 18:20:04.142 [http-nio-8082-exec-9] INFO  c.z.f.b.context.filter.HeaderUserId2ContextFilter - ===== 删除 ThreadLocal， userId: 100
2025-10-14 18:22:09.808 [http-nio-8082-exec-8] INFO  c.z.f.b.context.filter.HeaderUserId2ContextFilter - ## HeaderUserId2ContextFilter, 用户 ID: 100
2025-10-14 18:22:09.810 [http-nio-8082-exec-8] INFO  c.z.f.b.operationlog.aspect.ApiOperationLogAspect - ====== 请求开始: [批量查询用户信息], 入参: {"ids":[100]}, 请求类: UserController, 请求方法: findByIds =================================== 
2025-10-14 18:22:09.812 [http-nio-8082-exec-8] INFO  c.z.f.b.operationlog.aspect.ApiOperationLogAspect - ====== 请求结束: [批量查询用户信息], 耗时: 2ms, 出参: {"success":true,"message":null,"errorCode":null,"data":[{"id":100,"nickName":"稚生","avatar":"https://my-xiaohongshu-oss.oss-cn-guangzhou.aliyuncs.com/ca709c5d72304bedbcf9ee14e4a3bcb2.jpg","introduction":"快乐法则🧼    轻松时刻🫧 "}]} =================================== 
2025-10-14 18:22:09.814 [http-nio-8082-exec-8] INFO  c.z.f.b.context.filter.HeaderUserId2ContextFilter - ===== 删除 ThreadLocal， userId: 100
2025-10-14 18:22:16.523 [http-nio-8082-exec-7] INFO  c.z.f.b.context.filter.HeaderUserId2ContextFilter - ## HeaderUserId2ContextFilter, 用户 ID: 100
2025-10-14 18:22:16.524 [http-nio-8082-exec-7] INFO  c.z.f.b.operationlog.aspect.ApiOperationLogAspect - ====== 请求开始: [批量查询用户信息], 入参: {"ids":[100]}, 请求类: UserController, 请求方法: findByIds =================================== 
2025-10-14 18:22:16.527 [http-nio-8082-exec-7] INFO  c.z.f.b.operationlog.aspect.ApiOperationLogAspect - ====== 请求结束: [批量查询用户信息], 耗时: 3ms, 出参: {"success":true,"message":null,"errorCode":null,"data":[{"id":100,"nickName":"稚生","avatar":"https://my-xiaohongshu-oss.oss-cn-guangzhou.aliyuncs.com/ca709c5d72304bedbcf9ee14e4a3bcb2.jpg","introduction":"快乐法则🧼    轻松时刻🫧 "}]} =================================== 
2025-10-14 18:22:16.527 [http-nio-8082-exec-7] INFO  c.z.f.b.context.filter.HeaderUserId2ContextFilter - ===== 删除 ThreadLocal， userId: 100
2025-10-14 18:22:24.894 [http-nio-8082-exec-5] INFO  c.z.f.b.context.filter.HeaderUserId2ContextFilter - ## HeaderUserId2ContextFilter, 用户 ID: 100
2025-10-14 18:22:24.895 [http-nio-8082-exec-5] INFO  c.z.f.b.operationlog.aspect.ApiOperationLogAspect - ====== 请求开始: [批量查询用户信息], 入参: {"ids":[100]}, 请求类: UserController, 请求方法: findByIds =================================== 
2025-10-14 18:22:24.898 [http-nio-8082-exec-5] INFO  c.z.f.b.operationlog.aspect.ApiOperationLogAspect - ====== 请求结束: [批量查询用户信息], 耗时: 3ms, 出参: {"success":true,"message":null,"errorCode":null,"data":[{"id":100,"nickName":"稚生","avatar":"https://my-xiaohongshu-oss.oss-cn-guangzhou.aliyuncs.com/ca709c5d72304bedbcf9ee14e4a3bcb2.jpg","introduction":"快乐法则🧼    轻松时刻🫧 "}]} =================================== 
2025-10-14 18:22:24.898 [http-nio-8082-exec-5] INFO  c.z.f.b.context.filter.HeaderUserId2ContextFilter - ===== 删除 ThreadLocal， userId: 100
2025-10-14 18:22:35.679 [http-nio-8082-exec-2] INFO  c.z.f.b.context.filter.HeaderUserId2ContextFilter - ## HeaderUserId2ContextFilter, 用户 ID: 100
2025-10-14 18:22:35.681 [http-nio-8082-exec-2] INFO  c.z.f.b.operationlog.aspect.ApiOperationLogAspect - ====== 请求开始: [批量查询用户信息], 入参: {"ids":[100]}, 请求类: UserController, 请求方法: findByIds =================================== 
2025-10-14 18:22:35.682 [http-nio-8082-exec-2] INFO  c.z.f.b.operationlog.aspect.ApiOperationLogAspect - ====== 请求结束: [批量查询用户信息], 耗时: 1ms, 出参: {"success":true,"message":null,"errorCode":null,"data":[{"id":100,"nickName":"稚生","avatar":"https://my-xiaohongshu-oss.oss-cn-guangzhou.aliyuncs.com/ca709c5d72304bedbcf9ee14e4a3bcb2.jpg","introduction":"快乐法则🧼    轻松时刻🫧 "}]} =================================== 
2025-10-14 18:22:35.683 [http-nio-8082-exec-2] INFO  c.z.f.b.context.filter.HeaderUserId2ContextFilter - ===== 删除 ThreadLocal， userId: 100
2025-10-14 18:22:46.041 [http-nio-8082-exec-3] INFO  c.z.f.b.context.filter.HeaderUserId2ContextFilter - ## HeaderUserId2ContextFilter, 用户 ID: 100
2025-10-14 18:22:46.043 [http-nio-8082-exec-3] INFO  c.z.f.b.operationlog.aspect.ApiOperationLogAspect - ====== 请求开始: [批量查询用户信息], 入参: {"ids":[100]}, 请求类: UserController, 请求方法: findByIds =================================== 
2025-10-14 18:22:46.045 [http-nio-8082-exec-3] INFO  c.z.f.b.operationlog.aspect.ApiOperationLogAspect - ====== 请求结束: [批量查询用户信息], 耗时: 3ms, 出参: {"success":true,"message":null,"errorCode":null,"data":[{"id":100,"nickName":"稚生","avatar":"https://my-xiaohongshu-oss.oss-cn-guangzhou.aliyuncs.com/ca709c5d72304bedbcf9ee14e4a3bcb2.jpg","introduction":"快乐法则🧼    轻松时刻🫧 "}]} =================================== 
2025-10-14 18:22:46.046 [http-nio-8082-exec-3] INFO  c.z.f.b.context.filter.HeaderUserId2ContextFilter - ===== 删除 ThreadLocal， userId: 100
2025-10-14 18:38:29.239 [http-nio-8082-exec-4] INFO  c.z.f.b.context.filter.HeaderUserId2ContextFilter - ## HeaderUserId2ContextFilter, 用户 ID: 100
2025-10-14 18:38:29.252 [http-nio-8082-exec-4] INFO  c.z.f.b.operationlog.aspect.ApiOperationLogAspect - ====== 请求开始: [批量查询用户信息], 入参: {"ids":[100]}, 请求类: UserController, 请求方法: findByIds =================================== 
2025-10-14 18:38:29.260 [http-nio-8082-exec-4] INFO  c.z.f.b.operationlog.aspect.ApiOperationLogAspect - ====== 请求结束: [批量查询用户信息], 耗时: 9ms, 出参: {"success":true,"message":null,"errorCode":null,"data":[{"id":100,"nickName":"稚生","avatar":"https://my-xiaohongshu-oss.oss-cn-guangzhou.aliyuncs.com/ca709c5d72304bedbcf9ee14e4a3bcb2.jpg","introduction":"快乐法则🧼    轻松时刻🫧 "}]} =================================== 
2025-10-14 18:38:29.264 [http-nio-8082-exec-4] INFO  c.z.f.b.context.filter.HeaderUserId2ContextFilter - ===== 删除 ThreadLocal， userId: 100
2025-10-14 18:38:33.459 [http-nio-8082-exec-9] INFO  c.z.f.b.context.filter.HeaderUserId2ContextFilter - ## HeaderUserId2ContextFilter, 用户 ID: 100
2025-10-14 18:38:33.462 [http-nio-8082-exec-9] INFO  c.z.f.b.operationlog.aspect.ApiOperationLogAspect - ====== 请求开始: [批量查询用户信息], 入参: {"ids":[100]}, 请求类: UserController, 请求方法: findByIds =================================== 
2025-10-14 18:38:33.464 [http-nio-8082-exec-9] INFO  c.z.f.b.operationlog.aspect.ApiOperationLogAspect - ====== 请求结束: [批量查询用户信息], 耗时: 2ms, 出参: {"success":true,"message":null,"errorCode":null,"data":[{"id":100,"nickName":"稚生","avatar":"https://my-xiaohongshu-oss.oss-cn-guangzhou.aliyuncs.com/ca709c5d72304bedbcf9ee14e4a3bcb2.jpg","introduction":"快乐法则🧼    轻松时刻🫧 "}]} =================================== 
2025-10-14 18:38:33.465 [http-nio-8082-exec-9] INFO  c.z.f.b.context.filter.HeaderUserId2ContextFilter - ===== 删除 ThreadLocal， userId: 100
2025-10-14 18:41:36.841 [http-nio-8082-exec-7] INFO  c.z.f.b.context.filter.HeaderUserId2ContextFilter - ## HeaderUserId2ContextFilter, 用户 ID: 100
2025-10-14 18:41:36.853 [http-nio-8082-exec-7] INFO  c.z.f.b.operationlog.aspect.ApiOperationLogAspect - ====== 请求开始: [批量查询用户信息], 入参: {"ids":[100]}, 请求类: UserController, 请求方法: findByIds =================================== 
2025-10-14 18:41:36.861 [http-nio-8082-exec-7] INFO  c.z.f.b.operationlog.aspect.ApiOperationLogAspect - ====== 请求结束: [批量查询用户信息], 耗时: 9ms, 出参: {"success":true,"message":null,"errorCode":null,"data":[{"id":100,"nickName":"稚生","avatar":"https://my-xiaohongshu-oss.oss-cn-guangzhou.aliyuncs.com/ca709c5d72304bedbcf9ee14e4a3bcb2.jpg","introduction":"快乐法则🧼    轻松时刻🫧 "}]} =================================== 
2025-10-14 18:41:36.866 [http-nio-8082-exec-7] INFO  c.z.f.b.context.filter.HeaderUserId2ContextFilter - ===== 删除 ThreadLocal， userId: 100
2025-10-14 19:00:06.138 [http-nio-8082-exec-2] INFO  c.z.f.b.context.filter.HeaderUserId2ContextFilter - ## HeaderUserId2ContextFilter, 用户 ID: 100
2025-10-14 19:00:06.193 [http-nio-8082-exec-2] INFO  c.z.f.b.operationlog.aspect.ApiOperationLogAspect - ====== 请求开始: [批量查询用户信息], 入参: {"ids":[100]}, 请求类: UserController, 请求方法: findByIds =================================== 
2025-10-14 19:00:06.219 [http-nio-8082-exec-2] INFO  c.z.f.b.operationlog.aspect.ApiOperationLogAspect - ====== 请求结束: [批量查询用户信息], 耗时: 27ms, 出参: {"success":true,"message":null,"errorCode":null,"data":[{"id":100,"nickName":"稚生","avatar":"https://my-xiaohongshu-oss.oss-cn-guangzhou.aliyuncs.com/ca709c5d72304bedbcf9ee14e4a3bcb2.jpg","introduction":"快乐法则🧼    轻松时刻🫧 "}]} =================================== 
2025-10-14 19:00:06.234 [http-nio-8082-exec-2] INFO  c.z.f.b.context.filter.HeaderUserId2ContextFilter - ===== 删除 ThreadLocal， userId: 100
2025-10-14 19:00:12.696 [http-nio-8082-exec-3] INFO  c.z.f.b.context.filter.HeaderUserId2ContextFilter - ## HeaderUserId2ContextFilter, 用户 ID: 100
2025-10-14 19:00:12.701 [http-nio-8082-exec-3] INFO  c.z.f.b.operationlog.aspect.ApiOperationLogAspect - ====== 请求开始: [根据用户 ID 查询用户信息], 入参: {"id":100}, 请求类: UserController, 请求方法: findById =================================== 
2025-10-14 19:00:12.712 [http-nio-8082-exec-3] INFO  c.z.x.user.biz.service.impl.UserServiceImpl - ==> 从本地缓存中获取用户信息，id: 100, userInfo: {"id":100,"nickName":"稚生","avatar":"https://my-xiaohongshu-oss.oss-cn-guangzhou.aliyuncs.com/ca709c5d72304bedbcf9ee14e4a3bcb2.jpg","introduction":"快乐法则🧼    轻松时刻🫧 "}
2025-10-14 19:00:12.713 [http-nio-8082-exec-3] INFO  c.z.f.b.operationlog.aspect.ApiOperationLogAspect - ====== 请求结束: [根据用户 ID 查询用户信息], 耗时: 12ms, 出参: {"success":true,"message":null,"errorCode":null,"data":{"id":100,"nickName":"稚生","avatar":"https://my-xiaohongshu-oss.oss-cn-guangzhou.aliyuncs.com/ca709c5d72304bedbcf9ee14e4a3bcb2.jpg","introduction":"快乐法则🧼    轻松时刻🫧 "}} =================================== 
2025-10-14 19:00:12.715 [http-nio-8082-exec-3] INFO  c.z.f.b.context.filter.HeaderUserId2ContextFilter - ===== 删除 ThreadLocal， userId: 100
2025-10-14 19:04:18.573 [http-nio-8082-exec-4] INFO  c.z.f.b.context.filter.HeaderUserId2ContextFilter - ## HeaderUserId2ContextFilter, 用户 ID: 100
2025-10-14 19:04:18.576 [http-nio-8082-exec-4] INFO  c.z.f.b.operationlog.aspect.ApiOperationLogAspect - ====== 请求开始: [批量查询用户信息], 入参: {"ids":[100]}, 请求类: UserController, 请求方法: findByIds =================================== 
2025-10-14 19:04:18.580 [http-nio-8082-exec-4] INFO  c.z.f.b.operationlog.aspect.ApiOperationLogAspect - ====== 请求结束: [批量查询用户信息], 耗时: 4ms, 出参: {"success":true,"message":null,"errorCode":null,"data":[{"id":100,"nickName":"稚生","avatar":"https://my-xiaohongshu-oss.oss-cn-guangzhou.aliyuncs.com/ca709c5d72304bedbcf9ee14e4a3bcb2.jpg","introduction":"快乐法则🧼    轻松时刻🫧 "}]} =================================== 
2025-10-14 19:04:18.581 [http-nio-8082-exec-4] INFO  c.z.f.b.context.filter.HeaderUserId2ContextFilter - ===== 删除 ThreadLocal， userId: 100
2025-10-14 19:05:19.417 [http-nio-8082-exec-1] INFO  c.z.f.b.context.filter.HeaderUserId2ContextFilter - ## HeaderUserId2ContextFilter, 用户 ID: 100
2025-10-14 19:05:19.418 [http-nio-8082-exec-1] INFO  c.z.f.b.operationlog.aspect.ApiOperationLogAspect - ====== 请求开始: [根据用户 ID 查询用户信息], 入参: {"id":100}, 请求类: UserController, 请求方法: findById =================================== 
2025-10-14 19:05:19.421 [http-nio-8082-exec-1] INFO  c.z.x.user.biz.service.impl.UserServiceImpl - ==> 从本地缓存中获取用户信息，id: 100, userInfo: {"id":100,"nickName":"稚生","avatar":"https://my-xiaohongshu-oss.oss-cn-guangzhou.aliyuncs.com/ca709c5d72304bedbcf9ee14e4a3bcb2.jpg","introduction":"快乐法则🧼    轻松时刻🫧 "}
2025-10-14 19:05:19.421 [http-nio-8082-exec-1] INFO  c.z.f.b.operationlog.aspect.ApiOperationLogAspect - ====== 请求结束: [根据用户 ID 查询用户信息], 耗时: 3ms, 出参: {"success":true,"message":null,"errorCode":null,"data":{"id":100,"nickName":"稚生","avatar":"https://my-xiaohongshu-oss.oss-cn-guangzhou.aliyuncs.com/ca709c5d72304bedbcf9ee14e4a3bcb2.jpg","introduction":"快乐法则🧼    轻松时刻🫧 "}} =================================== 
2025-10-14 19:05:19.422 [http-nio-8082-exec-1] INFO  c.z.f.b.context.filter.HeaderUserId2ContextFilter - ===== 删除 ThreadLocal， userId: 100
2025-10-14 19:05:25.056 [http-nio-8082-exec-8] INFO  c.z.f.b.context.filter.HeaderUserId2ContextFilter - ## HeaderUserId2ContextFilter, 用户 ID: 100
2025-10-14 19:05:25.056 [http-nio-8082-exec-8] INFO  c.z.f.b.operationlog.aspect.ApiOperationLogAspect - ====== 请求开始: [批量查询用户信息], 入参: {"ids":[100]}, 请求类: UserController, 请求方法: findByIds =================================== 
2025-10-14 19:05:25.061 [http-nio-8082-exec-8] INFO  c.z.f.b.operationlog.aspect.ApiOperationLogAspect - ====== 请求结束: [批量查询用户信息], 耗时: 5ms, 出参: {"success":true,"message":null,"errorCode":null,"data":[{"id":100,"nickName":"稚生","avatar":"https://my-xiaohongshu-oss.oss-cn-guangzhou.aliyuncs.com/ca709c5d72304bedbcf9ee14e4a3bcb2.jpg","introduction":"快乐法则🧼    轻松时刻🫧 "}]} =================================== 
2025-10-14 19:05:25.062 [http-nio-8082-exec-8] INFO  c.z.f.b.context.filter.HeaderUserId2ContextFilter - ===== 删除 ThreadLocal， userId: 100
2025-10-14 19:05:26.734 [http-nio-8082-exec-7] INFO  c.z.f.b.context.filter.HeaderUserId2ContextFilter - ## HeaderUserId2ContextFilter, 用户 ID: 100
2025-10-14 19:05:26.734 [http-nio-8082-exec-7] INFO  c.z.f.b.operationlog.aspect.ApiOperationLogAspect - ====== 请求开始: [批量查询用户信息], 入参: {"ids":[100]}, 请求类: UserController, 请求方法: findByIds =================================== 
2025-10-14 19:05:26.736 [http-nio-8082-exec-7] INFO  c.z.f.b.operationlog.aspect.ApiOperationLogAspect - ====== 请求结束: [批量查询用户信息], 耗时: 2ms, 出参: {"success":true,"message":null,"errorCode":null,"data":[{"id":100,"nickName":"稚生","avatar":"https://my-xiaohongshu-oss.oss-cn-guangzhou.aliyuncs.com/ca709c5d72304bedbcf9ee14e4a3bcb2.jpg","introduction":"快乐法则🧼    轻松时刻🫧 "}]} =================================== 
2025-10-14 19:05:26.737 [http-nio-8082-exec-7] INFO  c.z.f.b.context.filter.HeaderUserId2ContextFilter - ===== 删除 ThreadLocal， userId: 100
2025-10-14 19:06:24.654 [http-nio-8082-exec-2] INFO  c.z.f.b.context.filter.HeaderUserId2ContextFilter - ## HeaderUserId2ContextFilter, 用户 ID: 100
2025-10-14 19:06:24.655 [http-nio-8082-exec-2] INFO  c.z.f.b.operationlog.aspect.ApiOperationLogAspect - ====== 请求开始: [批量查询用户信息], 入参: {"ids":[100]}, 请求类: UserController, 请求方法: findByIds =================================== 
2025-10-14 19:06:24.659 [http-nio-8082-exec-2] INFO  c.z.f.b.operationlog.aspect.ApiOperationLogAspect - ====== 请求结束: [批量查询用户信息], 耗时: 4ms, 出参: {"success":true,"message":null,"errorCode":null,"data":[{"id":100,"nickName":"稚生","avatar":"https://my-xiaohongshu-oss.oss-cn-guangzhou.aliyuncs.com/ca709c5d72304bedbcf9ee14e4a3bcb2.jpg","introduction":"快乐法则🧼    轻松时刻🫧 "}]} =================================== 
2025-10-14 19:06:24.660 [http-nio-8082-exec-2] INFO  c.z.f.b.context.filter.HeaderUserId2ContextFilter - ===== 删除 ThreadLocal， userId: 100
2025-10-14 19:06:26.527 [http-nio-8082-exec-3] INFO  c.z.f.b.context.filter.HeaderUserId2ContextFilter - ## HeaderUserId2ContextFilter, 用户 ID: 100
2025-10-14 19:06:26.528 [http-nio-8082-exec-3] INFO  c.z.f.b.operationlog.aspect.ApiOperationLogAspect - ====== 请求开始: [批量查询用户信息], 入参: {"ids":[100]}, 请求类: UserController, 请求方法: findByIds =================================== 
2025-10-14 19:06:26.530 [http-nio-8082-exec-3] INFO  c.z.f.b.operationlog.aspect.ApiOperationLogAspect - ====== 请求结束: [批量查询用户信息], 耗时: 2ms, 出参: {"success":true,"message":null,"errorCode":null,"data":[{"id":100,"nickName":"稚生","avatar":"https://my-xiaohongshu-oss.oss-cn-guangzhou.aliyuncs.com/ca709c5d72304bedbcf9ee14e4a3bcb2.jpg","introduction":"快乐法则🧼    轻松时刻🫧 "}]} =================================== 
2025-10-14 19:06:26.531 [http-nio-8082-exec-3] INFO  c.z.f.b.context.filter.HeaderUserId2ContextFilter - ===== 删除 ThreadLocal， userId: 100
2025-10-14 19:06:30.224 [http-nio-8082-exec-6] INFO  c.z.f.b.context.filter.HeaderUserId2ContextFilter - ## HeaderUserId2ContextFilter, 用户 ID: 100
2025-10-14 19:06:30.225 [http-nio-8082-exec-6] INFO  c.z.f.b.operationlog.aspect.ApiOperationLogAspect - ====== 请求开始: [批量查询用户信息], 入参: {"ids":[100]}, 请求类: UserController, 请求方法: findByIds =================================== 
2025-10-14 19:06:30.227 [http-nio-8082-exec-6] INFO  c.z.f.b.operationlog.aspect.ApiOperationLogAspect - ====== 请求结束: [批量查询用户信息], 耗时: 2ms, 出参: {"success":true,"message":null,"errorCode":null,"data":[{"id":100,"nickName":"稚生","avatar":"https://my-xiaohongshu-oss.oss-cn-guangzhou.aliyuncs.com/ca709c5d72304bedbcf9ee14e4a3bcb2.jpg","introduction":"快乐法则🧼    轻松时刻🫧 "}]} =================================== 
2025-10-14 19:06:30.228 [http-nio-8082-exec-6] INFO  c.z.f.b.context.filter.HeaderUserId2ContextFilter - ===== 删除 ThreadLocal， userId: 100
2025-10-14 19:08:01.418 [http-nio-8082-exec-4] INFO  c.z.f.b.context.filter.HeaderUserId2ContextFilter - ## HeaderUserId2ContextFilter, 用户 ID: 100
2025-10-14 19:08:01.419 [http-nio-8082-exec-4] INFO  c.z.f.b.operationlog.aspect.ApiOperationLogAspect - ====== 请求开始: [批量查询用户信息], 入参: {"ids":[100]}, 请求类: UserController, 请求方法: findByIds =================================== 
2025-10-14 19:08:01.421 [http-nio-8082-exec-4] INFO  c.z.f.b.operationlog.aspect.ApiOperationLogAspect - ====== 请求结束: [批量查询用户信息], 耗时: 2ms, 出参: {"success":true,"message":null,"errorCode":null,"data":[{"id":100,"nickName":"稚生","avatar":"https://my-xiaohongshu-oss.oss-cn-guangzhou.aliyuncs.com/ca709c5d72304bedbcf9ee14e4a3bcb2.jpg","introduction":"快乐法则🧼    轻松时刻🫧 "}]} =================================== 
2025-10-14 19:08:01.422 [http-nio-8082-exec-4] INFO  c.z.f.b.context.filter.HeaderUserId2ContextFilter - ===== 删除 ThreadLocal， userId: 100
2025-10-14 19:16:09.131 [http-nio-8082-exec-1] INFO  c.z.f.b.context.filter.HeaderUserId2ContextFilter - ## HeaderUserId2ContextFilter, 用户 ID: 100
2025-10-14 19:16:09.144 [http-nio-8082-exec-1] INFO  c.z.f.b.operationlog.aspect.ApiOperationLogAspect - ====== 请求开始: [批量查询用户信息], 入参: {"ids":[100]}, 请求类: UserController, 请求方法: findByIds =================================== 
2025-10-14 19:16:09.150 [http-nio-8082-exec-1] INFO  c.z.f.b.operationlog.aspect.ApiOperationLogAspect - ====== 请求结束: [批量查询用户信息], 耗时: 6ms, 出参: {"success":true,"message":null,"errorCode":null,"data":[{"id":100,"nickName":"稚生","avatar":"https://my-xiaohongshu-oss.oss-cn-guangzhou.aliyuncs.com/ca709c5d72304bedbcf9ee14e4a3bcb2.jpg","introduction":"快乐法则🧼    轻松时刻🫧 "}]} =================================== 
2025-10-14 19:16:09.156 [http-nio-8082-exec-1] INFO  c.z.f.b.context.filter.HeaderUserId2ContextFilter - ===== 删除 ThreadLocal， userId: 100
2025-10-14 19:16:23.608 [http-nio-8082-exec-8] INFO  c.z.f.b.context.filter.HeaderUserId2ContextFilter - ## HeaderUserId2ContextFilter, 用户 ID: 100
2025-10-14 19:16:23.609 [http-nio-8082-exec-8] INFO  c.z.f.b.operationlog.aspect.ApiOperationLogAspect - ====== 请求开始: [批量查询用户信息], 入参: {"ids":[100]}, 请求类: UserController, 请求方法: findByIds =================================== 
2025-10-14 19:16:23.611 [http-nio-8082-exec-8] INFO  c.z.f.b.operationlog.aspect.ApiOperationLogAspect - ====== 请求结束: [批量查询用户信息], 耗时: 2ms, 出参: {"success":true,"message":null,"errorCode":null,"data":[{"id":100,"nickName":"稚生","avatar":"https://my-xiaohongshu-oss.oss-cn-guangzhou.aliyuncs.com/ca709c5d72304bedbcf9ee14e4a3bcb2.jpg","introduction":"快乐法则🧼    轻松时刻🫧 "}]} =================================== 
2025-10-14 19:16:23.613 [http-nio-8082-exec-8] INFO  c.z.f.b.context.filter.HeaderUserId2ContextFilter - ===== 删除 ThreadLocal， userId: 100
2025-10-14 19:22:50.825 [http-nio-8082-exec-7] INFO  c.z.f.b.context.filter.HeaderUserId2ContextFilter - ## HeaderUserId2ContextFilter, 用户 ID: 100
2025-10-14 19:22:50.846 [http-nio-8082-exec-7] INFO  c.z.f.b.operationlog.aspect.ApiOperationLogAspect - ====== 请求开始: [批量查询用户信息], 入参: {"ids":[100]}, 请求类: UserController, 请求方法: findByIds =================================== 
2025-10-14 19:22:50.854 [http-nio-8082-exec-7] INFO  c.z.f.b.operationlog.aspect.ApiOperationLogAspect - ====== 请求结束: [批量查询用户信息], 耗时: 9ms, 出参: {"success":true,"message":null,"errorCode":null,"data":[{"id":100,"nickName":"稚生","avatar":"https://my-xiaohongshu-oss.oss-cn-guangzhou.aliyuncs.com/ca709c5d72304bedbcf9ee14e4a3bcb2.jpg","introduction":"快乐法则🧼    轻松时刻🫧 "}]} =================================== 
2025-10-14 19:22:50.861 [http-nio-8082-exec-7] INFO  c.z.f.b.context.filter.HeaderUserId2ContextFilter - ===== 删除 ThreadLocal， userId: 100
2025-10-14 19:22:53.164 [http-nio-8082-exec-5] INFO  c.z.f.b.context.filter.HeaderUserId2ContextFilter - ## HeaderUserId2ContextFilter, 用户 ID: 100
2025-10-14 19:22:53.165 [http-nio-8082-exec-5] INFO  c.z.f.b.operationlog.aspect.ApiOperationLogAspect - ====== 请求开始: [批量查询用户信息], 入参: {"ids":[100]}, 请求类: UserController, 请求方法: findByIds =================================== 
2025-10-14 19:22:53.168 [http-nio-8082-exec-5] INFO  c.z.f.b.operationlog.aspect.ApiOperationLogAspect - ====== 请求结束: [批量查询用户信息], 耗时: 3ms, 出参: {"success":true,"message":null,"errorCode":null,"data":[{"id":100,"nickName":"稚生","avatar":"https://my-xiaohongshu-oss.oss-cn-guangzhou.aliyuncs.com/ca709c5d72304bedbcf9ee14e4a3bcb2.jpg","introduction":"快乐法则🧼    轻松时刻🫧 "}]} =================================== 
2025-10-14 19:22:53.169 [http-nio-8082-exec-5] INFO  c.z.f.b.context.filter.HeaderUserId2ContextFilter - ===== 删除 ThreadLocal， userId: 100
2025-10-14 19:29:16.859 [http-nio-8082-exec-6] INFO  c.z.f.b.context.filter.HeaderUserId2ContextFilter - ## HeaderUserId2ContextFilter, 用户 ID: 100
2025-10-14 19:29:16.864 [http-nio-8082-exec-6] INFO  c.z.f.b.operationlog.aspect.ApiOperationLogAspect - ====== 请求开始: [根据用户 ID 查询用户信息], 入参: {"id":100}, 请求类: UserController, 请求方法: findById =================================== 
2025-10-14 19:29:16.877 [http-nio-8082-exec-6] INFO  c.z.f.b.operationlog.aspect.ApiOperationLogAspect - ====== 请求结束: [根据用户 ID 查询用户信息], 耗时: 13ms, 出参: {"success":true,"message":null,"errorCode":null,"data":{"id":100,"nickName":"稚生","avatar":"https://my-xiaohongshu-oss.oss-cn-guangzhou.aliyuncs.com/ca709c5d72304bedbcf9ee14e4a3bcb2.jpg","introduction":"快乐法则🧼    轻松时刻🫧 "}} =================================== 
2025-10-14 19:29:16.878 [http-nio-8082-exec-6] INFO  c.z.f.b.context.filter.HeaderUserId2ContextFilter - ===== 删除 ThreadLocal， userId: 100
2025-10-14 19:29:47.134 [http-nio-8082-exec-10] INFO  c.z.f.b.context.filter.HeaderUserId2ContextFilter - ## HeaderUserId2ContextFilter, 用户 ID: 100
2025-10-14 19:29:47.136 [http-nio-8082-exec-10] INFO  c.z.f.b.operationlog.aspect.ApiOperationLogAspect - ====== 请求开始: [批量查询用户信息], 入参: {"ids":[100]}, 请求类: UserController, 请求方法: findByIds =================================== 
2025-10-14 19:29:47.138 [http-nio-8082-exec-10] INFO  c.z.f.b.operationlog.aspect.ApiOperationLogAspect - ====== 请求结束: [批量查询用户信息], 耗时: 2ms, 出参: {"success":true,"message":null,"errorCode":null,"data":[{"id":100,"nickName":"稚生","avatar":"https://my-xiaohongshu-oss.oss-cn-guangzhou.aliyuncs.com/ca709c5d72304bedbcf9ee14e4a3bcb2.jpg","introduction":"快乐法则🧼    轻松时刻🫧 "}]} =================================== 
2025-10-14 19:29:47.139 [http-nio-8082-exec-10] INFO  c.z.f.b.context.filter.HeaderUserId2ContextFilter - ===== 删除 ThreadLocal， userId: 100
2025-10-14 19:29:52.989 [http-nio-8082-exec-4] INFO  c.z.f.b.context.filter.HeaderUserId2ContextFilter - ## HeaderUserId2ContextFilter, 用户 ID: 100
2025-10-14 19:29:52.991 [http-nio-8082-exec-4] INFO  c.z.f.b.operationlog.aspect.ApiOperationLogAspect - ====== 请求开始: [批量查询用户信息], 入参: {"ids":[100]}, 请求类: UserController, 请求方法: findByIds =================================== 
2025-10-14 19:29:52.994 [http-nio-8082-exec-4] INFO  c.z.f.b.operationlog.aspect.ApiOperationLogAspect - ====== 请求结束: [批量查询用户信息], 耗时: 3ms, 出参: {"success":true,"message":null,"errorCode":null,"data":[{"id":100,"nickName":"稚生","avatar":"https://my-xiaohongshu-oss.oss-cn-guangzhou.aliyuncs.com/ca709c5d72304bedbcf9ee14e4a3bcb2.jpg","introduction":"快乐法则🧼    轻松时刻🫧 "}]} =================================== 
2025-10-14 19:29:52.995 [http-nio-8082-exec-4] INFO  c.z.f.b.context.filter.HeaderUserId2ContextFilter - ===== 删除 ThreadLocal， userId: 100
2025-10-14 19:33:39.332 [http-nio-8082-exec-8] INFO  c.z.f.b.context.filter.HeaderUserId2ContextFilter - ## HeaderUserId2ContextFilter, 用户 ID: 100
2025-10-14 19:33:39.360 [http-nio-8082-exec-8] INFO  c.z.f.b.operationlog.aspect.ApiOperationLogAspect - ====== 请求开始: [根据用户 ID 查询用户信息], 入参: {"id":100}, 请求类: UserController, 请求方法: findById =================================== 
2025-10-14 19:33:39.367 [http-nio-8082-exec-8] INFO  c.z.x.user.biz.service.impl.UserServiceImpl - ==> 从本地缓存中获取用户信息，id: 100, userInfo: {"id":100,"nickName":"稚生","avatar":"https://my-xiaohongshu-oss.oss-cn-guangzhou.aliyuncs.com/ca709c5d72304bedbcf9ee14e4a3bcb2.jpg","introduction":"快乐法则🧼    轻松时刻🫧 "}
2025-10-14 19:33:39.367 [http-nio-8082-exec-8] INFO  c.z.f.b.operationlog.aspect.ApiOperationLogAspect - ====== 请求结束: [根据用户 ID 查询用户信息], 耗时: 13ms, 出参: {"success":true,"message":null,"errorCode":null,"data":{"id":100,"nickName":"稚生","avatar":"https://my-xiaohongshu-oss.oss-cn-guangzhou.aliyuncs.com/ca709c5d72304bedbcf9ee14e4a3bcb2.jpg","introduction":"快乐法则🧼    轻松时刻🫧 "}} =================================== 
2025-10-14 19:33:39.369 [http-nio-8082-exec-8] INFO  c.z.f.b.context.filter.HeaderUserId2ContextFilter - ===== 删除 ThreadLocal， userId: 100
2025-10-14 19:33:39.413 [http-nio-8082-exec-7] INFO  c.z.f.b.context.filter.HeaderUserId2ContextFilter - ## HeaderUserId2ContextFilter, 用户 ID: 100
2025-10-14 19:33:39.414 [http-nio-8082-exec-7] INFO  c.z.f.b.operationlog.aspect.ApiOperationLogAspect - ====== 请求开始: [批量查询用户信息], 入参: {"ids":[100]}, 请求类: UserController, 请求方法: findByIds =================================== 
2025-10-14 19:33:39.416 [http-nio-8082-exec-7] INFO  c.z.f.b.operationlog.aspect.ApiOperationLogAspect - ====== 请求结束: [批量查询用户信息], 耗时: 2ms, 出参: {"success":true,"message":null,"errorCode":null,"data":[{"id":100,"nickName":"稚生","avatar":"https://my-xiaohongshu-oss.oss-cn-guangzhou.aliyuncs.com/ca709c5d72304bedbcf9ee14e4a3bcb2.jpg","introduction":"快乐法则🧼    轻松时刻🫧 "}]} =================================== 
2025-10-14 19:33:39.417 [http-nio-8082-exec-7] INFO  c.z.f.b.context.filter.HeaderUserId2ContextFilter - ===== 删除 ThreadLocal， userId: 100
2025-10-14 19:33:41.456 [http-nio-8082-exec-5] INFO  c.z.f.b.context.filter.HeaderUserId2ContextFilter - ## HeaderUserId2ContextFilter, 用户 ID: 100
2025-10-14 19:33:41.457 [http-nio-8082-exec-5] INFO  c.z.f.b.operationlog.aspect.ApiOperationLogAspect - ====== 请求开始: [批量查询用户信息], 入参: {"ids":[100]}, 请求类: UserController, 请求方法: findByIds =================================== 
2025-10-14 19:33:41.459 [http-nio-8082-exec-5] INFO  c.z.f.b.operationlog.aspect.ApiOperationLogAspect - ====== 请求结束: [批量查询用户信息], 耗时: 2ms, 出参: {"success":true,"message":null,"errorCode":null,"data":[{"id":100,"nickName":"稚生","avatar":"https://my-xiaohongshu-oss.oss-cn-guangzhou.aliyuncs.com/ca709c5d72304bedbcf9ee14e4a3bcb2.jpg","introduction":"快乐法则🧼    轻松时刻🫧 "}]} =================================== 
2025-10-14 19:33:41.460 [http-nio-8082-exec-5] INFO  c.z.f.b.context.filter.HeaderUserId2ContextFilter - ===== 删除 ThreadLocal， userId: 100
2025-10-14 19:33:43.922 [http-nio-8082-exec-2] INFO  c.z.f.b.context.filter.HeaderUserId2ContextFilter - ## HeaderUserId2ContextFilter, 用户 ID: 100
2025-10-14 19:33:43.925 [http-nio-8082-exec-2] INFO  c.z.f.b.operationlog.aspect.ApiOperationLogAspect - ====== 请求开始: [批量查询用户信息], 入参: {"ids":[null,100]}, 请求类: UserController, 请求方法: findByIds =================================== 
2025-10-14 19:33:43.983 [http-nio-8082-exec-2] DEBUG c.z.x.u.biz.domain.mapper.UserDOMapper.selectByIds - ==>  Preparing: select id,nickname,avatar,introduction from t_user where status = 0 and is_deleted = 0 and id in ( ? )
2025-10-14 19:33:43.994 [http-nio-8082-exec-2] DEBUG c.z.x.u.biz.domain.mapper.UserDOMapper.selectByIds - ==> Parameters: null
2025-10-14 19:33:44.005 [http-nio-8082-exec-2] DEBUG c.z.x.u.biz.domain.mapper.UserDOMapper.selectByIds - <==      Total: 0
2025-10-14 19:33:44.005 [http-nio-8082-exec-2] INFO  c.z.f.b.operationlog.aspect.ApiOperationLogAspect - ====== 请求结束: [批量查询用户信息], 耗时: 81ms, 出参: {"success":true,"message":null,"errorCode":null,"data":[{"id":100,"nickName":"稚生","avatar":"https://my-xiaohongshu-oss.oss-cn-guangzhou.aliyuncs.com/ca709c5d72304bedbcf9ee14e4a3bcb2.jpg","introduction":"快乐法则🧼    轻松时刻🫧 "}]} =================================== 
2025-10-14 19:33:44.006 [http-nio-8082-exec-2] INFO  c.z.f.b.context.filter.HeaderUserId2ContextFilter - ===== 删除 ThreadLocal， userId: 100
2025-10-14 19:33:47.589 [http-nio-8082-exec-3] INFO  c.z.f.b.context.filter.HeaderUserId2ContextFilter - ## HeaderUserId2ContextFilter, 用户 ID: 100
2025-10-14 19:33:47.591 [http-nio-8082-exec-3] INFO  c.z.f.b.operationlog.aspect.ApiOperationLogAspect - ====== 请求开始: [根据用户 ID 查询用户信息], 入参: {"id":100}, 请求类: UserController, 请求方法: findById =================================== 
2025-10-14 19:33:47.596 [http-nio-8082-exec-3] INFO  c.z.x.user.biz.service.impl.UserServiceImpl - ==> 从本地缓存中获取用户信息，id: 100, userInfo: {"id":100,"nickName":"稚生","avatar":"https://my-xiaohongshu-oss.oss-cn-guangzhou.aliyuncs.com/ca709c5d72304bedbcf9ee14e4a3bcb2.jpg","introduction":"快乐法则🧼    轻松时刻🫧 "}
2025-10-14 19:33:47.596 [http-nio-8082-exec-3] INFO  c.z.f.b.operationlog.aspect.ApiOperationLogAspect - ====== 请求结束: [根据用户 ID 查询用户信息], 耗时: 5ms, 出参: {"success":true,"message":null,"errorCode":null,"data":{"id":100,"nickName":"稚生","avatar":"https://my-xiaohongshu-oss.oss-cn-guangzhou.aliyuncs.com/ca709c5d72304bedbcf9ee14e4a3bcb2.jpg","introduction":"快乐法则🧼    轻松时刻🫧 "}} =================================== 
2025-10-14 19:33:47.598 [http-nio-8082-exec-3] INFO  c.z.f.b.context.filter.HeaderUserId2ContextFilter - ===== 删除 ThreadLocal， userId: 100
2025-10-14 19:33:47.625 [http-nio-8082-exec-6] INFO  c.z.f.b.context.filter.HeaderUserId2ContextFilter - ## HeaderUserId2ContextFilter, 用户 ID: 100
2025-10-14 19:33:47.627 [http-nio-8082-exec-6] INFO  c.z.f.b.operationlog.aspect.ApiOperationLogAspect - ====== 请求开始: [批量查询用户信息], 入参: {"ids":[100]}, 请求类: UserController, 请求方法: findByIds =================================== 
2025-10-14 19:33:47.629 [http-nio-8082-exec-6] INFO  c.z.f.b.operationlog.aspect.ApiOperationLogAspect - ====== 请求结束: [批量查询用户信息], 耗时: 2ms, 出参: {"success":true,"message":null,"errorCode":null,"data":[{"id":100,"nickName":"稚生","avatar":"https://my-xiaohongshu-oss.oss-cn-guangzhou.aliyuncs.com/ca709c5d72304bedbcf9ee14e4a3bcb2.jpg","introduction":"快乐法则🧼    轻松时刻🫧 "}]} =================================== 
2025-10-14 19:33:47.629 [http-nio-8082-exec-6] INFO  c.z.f.b.context.filter.HeaderUserId2ContextFilter - ===== 删除 ThreadLocal， userId: 100
2025-10-14 19:33:49.624 [http-nio-8082-exec-10] INFO  c.z.f.b.context.filter.HeaderUserId2ContextFilter - ## HeaderUserId2ContextFilter, 用户 ID: 100
2025-10-14 19:33:49.624 [http-nio-8082-exec-10] INFO  c.z.f.b.operationlog.aspect.ApiOperationLogAspect - ====== 请求开始: [批量查询用户信息], 入参: {"ids":[100]}, 请求类: UserController, 请求方法: findByIds =================================== 
2025-10-14 19:33:49.627 [http-nio-8082-exec-10] INFO  c.z.f.b.operationlog.aspect.ApiOperationLogAspect - ====== 请求结束: [批量查询用户信息], 耗时: 3ms, 出参: {"success":true,"message":null,"errorCode":null,"data":[{"id":100,"nickName":"稚生","avatar":"https://my-xiaohongshu-oss.oss-cn-guangzhou.aliyuncs.com/ca709c5d72304bedbcf9ee14e4a3bcb2.jpg","introduction":"快乐法则🧼    轻松时刻🫧 "}]} =================================== 
2025-10-14 19:33:49.627 [http-nio-8082-exec-10] INFO  c.z.f.b.context.filter.HeaderUserId2ContextFilter - ===== 删除 ThreadLocal， userId: 100
2025-10-14 19:33:56.393 [http-nio-8082-exec-4] INFO  c.z.f.b.context.filter.HeaderUserId2ContextFilter - ## HeaderUserId2ContextFilter, 用户 ID: 100
2025-10-14 19:33:56.394 [http-nio-8082-exec-4] INFO  c.z.f.b.operationlog.aspect.ApiOperationLogAspect - ====== 请求开始: [批量查询用户信息], 入参: {"ids":[100]}, 请求类: UserController, 请求方法: findByIds =================================== 
2025-10-14 19:33:56.396 [http-nio-8082-exec-4] INFO  c.z.f.b.operationlog.aspect.ApiOperationLogAspect - ====== 请求结束: [批量查询用户信息], 耗时: 2ms, 出参: {"success":true,"message":null,"errorCode":null,"data":[{"id":100,"nickName":"稚生","avatar":"https://my-xiaohongshu-oss.oss-cn-guangzhou.aliyuncs.com/ca709c5d72304bedbcf9ee14e4a3bcb2.jpg","introduction":"快乐法则🧼    轻松时刻🫧 "}]} =================================== 
2025-10-14 19:33:56.397 [http-nio-8082-exec-4] INFO  c.z.f.b.context.filter.HeaderUserId2ContextFilter - ===== 删除 ThreadLocal， userId: 100
2025-10-14 19:34:44.609 [http-nio-8082-exec-9] INFO  c.z.f.b.context.filter.HeaderUserId2ContextFilter - ## HeaderUserId2ContextFilter, 用户 ID: 100
2025-10-14 19:34:44.611 [http-nio-8082-exec-9] INFO  c.z.f.b.operationlog.aspect.ApiOperationLogAspect - ====== 请求开始: [批量查询用户信息], 入参: {"ids":[100]}, 请求类: UserController, 请求方法: findByIds =================================== 
2025-10-14 19:34:44.613 [http-nio-8082-exec-9] INFO  c.z.f.b.operationlog.aspect.ApiOperationLogAspect - ====== 请求结束: [批量查询用户信息], 耗时: 3ms, 出参: {"success":true,"message":null,"errorCode":null,"data":[{"id":100,"nickName":"稚生","avatar":"https://my-xiaohongshu-oss.oss-cn-guangzhou.aliyuncs.com/ca709c5d72304bedbcf9ee14e4a3bcb2.jpg","introduction":"快乐法则🧼    轻松时刻🫧 "}]} =================================== 
2025-10-14 19:34:44.615 [http-nio-8082-exec-9] INFO  c.z.f.b.context.filter.HeaderUserId2ContextFilter - ===== 删除 ThreadLocal， userId: 100
2025-10-14 19:36:07.149 [http-nio-8082-exec-7] INFO  c.z.f.b.context.filter.HeaderUserId2ContextFilter - ## HeaderUserId2ContextFilter, 用户 ID: 100
2025-10-14 19:36:07.149 [http-nio-8082-exec-7] INFO  c.z.f.b.operationlog.aspect.ApiOperationLogAspect - ====== 请求开始: [批量查询用户信息], 入参: {"ids":[100]}, 请求类: UserController, 请求方法: findByIds =================================== 
2025-10-14 19:36:07.152 [http-nio-8082-exec-7] INFO  c.z.f.b.operationlog.aspect.ApiOperationLogAspect - ====== 请求结束: [批量查询用户信息], 耗时: 3ms, 出参: {"success":true,"message":null,"errorCode":null,"data":[{"id":100,"nickName":"稚生","avatar":"https://my-xiaohongshu-oss.oss-cn-guangzhou.aliyuncs.com/ca709c5d72304bedbcf9ee14e4a3bcb2.jpg","introduction":"快乐法则🧼    轻松时刻🫧 "}]} =================================== 
2025-10-14 19:36:07.153 [http-nio-8082-exec-7] INFO  c.z.f.b.context.filter.HeaderUserId2ContextFilter - ===== 删除 ThreadLocal， userId: 100
2025-10-14 19:36:09.661 [http-nio-8082-exec-5] INFO  c.z.f.b.context.filter.HeaderUserId2ContextFilter - ## HeaderUserId2ContextFilter, 用户 ID: 100
2025-10-14 19:36:09.662 [http-nio-8082-exec-5] INFO  c.z.f.b.operationlog.aspect.ApiOperationLogAspect - ====== 请求开始: [批量查询用户信息], 入参: {"ids":[100]}, 请求类: UserController, 请求方法: findByIds =================================== 
2025-10-14 19:36:09.664 [http-nio-8082-exec-5] INFO  c.z.f.b.operationlog.aspect.ApiOperationLogAspect - ====== 请求结束: [批量查询用户信息], 耗时: 3ms, 出参: {"success":true,"message":null,"errorCode":null,"data":[{"id":100,"nickName":"稚生","avatar":"https://my-xiaohongshu-oss.oss-cn-guangzhou.aliyuncs.com/ca709c5d72304bedbcf9ee14e4a3bcb2.jpg","introduction":"快乐法则🧼    轻松时刻🫧 "}]} =================================== 
2025-10-14 19:36:09.664 [http-nio-8082-exec-5] INFO  c.z.f.b.context.filter.HeaderUserId2ContextFilter - ===== 删除 ThreadLocal， userId: 100
2025-10-14 19:36:14.876 [http-nio-8082-exec-2] INFO  c.z.f.b.context.filter.HeaderUserId2ContextFilter - ## HeaderUserId2ContextFilter, 用户 ID: 100
2025-10-14 19:36:14.877 [http-nio-8082-exec-2] INFO  c.z.f.b.operationlog.aspect.ApiOperationLogAspect - ====== 请求开始: [批量查询用户信息], 入参: {"ids":[100]}, 请求类: UserController, 请求方法: findByIds =================================== 
2025-10-14 19:36:14.879 [http-nio-8082-exec-2] INFO  c.z.f.b.operationlog.aspect.ApiOperationLogAspect - ====== 请求结束: [批量查询用户信息], 耗时: 2ms, 出参: {"success":true,"message":null,"errorCode":null,"data":[{"id":100,"nickName":"稚生","avatar":"https://my-xiaohongshu-oss.oss-cn-guangzhou.aliyuncs.com/ca709c5d72304bedbcf9ee14e4a3bcb2.jpg","introduction":"快乐法则🧼    轻松时刻🫧 "}]} =================================== 
2025-10-14 19:36:14.880 [http-nio-8082-exec-2] INFO  c.z.f.b.context.filter.HeaderUserId2ContextFilter - ===== 删除 ThreadLocal， userId: 100
2025-10-14 19:36:16.259 [http-nio-8082-exec-3] INFO  c.z.f.b.context.filter.HeaderUserId2ContextFilter - ## HeaderUserId2ContextFilter, 用户 ID: 100
2025-10-14 19:36:16.259 [http-nio-8082-exec-3] INFO  c.z.f.b.operationlog.aspect.ApiOperationLogAspect - ====== 请求开始: [批量查询用户信息], 入参: {"ids":[100]}, 请求类: UserController, 请求方法: findByIds =================================== 
2025-10-14 19:36:16.260 [http-nio-8082-exec-3] INFO  c.z.f.b.operationlog.aspect.ApiOperationLogAspect - ====== 请求结束: [批量查询用户信息], 耗时: 1ms, 出参: {"success":true,"message":null,"errorCode":null,"data":[{"id":100,"nickName":"稚生","avatar":"https://my-xiaohongshu-oss.oss-cn-guangzhou.aliyuncs.com/ca709c5d72304bedbcf9ee14e4a3bcb2.jpg","introduction":"快乐法则🧼    轻松时刻🫧 "}]} =================================== 
2025-10-14 19:36:16.261 [http-nio-8082-exec-3] INFO  c.z.f.b.context.filter.HeaderUserId2ContextFilter - ===== 删除 ThreadLocal， userId: 100
2025-10-14 19:36:25.221 [http-nio-8082-exec-6] INFO  c.z.f.b.context.filter.HeaderUserId2ContextFilter - ## HeaderUserId2ContextFilter, 用户 ID: 100
2025-10-14 19:36:25.221 [http-nio-8082-exec-6] INFO  c.z.f.b.operationlog.aspect.ApiOperationLogAspect - ====== 请求开始: [批量查询用户信息], 入参: {"ids":[100]}, 请求类: UserController, 请求方法: findByIds =================================== 
2025-10-14 19:36:25.224 [http-nio-8082-exec-6] INFO  c.z.f.b.operationlog.aspect.ApiOperationLogAspect - ====== 请求结束: [批量查询用户信息], 耗时: 3ms, 出参: {"success":true,"message":null,"errorCode":null,"data":[{"id":100,"nickName":"稚生","avatar":"https://my-xiaohongshu-oss.oss-cn-guangzhou.aliyuncs.com/ca709c5d72304bedbcf9ee14e4a3bcb2.jpg","introduction":"快乐法则🧼    轻松时刻🫧 "}]} =================================== 
2025-10-14 19:36:25.225 [http-nio-8082-exec-6] INFO  c.z.f.b.context.filter.HeaderUserId2ContextFilter - ===== 删除 ThreadLocal， userId: 100
2025-10-14 19:36:46.392 [http-nio-8082-exec-10] INFO  c.z.f.b.context.filter.HeaderUserId2ContextFilter - ## HeaderUserId2ContextFilter, 用户 ID: 100
2025-10-14 19:36:46.394 [http-nio-8082-exec-10] INFO  c.z.f.b.operationlog.aspect.ApiOperationLogAspect - ====== 请求开始: [批量查询用户信息], 入参: {"ids":[100]}, 请求类: UserController, 请求方法: findByIds =================================== 
2025-10-14 19:36:46.396 [http-nio-8082-exec-10] INFO  c.z.f.b.operationlog.aspect.ApiOperationLogAspect - ====== 请求结束: [批量查询用户信息], 耗时: 2ms, 出参: {"success":true,"message":null,"errorCode":null,"data":[{"id":100,"nickName":"稚生","avatar":"https://my-xiaohongshu-oss.oss-cn-guangzhou.aliyuncs.com/ca709c5d72304bedbcf9ee14e4a3bcb2.jpg","introduction":"快乐法则🧼    轻松时刻🫧 "}]} =================================== 
2025-10-14 19:36:46.397 [http-nio-8082-exec-10] INFO  c.z.f.b.context.filter.HeaderUserId2ContextFilter - ===== 删除 ThreadLocal， userId: 100
2025-10-14 19:36:48.956 [http-nio-8082-exec-4] INFO  c.z.f.b.context.filter.HeaderUserId2ContextFilter - ## HeaderUserId2ContextFilter, 用户 ID: 100
2025-10-14 19:36:48.957 [http-nio-8082-exec-4] INFO  c.z.f.b.operationlog.aspect.ApiOperationLogAspect - ====== 请求开始: [根据用户 ID 查询用户信息], 入参: {"id":100}, 请求类: UserController, 请求方法: findById =================================== 
2025-10-14 19:36:48.957 [http-nio-8082-exec-4] INFO  c.z.x.user.biz.service.impl.UserServiceImpl - ==> 从本地缓存中获取用户信息，id: 100, userInfo: {"id":100,"nickName":"稚生","avatar":"https://my-xiaohongshu-oss.oss-cn-guangzhou.aliyuncs.com/ca709c5d72304bedbcf9ee14e4a3bcb2.jpg","introduction":"快乐法则🧼    轻松时刻🫧 "}
2025-10-14 19:36:48.957 [http-nio-8082-exec-4] INFO  c.z.f.b.operationlog.aspect.ApiOperationLogAspect - ====== 请求结束: [根据用户 ID 查询用户信息], 耗时: 0ms, 出参: {"success":true,"message":null,"errorCode":null,"data":{"id":100,"nickName":"稚生","avatar":"https://my-xiaohongshu-oss.oss-cn-guangzhou.aliyuncs.com/ca709c5d72304bedbcf9ee14e4a3bcb2.jpg","introduction":"快乐法则🧼    轻松时刻🫧 "}} =================================== 
2025-10-14 19:36:48.958 [http-nio-8082-exec-4] INFO  c.z.f.b.context.filter.HeaderUserId2ContextFilter - ===== 删除 ThreadLocal， userId: 100
2025-10-14 19:36:54.408 [http-nio-8082-exec-9] INFO  c.z.f.b.context.filter.HeaderUserId2ContextFilter - ## HeaderUserId2ContextFilter, 用户 ID: 100
2025-10-14 19:36:54.409 [http-nio-8082-exec-9] INFO  c.z.f.b.operationlog.aspect.ApiOperationLogAspect - ====== 请求开始: [批量查询用户信息], 入参: {"ids":[100]}, 请求类: UserController, 请求方法: findByIds =================================== 
2025-10-14 19:36:54.411 [http-nio-8082-exec-9] INFO  c.z.f.b.operationlog.aspect.ApiOperationLogAspect - ====== 请求结束: [批量查询用户信息], 耗时: 2ms, 出参: {"success":true,"message":null,"errorCode":null,"data":[{"id":100,"nickName":"稚生","avatar":"https://my-xiaohongshu-oss.oss-cn-guangzhou.aliyuncs.com/ca709c5d72304bedbcf9ee14e4a3bcb2.jpg","introduction":"快乐法则🧼    轻松时刻🫧 "}]} =================================== 
2025-10-14 19:36:54.412 [http-nio-8082-exec-9] INFO  c.z.f.b.context.filter.HeaderUserId2ContextFilter - ===== 删除 ThreadLocal， userId: 100
2025-10-14 19:37:06.297 [http-nio-8082-exec-1] INFO  c.z.f.b.context.filter.HeaderUserId2ContextFilter - ## HeaderUserId2ContextFilter, 用户 ID: 100
2025-10-14 19:37:06.298 [http-nio-8082-exec-1] INFO  c.z.f.b.operationlog.aspect.ApiOperationLogAspect - ====== 请求开始: [批量查询用户信息], 入参: {"ids":[100]}, 请求类: UserController, 请求方法: findByIds =================================== 
2025-10-14 19:37:06.300 [http-nio-8082-exec-1] INFO  c.z.f.b.operationlog.aspect.ApiOperationLogAspect - ====== 请求结束: [批量查询用户信息], 耗时: 2ms, 出参: {"success":true,"message":null,"errorCode":null,"data":[{"id":100,"nickName":"稚生","avatar":"https://my-xiaohongshu-oss.oss-cn-guangzhou.aliyuncs.com/ca709c5d72304bedbcf9ee14e4a3bcb2.jpg","introduction":"快乐法则🧼    轻松时刻🫧 "}]} =================================== 
2025-10-14 19:37:06.301 [http-nio-8082-exec-1] INFO  c.z.f.b.context.filter.HeaderUserId2ContextFilter - ===== 删除 ThreadLocal， userId: 100
2025-10-14 19:37:10.600 [http-nio-8082-exec-8] INFO  c.z.f.b.context.filter.HeaderUserId2ContextFilter - ## HeaderUserId2ContextFilter, 用户 ID: 100
2025-10-14 19:37:10.601 [http-nio-8082-exec-8] INFO  c.z.f.b.operationlog.aspect.ApiOperationLogAspect - ====== 请求开始: [批量查询用户信息], 入参: {"ids":[100]}, 请求类: UserController, 请求方法: findByIds =================================== 
2025-10-14 19:37:10.604 [http-nio-8082-exec-8] INFO  c.z.f.b.operationlog.aspect.ApiOperationLogAspect - ====== 请求结束: [批量查询用户信息], 耗时: 2ms, 出参: {"success":true,"message":null,"errorCode":null,"data":[{"id":100,"nickName":"稚生","avatar":"https://my-xiaohongshu-oss.oss-cn-guangzhou.aliyuncs.com/ca709c5d72304bedbcf9ee14e4a3bcb2.jpg","introduction":"快乐法则🧼    轻松时刻🫧 "}]} =================================== 
2025-10-14 19:37:10.605 [http-nio-8082-exec-8] INFO  c.z.f.b.context.filter.HeaderUserId2ContextFilter - ===== 删除 ThreadLocal， userId: 100
2025-10-14 19:42:46.249 [http-nio-8082-exec-5] INFO  c.z.f.b.context.filter.HeaderUserId2ContextFilter - ## HeaderUserId2ContextFilter, 用户 ID: 100
2025-10-14 19:42:46.256 [http-nio-8082-exec-5] INFO  c.z.f.b.operationlog.aspect.ApiOperationLogAspect - ====== 请求开始: [批量查询用户信息], 入参: {"ids":[100]}, 请求类: UserController, 请求方法: findByIds =================================== 
2025-10-14 19:42:46.261 [http-nio-8082-exec-5] INFO  c.z.f.b.operationlog.aspect.ApiOperationLogAspect - ====== 请求结束: [批量查询用户信息], 耗时: 5ms, 出参: {"success":true,"message":null,"errorCode":null,"data":[{"id":100,"nickName":"稚生","avatar":"https://my-xiaohongshu-oss.oss-cn-guangzhou.aliyuncs.com/ca709c5d72304bedbcf9ee14e4a3bcb2.jpg","introduction":"快乐法则🧼    轻松时刻🫧 "}]} =================================== 
2025-10-14 19:42:46.265 [http-nio-8082-exec-5] INFO  c.z.f.b.context.filter.HeaderUserId2ContextFilter - ===== 删除 ThreadLocal， userId: 100
2025-10-14 19:43:01.898 [http-nio-8082-exec-2] INFO  c.z.f.b.context.filter.HeaderUserId2ContextFilter - ## HeaderUserId2ContextFilter, 用户 ID: 100
2025-10-14 19:43:01.900 [http-nio-8082-exec-2] INFO  c.z.f.b.operationlog.aspect.ApiOperationLogAspect - ====== 请求开始: [根据用户 ID 查询用户信息], 入参: {"id":100}, 请求类: UserController, 请求方法: findById =================================== 
2025-10-14 19:43:01.902 [http-nio-8082-exec-2] INFO  c.z.x.user.biz.service.impl.UserServiceImpl - ==> 从本地缓存中获取用户信息，id: 100, userInfo: {"id":100,"nickName":"稚生","avatar":"https://my-xiaohongshu-oss.oss-cn-guangzhou.aliyuncs.com/ca709c5d72304bedbcf9ee14e4a3bcb2.jpg","introduction":"快乐法则🧼    轻松时刻🫧 "}
2025-10-14 19:43:01.902 [http-nio-8082-exec-2] INFO  c.z.f.b.operationlog.aspect.ApiOperationLogAspect - ====== 请求结束: [根据用户 ID 查询用户信息], 耗时: 2ms, 出参: {"success":true,"message":null,"errorCode":null,"data":{"id":100,"nickName":"稚生","avatar":"https://my-xiaohongshu-oss.oss-cn-guangzhou.aliyuncs.com/ca709c5d72304bedbcf9ee14e4a3bcb2.jpg","introduction":"快乐法则🧼    轻松时刻🫧 "}} =================================== 
2025-10-14 19:43:01.903 [http-nio-8082-exec-2] INFO  c.z.f.b.context.filter.HeaderUserId2ContextFilter - ===== 删除 ThreadLocal， userId: 100
2025-10-14 19:43:01.995 [http-nio-8082-exec-3] INFO  c.z.f.b.context.filter.HeaderUserId2ContextFilter - ## HeaderUserId2ContextFilter, 用户 ID: 100
2025-10-14 19:43:01.998 [http-nio-8082-exec-3] INFO  c.z.f.b.operationlog.aspect.ApiOperationLogAspect - ====== 请求开始: [批量查询用户信息], 入参: {"ids":[100]}, 请求类: UserController, 请求方法: findByIds =================================== 
2025-10-14 19:43:02.001 [http-nio-8082-exec-3] INFO  c.z.f.b.operationlog.aspect.ApiOperationLogAspect - ====== 请求结束: [批量查询用户信息], 耗时: 3ms, 出参: {"success":true,"message":null,"errorCode":null,"data":[{"id":100,"nickName":"稚生","avatar":"https://my-xiaohongshu-oss.oss-cn-guangzhou.aliyuncs.com/ca709c5d72304bedbcf9ee14e4a3bcb2.jpg","introduction":"快乐法则🧼    轻松时刻🫧 "}]} =================================== 
2025-10-14 19:43:02.001 [http-nio-8082-exec-3] INFO  c.z.f.b.context.filter.HeaderUserId2ContextFilter - ===== 删除 ThreadLocal， userId: 100
2025-10-14 19:43:22.862 [http-nio-8082-exec-6] INFO  c.z.f.b.context.filter.HeaderUserId2ContextFilter - ## HeaderUserId2ContextFilter, 用户 ID: 100
2025-10-14 19:43:22.863 [http-nio-8082-exec-6] INFO  c.z.f.b.operationlog.aspect.ApiOperationLogAspect - ====== 请求开始: [批量查询用户信息], 入参: {"ids":[100]}, 请求类: UserController, 请求方法: findByIds =================================== 
2025-10-14 19:43:22.865 [http-nio-8082-exec-6] INFO  c.z.f.b.operationlog.aspect.ApiOperationLogAspect - ====== 请求结束: [批量查询用户信息], 耗时: 2ms, 出参: {"success":true,"message":null,"errorCode":null,"data":[{"id":100,"nickName":"稚生","avatar":"https://my-xiaohongshu-oss.oss-cn-guangzhou.aliyuncs.com/ca709c5d72304bedbcf9ee14e4a3bcb2.jpg","introduction":"快乐法则🧼    轻松时刻🫧 "}]} =================================== 
2025-10-14 19:43:22.866 [http-nio-8082-exec-6] INFO  c.z.f.b.context.filter.HeaderUserId2ContextFilter - ===== 删除 ThreadLocal， userId: 100
2025-10-14 19:43:27.531 [http-nio-8082-exec-10] INFO  c.z.f.b.context.filter.HeaderUserId2ContextFilter - ## HeaderUserId2ContextFilter, 用户 ID: 100
2025-10-14 19:43:27.533 [http-nio-8082-exec-10] INFO  c.z.f.b.operationlog.aspect.ApiOperationLogAspect - ====== 请求开始: [批量查询用户信息], 入参: {"ids":[100]}, 请求类: UserController, 请求方法: findByIds =================================== 
2025-10-14 19:43:27.535 [http-nio-8082-exec-10] INFO  c.z.f.b.operationlog.aspect.ApiOperationLogAspect - ====== 请求结束: [批量查询用户信息], 耗时: 2ms, 出参: {"success":true,"message":null,"errorCode":null,"data":[{"id":100,"nickName":"稚生","avatar":"https://my-xiaohongshu-oss.oss-cn-guangzhou.aliyuncs.com/ca709c5d72304bedbcf9ee14e4a3bcb2.jpg","introduction":"快乐法则🧼    轻松时刻🫧 "}]} =================================== 
2025-10-14 19:43:27.536 [http-nio-8082-exec-10] INFO  c.z.f.b.context.filter.HeaderUserId2ContextFilter - ===== 删除 ThreadLocal， userId: 100
2025-10-14 19:45:35.457 [http-nio-8082-exec-1] INFO  c.z.f.b.context.filter.HeaderUserId2ContextFilter - ## HeaderUserId2ContextFilter, 用户 ID: 100
2025-10-14 19:45:35.458 [http-nio-8082-exec-1] INFO  c.z.f.b.operationlog.aspect.ApiOperationLogAspect - ====== 请求开始: [批量查询用户信息], 入参: {"ids":[100]}, 请求类: UserController, 请求方法: findByIds =================================== 
2025-10-14 19:45:35.460 [http-nio-8082-exec-1] INFO  c.z.f.b.operationlog.aspect.ApiOperationLogAspect - ====== 请求结束: [批量查询用户信息], 耗时: 1ms, 出参: {"success":true,"message":null,"errorCode":null,"data":[{"id":100,"nickName":"稚生","avatar":"https://my-xiaohongshu-oss.oss-cn-guangzhou.aliyuncs.com/ca709c5d72304bedbcf9ee14e4a3bcb2.jpg","introduction":"快乐法则🧼    轻松时刻🫧 "}]} =================================== 
2025-10-14 19:45:35.461 [http-nio-8082-exec-1] INFO  c.z.f.b.context.filter.HeaderUserId2ContextFilter - ===== 删除 ThreadLocal， userId: 100
2025-10-14 19:53:18.180 [http-nio-8082-exec-7] INFO  c.z.f.b.context.filter.HeaderUserId2ContextFilter - ## HeaderUserId2ContextFilter, 用户 ID: 100
2025-10-14 19:53:18.189 [http-nio-8082-exec-7] INFO  c.z.f.b.operationlog.aspect.ApiOperationLogAspect - ====== 请求开始: [批量查询用户信息], 入参: {"ids":[100]}, 请求类: UserController, 请求方法: findByIds =================================== 
2025-10-14 19:53:18.194 [http-nio-8082-exec-7] INFO  c.z.f.b.operationlog.aspect.ApiOperationLogAspect - ====== 请求结束: [批量查询用户信息], 耗时: 5ms, 出参: {"success":true,"message":null,"errorCode":null,"data":[{"id":100,"nickName":"稚生","avatar":"https://my-xiaohongshu-oss.oss-cn-guangzhou.aliyuncs.com/ca709c5d72304bedbcf9ee14e4a3bcb2.jpg","introduction":"快乐法则🧼    轻松时刻🫧 "}]} =================================== 
2025-10-14 19:53:18.196 [http-nio-8082-exec-7] INFO  c.z.f.b.context.filter.HeaderUserId2ContextFilter - ===== 删除 ThreadLocal， userId: 100
2025-10-14 20:00:21.550 [http-nio-8082-exec-2] INFO  c.z.f.b.context.filter.HeaderUserId2ContextFilter - ## HeaderUserId2ContextFilter, 用户 ID: 100
2025-10-14 20:00:21.562 [http-nio-8082-exec-2] INFO  c.z.f.b.operationlog.aspect.ApiOperationLogAspect - ====== 请求开始: [批量查询用户信息], 入参: {"ids":[100]}, 请求类: UserController, 请求方法: findByIds =================================== 
2025-10-14 20:00:21.568 [http-nio-8082-exec-2] INFO  c.z.f.b.operationlog.aspect.ApiOperationLogAspect - ====== 请求结束: [批量查询用户信息], 耗时: 6ms, 出参: {"success":true,"message":null,"errorCode":null,"data":[{"id":100,"nickName":"稚生","avatar":"https://my-xiaohongshu-oss.oss-cn-guangzhou.aliyuncs.com/ca709c5d72304bedbcf9ee14e4a3bcb2.jpg","introduction":"快乐法则🧼    轻松时刻🫧 "}]} =================================== 
2025-10-14 20:00:21.572 [http-nio-8082-exec-2] INFO  c.z.f.b.context.filter.HeaderUserId2ContextFilter - ===== 删除 ThreadLocal， userId: 100
2025-10-14 20:00:30.903 [http-nio-8082-exec-3] INFO  c.z.f.b.context.filter.HeaderUserId2ContextFilter - ## HeaderUserId2ContextFilter, 用户 ID: 100
2025-10-14 20:00:30.904 [http-nio-8082-exec-3] INFO  c.z.f.b.operationlog.aspect.ApiOperationLogAspect - ====== 请求开始: [批量查询用户信息], 入参: {"ids":[100]}, 请求类: UserController, 请求方法: findByIds =================================== 
2025-10-14 20:00:30.905 [http-nio-8082-exec-3] INFO  c.z.f.b.operationlog.aspect.ApiOperationLogAspect - ====== 请求结束: [批量查询用户信息], 耗时: 2ms, 出参: {"success":true,"message":null,"errorCode":null,"data":[{"id":100,"nickName":"稚生","avatar":"https://my-xiaohongshu-oss.oss-cn-guangzhou.aliyuncs.com/ca709c5d72304bedbcf9ee14e4a3bcb2.jpg","introduction":"快乐法则🧼    轻松时刻🫧 "}]} =================================== 
2025-10-14 20:00:30.907 [http-nio-8082-exec-3] INFO  c.z.f.b.context.filter.HeaderUserId2ContextFilter - ===== 删除 ThreadLocal， userId: 100
2025-10-14 20:00:36.340 [http-nio-8082-exec-6] INFO  c.z.f.b.context.filter.HeaderUserId2ContextFilter - ## HeaderUserId2ContextFilter, 用户 ID: 100
2025-10-14 20:00:36.341 [http-nio-8082-exec-6] INFO  c.z.f.b.operationlog.aspect.ApiOperationLogAspect - ====== 请求开始: [批量查询用户信息], 入参: {"ids":[100]}, 请求类: UserController, 请求方法: findByIds =================================== 
2025-10-14 20:00:36.343 [http-nio-8082-exec-6] INFO  c.z.f.b.operationlog.aspect.ApiOperationLogAspect - ====== 请求结束: [批量查询用户信息], 耗时: 2ms, 出参: {"success":true,"message":null,"errorCode":null,"data":[{"id":100,"nickName":"稚生","avatar":"https://my-xiaohongshu-oss.oss-cn-guangzhou.aliyuncs.com/ca709c5d72304bedbcf9ee14e4a3bcb2.jpg","introduction":"快乐法则🧼    轻松时刻🫧 "}]} =================================== 
2025-10-14 20:00:36.344 [http-nio-8082-exec-6] INFO  c.z.f.b.context.filter.HeaderUserId2ContextFilter - ===== 删除 ThreadLocal， userId: 100
2025-10-14 20:01:11.997 [http-nio-8082-exec-10] INFO  c.z.f.b.context.filter.HeaderUserId2ContextFilter - ## HeaderUserId2ContextFilter, 用户 ID: 100
2025-10-14 20:01:11.998 [http-nio-8082-exec-10] INFO  c.z.f.b.operationlog.aspect.ApiOperationLogAspect - ====== 请求开始: [批量查询用户信息], 入参: {"ids":[100]}, 请求类: UserController, 请求方法: findByIds =================================== 
2025-10-14 20:01:12.001 [http-nio-8082-exec-10] INFO  c.z.f.b.operationlog.aspect.ApiOperationLogAspect - ====== 请求结束: [批量查询用户信息], 耗时: 3ms, 出参: {"success":true,"message":null,"errorCode":null,"data":[{"id":100,"nickName":"稚生","avatar":"https://my-xiaohongshu-oss.oss-cn-guangzhou.aliyuncs.com/ca709c5d72304bedbcf9ee14e4a3bcb2.jpg","introduction":"快乐法则🧼    轻松时刻🫧 "}]} =================================== 
2025-10-14 20:01:12.002 [http-nio-8082-exec-10] INFO  c.z.f.b.context.filter.HeaderUserId2ContextFilter - ===== 删除 ThreadLocal， userId: 100
2025-10-14 20:06:11.889 [http-nio-8082-exec-9] INFO  c.z.f.b.context.filter.HeaderUserId2ContextFilter - ## HeaderUserId2ContextFilter, 用户 ID: 100
2025-10-14 20:06:11.902 [http-nio-8082-exec-9] INFO  c.z.f.b.operationlog.aspect.ApiOperationLogAspect - ====== 请求开始: [批量查询用户信息], 入参: {"ids":[100]}, 请求类: UserController, 请求方法: findByIds =================================== 
2025-10-14 20:06:11.908 [http-nio-8082-exec-9] INFO  c.z.f.b.operationlog.aspect.ApiOperationLogAspect - ====== 请求结束: [批量查询用户信息], 耗时: 7ms, 出参: {"success":true,"message":null,"errorCode":null,"data":[{"id":100,"nickName":"稚生","avatar":"https://my-xiaohongshu-oss.oss-cn-guangzhou.aliyuncs.com/ca709c5d72304bedbcf9ee14e4a3bcb2.jpg","introduction":"快乐法则🧼    轻松时刻🫧 "}]} =================================== 
2025-10-14 20:06:11.912 [http-nio-8082-exec-9] INFO  c.z.f.b.context.filter.HeaderUserId2ContextFilter - ===== 删除 ThreadLocal， userId: 100
2025-10-14 20:15:37.666 [http-nio-8082-exec-8] INFO  c.z.f.b.context.filter.HeaderUserId2ContextFilter - ## HeaderUserId2ContextFilter, 用户 ID: 100
2025-10-14 20:15:37.687 [http-nio-8082-exec-8] INFO  c.z.f.b.operationlog.aspect.ApiOperationLogAspect - ====== 请求开始: [批量查询用户信息], 入参: {"ids":[100]}, 请求类: UserController, 请求方法: findByIds =================================== 
2025-10-14 20:15:37.696 [http-nio-8082-exec-8] INFO  c.z.f.b.operationlog.aspect.ApiOperationLogAspect - ====== 请求结束: [批量查询用户信息], 耗时: 11ms, 出参: {"success":true,"message":null,"errorCode":null,"data":[{"id":100,"nickName":"稚生","avatar":"https://my-xiaohongshu-oss.oss-cn-guangzhou.aliyuncs.com/ca709c5d72304bedbcf9ee14e4a3bcb2.jpg","introduction":"快乐法则🧼    轻松时刻🫧 "}]} =================================== 
2025-10-14 20:15:37.702 [http-nio-8082-exec-8] INFO  c.z.f.b.context.filter.HeaderUserId2ContextFilter - ===== 删除 ThreadLocal， userId: 100
2025-10-14 20:16:02.524 [http-nio-8082-exec-7] INFO  c.z.f.b.context.filter.HeaderUserId2ContextFilter - ## HeaderUserId2ContextFilter, 用户 ID: 100
2025-10-14 20:16:02.526 [http-nio-8082-exec-7] INFO  c.z.f.b.operationlog.aspect.ApiOperationLogAspect - ====== 请求开始: [批量查询用户信息], 入参: {"ids":[100]}, 请求类: UserController, 请求方法: findByIds =================================== 
2025-10-14 20:16:02.536 [http-nio-8082-exec-7] INFO  c.z.f.b.operationlog.aspect.ApiOperationLogAspect - ====== 请求结束: [批量查询用户信息], 耗时: 10ms, 出参: {"success":true,"message":null,"errorCode":null,"data":[{"id":100,"nickName":"稚生","avatar":"https://my-xiaohongshu-oss.oss-cn-guangzhou.aliyuncs.com/ca709c5d72304bedbcf9ee14e4a3bcb2.jpg","introduction":"快乐法则🧼    轻松时刻🫧 "}]} =================================== 
2025-10-14 20:16:02.537 [http-nio-8082-exec-7] INFO  c.z.f.b.context.filter.HeaderUserId2ContextFilter - ===== 删除 ThreadLocal， userId: 100
2025-10-14 20:16:08.245 [http-nio-8082-exec-5] INFO  c.z.f.b.context.filter.HeaderUserId2ContextFilter - ## HeaderUserId2ContextFilter, 用户 ID: 100
2025-10-14 20:16:08.247 [http-nio-8082-exec-5] INFO  c.z.f.b.operationlog.aspect.ApiOperationLogAspect - ====== 请求开始: [批量查询用户信息], 入参: {"ids":[100]}, 请求类: UserController, 请求方法: findByIds =================================== 
2025-10-14 20:16:08.250 [http-nio-8082-exec-5] INFO  c.z.f.b.operationlog.aspect.ApiOperationLogAspect - ====== 请求结束: [批量查询用户信息], 耗时: 3ms, 出参: {"success":true,"message":null,"errorCode":null,"data":[{"id":100,"nickName":"稚生","avatar":"https://my-xiaohongshu-oss.oss-cn-guangzhou.aliyuncs.com/ca709c5d72304bedbcf9ee14e4a3bcb2.jpg","introduction":"快乐法则🧼    轻松时刻🫧 "}]} =================================== 
2025-10-14 20:16:08.251 [http-nio-8082-exec-5] INFO  c.z.f.b.context.filter.HeaderUserId2ContextFilter - ===== 删除 ThreadLocal， userId: 100
2025-10-14 20:17:44.029 [http-nio-8082-exec-3] INFO  c.z.f.b.context.filter.HeaderUserId2ContextFilter - ## HeaderUserId2ContextFilter, 用户 ID: 100
2025-10-14 20:17:44.030 [http-nio-8082-exec-3] INFO  c.z.f.b.operationlog.aspect.ApiOperationLogAspect - ====== 请求开始: [批量查询用户信息], 入参: {"ids":[100]}, 请求类: UserController, 请求方法: findByIds =================================== 
2025-10-14 20:17:44.031 [http-nio-8082-exec-3] INFO  c.z.f.b.operationlog.aspect.ApiOperationLogAspect - ====== 请求结束: [批量查询用户信息], 耗时: 1ms, 出参: {"success":true,"message":null,"errorCode":null,"data":[{"id":100,"nickName":"稚生","avatar":"https://my-xiaohongshu-oss.oss-cn-guangzhou.aliyuncs.com/ca709c5d72304bedbcf9ee14e4a3bcb2.jpg","introduction":"快乐法则🧼    轻松时刻🫧 "}]} =================================== 
2025-10-14 20:17:44.033 [http-nio-8082-exec-3] INFO  c.z.f.b.context.filter.HeaderUserId2ContextFilter - ===== 删除 ThreadLocal， userId: 100
2025-10-14 20:17:58.121 [http-nio-8082-exec-6] INFO  c.z.f.b.context.filter.HeaderUserId2ContextFilter - ## HeaderUserId2ContextFilter, 用户 ID: 100
2025-10-14 20:17:58.122 [http-nio-8082-exec-6] INFO  c.z.f.b.operationlog.aspect.ApiOperationLogAspect - ====== 请求开始: [批量查询用户信息], 入参: {"ids":[100]}, 请求类: UserController, 请求方法: findByIds =================================== 
2025-10-14 20:17:58.124 [http-nio-8082-exec-6] INFO  c.z.f.b.operationlog.aspect.ApiOperationLogAspect - ====== 请求结束: [批量查询用户信息], 耗时: 2ms, 出参: {"success":true,"message":null,"errorCode":null,"data":[{"id":100,"nickName":"稚生","avatar":"https://my-xiaohongshu-oss.oss-cn-guangzhou.aliyuncs.com/ca709c5d72304bedbcf9ee14e4a3bcb2.jpg","introduction":"快乐法则🧼    轻松时刻🫧 "}]} =================================== 
2025-10-14 20:17:58.125 [http-nio-8082-exec-6] INFO  c.z.f.b.context.filter.HeaderUserId2ContextFilter - ===== 删除 ThreadLocal， userId: 100
2025-10-14 20:23:47.954 [http-nio-8082-exec-4] INFO  c.z.f.b.context.filter.HeaderUserId2ContextFilter - ## HeaderUserId2ContextFilter, 用户 ID: 100
2025-10-14 20:23:47.955 [http-nio-8082-exec-4] INFO  c.z.f.b.operationlog.aspect.ApiOperationLogAspect - ====== 请求开始: [批量查询用户信息], 入参: {"ids":[100]}, 请求类: UserController, 请求方法: findByIds =================================== 
2025-10-14 20:23:47.958 [http-nio-8082-exec-4] INFO  c.z.f.b.operationlog.aspect.ApiOperationLogAspect - ====== 请求结束: [批量查询用户信息], 耗时: 2ms, 出参: {"success":true,"message":null,"errorCode":null,"data":[{"id":100,"nickName":"稚生","avatar":"https://my-xiaohongshu-oss.oss-cn-guangzhou.aliyuncs.com/ca709c5d72304bedbcf9ee14e4a3bcb2.jpg","introduction":"快乐法则🧼    轻松时刻🫧 "}]} =================================== 
2025-10-14 20:23:47.959 [http-nio-8082-exec-4] INFO  c.z.f.b.context.filter.HeaderUserId2ContextFilter - ===== 删除 ThreadLocal， userId: 100
2025-10-14 20:24:52.013 [http-nio-8082-exec-1] INFO  c.z.f.b.context.filter.HeaderUserId2ContextFilter - ## HeaderUserId2ContextFilter, 用户 ID: 100
2025-10-14 20:24:52.015 [http-nio-8082-exec-1] INFO  c.z.f.b.operationlog.aspect.ApiOperationLogAspect - ====== 请求开始: [批量查询用户信息], 入参: {"ids":[100]}, 请求类: UserController, 请求方法: findByIds =================================== 
2025-10-14 20:24:52.018 [http-nio-8082-exec-1] INFO  c.z.f.b.operationlog.aspect.ApiOperationLogAspect - ====== 请求结束: [批量查询用户信息], 耗时: 3ms, 出参: {"success":true,"message":null,"errorCode":null,"data":[{"id":100,"nickName":"稚生","avatar":"https://my-xiaohongshu-oss.oss-cn-guangzhou.aliyuncs.com/ca709c5d72304bedbcf9ee14e4a3bcb2.jpg","introduction":"快乐法则🧼    轻松时刻🫧 "}]} =================================== 
2025-10-14 20:24:52.020 [http-nio-8082-exec-1] INFO  c.z.f.b.context.filter.HeaderUserId2ContextFilter - ===== 删除 ThreadLocal， userId: 100
2025-10-14 20:25:38.883 [http-nio-8082-exec-8] INFO  c.z.f.b.context.filter.HeaderUserId2ContextFilter - ## HeaderUserId2ContextFilter, 用户 ID: 100
2025-10-14 20:25:38.884 [http-nio-8082-exec-8] INFO  c.z.f.b.operationlog.aspect.ApiOperationLogAspect - ====== 请求开始: [批量查询用户信息], 入参: {"ids":[100]}, 请求类: UserController, 请求方法: findByIds =================================== 
2025-10-14 20:25:38.887 [http-nio-8082-exec-8] INFO  c.z.f.b.operationlog.aspect.ApiOperationLogAspect - ====== 请求结束: [批量查询用户信息], 耗时: 3ms, 出参: {"success":true,"message":null,"errorCode":null,"data":[{"id":100,"nickName":"稚生","avatar":"https://my-xiaohongshu-oss.oss-cn-guangzhou.aliyuncs.com/ca709c5d72304bedbcf9ee14e4a3bcb2.jpg","introduction":"快乐法则🧼    轻松时刻🫧 "}]} =================================== 
2025-10-14 20:25:38.888 [http-nio-8082-exec-8] INFO  c.z.f.b.context.filter.HeaderUserId2ContextFilter - ===== 删除 ThreadLocal， userId: 100
2025-10-14 20:26:10.307 [http-nio-8082-exec-2] INFO  c.z.f.b.context.filter.HeaderUserId2ContextFilter - ## HeaderUserId2ContextFilter, 用户 ID: 100
2025-10-14 20:26:10.308 [http-nio-8082-exec-2] INFO  c.z.f.b.operationlog.aspect.ApiOperationLogAspect - ====== 请求开始: [批量查询用户信息], 入参: {"ids":[100]}, 请求类: UserController, 请求方法: findByIds =================================== 
2025-10-14 20:26:10.310 [http-nio-8082-exec-2] INFO  c.z.f.b.operationlog.aspect.ApiOperationLogAspect - ====== 请求结束: [批量查询用户信息], 耗时: 2ms, 出参: {"success":true,"message":null,"errorCode":null,"data":[{"id":100,"nickName":"稚生","avatar":"https://my-xiaohongshu-oss.oss-cn-guangzhou.aliyuncs.com/ca709c5d72304bedbcf9ee14e4a3bcb2.jpg","introduction":"快乐法则🧼    轻松时刻🫧 "}]} =================================== 
2025-10-14 20:26:10.311 [http-nio-8082-exec-2] INFO  c.z.f.b.context.filter.HeaderUserId2ContextFilter - ===== 删除 ThreadLocal， userId: 100
2025-10-14 20:36:08.324 [http-nio-8082-exec-6] INFO  c.z.f.b.context.filter.HeaderUserId2ContextFilter - ## HeaderUserId2ContextFilter, 用户 ID: 100
2025-10-14 20:36:08.436 [http-nio-8082-exec-6] INFO  c.z.f.b.operationlog.aspect.ApiOperationLogAspect - ====== 请求开始: [根据用户 ID 查询用户信息], 入参: {"id":100}, 请求类: UserController, 请求方法: findById =================================== 
2025-10-14 20:36:08.468 [http-nio-8082-exec-6] INFO  c.z.f.b.operationlog.aspect.ApiOperationLogAspect - ====== 请求结束: [根据用户 ID 查询用户信息], 耗时: 32ms, 出参: {"success":true,"message":null,"errorCode":null,"data":{"id":100,"nickName":"稚生","avatar":"https://my-xiaohongshu-oss.oss-cn-guangzhou.aliyuncs.com/ca709c5d72304bedbcf9ee14e4a3bcb2.jpg","introduction":"快乐法则🧼    轻松时刻🫧 "}} =================================== 
2025-10-14 20:36:08.479 [http-nio-8082-exec-6] INFO  c.z.f.b.context.filter.HeaderUserId2ContextFilter - ===== 删除 ThreadLocal， userId: 100
2025-10-14 20:37:29.954 [http-nio-8082-exec-4] INFO  c.z.f.b.context.filter.HeaderUserId2ContextFilter - ## HeaderUserId2ContextFilter, 用户 ID: 100
2025-10-14 20:37:29.955 [http-nio-8082-exec-4] INFO  c.z.f.b.operationlog.aspect.ApiOperationLogAspect - ====== 请求开始: [批量查询用户信息], 入参: {"ids":[100]}, 请求类: UserController, 请求方法: findByIds =================================== 
2025-10-14 20:37:29.958 [http-nio-8082-exec-4] INFO  c.z.f.b.operationlog.aspect.ApiOperationLogAspect - ====== 请求结束: [批量查询用户信息], 耗时: 3ms, 出参: {"success":true,"message":null,"errorCode":null,"data":[{"id":100,"nickName":"稚生","avatar":"https://my-xiaohongshu-oss.oss-cn-guangzhou.aliyuncs.com/ca709c5d72304bedbcf9ee14e4a3bcb2.jpg","introduction":"快乐法则🧼    轻松时刻🫧 "}]} =================================== 
2025-10-14 20:37:29.959 [http-nio-8082-exec-4] INFO  c.z.f.b.context.filter.HeaderUserId2ContextFilter - ===== 删除 ThreadLocal， userId: 100
2025-10-14 20:43:06.621 [http-nio-8082-exec-1] INFO  c.z.f.b.context.filter.HeaderUserId2ContextFilter - ## HeaderUserId2ContextFilter, 用户 ID: 100
2025-10-14 20:43:06.623 [http-nio-8082-exec-1] INFO  c.z.f.b.operationlog.aspect.ApiOperationLogAspect - ====== 请求开始: [批量查询用户信息], 入参: {"ids":[100]}, 请求类: UserController, 请求方法: findByIds =================================== 
2025-10-14 20:43:06.625 [http-nio-8082-exec-1] INFO  c.z.f.b.operationlog.aspect.ApiOperationLogAspect - ====== 请求结束: [批量查询用户信息], 耗时: 2ms, 出参: {"success":true,"message":null,"errorCode":null,"data":[{"id":100,"nickName":"稚生","avatar":"https://my-xiaohongshu-oss.oss-cn-guangzhou.aliyuncs.com/ca709c5d72304bedbcf9ee14e4a3bcb2.jpg","introduction":"快乐法则🧼    轻松时刻🫧 "}]} =================================== 
2025-10-14 20:43:06.627 [http-nio-8082-exec-1] INFO  c.z.f.b.context.filter.HeaderUserId2ContextFilter - ===== 删除 ThreadLocal， userId: 100
2025-10-14 20:53:39.554 [http-nio-8082-exec-7] INFO  c.z.f.b.context.filter.HeaderUserId2ContextFilter - ## HeaderUserId2ContextFilter, 用户 ID: 100
2025-10-14 20:53:39.573 [http-nio-8082-exec-7] INFO  c.z.f.b.operationlog.aspect.ApiOperationLogAspect - ====== 请求开始: [批量查询用户信息], 入参: {"ids":[100]}, 请求类: UserController, 请求方法: findByIds =================================== 
2025-10-14 20:53:39.581 [http-nio-8082-exec-7] INFO  c.z.f.b.operationlog.aspect.ApiOperationLogAspect - ====== 请求结束: [批量查询用户信息], 耗时: 9ms, 出参: {"success":true,"message":null,"errorCode":null,"data":[{"id":100,"nickName":"稚生","avatar":"https://my-xiaohongshu-oss.oss-cn-guangzhou.aliyuncs.com/ca709c5d72304bedbcf9ee14e4a3bcb2.jpg","introduction":"快乐法则🧼    轻松时刻🫧 "}]} =================================== 
2025-10-14 20:53:39.588 [http-nio-8082-exec-7] INFO  c.z.f.b.context.filter.HeaderUserId2ContextFilter - ===== 删除 ThreadLocal， userId: 100
2025-10-14 20:54:06.928 [http-nio-8082-exec-2] INFO  c.z.f.b.context.filter.HeaderUserId2ContextFilter - ## HeaderUserId2ContextFilter, 用户 ID: 100
2025-10-14 20:54:06.930 [http-nio-8082-exec-2] INFO  c.z.f.b.operationlog.aspect.ApiOperationLogAspect - ====== 请求开始: [批量查询用户信息], 入参: {"ids":[100]}, 请求类: UserController, 请求方法: findByIds =================================== 
2025-10-14 20:54:06.933 [http-nio-8082-exec-2] INFO  c.z.f.b.operationlog.aspect.ApiOperationLogAspect - ====== 请求结束: [批量查询用户信息], 耗时: 3ms, 出参: {"success":true,"message":null,"errorCode":null,"data":[{"id":100,"nickName":"稚生","avatar":"https://my-xiaohongshu-oss.oss-cn-guangzhou.aliyuncs.com/ca709c5d72304bedbcf9ee14e4a3bcb2.jpg","introduction":"快乐法则🧼    轻松时刻🫧 "}]} =================================== 
2025-10-14 20:54:06.933 [http-nio-8082-exec-2] INFO  c.z.f.b.context.filter.HeaderUserId2ContextFilter - ===== 删除 ThreadLocal， userId: 100
2025-10-14 20:54:17.015 [http-nio-8082-exec-3] INFO  c.z.f.b.context.filter.HeaderUserId2ContextFilter - ## HeaderUserId2ContextFilter, 用户 ID: 100
2025-10-14 20:54:17.017 [http-nio-8082-exec-3] INFO  c.z.f.b.operationlog.aspect.ApiOperationLogAspect - ====== 请求开始: [批量查询用户信息], 入参: {"ids":[100]}, 请求类: UserController, 请求方法: findByIds =================================== 
2025-10-14 20:54:17.020 [http-nio-8082-exec-3] INFO  c.z.f.b.operationlog.aspect.ApiOperationLogAspect - ====== 请求结束: [批量查询用户信息], 耗时: 3ms, 出参: {"success":true,"message":null,"errorCode":null,"data":[{"id":100,"nickName":"稚生","avatar":"https://my-xiaohongshu-oss.oss-cn-guangzhou.aliyuncs.com/ca709c5d72304bedbcf9ee14e4a3bcb2.jpg","introduction":"快乐法则🧼    轻松时刻🫧 "}]} =================================== 
2025-10-14 20:54:17.022 [http-nio-8082-exec-3] INFO  c.z.f.b.context.filter.HeaderUserId2ContextFilter - ===== 删除 ThreadLocal， userId: 100
2025-10-14 20:54:27.957 [http-nio-8082-exec-6] INFO  c.z.f.b.context.filter.HeaderUserId2ContextFilter - ## HeaderUserId2ContextFilter, 用户 ID: 100
2025-10-14 20:54:27.960 [http-nio-8082-exec-6] INFO  c.z.f.b.operationlog.aspect.ApiOperationLogAspect - ====== 请求开始: [批量查询用户信息], 入参: {"ids":[100]}, 请求类: UserController, 请求方法: findByIds =================================== 
2025-10-14 20:54:27.964 [http-nio-8082-exec-6] INFO  c.z.f.b.operationlog.aspect.ApiOperationLogAspect - ====== 请求结束: [批量查询用户信息], 耗时: 4ms, 出参: {"success":true,"message":null,"errorCode":null,"data":[{"id":100,"nickName":"稚生","avatar":"https://my-xiaohongshu-oss.oss-cn-guangzhou.aliyuncs.com/ca709c5d72304bedbcf9ee14e4a3bcb2.jpg","introduction":"快乐法则🧼    轻松时刻🫧 "}]} =================================== 
2025-10-14 20:54:27.965 [http-nio-8082-exec-6] INFO  c.z.f.b.context.filter.HeaderUserId2ContextFilter - ===== 删除 ThreadLocal， userId: 100
2025-10-14 20:54:31.051 [http-nio-8082-exec-10] INFO  c.z.f.b.context.filter.HeaderUserId2ContextFilter - ## HeaderUserId2ContextFilter, 用户 ID: 100
2025-10-14 20:54:31.055 [http-nio-8082-exec-10] INFO  c.z.f.b.operationlog.aspect.ApiOperationLogAspect - ====== 请求开始: [批量查询用户信息], 入参: {"ids":[null,100]}, 请求类: UserController, 请求方法: findByIds =================================== 
2025-10-14 20:54:31.212 [http-nio-8082-exec-10] DEBUG c.z.x.u.biz.domain.mapper.UserDOMapper.selectByIds - ==>  Preparing: select id,nickname,avatar,introduction from t_user where status = 0 and is_deleted = 0 and id in ( ? )
2025-10-14 20:54:31.227 [http-nio-8082-exec-10] DEBUG c.z.x.u.biz.domain.mapper.UserDOMapper.selectByIds - ==> Parameters: null
2025-10-14 20:54:31.247 [http-nio-8082-exec-10] DEBUG c.z.x.u.biz.domain.mapper.UserDOMapper.selectByIds - <==      Total: 0
2025-10-14 20:54:31.248 [http-nio-8082-exec-10] INFO  c.z.f.b.operationlog.aspect.ApiOperationLogAspect - ====== 请求结束: [批量查询用户信息], 耗时: 193ms, 出参: {"success":true,"message":null,"errorCode":null,"data":[{"id":100,"nickName":"稚生","avatar":"https://my-xiaohongshu-oss.oss-cn-guangzhou.aliyuncs.com/ca709c5d72304bedbcf9ee14e4a3bcb2.jpg","introduction":"快乐法则🧼    轻松时刻🫧 "}]} =================================== 
2025-10-14 20:54:31.249 [http-nio-8082-exec-10] INFO  c.z.f.b.context.filter.HeaderUserId2ContextFilter - ===== 删除 ThreadLocal， userId: 100
2025-10-14 20:54:40.155 [http-nio-8082-exec-4] INFO  c.z.f.b.context.filter.HeaderUserId2ContextFilter - ## HeaderUserId2ContextFilter, 用户 ID: 100
2025-10-14 20:54:40.158 [http-nio-8082-exec-4] INFO  c.z.f.b.operationlog.aspect.ApiOperationLogAspect - ====== 请求开始: [根据用户 ID 查询用户信息], 入参: {"id":100}, 请求类: UserController, 请求方法: findById =================================== 
2025-10-14 20:54:40.163 [http-nio-8082-exec-4] INFO  c.z.x.user.biz.service.impl.UserServiceImpl - ==> 从本地缓存中获取用户信息，id: 100, userInfo: {"id":100,"nickName":"稚生","avatar":"https://my-xiaohongshu-oss.oss-cn-guangzhou.aliyuncs.com/ca709c5d72304bedbcf9ee14e4a3bcb2.jpg","introduction":"快乐法则🧼    轻松时刻🫧 "}
2025-10-14 20:54:40.163 [http-nio-8082-exec-4] INFO  c.z.f.b.operationlog.aspect.ApiOperationLogAspect - ====== 请求结束: [根据用户 ID 查询用户信息], 耗时: 6ms, 出参: {"success":true,"message":null,"errorCode":null,"data":{"id":100,"nickName":"稚生","avatar":"https://my-xiaohongshu-oss.oss-cn-guangzhou.aliyuncs.com/ca709c5d72304bedbcf9ee14e4a3bcb2.jpg","introduction":"快乐法则🧼    轻松时刻🫧 "}} =================================== 
2025-10-14 20:54:40.165 [http-nio-8082-exec-4] INFO  c.z.f.b.context.filter.HeaderUserId2ContextFilter - ===== 删除 ThreadLocal， userId: 100
2025-10-14 20:54:40.165 [http-nio-8082-exec-4] INFO  c.z.f.b.context.filter.HeaderUserId2ContextFilter - ## HeaderUserId2ContextFilter, 用户 ID: 100
2025-10-14 20:54:40.166 [http-nio-8082-exec-4] INFO  c.z.f.b.operationlog.aspect.ApiOperationLogAspect - ====== 请求开始: [批量查询用户信息], 入参: {"ids":[100]}, 请求类: UserController, 请求方法: findByIds =================================== 
2025-10-14 20:54:40.168 [http-nio-8082-exec-4] INFO  c.z.f.b.operationlog.aspect.ApiOperationLogAspect - ====== 请求结束: [批量查询用户信息], 耗时: 2ms, 出参: {"success":true,"message":null,"errorCode":null,"data":[{"id":100,"nickName":"稚生","avatar":"https://my-xiaohongshu-oss.oss-cn-guangzhou.aliyuncs.com/ca709c5d72304bedbcf9ee14e4a3bcb2.jpg","introduction":"快乐法则🧼    轻松时刻🫧 "}]} =================================== 
2025-10-14 20:54:40.169 [http-nio-8082-exec-4] INFO  c.z.f.b.context.filter.HeaderUserId2ContextFilter - ===== 删除 ThreadLocal， userId: 100
2025-10-14 20:54:41.651 [http-nio-8082-exec-1] INFO  c.z.f.b.context.filter.HeaderUserId2ContextFilter - ## HeaderUserId2ContextFilter, 用户 ID: 100
2025-10-14 20:54:41.652 [http-nio-8082-exec-1] INFO  c.z.f.b.operationlog.aspect.ApiOperationLogAspect - ====== 请求开始: [批量查询用户信息], 入参: {"ids":[100]}, 请求类: UserController, 请求方法: findByIds =================================== 
2025-10-14 20:54:41.654 [http-nio-8082-exec-1] INFO  c.z.f.b.operationlog.aspect.ApiOperationLogAspect - ====== 请求结束: [批量查询用户信息], 耗时: 2ms, 出参: {"success":true,"message":null,"errorCode":null,"data":[{"id":100,"nickName":"稚生","avatar":"https://my-xiaohongshu-oss.oss-cn-guangzhou.aliyuncs.com/ca709c5d72304bedbcf9ee14e4a3bcb2.jpg","introduction":"快乐法则🧼    轻松时刻🫧 "}]} =================================== 
2025-10-14 20:54:41.654 [http-nio-8082-exec-1] INFO  c.z.f.b.context.filter.HeaderUserId2ContextFilter - ===== 删除 ThreadLocal， userId: 100
2025-10-14 20:54:50.747 [http-nio-8082-exec-8] INFO  c.z.f.b.context.filter.HeaderUserId2ContextFilter - ## HeaderUserId2ContextFilter, 用户 ID: 100
2025-10-14 20:54:50.749 [http-nio-8082-exec-8] INFO  c.z.f.b.operationlog.aspect.ApiOperationLogAspect - ====== 请求开始: [根据用户 ID 查询用户信息], 入参: {"id":100}, 请求类: UserController, 请求方法: findById =================================== 
2025-10-14 20:54:50.749 [http-nio-8082-exec-8] INFO  c.z.x.user.biz.service.impl.UserServiceImpl - ==> 从本地缓存中获取用户信息，id: 100, userInfo: {"id":100,"nickName":"稚生","avatar":"https://my-xiaohongshu-oss.oss-cn-guangzhou.aliyuncs.com/ca709c5d72304bedbcf9ee14e4a3bcb2.jpg","introduction":"快乐法则🧼    轻松时刻🫧 "}
2025-10-14 20:54:50.749 [http-nio-8082-exec-8] INFO  c.z.f.b.operationlog.aspect.ApiOperationLogAspect - ====== 请求结束: [根据用户 ID 查询用户信息], 耗时: 0ms, 出参: {"success":true,"message":null,"errorCode":null,"data":{"id":100,"nickName":"稚生","avatar":"https://my-xiaohongshu-oss.oss-cn-guangzhou.aliyuncs.com/ca709c5d72304bedbcf9ee14e4a3bcb2.jpg","introduction":"快乐法则🧼    轻松时刻🫧 "}} =================================== 
2025-10-14 20:54:50.750 [http-nio-8082-exec-8] INFO  c.z.f.b.context.filter.HeaderUserId2ContextFilter - ===== 删除 ThreadLocal， userId: 100
2025-10-14 20:54:50.793 [http-nio-8082-exec-7] INFO  c.z.f.b.context.filter.HeaderUserId2ContextFilter - ## HeaderUserId2ContextFilter, 用户 ID: 100
2025-10-14 20:54:50.794 [http-nio-8082-exec-7] INFO  c.z.f.b.operationlog.aspect.ApiOperationLogAspect - ====== 请求开始: [批量查询用户信息], 入参: {"ids":[100]}, 请求类: UserController, 请求方法: findByIds =================================== 
2025-10-14 20:54:50.797 [http-nio-8082-exec-7] INFO  c.z.f.b.operationlog.aspect.ApiOperationLogAspect - ====== 请求结束: [批量查询用户信息], 耗时: 3ms, 出参: {"success":true,"message":null,"errorCode":null,"data":[{"id":100,"nickName":"稚生","avatar":"https://my-xiaohongshu-oss.oss-cn-guangzhou.aliyuncs.com/ca709c5d72304bedbcf9ee14e4a3bcb2.jpg","introduction":"快乐法则🧼    轻松时刻🫧 "}]} =================================== 
2025-10-14 20:54:50.798 [http-nio-8082-exec-7] INFO  c.z.f.b.context.filter.HeaderUserId2ContextFilter - ===== 删除 ThreadLocal， userId: 100
2025-10-14 20:54:53.221 [http-nio-8082-exec-5] INFO  c.z.f.b.context.filter.HeaderUserId2ContextFilter - ## HeaderUserId2ContextFilter, 用户 ID: 100
2025-10-14 20:54:53.222 [http-nio-8082-exec-5] INFO  c.z.f.b.operationlog.aspect.ApiOperationLogAspect - ====== 请求开始: [根据用户 ID 查询用户信息], 入参: {"id":100}, 请求类: UserController, 请求方法: findById =================================== 
2025-10-14 20:54:53.222 [http-nio-8082-exec-5] INFO  c.z.x.user.biz.service.impl.UserServiceImpl - ==> 从本地缓存中获取用户信息，id: 100, userInfo: {"id":100,"nickName":"稚生","avatar":"https://my-xiaohongshu-oss.oss-cn-guangzhou.aliyuncs.com/ca709c5d72304bedbcf9ee14e4a3bcb2.jpg","introduction":"快乐法则🧼    轻松时刻🫧 "}
2025-10-14 20:54:53.223 [http-nio-8082-exec-5] INFO  c.z.f.b.operationlog.aspect.ApiOperationLogAspect - ====== 请求结束: [根据用户 ID 查询用户信息], 耗时: 1ms, 出参: {"success":true,"message":null,"errorCode":null,"data":{"id":100,"nickName":"稚生","avatar":"https://my-xiaohongshu-oss.oss-cn-guangzhou.aliyuncs.com/ca709c5d72304bedbcf9ee14e4a3bcb2.jpg","introduction":"快乐法则🧼    轻松时刻🫧 "}} =================================== 
2025-10-14 20:54:53.223 [http-nio-8082-exec-5] INFO  c.z.f.b.context.filter.HeaderUserId2ContextFilter - ===== 删除 ThreadLocal， userId: 100
2025-10-14 20:54:53.267 [http-nio-8082-exec-2] INFO  c.z.f.b.context.filter.HeaderUserId2ContextFilter - ## HeaderUserId2ContextFilter, 用户 ID: 100
2025-10-14 20:54:53.267 [http-nio-8082-exec-2] INFO  c.z.f.b.operationlog.aspect.ApiOperationLogAspect - ====== 请求开始: [批量查询用户信息], 入参: {"ids":[100]}, 请求类: UserController, 请求方法: findByIds =================================== 
2025-10-14 20:54:53.270 [http-nio-8082-exec-2] INFO  c.z.f.b.operationlog.aspect.ApiOperationLogAspect - ====== 请求结束: [批量查询用户信息], 耗时: 2ms, 出参: {"success":true,"message":null,"errorCode":null,"data":[{"id":100,"nickName":"稚生","avatar":"https://my-xiaohongshu-oss.oss-cn-guangzhou.aliyuncs.com/ca709c5d72304bedbcf9ee14e4a3bcb2.jpg","introduction":"快乐法则🧼    轻松时刻🫧 "}]} =================================== 
2025-10-14 20:54:53.270 [http-nio-8082-exec-2] INFO  c.z.f.b.context.filter.HeaderUserId2ContextFilter - ===== 删除 ThreadLocal， userId: 100
2025-10-14 20:54:54.640 [http-nio-8082-exec-3] INFO  c.z.f.b.context.filter.HeaderUserId2ContextFilter - ## HeaderUserId2ContextFilter, 用户 ID: 100
2025-10-14 20:54:54.640 [http-nio-8082-exec-3] INFO  c.z.f.b.operationlog.aspect.ApiOperationLogAspect - ====== 请求开始: [批量查询用户信息], 入参: {"ids":[100]}, 请求类: UserController, 请求方法: findByIds =================================== 
2025-10-14 20:54:54.643 [http-nio-8082-exec-3] INFO  c.z.f.b.operationlog.aspect.ApiOperationLogAspect - ====== 请求结束: [批量查询用户信息], 耗时: 3ms, 出参: {"success":true,"message":null,"errorCode":null,"data":[{"id":100,"nickName":"稚生","avatar":"https://my-xiaohongshu-oss.oss-cn-guangzhou.aliyuncs.com/ca709c5d72304bedbcf9ee14e4a3bcb2.jpg","introduction":"快乐法则🧼    轻松时刻🫧 "}]} =================================== 
2025-10-14 20:54:54.644 [http-nio-8082-exec-3] INFO  c.z.f.b.context.filter.HeaderUserId2ContextFilter - ===== 删除 ThreadLocal， userId: 100
2025-10-14 21:18:14.926 [http-nio-8082-exec-4] INFO  c.z.f.b.context.filter.HeaderUserId2ContextFilter - ## HeaderUserId2ContextFilter, 用户 ID: 100
2025-10-14 21:18:14.926 [http-nio-8082-exec-9] INFO  c.z.f.b.context.filter.HeaderUserId2ContextFilter - ## HeaderUserId2ContextFilter, 用户 ID: 100
2025-10-14 21:18:15.403 [http-nio-8082-exec-9] DEBUG c.z.x.u.b.d.mapper.UserDOMapper.selectByPrimaryKey - ==>  Preparing: select id, xiaohongshu_id, `password`, nickname, avatar, birthday, background_img, phone, sex, `status`, introduction, create_time, update_time, is_deleted from t_user where id = ?
2025-10-14 21:18:15.408 [http-nio-8082-exec-4] DEBUG c.z.x.u.b.d.mapper.UserDOMapper.selectByPrimaryKey - ==>  Preparing: select id, xiaohongshu_id, `password`, nickname, avatar, birthday, background_img, phone, sex, `status`, introduction, create_time, update_time, is_deleted from t_user where id = ?
2025-10-14 21:18:15.427 [http-nio-8082-exec-4] DEBUG c.z.x.u.b.d.mapper.UserDOMapper.selectByPrimaryKey - ==> Parameters: 100(Long)
2025-10-14 21:18:15.450 [http-nio-8082-exec-9] DEBUG c.z.x.u.b.d.mapper.UserDOMapper.selectByPrimaryKey - ==> Parameters: 100(Long)
2025-10-14 21:18:15.470 [http-nio-8082-exec-4] DEBUG c.z.x.u.b.d.mapper.UserDOMapper.selectByPrimaryKey - <==      Total: 1
2025-10-14 21:18:15.490 [http-nio-8082-exec-9] DEBUG c.z.x.u.b.d.mapper.UserDOMapper.selectByPrimaryKey - <==      Total: 1
2025-10-14 21:18:15.533 [http-nio-8082-exec-4] INFO  c.z.f.b.c.interceptor.FeignRequestInterceptor - ==> feign请求设置请求头 userId: 100
2025-10-14 21:18:15.533 [http-nio-8082-exec-9] INFO  c.z.f.b.c.interceptor.FeignRequestInterceptor - ==> feign请求设置请求头 userId: 100
2025-10-14 21:18:15.944 [http-nio-8082-exec-1] INFO  c.z.f.b.context.filter.HeaderUserId2ContextFilter - ## HeaderUserId2ContextFilter, 用户 ID: 100
2025-10-14 21:18:15.983 [http-nio-8082-exec-1] INFO  c.z.f.b.operationlog.aspect.ApiOperationLogAspect - ====== 请求开始: [批量查询用户信息], 入参: {"ids":[100]}, 请求类: UserController, 请求方法: findByIds =================================== 
2025-10-14 21:18:15.994 [http-nio-8082-exec-1] INFO  c.z.f.b.operationlog.aspect.ApiOperationLogAspect - ====== 请求结束: [批量查询用户信息], 耗时: 11ms, 出参: {"success":true,"message":null,"errorCode":null,"data":[{"id":100,"nickName":"稚生","avatar":"https://my-xiaohongshu-oss.oss-cn-guangzhou.aliyuncs.com/ca709c5d72304bedbcf9ee14e4a3bcb2.jpg","introduction":"快乐法则🧼    轻松时刻🫧 "}]} =================================== 
2025-10-14 21:18:16.057 [http-nio-8082-exec-1] INFO  c.z.f.b.context.filter.HeaderUserId2ContextFilter - ===== 删除 ThreadLocal， userId: 100
2025-10-14 21:18:16.515 [http-nio-8082-exec-4] INFO  c.z.f.b.context.filter.HeaderUserId2ContextFilter - ===== 删除 ThreadLocal， userId: 100
2025-10-14 21:18:16.515 [http-nio-8082-exec-9] INFO  c.z.f.b.context.filter.HeaderUserId2ContextFilter - ===== 删除 ThreadLocal， userId: 100
2025-10-14 21:18:16.550 [http-nio-8082-exec-8] INFO  c.z.f.b.context.filter.HeaderUserId2ContextFilter - ## HeaderUserId2ContextFilter, 用户 ID: 100
2025-10-14 21:18:16.551 [http-nio-8082-exec-8] INFO  c.z.f.b.operationlog.aspect.ApiOperationLogAspect - ====== 请求开始: [批量查询用户信息], 入参: {"ids":[100]}, 请求类: UserController, 请求方法: findByIds =================================== 
2025-10-14 21:18:16.552 [http-nio-8082-exec-7] INFO  c.z.f.b.context.filter.HeaderUserId2ContextFilter - ## HeaderUserId2ContextFilter, 用户 ID: 100
2025-10-14 21:18:16.553 [http-nio-8082-exec-7] INFO  c.z.f.b.operationlog.aspect.ApiOperationLogAspect - ====== 请求开始: [批量查询用户信息], 入参: {"ids":[100]}, 请求类: UserController, 请求方法: findByIds =================================== 
2025-10-14 21:18:16.555 [http-nio-8082-exec-8] INFO  c.z.f.b.operationlog.aspect.ApiOperationLogAspect - ====== 请求结束: [批量查询用户信息], 耗时: 4ms, 出参: {"success":true,"message":null,"errorCode":null,"data":[{"id":100,"nickName":"稚生","avatar":"https://my-xiaohongshu-oss.oss-cn-guangzhou.aliyuncs.com/ca709c5d72304bedbcf9ee14e4a3bcb2.jpg","introduction":"快乐法则🧼    轻松时刻🫧 "}]} =================================== 
2025-10-14 21:18:16.556 [http-nio-8082-exec-8] INFO  c.z.f.b.context.filter.HeaderUserId2ContextFilter - ===== 删除 ThreadLocal， userId: 100
2025-10-14 21:18:16.557 [http-nio-8082-exec-7] INFO  c.z.f.b.operationlog.aspect.ApiOperationLogAspect - ====== 请求结束: [批量查询用户信息], 耗时: 4ms, 出参: {"success":true,"message":null,"errorCode":null,"data":[{"id":100,"nickName":"稚生","avatar":"https://my-xiaohongshu-oss.oss-cn-guangzhou.aliyuncs.com/ca709c5d72304bedbcf9ee14e4a3bcb2.jpg","introduction":"快乐法则🧼    轻松时刻🫧 "}]} =================================== 
2025-10-14 21:18:16.558 [http-nio-8082-exec-7] INFO  c.z.f.b.context.filter.HeaderUserId2ContextFilter - ===== 删除 ThreadLocal， userId: 100
2025-10-14 21:18:18.341 [http-nio-8082-exec-5] INFO  c.z.f.b.context.filter.HeaderUserId2ContextFilter - ## HeaderUserId2ContextFilter, 用户 ID: 100
2025-10-14 21:18:18.342 [http-nio-8082-exec-5] INFO  c.z.f.b.operationlog.aspect.ApiOperationLogAspect - ====== 请求开始: [批量查询用户信息], 入参: {"ids":[100]}, 请求类: UserController, 请求方法: findByIds =================================== 
2025-10-14 21:18:18.346 [http-nio-8082-exec-5] INFO  c.z.f.b.operationlog.aspect.ApiOperationLogAspect - ====== 请求结束: [批量查询用户信息], 耗时: 4ms, 出参: {"success":true,"message":null,"errorCode":null,"data":[{"id":100,"nickName":"稚生","avatar":"https://my-xiaohongshu-oss.oss-cn-guangzhou.aliyuncs.com/ca709c5d72304bedbcf9ee14e4a3bcb2.jpg","introduction":"快乐法则🧼    轻松时刻🫧 "}]} =================================== 
2025-10-14 21:18:18.347 [http-nio-8082-exec-5] INFO  c.z.f.b.context.filter.HeaderUserId2ContextFilter - ===== 删除 ThreadLocal， userId: 100
2025-10-14 21:18:24.357 [http-nio-8082-exec-2] INFO  c.z.f.b.context.filter.HeaderUserId2ContextFilter - ## HeaderUserId2ContextFilter, 用户 ID: 100
2025-10-14 21:18:24.359 [http-nio-8082-exec-3] INFO  c.z.f.b.context.filter.HeaderUserId2ContextFilter - ## HeaderUserId2ContextFilter, 用户 ID: 100
2025-10-14 21:18:24.363 [http-nio-8082-exec-3] INFO  c.z.f.b.c.interceptor.FeignRequestInterceptor - ==> feign请求设置请求头 userId: 100
2025-10-14 21:18:24.364 [http-nio-8082-exec-2] INFO  c.z.f.b.c.interceptor.FeignRequestInterceptor - ==> feign请求设置请求头 userId: 100
2025-10-14 21:18:24.399 [http-nio-8082-exec-2] INFO  c.z.f.b.context.filter.HeaderUserId2ContextFilter - ===== 删除 ThreadLocal， userId: 100
2025-10-14 21:18:24.399 [http-nio-8082-exec-3] INFO  c.z.f.b.context.filter.HeaderUserId2ContextFilter - ===== 删除 ThreadLocal， userId: 100
2025-10-14 21:18:24.440 [http-nio-8082-exec-6] INFO  c.z.f.b.context.filter.HeaderUserId2ContextFilter - ## HeaderUserId2ContextFilter, 用户 ID: 100
2025-10-14 21:18:24.441 [http-nio-8082-exec-6] INFO  c.z.f.b.operationlog.aspect.ApiOperationLogAspect - ====== 请求开始: [批量查询用户信息], 入参: {"ids":[100]}, 请求类: UserController, 请求方法: findByIds =================================== 
2025-10-14 21:18:24.441 [http-nio-8082-exec-10] INFO  c.z.f.b.context.filter.HeaderUserId2ContextFilter - ## HeaderUserId2ContextFilter, 用户 ID: 100
2025-10-14 21:18:24.442 [http-nio-8082-exec-10] INFO  c.z.f.b.operationlog.aspect.ApiOperationLogAspect - ====== 请求开始: [批量查询用户信息], 入参: {"ids":[100]}, 请求类: UserController, 请求方法: findByIds =================================== 
2025-10-14 21:18:24.444 [http-nio-8082-exec-6] INFO  c.z.f.b.operationlog.aspect.ApiOperationLogAspect - ====== 请求结束: [批量查询用户信息], 耗时: 3ms, 出参: {"success":true,"message":null,"errorCode":null,"data":[{"id":100,"nickName":"稚生","avatar":"https://my-xiaohongshu-oss.oss-cn-guangzhou.aliyuncs.com/ca709c5d72304bedbcf9ee14e4a3bcb2.jpg","introduction":"快乐法则🧼    轻松时刻🫧 "}]} =================================== 
2025-10-14 21:18:24.445 [http-nio-8082-exec-10] INFO  c.z.f.b.operationlog.aspect.ApiOperationLogAspect - ====== 请求结束: [批量查询用户信息], 耗时: 3ms, 出参: {"success":true,"message":null,"errorCode":null,"data":[{"id":100,"nickName":"稚生","avatar":"https://my-xiaohongshu-oss.oss-cn-guangzhou.aliyuncs.com/ca709c5d72304bedbcf9ee14e4a3bcb2.jpg","introduction":"快乐法则🧼    轻松时刻🫧 "}]} =================================== 
2025-10-14 21:18:24.445 [http-nio-8082-exec-6] INFO  c.z.f.b.context.filter.HeaderUserId2ContextFilter - ===== 删除 ThreadLocal， userId: 100
2025-10-14 21:18:24.445 [http-nio-8082-exec-10] INFO  c.z.f.b.context.filter.HeaderUserId2ContextFilter - ===== 删除 ThreadLocal， userId: 100
2025-10-14 21:18:25.330 [http-nio-8082-exec-1] INFO  c.z.f.b.context.filter.HeaderUserId2ContextFilter - ## HeaderUserId2ContextFilter, 用户 ID: 100
2025-10-14 21:18:25.330 [http-nio-8082-exec-1] INFO  c.z.f.b.operationlog.aspect.ApiOperationLogAspect - ====== 请求开始: [批量查询用户信息], 入参: {"ids":[100]}, 请求类: UserController, 请求方法: findByIds =================================== 
2025-10-14 21:18:25.335 [http-nio-8082-exec-1] INFO  c.z.f.b.operationlog.aspect.ApiOperationLogAspect - ====== 请求结束: [批量查询用户信息], 耗时: 5ms, 出参: {"success":true,"message":null,"errorCode":null,"data":[{"id":100,"nickName":"稚生","avatar":"https://my-xiaohongshu-oss.oss-cn-guangzhou.aliyuncs.com/ca709c5d72304bedbcf9ee14e4a3bcb2.jpg","introduction":"快乐法则🧼    轻松时刻🫧 "}]} =================================== 
2025-10-14 21:18:25.336 [http-nio-8082-exec-1] INFO  c.z.f.b.context.filter.HeaderUserId2ContextFilter - ===== 删除 ThreadLocal， userId: 100
2025-10-14 21:24:08.640 [http-nio-8082-exec-5] INFO  c.z.f.b.context.filter.HeaderUserId2ContextFilter - ## HeaderUserId2ContextFilter, 用户 ID: 100
2025-10-14 21:24:08.647 [http-nio-8082-exec-5] INFO  c.z.f.b.operationlog.aspect.ApiOperationLogAspect - ====== 请求开始: [根据用户 ID 查询用户信息], 入参: {"id":100}, 请求类: UserController, 请求方法: findById =================================== 
2025-10-14 21:24:08.652 [http-nio-8082-exec-5] INFO  c.z.x.user.biz.service.impl.UserServiceImpl - ==> 从本地缓存中获取用户信息，id: 100, userInfo: {"id":100,"nickName":"稚生","avatar":"https://my-xiaohongshu-oss.oss-cn-guangzhou.aliyuncs.com/ca709c5d72304bedbcf9ee14e4a3bcb2.jpg","introduction":"快乐法则🧼    轻松时刻🫧 "}
2025-10-14 21:24:08.652 [http-nio-8082-exec-5] INFO  c.z.f.b.operationlog.aspect.ApiOperationLogAspect - ====== 请求结束: [根据用户 ID 查询用户信息], 耗时: 5ms, 出参: {"success":true,"message":null,"errorCode":null,"data":{"id":100,"nickName":"稚生","avatar":"https://my-xiaohongshu-oss.oss-cn-guangzhou.aliyuncs.com/ca709c5d72304bedbcf9ee14e4a3bcb2.jpg","introduction":"快乐法则🧼    轻松时刻🫧 "}} =================================== 
2025-10-14 21:24:08.654 [http-nio-8082-exec-5] INFO  c.z.f.b.context.filter.HeaderUserId2ContextFilter - ===== 删除 ThreadLocal， userId: 100
2025-10-14 21:24:09.154 [http-nio-8082-exec-2] INFO  c.z.f.b.context.filter.HeaderUserId2ContextFilter - ## HeaderUserId2ContextFilter, 用户 ID: 100
2025-10-14 21:24:09.155 [http-nio-8082-exec-2] INFO  c.z.f.b.operationlog.aspect.ApiOperationLogAspect - ====== 请求开始: [批量查询用户信息], 入参: {"ids":[100]}, 请求类: UserController, 请求方法: findByIds =================================== 
2025-10-14 21:24:09.160 [http-nio-8082-exec-2] INFO  c.z.f.b.operationlog.aspect.ApiOperationLogAspect - ====== 请求结束: [批量查询用户信息], 耗时: 5ms, 出参: {"success":true,"message":null,"errorCode":null,"data":[{"id":100,"nickName":"稚生","avatar":"https://my-xiaohongshu-oss.oss-cn-guangzhou.aliyuncs.com/ca709c5d72304bedbcf9ee14e4a3bcb2.jpg","introduction":"快乐法则🧼    轻松时刻🫧 "}]} =================================== 
2025-10-14 21:24:09.162 [http-nio-8082-exec-2] INFO  c.z.f.b.context.filter.HeaderUserId2ContextFilter - ===== 删除 ThreadLocal， userId: 100
2025-10-14 23:00:03.934 [http-nio-8082-exec-6] INFO  c.z.f.b.context.filter.HeaderUserId2ContextFilter - ## HeaderUserId2ContextFilter, 用户 ID: 100
2025-10-14 23:00:04.040 [http-nio-8082-exec-6] INFO  c.z.f.b.operationlog.aspect.ApiOperationLogAspect - ====== 请求开始: [批量查询用户信息], 入参: {"ids":[100]}, 请求类: UserController, 请求方法: findByIds =================================== 
2025-10-14 23:00:04.058 [http-nio-8082-exec-6] INFO  c.z.f.b.operationlog.aspect.ApiOperationLogAspect - ====== 请求结束: [批量查询用户信息], 耗时: 18ms, 出参: {"success":true,"message":null,"errorCode":null,"data":[{"id":100,"nickName":"稚生","avatar":"https://my-xiaohongshu-oss.oss-cn-guangzhou.aliyuncs.com/ca709c5d72304bedbcf9ee14e4a3bcb2.jpg","introduction":"快乐法则🧼    轻松时刻🫧 "}]} =================================== 
2025-10-14 23:00:04.098 [http-nio-8082-exec-6] INFO  c.z.f.b.context.filter.HeaderUserId2ContextFilter - ===== 删除 ThreadLocal， userId: 100
2025-10-14 23:00:07.863 [http-nio-8082-exec-10] INFO  c.z.f.b.context.filter.HeaderUserId2ContextFilter - ## HeaderUserId2ContextFilter, 用户 ID: 100
2025-10-14 23:00:07.864 [http-nio-8082-exec-10] INFO  c.z.f.b.operationlog.aspect.ApiOperationLogAspect - ====== 请求开始: [批量查询用户信息], 入参: {"ids":[100]}, 请求类: UserController, 请求方法: findByIds =================================== 
2025-10-14 23:00:07.866 [http-nio-8082-exec-10] INFO  c.z.f.b.operationlog.aspect.ApiOperationLogAspect - ====== 请求结束: [批量查询用户信息], 耗时: 2ms, 出参: {"success":true,"message":null,"errorCode":null,"data":[{"id":100,"nickName":"稚生","avatar":"https://my-xiaohongshu-oss.oss-cn-guangzhou.aliyuncs.com/ca709c5d72304bedbcf9ee14e4a3bcb2.jpg","introduction":"快乐法则🧼    轻松时刻🫧 "}]} =================================== 
2025-10-14 23:00:07.868 [http-nio-8082-exec-10] INFO  c.z.f.b.context.filter.HeaderUserId2ContextFilter - ===== 删除 ThreadLocal， userId: 100
2025-10-14 23:00:11.927 [http-nio-8082-exec-1] INFO  c.z.f.b.context.filter.HeaderUserId2ContextFilter - ## HeaderUserId2ContextFilter, 用户 ID: 100
2025-10-14 23:00:11.928 [http-nio-8082-exec-1] INFO  c.z.f.b.operationlog.aspect.ApiOperationLogAspect - ====== 请求开始: [批量查询用户信息], 入参: {"ids":[100]}, 请求类: UserController, 请求方法: findByIds =================================== 
2025-10-14 23:00:11.931 [http-nio-8082-exec-1] INFO  c.z.f.b.operationlog.aspect.ApiOperationLogAspect - ====== 请求结束: [批量查询用户信息], 耗时: 3ms, 出参: {"success":true,"message":null,"errorCode":null,"data":[{"id":100,"nickName":"稚生","avatar":"https://my-xiaohongshu-oss.oss-cn-guangzhou.aliyuncs.com/ca709c5d72304bedbcf9ee14e4a3bcb2.jpg","introduction":"快乐法则🧼    轻松时刻🫧 "}]} =================================== 
2025-10-14 23:00:11.932 [http-nio-8082-exec-1] INFO  c.z.f.b.context.filter.HeaderUserId2ContextFilter - ===== 删除 ThreadLocal， userId: 100
2025-10-14 23:10:04.252 [http-nio-8082-exec-4] INFO  c.z.f.b.context.filter.HeaderUserId2ContextFilter - ## HeaderUserId2ContextFilter, 用户 ID: 100
2025-10-14 23:10:04.273 [http-nio-8082-exec-4] INFO  c.z.f.b.operationlog.aspect.ApiOperationLogAspect - ====== 请求开始: [批量查询用户信息], 入参: {"ids":[100]}, 请求类: UserController, 请求方法: findByIds =================================== 
2025-10-14 23:10:04.283 [http-nio-8082-exec-4] INFO  c.z.f.b.operationlog.aspect.ApiOperationLogAspect - ====== 请求结束: [批量查询用户信息], 耗时: 11ms, 出参: {"success":true,"message":null,"errorCode":null,"data":[{"id":100,"nickName":"稚生","avatar":"https://my-xiaohongshu-oss.oss-cn-guangzhou.aliyuncs.com/ca709c5d72304bedbcf9ee14e4a3bcb2.jpg","introduction":"快乐法则🧼    轻松时刻🫧 "}]} =================================== 
2025-10-14 23:10:04.291 [http-nio-8082-exec-4] INFO  c.z.f.b.context.filter.HeaderUserId2ContextFilter - ===== 删除 ThreadLocal， userId: 100
2025-10-14 23:15:19.608 [http-nio-8082-exec-7] INFO  c.z.f.b.context.filter.HeaderUserId2ContextFilter - ## HeaderUserId2ContextFilter, 用户 ID: 100
2025-10-14 23:15:19.614 [http-nio-8082-exec-7] INFO  c.z.f.b.operationlog.aspect.ApiOperationLogAspect - ====== 请求开始: [批量查询用户信息], 入参: {"ids":[100]}, 请求类: UserController, 请求方法: findByIds =================================== 
2025-10-14 23:15:19.619 [http-nio-8082-exec-7] INFO  c.z.f.b.operationlog.aspect.ApiOperationLogAspect - ====== 请求结束: [批量查询用户信息], 耗时: 4ms, 出参: {"success":true,"message":null,"errorCode":null,"data":[{"id":100,"nickName":"稚生","avatar":"https://my-xiaohongshu-oss.oss-cn-guangzhou.aliyuncs.com/ca709c5d72304bedbcf9ee14e4a3bcb2.jpg","introduction":"快乐法则🧼    轻松时刻🫧 "}]} =================================== 
2025-10-14 23:15:19.622 [http-nio-8082-exec-7] INFO  c.z.f.b.context.filter.HeaderUserId2ContextFilter - ===== 删除 ThreadLocal， userId: 100
2025-10-14 23:15:53.145 [http-nio-8082-exec-5] INFO  c.z.f.b.context.filter.HeaderUserId2ContextFilter - ## HeaderUserId2ContextFilter, 用户 ID: 100
2025-10-14 23:15:53.146 [http-nio-8082-exec-5] INFO  c.z.f.b.operationlog.aspect.ApiOperationLogAspect - ====== 请求开始: [批量查询用户信息], 入参: {"ids":[100]}, 请求类: UserController, 请求方法: findByIds =================================== 
2025-10-14 23:15:53.149 [http-nio-8082-exec-5] INFO  c.z.f.b.operationlog.aspect.ApiOperationLogAspect - ====== 请求结束: [批量查询用户信息], 耗时: 3ms, 出参: {"success":true,"message":null,"errorCode":null,"data":[{"id":100,"nickName":"稚生","avatar":"https://my-xiaohongshu-oss.oss-cn-guangzhou.aliyuncs.com/ca709c5d72304bedbcf9ee14e4a3bcb2.jpg","introduction":"快乐法则🧼    轻松时刻🫧 "}]} =================================== 
2025-10-14 23:15:53.151 [http-nio-8082-exec-5] INFO  c.z.f.b.context.filter.HeaderUserId2ContextFilter - ===== 删除 ThreadLocal， userId: 100
2025-10-14 23:25:13.759 [http-nio-8082-exec-6] INFO  c.z.f.b.context.filter.HeaderUserId2ContextFilter - ## HeaderUserId2ContextFilter, 用户 ID: 100
2025-10-14 23:25:13.791 [http-nio-8082-exec-6] INFO  c.z.f.b.operationlog.aspect.ApiOperationLogAspect - ====== 请求开始: [批量查询用户信息], 入参: {"ids":[100]}, 请求类: UserController, 请求方法: findByIds =================================== 
2025-10-14 23:25:13.804 [http-nio-8082-exec-6] INFO  c.z.f.b.operationlog.aspect.ApiOperationLogAspect - ====== 请求结束: [批量查询用户信息], 耗时: 15ms, 出参: {"success":true,"message":null,"errorCode":null,"data":[{"id":100,"nickName":"稚生","avatar":"https://my-xiaohongshu-oss.oss-cn-guangzhou.aliyuncs.com/ca709c5d72304bedbcf9ee14e4a3bcb2.jpg","introduction":"快乐法则🧼    轻松时刻🫧 "}]} =================================== 
2025-10-14 23:25:13.812 [http-nio-8082-exec-6] INFO  c.z.f.b.context.filter.HeaderUserId2ContextFilter - ===== 删除 ThreadLocal， userId: 100
2025-10-14 23:37:45.041 [http-nio-8082-exec-1] INFO  c.z.f.b.context.filter.HeaderUserId2ContextFilter - ## HeaderUserId2ContextFilter, 用户 ID: 100
2025-10-14 23:37:45.079 [http-nio-8082-exec-1] INFO  c.z.f.b.operationlog.aspect.ApiOperationLogAspect - ====== 请求开始: [批量查询用户信息], 入参: {"ids":[100]}, 请求类: UserController, 请求方法: findByIds =================================== 
2025-10-14 23:37:45.092 [http-nio-8082-exec-1] INFO  c.z.f.b.operationlog.aspect.ApiOperationLogAspect - ====== 请求结束: [批量查询用户信息], 耗时: 15ms, 出参: {"success":true,"message":null,"errorCode":null,"data":[{"id":100,"nickName":"稚生","avatar":"https://my-xiaohongshu-oss.oss-cn-guangzhou.aliyuncs.com/ca709c5d72304bedbcf9ee14e4a3bcb2.jpg","introduction":"快乐法则🧼    轻松时刻🫧 "}]} =================================== 
2025-10-14 23:37:45.100 [http-nio-8082-exec-1] INFO  c.z.f.b.context.filter.HeaderUserId2ContextFilter - ===== 删除 ThreadLocal， userId: 100
2025-10-14 23:37:46.719 [http-nio-8082-exec-8] INFO  c.z.f.b.context.filter.HeaderUserId2ContextFilter - ## HeaderUserId2ContextFilter, 用户 ID: 100
2025-10-14 23:37:46.721 [http-nio-8082-exec-8] INFO  c.z.f.b.operationlog.aspect.ApiOperationLogAspect - ====== 请求开始: [批量查询用户信息], 入参: {"ids":[100]}, 请求类: UserController, 请求方法: findByIds =================================== 
2025-10-14 23:37:46.723 [http-nio-8082-exec-8] INFO  c.z.f.b.operationlog.aspect.ApiOperationLogAspect - ====== 请求结束: [批量查询用户信息], 耗时: 2ms, 出参: {"success":true,"message":null,"errorCode":null,"data":[{"id":100,"nickName":"稚生","avatar":"https://my-xiaohongshu-oss.oss-cn-guangzhou.aliyuncs.com/ca709c5d72304bedbcf9ee14e4a3bcb2.jpg","introduction":"快乐法则🧼    轻松时刻🫧 "}]} =================================== 
2025-10-14 23:37:46.725 [http-nio-8082-exec-8] INFO  c.z.f.b.context.filter.HeaderUserId2ContextFilter - ===== 删除 ThreadLocal， userId: 100
2025-10-14 23:39:37.715 [http-nio-8082-exec-4] INFO  c.z.f.b.context.filter.HeaderUserId2ContextFilter - ## HeaderUserId2ContextFilter, 用户 ID: 100
2025-10-14 23:39:37.718 [http-nio-8082-exec-4] INFO  c.z.f.b.operationlog.aspect.ApiOperationLogAspect - ====== 请求开始: [批量查询用户信息], 入参: {"ids":[null,100]}, 请求类: UserController, 请求方法: findByIds =================================== 
2025-10-14 23:39:37.878 [http-nio-8082-exec-4] DEBUG c.z.x.u.biz.domain.mapper.UserDOMapper.selectByIds - ==>  Preparing: select id,nickname,avatar,introduction from t_user where status = 0 and is_deleted = 0 and id in ( ? )
2025-10-14 23:39:37.910 [http-nio-8082-exec-4] DEBUG c.z.x.u.biz.domain.mapper.UserDOMapper.selectByIds - ==> Parameters: null
2025-10-14 23:39:37.929 [http-nio-8082-exec-4] DEBUG c.z.x.u.biz.domain.mapper.UserDOMapper.selectByIds - <==      Total: 0
2025-10-14 23:39:37.931 [http-nio-8082-exec-4] INFO  c.z.f.b.operationlog.aspect.ApiOperationLogAspect - ====== 请求结束: [批量查询用户信息], 耗时: 214ms, 出参: {"success":true,"message":null,"errorCode":null,"data":[{"id":100,"nickName":"稚生","avatar":"https://my-xiaohongshu-oss.oss-cn-guangzhou.aliyuncs.com/ca709c5d72304bedbcf9ee14e4a3bcb2.jpg","introduction":"快乐法则🧼    轻松时刻🫧 "}]} =================================== 
2025-10-14 23:39:37.932 [http-nio-8082-exec-4] INFO  c.z.f.b.context.filter.HeaderUserId2ContextFilter - ===== 删除 ThreadLocal， userId: 100
2025-10-14 23:42:04.357 [http-nio-8082-exec-5] INFO  c.z.f.b.context.filter.HeaderUserId2ContextFilter - ## HeaderUserId2ContextFilter, 用户 ID: 100
2025-10-14 23:42:04.359 [http-nio-8082-exec-5] INFO  c.z.f.b.operationlog.aspect.ApiOperationLogAspect - ====== 请求开始: [批量查询用户信息], 入参: {"ids":[100]}, 请求类: UserController, 请求方法: findByIds =================================== 
2025-10-14 23:42:04.362 [http-nio-8082-exec-5] INFO  c.z.f.b.operationlog.aspect.ApiOperationLogAspect - ====== 请求结束: [批量查询用户信息], 耗时: 3ms, 出参: {"success":true,"message":null,"errorCode":null,"data":[{"id":100,"nickName":"稚生","avatar":"https://my-xiaohongshu-oss.oss-cn-guangzhou.aliyuncs.com/ca709c5d72304bedbcf9ee14e4a3bcb2.jpg","introduction":"快乐法则🧼    轻松时刻🫧 "}]} =================================== 
2025-10-14 23:42:04.364 [http-nio-8082-exec-5] INFO  c.z.f.b.context.filter.HeaderUserId2ContextFilter - ===== 删除 ThreadLocal， userId: 100
2025-10-14 23:44:11.722 [http-nio-8082-exec-3] INFO  c.z.f.b.context.filter.HeaderUserId2ContextFilter - ## HeaderUserId2ContextFilter, 用户 ID: 100
2025-10-14 23:44:11.771 [http-nio-8082-exec-6] INFO  c.z.f.b.context.filter.HeaderUserId2ContextFilter - ## HeaderUserId2ContextFilter, 用户 ID: 100
2025-10-14 23:44:11.772 [http-nio-8082-exec-6] INFO  c.z.f.b.operationlog.aspect.ApiOperationLogAspect - ====== 请求开始: [批量查询用户信息], 入参: {"ids":[100]}, 请求类: UserController, 请求方法: findByIds =================================== 
2025-10-14 23:44:11.775 [http-nio-8082-exec-6] INFO  c.z.f.b.operationlog.aspect.ApiOperationLogAspect - ====== 请求结束: [批量查询用户信息], 耗时: 2ms, 出参: {"success":true,"message":null,"errorCode":null,"data":[{"id":100,"nickName":"稚生","avatar":"https://my-xiaohongshu-oss.oss-cn-guangzhou.aliyuncs.com/ca709c5d72304bedbcf9ee14e4a3bcb2.jpg","introduction":"快乐法则🧼    轻松时刻🫧 "}]} =================================== 
2025-10-14 23:44:11.776 [http-nio-8082-exec-6] INFO  c.z.f.b.context.filter.HeaderUserId2ContextFilter - ===== 删除 ThreadLocal， userId: 100
2025-10-14 23:44:11.810 [http-nio-8082-exec-3] INFO  c.z.f.b.operationlog.aspect.ApiOperationLogAspect - ====== 请求开始: [根据用户 ID 查询用户信息], 入参: {"id":100}, 请求类: UserController, 请求方法: findById =================================== 
2025-10-14 23:44:11.838 [http-nio-8082-exec-3] INFO  c.z.f.b.operationlog.aspect.ApiOperationLogAspect - ====== 请求结束: [根据用户 ID 查询用户信息], 耗时: 28ms, 出参: {"success":true,"message":null,"errorCode":null,"data":{"id":100,"nickName":"稚生","avatar":"https://my-xiaohongshu-oss.oss-cn-guangzhou.aliyuncs.com/ca709c5d72304bedbcf9ee14e4a3bcb2.jpg","introduction":"快乐法则🧼    轻松时刻🫧 "}} =================================== 
2025-10-14 23:44:11.840 [http-nio-8082-exec-3] INFO  c.z.f.b.context.filter.HeaderUserId2ContextFilter - ===== 删除 ThreadLocal， userId: 100
2025-10-14 23:47:31.077 [http-nio-8082-exec-8] INFO  c.z.f.b.context.filter.HeaderUserId2ContextFilter - ## HeaderUserId2ContextFilter, 用户 ID: 100
2025-10-14 23:47:31.089 [http-nio-8082-exec-8] INFO  c.z.f.b.operationlog.aspect.ApiOperationLogAspect - ====== 请求开始: [批量查询用户信息], 入参: {"ids":[100]}, 请求类: UserController, 请求方法: findByIds =================================== 
2025-10-14 23:47:31.097 [http-nio-8082-exec-8] INFO  c.z.f.b.operationlog.aspect.ApiOperationLogAspect - ====== 请求结束: [批量查询用户信息], 耗时: 10ms, 出参: {"success":true,"message":null,"errorCode":null,"data":[{"id":100,"nickName":"稚生","avatar":"https://my-xiaohongshu-oss.oss-cn-guangzhou.aliyuncs.com/ca709c5d72304bedbcf9ee14e4a3bcb2.jpg","introduction":"快乐法则🧼    轻松时刻🫧 "}]} =================================== 
2025-10-14 23:47:31.102 [http-nio-8082-exec-8] INFO  c.z.f.b.context.filter.HeaderUserId2ContextFilter - ===== 删除 ThreadLocal， userId: 100
2025-10-14 23:47:34.356 [http-nio-8082-exec-9] INFO  c.z.f.b.context.filter.HeaderUserId2ContextFilter - ## HeaderUserId2ContextFilter, 用户 ID: 100
2025-10-14 23:47:34.357 [http-nio-8082-exec-9] INFO  c.z.f.b.operationlog.aspect.ApiOperationLogAspect - ====== 请求开始: [批量查询用户信息], 入参: {"ids":[100]}, 请求类: UserController, 请求方法: findByIds =================================== 
2025-10-14 23:47:34.358 [http-nio-8082-exec-9] INFO  c.z.f.b.operationlog.aspect.ApiOperationLogAspect - ====== 请求结束: [批量查询用户信息], 耗时: 1ms, 出参: {"success":true,"message":null,"errorCode":null,"data":[{"id":100,"nickName":"稚生","avatar":"https://my-xiaohongshu-oss.oss-cn-guangzhou.aliyuncs.com/ca709c5d72304bedbcf9ee14e4a3bcb2.jpg","introduction":"快乐法则🧼    轻松时刻🫧 "}]} =================================== 
2025-10-14 23:47:34.359 [http-nio-8082-exec-9] INFO  c.z.f.b.context.filter.HeaderUserId2ContextFilter - ===== 删除 ThreadLocal， userId: 100
2025-10-14 23:49:11.804 [http-nio-8082-exec-7] INFO  c.z.f.b.context.filter.HeaderUserId2ContextFilter - ## HeaderUserId2ContextFilter, 用户 ID: 100
2025-10-14 23:49:11.805 [http-nio-8082-exec-7] INFO  c.z.f.b.operationlog.aspect.ApiOperationLogAspect - ====== 请求开始: [批量查询用户信息], 入参: {"ids":[100]}, 请求类: UserController, 请求方法: findByIds =================================== 
2025-10-14 23:49:11.809 [http-nio-8082-exec-7] INFO  c.z.f.b.operationlog.aspect.ApiOperationLogAspect - ====== 请求结束: [批量查询用户信息], 耗时: 4ms, 出参: {"success":true,"message":null,"errorCode":null,"data":[{"id":100,"nickName":"稚生","avatar":"https://my-xiaohongshu-oss.oss-cn-guangzhou.aliyuncs.com/ca709c5d72304bedbcf9ee14e4a3bcb2.jpg","introduction":"快乐法则🧼    轻松时刻🫧 "}]} =================================== 
2025-10-14 23:49:11.810 [http-nio-8082-exec-7] INFO  c.z.f.b.context.filter.HeaderUserId2ContextFilter - ===== 删除 ThreadLocal， userId: 100
2025-10-14 23:50:14.302 [http-nio-8082-exec-2] INFO  c.z.f.b.context.filter.HeaderUserId2ContextFilter - ## HeaderUserId2ContextFilter, 用户 ID: 100
2025-10-14 23:50:14.303 [http-nio-8082-exec-2] INFO  c.z.f.b.operationlog.aspect.ApiOperationLogAspect - ====== 请求开始: [批量查询用户信息], 入参: {"ids":[100]}, 请求类: UserController, 请求方法: findByIds =================================== 
2025-10-14 23:50:14.305 [http-nio-8082-exec-2] INFO  c.z.f.b.operationlog.aspect.ApiOperationLogAspect - ====== 请求结束: [批量查询用户信息], 耗时: 2ms, 出参: {"success":true,"message":null,"errorCode":null,"data":[{"id":100,"nickName":"稚生","avatar":"https://my-xiaohongshu-oss.oss-cn-guangzhou.aliyuncs.com/ca709c5d72304bedbcf9ee14e4a3bcb2.jpg","introduction":"快乐法则🧼    轻松时刻🫧 "}]} =================================== 
2025-10-14 23:50:14.306 [http-nio-8082-exec-2] INFO  c.z.f.b.context.filter.HeaderUserId2ContextFilter - ===== 删除 ThreadLocal， userId: 100
2025-10-14 23:52:16.303 [http-nio-8082-exec-3] INFO  c.z.f.b.context.filter.HeaderUserId2ContextFilter - ## HeaderUserId2ContextFilter, 用户 ID: 100
2025-10-14 23:52:16.304 [http-nio-8082-exec-3] INFO  c.z.f.b.operationlog.aspect.ApiOperationLogAspect - ====== 请求开始: [批量查询用户信息], 入参: {"ids":[100]}, 请求类: UserController, 请求方法: findByIds =================================== 
2025-10-14 23:52:16.305 [http-nio-8082-exec-3] INFO  c.z.f.b.operationlog.aspect.ApiOperationLogAspect - ====== 请求结束: [批量查询用户信息], 耗时: 1ms, 出参: {"success":true,"message":null,"errorCode":null,"data":[{"id":100,"nickName":"稚生","avatar":"https://my-xiaohongshu-oss.oss-cn-guangzhou.aliyuncs.com/ca709c5d72304bedbcf9ee14e4a3bcb2.jpg","introduction":"快乐法则🧼    轻松时刻🫧 "}]} =================================== 
2025-10-14 23:52:16.306 [http-nio-8082-exec-3] INFO  c.z.f.b.context.filter.HeaderUserId2ContextFilter - ===== 删除 ThreadLocal， userId: 100
2025-10-14 23:52:34.262 [http-nio-8082-exec-10] INFO  c.z.f.b.context.filter.HeaderUserId2ContextFilter - ## HeaderUserId2ContextFilter, 用户 ID: 100
2025-10-14 23:52:34.262 [http-nio-8082-exec-10] INFO  c.z.f.b.operationlog.aspect.ApiOperationLogAspect - ====== 请求开始: [批量查询用户信息], 入参: {"ids":[100]}, 请求类: UserController, 请求方法: findByIds =================================== 
2025-10-14 23:52:34.268 [http-nio-8082-exec-10] INFO  c.z.f.b.operationlog.aspect.ApiOperationLogAspect - ====== 请求结束: [批量查询用户信息], 耗时: 6ms, 出参: {"success":true,"message":null,"errorCode":null,"data":[{"id":100,"nickName":"稚生","avatar":"https://my-xiaohongshu-oss.oss-cn-guangzhou.aliyuncs.com/ca709c5d72304bedbcf9ee14e4a3bcb2.jpg","introduction":"快乐法则🧼    轻松时刻🫧 "}]} =================================== 
2025-10-14 23:52:34.272 [http-nio-8082-exec-10] INFO  c.z.f.b.context.filter.HeaderUserId2ContextFilter - ===== 删除 ThreadLocal， userId: 100
2025-10-14 23:53:23.695 [http-nio-8082-exec-1] INFO  c.z.f.b.context.filter.HeaderUserId2ContextFilter - ## HeaderUserId2ContextFilter, 用户 ID: 100
2025-10-14 23:53:23.695 [http-nio-8082-exec-1] INFO  c.z.f.b.operationlog.aspect.ApiOperationLogAspect - ====== 请求开始: [批量查询用户信息], 入参: {"ids":[100]}, 请求类: UserController, 请求方法: findByIds =================================== 
2025-10-14 23:53:23.698 [http-nio-8082-exec-1] INFO  c.z.f.b.operationlog.aspect.ApiOperationLogAspect - ====== 请求结束: [批量查询用户信息], 耗时: 3ms, 出参: {"success":true,"message":null,"errorCode":null,"data":[{"id":100,"nickName":"稚生","avatar":"https://my-xiaohongshu-oss.oss-cn-guangzhou.aliyuncs.com/ca709c5d72304bedbcf9ee14e4a3bcb2.jpg","introduction":"快乐法则🧼    轻松时刻🫧 "}]} =================================== 
2025-10-14 23:53:23.699 [http-nio-8082-exec-1] INFO  c.z.f.b.context.filter.HeaderUserId2ContextFilter - ===== 删除 ThreadLocal， userId: 100
2025-10-14 23:53:59.645 [http-nio-8082-exec-8] INFO  c.z.f.b.context.filter.HeaderUserId2ContextFilter - ## HeaderUserId2ContextFilter, 用户 ID: 100
2025-10-14 23:53:59.647 [http-nio-8082-exec-8] INFO  c.z.f.b.operationlog.aspect.ApiOperationLogAspect - ====== 请求开始: [批量查询用户信息], 入参: {"ids":[100]}, 请求类: UserController, 请求方法: findByIds =================================== 
2025-10-14 23:53:59.649 [http-nio-8082-exec-8] INFO  c.z.f.b.operationlog.aspect.ApiOperationLogAspect - ====== 请求结束: [批量查询用户信息], 耗时: 2ms, 出参: {"success":true,"message":null,"errorCode":null,"data":[{"id":100,"nickName":"稚生","avatar":"https://my-xiaohongshu-oss.oss-cn-guangzhou.aliyuncs.com/ca709c5d72304bedbcf9ee14e4a3bcb2.jpg","introduction":"快乐法则🧼    轻松时刻🫧 "}]} =================================== 
2025-10-14 23:53:59.649 [http-nio-8082-exec-8] INFO  c.z.f.b.context.filter.HeaderUserId2ContextFilter - ===== 删除 ThreadLocal， userId: 100
