2025-09-18 09:25:58.811 [main] WARN  com.alibaba.nacos.client.logging.NacosLogging - Load Logback Configuration of Nacos fail, message: Could not initialize Logback Nacos logging from classpath:nacos-logback.xml
2025-09-18 09:25:58.865 [main] WARN  com.alibaba.nacos.client.logging.NacosLogging - Load Logback Configuration of Nacos fail, message: Could not initialize Logback Nacos logging from classpath:nacos-logback.xml
2025-09-18 09:25:59.471 [main] WARN  com.alibaba.nacos.client.logging.NacosLogging - Load Logback Configuration of Nacos fail, message: Could not initialize Logback Nacos logging from classpath:nacos-logback.xml
2025-09-18 09:25:59.484 [main] WARN  com.alibaba.nacos.client.logging.NacosLogging - Load Logback Configuration of Nacos fail, message: Could not initialize Logback Nacos logging from classpath:nacos-logback.xml
2025-09-18 09:25:59.485 [main] INFO  c.z.x.user.biz.XiaohongshuUserBizApplication - The following 1 profile is active: "dev"
2025-09-18 09:26:00.158 [main] INFO  o.s.d.r.config.RepositoryConfigurationDelegate - Multiple Spring Data modules found, entering strict repository configuration mode
2025-09-18 09:26:00.160 [main] INFO  o.s.d.r.config.RepositoryConfigurationDelegate - Bootstrapping Spring Data Redis repositories in DEFAULT mode.
2025-09-18 09:26:00.189 [main] INFO  o.s.d.r.config.RepositoryConfigurationDelegate - Finished Spring Data repository scanning in 14 ms. Found 0 Redis repository interfaces.
2025-09-18 09:26:00.437 [main] INFO  o.springframework.cloud.context.scope.GenericScope - BeanFactory id=80701806-1a87-3a72-87d6-63640373b7f4
2025-09-18 09:26:00.476 [main] INFO  o.s.c.s.PostProcessorRegistrationDelegate$BeanPostProcessorChecker - Bean 'com.zry.xiaohongshu.oss.api.FileFeignApi' of type [org.springframework.cloud.openfeign.FeignClientFactoryBean] is not eligible for getting processed by all BeanPostProcessors (for example: not eligible for auto-proxying)
2025-09-18 09:26:00.478 [main] INFO  o.s.c.s.PostProcessorRegistrationDelegate$BeanPostProcessorChecker - Bean 'com.zry.xiaohongshu.user.api.UserFeignApi' of type [org.springframework.cloud.openfeign.FeignClientFactoryBean] is not eligible for getting processed by all BeanPostProcessors (for example: not eligible for auto-proxying)
2025-09-18 09:26:00.481 [main] INFO  o.s.c.s.PostProcessorRegistrationDelegate$BeanPostProcessorChecker - Bean 'com.zry.xiaohongshu.distributed.id.generator.api.DistributedIdGeneratorFeignApi' of type [org.springframework.cloud.openfeign.FeignClientFactoryBean] is not eligible for getting processed by all BeanPostProcessors (for example: not eligible for auto-proxying)
2025-09-18 09:26:00.482 [main] INFO  o.s.c.s.PostProcessorRegistrationDelegate$BeanPostProcessorChecker - Bean 'com.zry.xiaohongshu.count.api.CountFeignApi' of type [org.springframework.cloud.openfeign.FeignClientFactoryBean] is not eligible for getting processed by all BeanPostProcessors (for example: not eligible for auto-proxying)
2025-09-18 09:26:00.746 [main] INFO  o.s.c.s.PostProcessorRegistrationDelegate$BeanPostProcessorChecker - Bean 'org.apache.rocketmq.spring.autoconfigure.MessageConverterConfiguration' of type [org.apache.rocketmq.spring.autoconfigure.MessageConverterConfiguration$$SpringCGLIB$$0] is not eligible for getting processed by all BeanPostProcessors (for example: not eligible for auto-proxying)
2025-09-18 09:26:00.812 [main] INFO  o.s.c.s.PostProcessorRegistrationDelegate$BeanPostProcessorChecker - Bean 'createRocketMQMessageConverter' of type [org.apache.rocketmq.spring.support.RocketMQMessageConverter] is not eligible for getting processed by all BeanPostProcessors (for example: not eligible for auto-proxying)
2025-09-18 09:26:00.815 [main] INFO  o.s.c.s.PostProcessorRegistrationDelegate$BeanPostProcessorChecker - Bean 'org.springframework.cloud.commons.config.CommonsConfigAutoConfiguration' of type [org.springframework.cloud.commons.config.CommonsConfigAutoConfiguration] is not eligible for getting processed by all BeanPostProcessors (for example: not eligible for auto-proxying)
2025-09-18 09:26:00.820 [main] INFO  o.s.c.s.PostProcessorRegistrationDelegate$BeanPostProcessorChecker - Bean 'org.springframework.cloud.client.loadbalancer.LoadBalancerDefaultMappingsProviderAutoConfiguration' of type [org.springframework.cloud.client.loadbalancer.LoadBalancerDefaultMappingsProviderAutoConfiguration] is not eligible for getting processed by all BeanPostProcessors (for example: not eligible for auto-proxying)
2025-09-18 09:26:00.821 [main] INFO  o.s.c.s.PostProcessorRegistrationDelegate$BeanPostProcessorChecker - Bean 'loadBalancerClientsDefaultsMappingsProvider' of type [org.springframework.cloud.client.loadbalancer.LoadBalancerDefaultMappingsProviderAutoConfiguration$$Lambda$721/0x000001dc3151be78] is not eligible for getting processed by all BeanPostProcessors (for example: not eligible for auto-proxying)
2025-09-18 09:26:00.823 [main] INFO  o.s.c.s.PostProcessorRegistrationDelegate$BeanPostProcessorChecker - Bean 'defaultsBindHandlerAdvisor' of type [org.springframework.cloud.commons.config.DefaultsBindHandlerAdvisor] is not eligible for getting processed by all BeanPostProcessors (for example: not eligible for auto-proxying)
2025-09-18 09:26:00.831 [main] INFO  o.s.c.s.PostProcessorRegistrationDelegate$BeanPostProcessorChecker - Bean 'rocketmq-org.apache.rocketmq.spring.autoconfigure.RocketMQProperties' of type [org.apache.rocketmq.spring.autoconfigure.RocketMQProperties] is not eligible for getting processed by all BeanPostProcessors (for example: not eligible for auto-proxying)
2025-09-18 09:26:00.832 [main] INFO  o.s.c.s.PostProcessorRegistrationDelegate$BeanPostProcessorChecker - Bean 'org.apache.rocketmq.spring.autoconfigure.ListenerContainerConfiguration' of type [org.apache.rocketmq.spring.autoconfigure.ListenerContainerConfiguration$$SpringCGLIB$$0] is not eligible for getting processed by all BeanPostProcessors (for example: not eligible for auto-proxying)
2025-09-18 09:26:01.104 [main] INFO  o.s.boot.web.embedded.tomcat.TomcatWebServer - Tomcat initialized with port(s): 8082 (http)
2025-09-18 09:26:01.105 [main] INFO  org.apache.catalina.core.AprLifecycleListener - Loaded Apache Tomcat Native library [2.0.3] using APR version [1.7.2].
2025-09-18 09:26:01.110 [main] INFO  org.apache.catalina.core.AprLifecycleListener - OpenSSL successfully initialized [OpenSSL 3.0.8 7 Feb 2023]
2025-09-18 09:26:01.120 [main] INFO  org.apache.catalina.core.StandardService - Starting service [Tomcat]
2025-09-18 09:26:01.120 [main] INFO  org.apache.catalina.core.StandardEngine - Starting Servlet engine: [Apache Tomcat/10.1.5]
2025-09-18 09:26:01.233 [main] INFO  o.a.c.core.ContainerBase.[Tomcat].[localhost].[/] - Initializing Spring embedded WebApplicationContext
2025-09-18 09:26:01.234 [main] INFO  o.s.b.w.s.c.ServletWebServerApplicationContext - Root WebApplicationContext: initialization completed in 1730 ms
2025-09-18 09:26:05.001 [main] ERROR o.a.r.s.a.ListenerContainerConfiguration - Started container failed. DefaultRocketMQListenerContainer{consumerGroup='xiaohongshu_group_DelayDeleteUserRedisCacheTopic', namespace='', nameServer='127.0.0.1:9876', topic='DelayDeleteUserRedisCacheTopic', consumeMode=CONCURRENTLY, selectorType=TAG, selectorExpression='*', messageModel=CLUSTERING', tlsEnable=false, instanceName=DEFAULT}
java.lang.IllegalStateException: org.apache.rocketmq.remoting.exception.RemotingTimeoutException: wait response on the channel <127.0.0.1:9876> timeout, 2883(ms)
	at org.apache.rocketmq.client.impl.factory.MQClientInstance.updateTopicRouteInfoFromNameServer(MQClientInstance.java:680)
	at org.apache.rocketmq.client.impl.factory.MQClientInstance.updateTopicRouteInfoFromNameServer(MQClientInstance.java:510)
	at org.apache.rocketmq.client.impl.consumer.DefaultMQPushConsumerImpl.updateTopicSubscribeInfoWhenSubscriptionChanged(DefaultMQPushConsumerImpl.java:872)
	at org.apache.rocketmq.client.impl.consumer.DefaultMQPushConsumerImpl.start(DefaultMQPushConsumerImpl.java:655)
	at org.apache.rocketmq.client.consumer.DefaultMQPushConsumer.start(DefaultMQPushConsumer.java:707)
	at org.apache.rocketmq.spring.support.DefaultRocketMQListenerContainer.start(DefaultRocketMQListenerContainer.java:343)
	at org.apache.rocketmq.spring.autoconfigure.ListenerContainerConfiguration.registerContainer(ListenerContainerConfiguration.java:106)
	at org.apache.rocketmq.spring.annotation.RocketMQMessageListenerBeanPostProcessor.postProcessAfterInitialization(RocketMQMessageListenerBeanPostProcessor.java:55)
	at org.springframework.beans.factory.support.AbstractAutowireCapableBeanFactory.applyBeanPostProcessorsAfterInitialization(AbstractAutowireCapableBeanFactory.java:435)
	at org.springframework.beans.factory.support.AbstractAutowireCapableBeanFactory.initializeBean(AbstractAutowireCapableBeanFactory.java:1754)
	at org.springframework.beans.factory.support.AbstractAutowireCapableBeanFactory.doCreateBean(AbstractAutowireCapableBeanFactory.java:599)
	at org.springframework.beans.factory.support.AbstractAutowireCapableBeanFactory.createBean(AbstractAutowireCapableBeanFactory.java:521)
	at org.springframework.beans.factory.support.AbstractBeanFactory.lambda$doGetBean$0(AbstractBeanFactory.java:326)
	at org.springframework.beans.factory.support.DefaultSingletonBeanRegistry.getSingleton(DefaultSingletonBeanRegistry.java:234)
	at org.springframework.beans.factory.support.AbstractBeanFactory.doGetBean(AbstractBeanFactory.java:324)
	at org.springframework.beans.factory.support.AbstractBeanFactory.getBean(AbstractBeanFactory.java:200)
	at org.springframework.beans.factory.support.DefaultListableBeanFactory.preInstantiateSingletons(DefaultListableBeanFactory.java:961)
	at org.springframework.context.support.AbstractApplicationContext.finishBeanFactoryInitialization(AbstractApplicationContext.java:915)
	at org.springframework.context.support.AbstractApplicationContext.refresh(AbstractApplicationContext.java:584)
	at org.springframework.boot.web.servlet.context.ServletWebServerApplicationContext.refresh(ServletWebServerApplicationContext.java:146)
	at org.springframework.boot.SpringApplication.refresh(SpringApplication.java:730)
	at org.springframework.boot.SpringApplication.refreshContext(SpringApplication.java:432)
	at org.springframework.boot.SpringApplication.run(SpringApplication.java:308)
	at org.springframework.boot.SpringApplication.run(SpringApplication.java:1302)
	at org.springframework.boot.SpringApplication.run(SpringApplication.java:1291)
	at com.zry.xiaohongshu.user.biz.XiaohongshuUserBizApplication.main(XiaohongshuUserBizApplication.java:14)
Caused by: org.apache.rocketmq.remoting.exception.RemotingTimeoutException: wait response on the channel <127.0.0.1:9876> timeout, 2883(ms)
	at org.apache.rocketmq.remoting.netty.NettyRemotingAbstract.invokeSyncImpl(NettyRemotingAbstract.java:439)
	at org.apache.rocketmq.remoting.netty.NettyRemotingClient.invokeSync(NettyRemotingClient.java:390)
	at org.apache.rocketmq.client.impl.MQClientAPIImpl.getTopicRouteInfoFromNameServer(MQClientAPIImpl.java:1394)
	at org.apache.rocketmq.client.impl.MQClientAPIImpl.getTopicRouteInfoFromNameServer(MQClientAPIImpl.java:1384)
	at org.apache.rocketmq.client.impl.factory.MQClientInstance.updateTopicRouteInfoFromNameServer(MQClientInstance.java:623)
	... 25 common frames omitted
2025-09-18 09:26:05.005 [main] WARN  o.s.b.w.s.c.AnnotationConfigServletWebServerApplicationContext - Exception encountered during context initialization - cancelling refresh attempt: org.springframework.beans.factory.BeanCreationException: Error creating bean with name 'delayDeleteUserRedisCacheConsumer' defined in file [D:\subject\JAVA\SpringCloud\xiaohongshu\xiaohongshu-user\xiaohongshu-user-biz\target\classes\com\zry\xiaohongshu\user\biz\consumer\DelayDeleteUserRedisCacheConsumer.class]: java.lang.IllegalStateException: org.apache.rocketmq.remoting.exception.RemotingTimeoutException: wait response on the channel <127.0.0.1:9876> timeout, 2883(ms)
2025-09-18 09:26:05.008 [main] INFO  o.a.r.s.support.DefaultRocketMQListenerContainer - container destroyed, DefaultRocketMQListenerContainer{consumerGroup='xiaohongshu_group_DelayDeleteUserRedisCacheTopic', namespace='', nameServer='127.0.0.1:9876', topic='DelayDeleteUserRedisCacheTopic', consumeMode=CONCURRENTLY, selectorType=TAG, selectorExpression='*', messageModel=CLUSTERING', tlsEnable=false, instanceName=DEFAULT}
2025-09-18 09:26:05.023 [main] INFO  org.apache.catalina.core.StandardService - Stopping service [Tomcat]
2025-09-18 09:26:05.053 [main] INFO  o.s.b.a.logging.ConditionEvaluationReportLogger - 

Error starting ApplicationContext. To display the condition evaluation report re-run your application with 'debug' enabled.
2025-09-18 09:26:05.068 [main] ERROR org.springframework.boot.SpringApplication - Application run failed
org.springframework.beans.factory.BeanCreationException: Error creating bean with name 'delayDeleteUserRedisCacheConsumer' defined in file [D:\subject\JAVA\SpringCloud\xiaohongshu\xiaohongshu-user\xiaohongshu-user-biz\target\classes\com\zry\xiaohongshu\user\biz\consumer\DelayDeleteUserRedisCacheConsumer.class]: java.lang.IllegalStateException: org.apache.rocketmq.remoting.exception.RemotingTimeoutException: wait response on the channel <127.0.0.1:9876> timeout, 2883(ms)
	at org.springframework.beans.factory.support.AbstractAutowireCapableBeanFactory.doCreateBean(AbstractAutowireCapableBeanFactory.java:606)
	at org.springframework.beans.factory.support.AbstractAutowireCapableBeanFactory.createBean(AbstractAutowireCapableBeanFactory.java:521)
	at org.springframework.beans.factory.support.AbstractBeanFactory.lambda$doGetBean$0(AbstractBeanFactory.java:326)
	at org.springframework.beans.factory.support.DefaultSingletonBeanRegistry.getSingleton(DefaultSingletonBeanRegistry.java:234)
	at org.springframework.beans.factory.support.AbstractBeanFactory.doGetBean(AbstractBeanFactory.java:324)
	at org.springframework.beans.factory.support.AbstractBeanFactory.getBean(AbstractBeanFactory.java:200)
	at org.springframework.beans.factory.support.DefaultListableBeanFactory.preInstantiateSingletons(DefaultListableBeanFactory.java:961)
	at org.springframework.context.support.AbstractApplicationContext.finishBeanFactoryInitialization(AbstractApplicationContext.java:915)
	at org.springframework.context.support.AbstractApplicationContext.refresh(AbstractApplicationContext.java:584)
	at org.springframework.boot.web.servlet.context.ServletWebServerApplicationContext.refresh(ServletWebServerApplicationContext.java:146)
	at org.springframework.boot.SpringApplication.refresh(SpringApplication.java:730)
	at org.springframework.boot.SpringApplication.refreshContext(SpringApplication.java:432)
	at org.springframework.boot.SpringApplication.run(SpringApplication.java:308)
	at org.springframework.boot.SpringApplication.run(SpringApplication.java:1302)
	at org.springframework.boot.SpringApplication.run(SpringApplication.java:1291)
	at com.zry.xiaohongshu.user.biz.XiaohongshuUserBizApplication.main(XiaohongshuUserBizApplication.java:14)
Caused by: java.lang.RuntimeException: java.lang.IllegalStateException: org.apache.rocketmq.remoting.exception.RemotingTimeoutException: wait response on the channel <127.0.0.1:9876> timeout, 2883(ms)
	at org.apache.rocketmq.spring.autoconfigure.ListenerContainerConfiguration.registerContainer(ListenerContainerConfiguration.java:109)
	at org.apache.rocketmq.spring.annotation.RocketMQMessageListenerBeanPostProcessor.postProcessAfterInitialization(RocketMQMessageListenerBeanPostProcessor.java:55)
	at org.springframework.beans.factory.support.AbstractAutowireCapableBeanFactory.applyBeanPostProcessorsAfterInitialization(AbstractAutowireCapableBeanFactory.java:435)
	at org.springframework.beans.factory.support.AbstractAutowireCapableBeanFactory.initializeBean(AbstractAutowireCapableBeanFactory.java:1754)
	at org.springframework.beans.factory.support.AbstractAutowireCapableBeanFactory.doCreateBean(AbstractAutowireCapableBeanFactory.java:599)
	... 15 common frames omitted
Caused by: java.lang.IllegalStateException: org.apache.rocketmq.remoting.exception.RemotingTimeoutException: wait response on the channel <127.0.0.1:9876> timeout, 2883(ms)
	at org.apache.rocketmq.client.impl.factory.MQClientInstance.updateTopicRouteInfoFromNameServer(MQClientInstance.java:680)
	at org.apache.rocketmq.client.impl.factory.MQClientInstance.updateTopicRouteInfoFromNameServer(MQClientInstance.java:510)
	at org.apache.rocketmq.client.impl.consumer.DefaultMQPushConsumerImpl.updateTopicSubscribeInfoWhenSubscriptionChanged(DefaultMQPushConsumerImpl.java:872)
	at org.apache.rocketmq.client.impl.consumer.DefaultMQPushConsumerImpl.start(DefaultMQPushConsumerImpl.java:655)
	at org.apache.rocketmq.client.consumer.DefaultMQPushConsumer.start(DefaultMQPushConsumer.java:707)
	at org.apache.rocketmq.spring.support.DefaultRocketMQListenerContainer.start(DefaultRocketMQListenerContainer.java:343)
	at org.apache.rocketmq.spring.autoconfigure.ListenerContainerConfiguration.registerContainer(ListenerContainerConfiguration.java:106)
	... 19 common frames omitted
Caused by: org.apache.rocketmq.remoting.exception.RemotingTimeoutException: wait response on the channel <127.0.0.1:9876> timeout, 2883(ms)
	at org.apache.rocketmq.remoting.netty.NettyRemotingAbstract.invokeSyncImpl(NettyRemotingAbstract.java:439)
	at org.apache.rocketmq.remoting.netty.NettyRemotingClient.invokeSync(NettyRemotingClient.java:390)
	at org.apache.rocketmq.client.impl.MQClientAPIImpl.getTopicRouteInfoFromNameServer(MQClientAPIImpl.java:1394)
	at org.apache.rocketmq.client.impl.MQClientAPIImpl.getTopicRouteInfoFromNameServer(MQClientAPIImpl.java:1384)
	at org.apache.rocketmq.client.impl.factory.MQClientInstance.updateTopicRouteInfoFromNameServer(MQClientInstance.java:623)
	... 25 common frames omitted
2025-09-18 09:26:25.890 [main] WARN  com.alibaba.nacos.client.logging.NacosLogging - Load Logback Configuration of Nacos fail, message: Could not initialize Logback Nacos logging from classpath:nacos-logback.xml
2025-09-18 09:26:25.953 [main] WARN  com.alibaba.nacos.client.logging.NacosLogging - Load Logback Configuration of Nacos fail, message: Could not initialize Logback Nacos logging from classpath:nacos-logback.xml
2025-09-18 09:26:26.606 [main] WARN  com.alibaba.nacos.client.logging.NacosLogging - Load Logback Configuration of Nacos fail, message: Could not initialize Logback Nacos logging from classpath:nacos-logback.xml
2025-09-18 09:26:26.623 [main] WARN  com.alibaba.nacos.client.logging.NacosLogging - Load Logback Configuration of Nacos fail, message: Could not initialize Logback Nacos logging from classpath:nacos-logback.xml
2025-09-18 09:26:26.624 [main] INFO  c.z.x.user.biz.XiaohongshuUserBizApplication - The following 1 profile is active: "dev"
2025-09-18 09:26:27.443 [main] INFO  o.s.d.r.config.RepositoryConfigurationDelegate - Multiple Spring Data modules found, entering strict repository configuration mode
2025-09-18 09:26:27.447 [main] INFO  o.s.d.r.config.RepositoryConfigurationDelegate - Bootstrapping Spring Data Redis repositories in DEFAULT mode.
2025-09-18 09:26:27.479 [main] INFO  o.s.d.r.config.RepositoryConfigurationDelegate - Finished Spring Data repository scanning in 13 ms. Found 0 Redis repository interfaces.
2025-09-18 09:26:27.789 [main] INFO  o.springframework.cloud.context.scope.GenericScope - BeanFactory id=80701806-1a87-3a72-87d6-63640373b7f4
2025-09-18 09:26:27.836 [main] INFO  o.s.c.s.PostProcessorRegistrationDelegate$BeanPostProcessorChecker - Bean 'com.zry.xiaohongshu.oss.api.FileFeignApi' of type [org.springframework.cloud.openfeign.FeignClientFactoryBean] is not eligible for getting processed by all BeanPostProcessors (for example: not eligible for auto-proxying)
2025-09-18 09:26:27.838 [main] INFO  o.s.c.s.PostProcessorRegistrationDelegate$BeanPostProcessorChecker - Bean 'com.zry.xiaohongshu.user.api.UserFeignApi' of type [org.springframework.cloud.openfeign.FeignClientFactoryBean] is not eligible for getting processed by all BeanPostProcessors (for example: not eligible for auto-proxying)
2025-09-18 09:26:27.840 [main] INFO  o.s.c.s.PostProcessorRegistrationDelegate$BeanPostProcessorChecker - Bean 'com.zry.xiaohongshu.distributed.id.generator.api.DistributedIdGeneratorFeignApi' of type [org.springframework.cloud.openfeign.FeignClientFactoryBean] is not eligible for getting processed by all BeanPostProcessors (for example: not eligible for auto-proxying)
2025-09-18 09:26:27.843 [main] INFO  o.s.c.s.PostProcessorRegistrationDelegate$BeanPostProcessorChecker - Bean 'com.zry.xiaohongshu.count.api.CountFeignApi' of type [org.springframework.cloud.openfeign.FeignClientFactoryBean] is not eligible for getting processed by all BeanPostProcessors (for example: not eligible for auto-proxying)
2025-09-18 09:26:28.160 [main] INFO  o.s.c.s.PostProcessorRegistrationDelegate$BeanPostProcessorChecker - Bean 'org.apache.rocketmq.spring.autoconfigure.MessageConverterConfiguration' of type [org.apache.rocketmq.spring.autoconfigure.MessageConverterConfiguration$$SpringCGLIB$$0] is not eligible for getting processed by all BeanPostProcessors (for example: not eligible for auto-proxying)
2025-09-18 09:26:28.240 [main] INFO  o.s.c.s.PostProcessorRegistrationDelegate$BeanPostProcessorChecker - Bean 'createRocketMQMessageConverter' of type [org.apache.rocketmq.spring.support.RocketMQMessageConverter] is not eligible for getting processed by all BeanPostProcessors (for example: not eligible for auto-proxying)
2025-09-18 09:26:28.243 [main] INFO  o.s.c.s.PostProcessorRegistrationDelegate$BeanPostProcessorChecker - Bean 'org.springframework.cloud.commons.config.CommonsConfigAutoConfiguration' of type [org.springframework.cloud.commons.config.CommonsConfigAutoConfiguration] is not eligible for getting processed by all BeanPostProcessors (for example: not eligible for auto-proxying)
2025-09-18 09:26:28.249 [main] INFO  o.s.c.s.PostProcessorRegistrationDelegate$BeanPostProcessorChecker - Bean 'org.springframework.cloud.client.loadbalancer.LoadBalancerDefaultMappingsProviderAutoConfiguration' of type [org.springframework.cloud.client.loadbalancer.LoadBalancerDefaultMappingsProviderAutoConfiguration] is not eligible for getting processed by all BeanPostProcessors (for example: not eligible for auto-proxying)
2025-09-18 09:26:28.250 [main] INFO  o.s.c.s.PostProcessorRegistrationDelegate$BeanPostProcessorChecker - Bean 'loadBalancerClientsDefaultsMappingsProvider' of type [org.springframework.cloud.client.loadbalancer.LoadBalancerDefaultMappingsProviderAutoConfiguration$$Lambda$721/0x000001922051ba00] is not eligible for getting processed by all BeanPostProcessors (for example: not eligible for auto-proxying)
2025-09-18 09:26:28.252 [main] INFO  o.s.c.s.PostProcessorRegistrationDelegate$BeanPostProcessorChecker - Bean 'defaultsBindHandlerAdvisor' of type [org.springframework.cloud.commons.config.DefaultsBindHandlerAdvisor] is not eligible for getting processed by all BeanPostProcessors (for example: not eligible for auto-proxying)
2025-09-18 09:26:28.262 [main] INFO  o.s.c.s.PostProcessorRegistrationDelegate$BeanPostProcessorChecker - Bean 'rocketmq-org.apache.rocketmq.spring.autoconfigure.RocketMQProperties' of type [org.apache.rocketmq.spring.autoconfigure.RocketMQProperties] is not eligible for getting processed by all BeanPostProcessors (for example: not eligible for auto-proxying)
2025-09-18 09:26:28.263 [main] INFO  o.s.c.s.PostProcessorRegistrationDelegate$BeanPostProcessorChecker - Bean 'org.apache.rocketmq.spring.autoconfigure.ListenerContainerConfiguration' of type [org.apache.rocketmq.spring.autoconfigure.ListenerContainerConfiguration$$SpringCGLIB$$0] is not eligible for getting processed by all BeanPostProcessors (for example: not eligible for auto-proxying)
2025-09-18 09:26:28.584 [main] INFO  o.s.boot.web.embedded.tomcat.TomcatWebServer - Tomcat initialized with port(s): 8082 (http)
2025-09-18 09:26:28.585 [main] INFO  org.apache.catalina.core.AprLifecycleListener - Loaded Apache Tomcat Native library [2.0.3] using APR version [1.7.2].
2025-09-18 09:26:28.592 [main] INFO  org.apache.catalina.core.AprLifecycleListener - OpenSSL successfully initialized [OpenSSL 3.0.8 7 Feb 2023]
2025-09-18 09:26:28.605 [main] INFO  org.apache.catalina.core.StandardService - Starting service [Tomcat]
2025-09-18 09:26:28.605 [main] INFO  org.apache.catalina.core.StandardEngine - Starting Servlet engine: [Apache Tomcat/10.1.5]
2025-09-18 09:26:28.738 [main] INFO  o.a.c.core.ContainerBase.[Tomcat].[localhost].[/] - Initializing Spring embedded WebApplicationContext
2025-09-18 09:26:28.738 [main] INFO  o.s.b.w.s.c.ServletWebServerApplicationContext - Root WebApplicationContext: initialization completed in 2092 ms
2025-09-18 09:26:33.055 [main] INFO  o.a.r.s.support.DefaultRocketMQListenerContainer - running container: DefaultRocketMQListenerContainer{consumerGroup='xiaohongshu_group_DelayDeleteUserRedisCacheTopic', namespace='', nameServer='127.0.0.1:9876', topic='DelayDeleteUserRedisCacheTopic', consumeMode=CONCURRENTLY, selectorType=TAG, selectorExpression='*', messageModel=CLUSTERING', tlsEnable=false, instanceName=DEFAULT}
2025-09-18 09:26:33.056 [main] INFO  o.a.r.s.a.ListenerContainerConfiguration - Register the listener to container, listenerBeanName:delayDeleteUserRedisCacheConsumer, containerBeanName:org.apache.rocketmq.spring.support.DefaultRocketMQListenerContainer_1
2025-09-18 09:26:33.120 [main] INFO  c.a.d.s.b.a.DruidDataSourceAutoConfigure - Init DruidDataSource
2025-09-18 09:26:33.515 [main] INFO  com.alibaba.druid.pool.DruidDataSource - {dataSource-1} inited
2025-09-18 09:26:33.959 [main] INFO  o.s.cloud.openfeign.FeignClientFactoryBean - For 'xiaohongshu-oss' URL not provided. Will try picking an instance via load-balancing.
2025-09-18 09:26:34.023 [main] INFO  o.s.cloud.openfeign.FeignClientFactoryBean - For 'xiaohongshu-distributed-id-generator' URL not provided. Will try picking an instance via load-balancing.
2025-09-18 09:26:34.052 [main] INFO  o.s.cloud.openfeign.FeignClientFactoryBean - For 'xiaohongshu-count' URL not provided. Will try picking an instance via load-balancing.
2025-09-18 09:26:34.080 [main] INFO  o.a.r.s.autoconfigure.RocketMQAutoConfiguration - a producer (xiaohongshu_group) init on namesrv 127.0.0.1:9876
2025-09-18 09:26:36.158 [main] INFO  o.s.boot.web.embedded.tomcat.TomcatWebServer - Tomcat started on port(s): 8082 (http) with context path ''
2025-09-18 09:26:36.171 [main] WARN  com.alibaba.nacos.client.logging.NacosLogging - Load Logback Configuration of Nacos fail, message: Could not initialize Logback Nacos logging from classpath:nacos-logback.xml
2025-09-18 09:26:36.171 [main] INFO  com.alibaba.nacos.client.naming - initializer namespace from ans.namespace attribute : null
2025-09-18 09:26:36.172 [main] INFO  com.alibaba.nacos.client.naming - initializer namespace from ALIBABA_ALIWARE_NAMESPACE attribute :null
2025-09-18 09:26:36.173 [main] INFO  com.alibaba.nacos.client.naming - initializer namespace from namespace attribute :null
2025-09-18 09:26:36.219 [main] INFO  com.alibaba.nacos.client.utils.ParamUtil - [settings] [req-serv] nacos-server port:8848
2025-09-18 09:26:36.221 [main] INFO  com.alibaba.nacos.client.utils.ParamUtil - [settings] [http-client] connect timeout:1000
2025-09-18 09:26:36.223 [main] INFO  com.alibaba.nacos.client.utils.ParamUtil - PER_TASK_CONFIG_SIZE: 3000.0
2025-09-18 09:26:36.232 [main] INFO  c.a.n.p.auth.spi.client.ClientAuthPluginManager - [ClientAuthPluginManager] Load ClientAuthService com.alibaba.nacos.client.auth.impl.NacosClientAuthServiceImpl success.
2025-09-18 09:26:36.233 [main] INFO  c.a.n.p.auth.spi.client.ClientAuthPluginManager - [ClientAuthPluginManager] Load ClientAuthService com.alibaba.nacos.client.auth.ram.RamClientAuthServiceImpl success.
2025-09-18 09:26:36.240 [main] INFO  c.a.n.client.auth.ram.identify.CredentialWatcher - null No credential found
2025-09-18 09:26:36.263 [main] INFO  com.alibaba.nacos.common.remote.client - [RpcClientFactory] create a new rpc client of 94d74f7d-cbff-40fc-b431-15862d86a951
2025-09-18 09:26:36.298 [main] INFO  com.alibaba.nacos.common.remote.client - [94d74f7d-cbff-40fc-b431-15862d86a951] RpcClient init, ServerListFactory = com.alibaba.nacos.client.naming.core.ServerListManager
2025-09-18 09:26:36.298 [main] INFO  com.alibaba.nacos.common.remote.client - [94d74f7d-cbff-40fc-b431-15862d86a951] Registry connection listener to current client:com.alibaba.nacos.client.naming.remote.gprc.redo.NamingGrpcRedoService
2025-09-18 09:26:36.298 [main] INFO  com.alibaba.nacos.common.remote.client - [94d74f7d-cbff-40fc-b431-15862d86a951] Register server push request handler:com.alibaba.nacos.client.naming.remote.gprc.NamingPushRequestHandler
2025-09-18 09:26:36.301 [main] INFO  com.alibaba.nacos.common.remote.client - [94d74f7d-cbff-40fc-b431-15862d86a951] Try to connect to server on start up, server: {serverIp = '47.236.36.111', server main port = 8848}
2025-09-18 09:26:36.352 [main] INFO  c.a.nacos.common.remote.client.grpc.GrpcClient - grpc client connection server:47.236.36.111 ip,serverPort:9848,grpcTslConfig:{"sslProvider":"OPENSSL","enableTls":false,"mutualAuthEnable":false,"trustAll":false}
2025-09-18 09:26:38.412 [main] INFO  com.alibaba.nacos.common.remote.client - [94d74f7d-cbff-40fc-b431-15862d86a951] Success to connect to server [47.236.36.111:8848] on start up, connectionId = 1758158798053_120.85.130.202_5723
2025-09-18 09:26:38.413 [com.alibaba.nacos.client.remote.worker] INFO  com.alibaba.nacos.common.remote.client - [94d74f7d-cbff-40fc-b431-15862d86a951] Notify connected event to listeners.
2025-09-18 09:26:38.413 [com.alibaba.nacos.client.remote.worker] INFO  com.alibaba.nacos.client.naming - Grpc connection connect
2025-09-18 09:26:38.413 [main] INFO  com.alibaba.nacos.common.remote.client - [94d74f7d-cbff-40fc-b431-15862d86a951] Register server push request handler:com.alibaba.nacos.common.remote.client.RpcClient$ConnectResetRequestHandler
2025-09-18 09:26:38.414 [main] INFO  com.alibaba.nacos.common.remote.client - [94d74f7d-cbff-40fc-b431-15862d86a951] Register server push request handler:com.alibaba.nacos.common.remote.client.RpcClient$$Lambda$1283/0x00000192209d3a90
2025-09-18 09:26:38.415 [main] INFO  com.alibaba.nacos.client.naming - [REGISTER-SERVICE] xiaohongshu registering service xiaohongshu-user with instance Instance{instanceId='null', ip='10.91.138.46', port=8082, weight=1.0, healthy=true, enabled=true, ephemeral=true, clusterName='DEFAULT', serviceName='null', metadata={IPv6=null, preserved.register.source=SPRING_CLOUD}}
2025-09-18 09:26:38.489 [main] INFO  c.a.cloud.nacos.registry.NacosServiceRegistry - nacos registry, DEFAULT_GROUP xiaohongshu-user 10.91.138.46:8082 register finished
2025-09-18 09:26:38.952 [main] INFO  c.z.x.user.biz.XiaohongshuUserBizApplication - Started XiaohongshuUserBizApplication in 13.964 seconds (process running for 14.919)
2025-09-18 09:26:38.952 [main] INFO  c.z.x.u.biz.runner.PushRolePermissions2RedisRunner - ==> 服务启动，开始同步角色权限数据到 Redis 中...
2025-09-18 09:26:39.548 [main] WARN  c.z.x.u.biz.runner.PushRolePermissions2RedisRunner - ==> 角色权限数据已经同步至 Redis 中，不再同步...
2025-09-18 09:29:44.371 [http-nio-8082-exec-1] INFO  o.a.c.core.ContainerBase.[Tomcat].[localhost].[/] - Initializing Spring DispatcherServlet 'dispatcherServlet'
2025-09-18 09:29:44.372 [http-nio-8082-exec-1] INFO  org.springframework.web.servlet.DispatcherServlet - Initializing Servlet 'dispatcherServlet'
2025-09-18 09:29:44.374 [http-nio-8082-exec-1] INFO  org.springframework.web.servlet.DispatcherServlet - Completed initialization in 2 ms
2025-09-18 09:29:44.390 [http-nio-8082-exec-1] INFO  c.z.f.b.context.filter.HeaderUserId2ContextFilter - ## HeaderUserId2ContextFilter, 用户 ID: null
2025-09-18 09:29:44.540 [http-nio-8082-exec-1] INFO  c.z.f.b.operationlog.aspect.ApiOperationLogAspect - ====== 请求开始: [根据用户 ID 查询用户信息], 入参: {"id":100}, 请求类: UserController, 请求方法: findById =================================== 
2025-09-18 09:29:44.593 [http-nio-8082-exec-1] DEBUG c.z.x.u.b.d.mapper.UserDOMapper.selectByPrimaryKey - ==>  Preparing: select id, xiaohongshu_id, `password`, nickname, avatar, birthday, background_img, phone, sex, `status`, introduction, create_time, update_time, is_deleted from t_user where id = ?
2025-09-18 09:29:44.864 [http-nio-8082-exec-1] DEBUG c.z.x.u.b.d.mapper.UserDOMapper.selectByPrimaryKey - ==> Parameters: 100(Long)
2025-09-18 09:29:44.914 [http-nio-8082-exec-1] DEBUG c.z.x.u.b.d.mapper.UserDOMapper.selectByPrimaryKey - <==      Total: 1
2025-09-18 09:29:44.923 [http-nio-8082-exec-1] INFO  c.z.f.b.operationlog.aspect.ApiOperationLogAspect - ====== 请求结束: [根据用户 ID 查询用户信息], 耗时: 384ms, 出参: {"success":true,"message":null,"errorCode":null,"data":{"id":100,"nickName":"稚生","avatar":"https://my-xiaohongshu-oss.https://oss-cn-guangzhou.aliyuncs.com/e1fcba4b3ba4441db5886a915c1c9b9c.webp","introduction":null}} =================================== 
2025-09-18 09:30:18.305 [http-nio-8082-exec-2] INFO  c.z.f.b.context.filter.HeaderUserId2ContextFilter - ## HeaderUserId2ContextFilter, 用户 ID: null
2025-09-18 09:30:18.306 [http-nio-8082-exec-2] INFO  c.z.f.b.operationlog.aspect.ApiOperationLogAspect - ====== 请求开始: [根据用户 ID 查询用户信息], 入参: {"id":100}, 请求类: UserController, 请求方法: findById =================================== 
2025-09-18 09:30:18.326 [http-nio-8082-exec-2] INFO  c.z.f.b.operationlog.aspect.ApiOperationLogAspect - ====== 请求结束: [根据用户 ID 查询用户信息], 耗时: 18ms, 出参: {"success":true,"message":null,"errorCode":null,"data":{"id":100,"nickName":"稚生","avatar":"https://my-xiaohongshu-oss.https://oss-cn-guangzhou.aliyuncs.com/e1fcba4b3ba4441db5886a915c1c9b9c.webp","introduction":null}} =================================== 
2025-09-18 10:28:03.239 [Thread-11] WARN  com.alibaba.nacos.common.notify.NotifyCenter - [NotifyCenter] Start destroying Publisher
2025-09-18 10:28:03.239 [Thread-14] WARN  c.alibaba.nacos.common.http.HttpClientBeanHolder - [HttpClientBeanHolder] Start destroying common HttpClient
2025-09-18 10:28:03.249 [Thread-11] WARN  com.alibaba.nacos.common.notify.NotifyCenter - [NotifyCenter] Destruction of the end
2025-09-18 10:28:03.259 [Thread-14] WARN  c.alibaba.nacos.common.http.HttpClientBeanHolder - [HttpClientBeanHolder] Destruction of the end
2025-09-18 10:28:06.859 [SpringApplicationShutdownHook] INFO  c.a.cloud.nacos.registry.NacosServiceRegistry - De-registering from Nacos Server now...
2025-09-18 10:28:06.861 [SpringApplicationShutdownHook] INFO  com.alibaba.nacos.client.naming - [DEREGISTER-SERVICE] xiaohongshu deregistering service xiaohongshu-user with instance: Instance{instanceId='null', ip='10.91.138.46', port=8082, weight=1.0, healthy=true, enabled=true, ephemeral=true, clusterName='DEFAULT', serviceName='null', metadata={}}
2025-09-18 10:28:06.916 [SpringApplicationShutdownHook] INFO  c.a.cloud.nacos.registry.NacosServiceRegistry - De-registration finished.
2025-09-18 10:28:06.917 [SpringApplicationShutdownHook] INFO  com.alibaba.nacos.client.naming - com.alibaba.nacos.client.naming.cache.ServiceInfoHolder do shutdown begin
2025-09-18 10:28:06.917 [SpringApplicationShutdownHook] INFO  com.alibaba.nacos.client.naming - com.alibaba.nacos.client.naming.backups.FailoverReactor do shutdown begin
2025-09-18 10:28:06.918 [SpringApplicationShutdownHook] INFO  com.alibaba.nacos.client.naming - com.alibaba.nacos.client.naming.backups.FailoverReactor do shutdown stop
2025-09-18 10:28:06.918 [SpringApplicationShutdownHook] INFO  com.alibaba.nacos.client.naming - com.alibaba.nacos.client.naming.cache.ServiceInfoHolder do shutdown stop
2025-09-18 10:28:06.918 [SpringApplicationShutdownHook] INFO  com.alibaba.nacos.client.naming - com.alibaba.nacos.client.naming.remote.NamingClientProxyDelegate do shutdown begin
2025-09-18 10:28:06.918 [SpringApplicationShutdownHook] INFO  com.alibaba.nacos.client.naming - com.alibaba.nacos.client.naming.core.ServiceInfoUpdateService do shutdown begin
2025-09-18 10:28:06.918 [SpringApplicationShutdownHook] INFO  com.alibaba.nacos.client.naming - com.alibaba.nacos.client.naming.core.ServiceInfoUpdateService do shutdown stop
2025-09-18 10:28:06.918 [SpringApplicationShutdownHook] INFO  com.alibaba.nacos.client.naming - com.alibaba.nacos.client.naming.core.ServerListManager do shutdown begin
2025-09-18 10:28:06.918 [SpringApplicationShutdownHook] WARN  com.alibaba.nacos.client.naming - [NamingHttpClientManager] Start destroying NacosRestTemplate
2025-09-18 10:28:06.918 [SpringApplicationShutdownHook] WARN  com.alibaba.nacos.client.naming - [NamingHttpClientManager] Destruction of the end
2025-09-18 10:28:06.918 [SpringApplicationShutdownHook] INFO  com.alibaba.nacos.client.naming - com.alibaba.nacos.client.naming.core.ServerListManager do shutdown stop
2025-09-18 10:28:06.919 [SpringApplicationShutdownHook] INFO  com.alibaba.nacos.client.naming - com.alibaba.nacos.client.naming.remote.http.NamingHttpClientProxy do shutdown begin
2025-09-18 10:28:06.919 [SpringApplicationShutdownHook] WARN  com.alibaba.nacos.client.naming - [NamingHttpClientManager] Start destroying NacosRestTemplate
2025-09-18 10:28:06.919 [SpringApplicationShutdownHook] WARN  com.alibaba.nacos.client.naming - [NamingHttpClientManager] Destruction of the end
2025-09-18 10:28:06.919 [SpringApplicationShutdownHook] INFO  com.alibaba.nacos.client.naming - com.alibaba.nacos.client.naming.remote.http.NamingHttpClientProxy do shutdown stop
2025-09-18 10:28:06.919 [SpringApplicationShutdownHook] INFO  com.alibaba.nacos.common.remote.client - Shutdown rpc client, set status to shutdown
2025-09-18 10:28:06.919 [SpringApplicationShutdownHook] INFO  com.alibaba.nacos.common.remote.client - Shutdown client event executor java.util.concurrent.ScheduledThreadPoolExecutor@3ef7c33a[Running, pool size = 2, active threads = 2, queued tasks = 0, completed tasks = 0]
2025-09-18 10:28:06.919 [SpringApplicationShutdownHook] INFO  com.alibaba.nacos.common.remote.client - Close current connection 1758158798053_120.85.130.202_5723
2025-09-18 10:28:06.927 [nacos-grpc-client-executor-47.236.36.111-748] WARN  c.a.nacos.common.remote.client.grpc.GrpcClient - [1758158798053_120.85.130.202_5723]Ignore error event,isRunning:false,isAbandon=false
2025-09-18 10:28:06.930 [SpringApplicationShutdownHook] INFO  c.a.nacos.common.remote.client.grpc.GrpcClient - Shutdown grpc executor java.util.concurrent.ThreadPoolExecutor@115c941d[Running, pool size = 4, active threads = 0, queued tasks = 0, completed tasks = 749]
2025-09-18 10:28:06.930 [SpringApplicationShutdownHook] INFO  com.alibaba.nacos.client.naming - Shutdown grpc redo service executor java.util.concurrent.ScheduledThreadPoolExecutor@4ea3b711[Running, pool size = 1, active threads = 0, queued tasks = 1, completed tasks = 1228]
2025-09-18 10:28:06.930 [SpringApplicationShutdownHook] INFO  c.a.n.client.auth.ram.identify.CredentialWatcher - [null] CredentialWatcher is stopped
2025-09-18 10:28:06.930 [SpringApplicationShutdownHook] INFO  c.a.n.client.auth.ram.identify.CredentialService - [null] CredentialService is freed
2025-09-18 10:28:06.930 [SpringApplicationShutdownHook] INFO  com.alibaba.nacos.client.naming - com.alibaba.nacos.client.naming.remote.NamingClientProxyDelegate do shutdown stop
2025-09-18 10:28:11.144 [SpringApplicationShutdownHook] INFO  com.alibaba.druid.pool.DruidDataSource - {dataSource-1} closing ...
2025-09-18 10:28:11.145 [SpringApplicationShutdownHook] INFO  com.alibaba.druid.pool.DruidDataSource - {dataSource-1} closed
2025-09-18 10:28:11.147 [SpringApplicationShutdownHook] INFO  o.a.r.s.support.DefaultRocketMQListenerContainer - container destroyed, DefaultRocketMQListenerContainer{consumerGroup='xiaohongshu_group_DelayDeleteUserRedisCacheTopic', namespace='', nameServer='127.0.0.1:9876', topic='DelayDeleteUserRedisCacheTopic', consumeMode=CONCURRENTLY, selectorType=TAG, selectorExpression='*', messageModel=CLUSTERING', tlsEnable=false, instanceName=DEFAULT}
2025-09-18 10:28:39.907 [main] WARN  com.alibaba.nacos.client.logging.NacosLogging - Load Logback Configuration of Nacos fail, message: Could not initialize Logback Nacos logging from classpath:nacos-logback.xml
2025-09-18 10:28:39.976 [main] WARN  com.alibaba.nacos.client.logging.NacosLogging - Load Logback Configuration of Nacos fail, message: Could not initialize Logback Nacos logging from classpath:nacos-logback.xml
2025-09-18 10:28:40.728 [main] WARN  com.alibaba.nacos.client.logging.NacosLogging - Load Logback Configuration of Nacos fail, message: Could not initialize Logback Nacos logging from classpath:nacos-logback.xml
2025-09-18 10:28:40.747 [main] WARN  com.alibaba.nacos.client.logging.NacosLogging - Load Logback Configuration of Nacos fail, message: Could not initialize Logback Nacos logging from classpath:nacos-logback.xml
2025-09-18 10:28:40.748 [main] INFO  c.z.x.user.biz.XiaohongshuUserBizApplication - The following 1 profile is active: "dev"
2025-09-18 10:28:42.497 [main] INFO  o.s.d.r.config.RepositoryConfigurationDelegate - Multiple Spring Data modules found, entering strict repository configuration mode
2025-09-18 10:28:42.501 [main] INFO  o.s.d.r.config.RepositoryConfigurationDelegate - Bootstrapping Spring Data Redis repositories in DEFAULT mode.
2025-09-18 10:28:42.536 [main] INFO  o.s.d.r.config.RepositoryConfigurationDelegate - Finished Spring Data repository scanning in 13 ms. Found 0 Redis repository interfaces.
2025-09-18 10:28:42.822 [main] INFO  o.springframework.cloud.context.scope.GenericScope - BeanFactory id=5aa3e6e7-90cc-3106-a6c4-3252edbe5d98
2025-09-18 10:28:42.884 [main] INFO  o.s.c.s.PostProcessorRegistrationDelegate$BeanPostProcessorChecker - Bean 'com.zry.xiaohongshu.user.api.UserFeignApi' of type [org.springframework.cloud.openfeign.FeignClientFactoryBean] is not eligible for getting processed by all BeanPostProcessors (for example: not eligible for auto-proxying)
2025-09-18 10:28:42.888 [main] INFO  o.s.c.s.PostProcessorRegistrationDelegate$BeanPostProcessorChecker - Bean 'com.zry.xiaohongshu.oss.api.FileFeignApi' of type [org.springframework.cloud.openfeign.FeignClientFactoryBean] is not eligible for getting processed by all BeanPostProcessors (for example: not eligible for auto-proxying)
2025-09-18 10:28:42.890 [main] INFO  o.s.c.s.PostProcessorRegistrationDelegate$BeanPostProcessorChecker - Bean 'com.zry.xiaohongshu.distributed.id.generator.api.DistributedIdGeneratorFeignApi' of type [org.springframework.cloud.openfeign.FeignClientFactoryBean] is not eligible for getting processed by all BeanPostProcessors (for example: not eligible for auto-proxying)
2025-09-18 10:28:42.894 [main] INFO  o.s.c.s.PostProcessorRegistrationDelegate$BeanPostProcessorChecker - Bean 'com.zry.xiaohongshu.count.api.CountFeignApi' of type [org.springframework.cloud.openfeign.FeignClientFactoryBean] is not eligible for getting processed by all BeanPostProcessors (for example: not eligible for auto-proxying)
2025-09-18 10:28:43.062 [main] INFO  o.s.c.s.PostProcessorRegistrationDelegate$BeanPostProcessorChecker - Bean 'org.apache.rocketmq.spring.autoconfigure.MessageConverterConfiguration' of type [org.apache.rocketmq.spring.autoconfigure.MessageConverterConfiguration$$SpringCGLIB$$0] is not eligible for getting processed by all BeanPostProcessors (for example: not eligible for auto-proxying)
2025-09-18 10:28:43.141 [main] INFO  o.s.c.s.PostProcessorRegistrationDelegate$BeanPostProcessorChecker - Bean 'createRocketMQMessageConverter' of type [org.apache.rocketmq.spring.support.RocketMQMessageConverter] is not eligible for getting processed by all BeanPostProcessors (for example: not eligible for auto-proxying)
2025-09-18 10:28:43.144 [main] INFO  o.s.c.s.PostProcessorRegistrationDelegate$BeanPostProcessorChecker - Bean 'org.springframework.cloud.commons.config.CommonsConfigAutoConfiguration' of type [org.springframework.cloud.commons.config.CommonsConfigAutoConfiguration] is not eligible for getting processed by all BeanPostProcessors (for example: not eligible for auto-proxying)
2025-09-18 10:28:43.150 [main] INFO  o.s.c.s.PostProcessorRegistrationDelegate$BeanPostProcessorChecker - Bean 'org.springframework.cloud.client.loadbalancer.LoadBalancerDefaultMappingsProviderAutoConfiguration' of type [org.springframework.cloud.client.loadbalancer.LoadBalancerDefaultMappingsProviderAutoConfiguration] is not eligible for getting processed by all BeanPostProcessors (for example: not eligible for auto-proxying)
2025-09-18 10:28:43.152 [main] INFO  o.s.c.s.PostProcessorRegistrationDelegate$BeanPostProcessorChecker - Bean 'loadBalancerClientsDefaultsMappingsProvider' of type [org.springframework.cloud.client.loadbalancer.LoadBalancerDefaultMappingsProviderAutoConfiguration$$Lambda$719/0x000001e1014dba00] is not eligible for getting processed by all BeanPostProcessors (for example: not eligible for auto-proxying)
2025-09-18 10:28:43.153 [main] INFO  o.s.c.s.PostProcessorRegistrationDelegate$BeanPostProcessorChecker - Bean 'defaultsBindHandlerAdvisor' of type [org.springframework.cloud.commons.config.DefaultsBindHandlerAdvisor] is not eligible for getting processed by all BeanPostProcessors (for example: not eligible for auto-proxying)
2025-09-18 10:28:43.162 [main] INFO  o.s.c.s.PostProcessorRegistrationDelegate$BeanPostProcessorChecker - Bean 'rocketmq-org.apache.rocketmq.spring.autoconfigure.RocketMQProperties' of type [org.apache.rocketmq.spring.autoconfigure.RocketMQProperties] is not eligible for getting processed by all BeanPostProcessors (for example: not eligible for auto-proxying)
2025-09-18 10:28:43.162 [main] INFO  o.s.c.s.PostProcessorRegistrationDelegate$BeanPostProcessorChecker - Bean 'org.apache.rocketmq.spring.autoconfigure.ListenerContainerConfiguration' of type [org.apache.rocketmq.spring.autoconfigure.ListenerContainerConfiguration$$SpringCGLIB$$0] is not eligible for getting processed by all BeanPostProcessors (for example: not eligible for auto-proxying)
2025-09-18 10:28:43.483 [main] INFO  o.s.boot.web.embedded.tomcat.TomcatWebServer - Tomcat initialized with port(s): 8082 (http)
2025-09-18 10:28:43.484 [main] INFO  org.apache.catalina.core.AprLifecycleListener - Loaded Apache Tomcat Native library [2.0.3] using APR version [1.7.2].
2025-09-18 10:28:43.505 [main] INFO  org.apache.catalina.core.AprLifecycleListener - OpenSSL successfully initialized [OpenSSL 3.0.8 7 Feb 2023]
2025-09-18 10:28:43.520 [main] INFO  org.apache.catalina.core.StandardService - Starting service [Tomcat]
2025-09-18 10:28:43.520 [main] INFO  org.apache.catalina.core.StandardEngine - Starting Servlet engine: [Apache Tomcat/10.1.5]
2025-09-18 10:28:43.668 [main] INFO  o.a.c.core.ContainerBase.[Tomcat].[localhost].[/] - Initializing Spring embedded WebApplicationContext
2025-09-18 10:28:43.669 [main] INFO  o.s.b.w.s.c.ServletWebServerApplicationContext - Root WebApplicationContext: initialization completed in 2897 ms
2025-09-18 10:28:47.760 [main] INFO  o.a.r.s.support.DefaultRocketMQListenerContainer - running container: DefaultRocketMQListenerContainer{consumerGroup='xiaohongshu_group_DelayDeleteUserRedisCacheTopic', namespace='', nameServer='127.0.0.1:9876', topic='DelayDeleteUserRedisCacheTopic', consumeMode=CONCURRENTLY, selectorType=TAG, selectorExpression='*', messageModel=CLUSTERING', tlsEnable=false, instanceName=DEFAULT}
2025-09-18 10:28:47.760 [main] INFO  o.a.r.s.a.ListenerContainerConfiguration - Register the listener to container, listenerBeanName:delayDeleteUserRedisCacheConsumer, containerBeanName:org.apache.rocketmq.spring.support.DefaultRocketMQListenerContainer_1
2025-09-18 10:28:47.845 [main] INFO  c.a.d.s.b.a.DruidDataSourceAutoConfigure - Init DruidDataSource
2025-09-18 10:28:48.346 [main] INFO  com.alibaba.druid.pool.DruidDataSource - {dataSource-1} inited
2025-09-18 10:28:48.805 [main] INFO  o.s.cloud.openfeign.FeignClientFactoryBean - For 'xiaohongshu-oss' URL not provided. Will try picking an instance via load-balancing.
2025-09-18 10:28:48.889 [main] INFO  o.s.cloud.openfeign.FeignClientFactoryBean - For 'xiaohongshu-distributed-id-generator' URL not provided. Will try picking an instance via load-balancing.
2025-09-18 10:28:48.926 [main] INFO  o.s.cloud.openfeign.FeignClientFactoryBean - For 'xiaohongshu-count' URL not provided. Will try picking an instance via load-balancing.
2025-09-18 10:28:48.969 [main] INFO  o.a.r.s.autoconfigure.RocketMQAutoConfiguration - a producer (xiaohongshu_group) init on namesrv 127.0.0.1:9876
2025-09-18 10:28:50.873 [main] INFO  o.s.boot.web.embedded.tomcat.TomcatWebServer - Tomcat started on port(s): 8082 (http) with context path ''
2025-09-18 10:28:50.886 [main] WARN  com.alibaba.nacos.client.logging.NacosLogging - Load Logback Configuration of Nacos fail, message: Could not initialize Logback Nacos logging from classpath:nacos-logback.xml
2025-09-18 10:28:50.886 [main] INFO  com.alibaba.nacos.client.naming - initializer namespace from ans.namespace attribute : null
2025-09-18 10:28:50.886 [main] INFO  com.alibaba.nacos.client.naming - initializer namespace from ALIBABA_ALIWARE_NAMESPACE attribute :null
2025-09-18 10:28:50.888 [main] INFO  com.alibaba.nacos.client.naming - initializer namespace from namespace attribute :null
2025-09-18 10:28:50.926 [main] INFO  com.alibaba.nacos.client.utils.ParamUtil - [settings] [req-serv] nacos-server port:8848
2025-09-18 10:28:50.926 [main] INFO  com.alibaba.nacos.client.utils.ParamUtil - [settings] [http-client] connect timeout:1000
2025-09-18 10:28:50.929 [main] INFO  com.alibaba.nacos.client.utils.ParamUtil - PER_TASK_CONFIG_SIZE: 3000.0
2025-09-18 10:28:50.936 [main] INFO  c.a.n.p.auth.spi.client.ClientAuthPluginManager - [ClientAuthPluginManager] Load ClientAuthService com.alibaba.nacos.client.auth.impl.NacosClientAuthServiceImpl success.
2025-09-18 10:28:50.936 [main] INFO  c.a.n.p.auth.spi.client.ClientAuthPluginManager - [ClientAuthPluginManager] Load ClientAuthService com.alibaba.nacos.client.auth.ram.RamClientAuthServiceImpl success.
2025-09-18 10:28:50.940 [main] INFO  c.a.n.client.auth.ram.identify.CredentialWatcher - null No credential found
2025-09-18 10:28:50.955 [main] INFO  com.alibaba.nacos.common.remote.client - [RpcClientFactory] create a new rpc client of 7c617d24-6748-413c-bde4-8cd0546e4b78
2025-09-18 10:28:50.988 [main] INFO  com.alibaba.nacos.common.remote.client - [7c617d24-6748-413c-bde4-8cd0546e4b78] RpcClient init, ServerListFactory = com.alibaba.nacos.client.naming.core.ServerListManager
2025-09-18 10:28:50.988 [main] INFO  com.alibaba.nacos.common.remote.client - [7c617d24-6748-413c-bde4-8cd0546e4b78] Registry connection listener to current client:com.alibaba.nacos.client.naming.remote.gprc.redo.NamingGrpcRedoService
2025-09-18 10:28:50.989 [main] INFO  com.alibaba.nacos.common.remote.client - [7c617d24-6748-413c-bde4-8cd0546e4b78] Register server push request handler:com.alibaba.nacos.client.naming.remote.gprc.NamingPushRequestHandler
2025-09-18 10:28:50.993 [main] INFO  com.alibaba.nacos.common.remote.client - [7c617d24-6748-413c-bde4-8cd0546e4b78] Try to connect to server on start up, server: {serverIp = '47.236.36.111', server main port = 8848}
2025-09-18 10:28:51.059 [main] INFO  c.a.nacos.common.remote.client.grpc.GrpcClient - grpc client connection server:47.236.36.111 ip,serverPort:9848,grpcTslConfig:{"sslProvider":"OPENSSL","enableTls":false,"mutualAuthEnable":false,"trustAll":false}
2025-09-18 10:28:53.208 [main] INFO  com.alibaba.nacos.common.remote.client - [7c617d24-6748-413c-bde4-8cd0546e4b78] Success to connect to server [47.236.36.111:8848] on start up, connectionId = 1758162532918_120.85.130.202_55090
2025-09-18 10:28:53.208 [com.alibaba.nacos.client.remote.worker] INFO  com.alibaba.nacos.common.remote.client - [7c617d24-6748-413c-bde4-8cd0546e4b78] Notify connected event to listeners.
2025-09-18 10:28:53.208 [com.alibaba.nacos.client.remote.worker] INFO  com.alibaba.nacos.client.naming - Grpc connection connect
2025-09-18 10:28:53.210 [main] INFO  com.alibaba.nacos.common.remote.client - [7c617d24-6748-413c-bde4-8cd0546e4b78] Register server push request handler:com.alibaba.nacos.common.remote.client.RpcClient$ConnectResetRequestHandler
2025-09-18 10:28:53.211 [main] INFO  com.alibaba.nacos.common.remote.client - [7c617d24-6748-413c-bde4-8cd0546e4b78] Register server push request handler:com.alibaba.nacos.common.remote.client.RpcClient$$Lambda$1284/0x000001e101983e98
2025-09-18 10:28:53.212 [main] INFO  com.alibaba.nacos.client.naming - [REGISTER-SERVICE] xiaohongshu registering service xiaohongshu-user with instance Instance{instanceId='null', ip='10.91.138.46', port=8082, weight=1.0, healthy=true, enabled=true, ephemeral=true, clusterName='DEFAULT', serviceName='null', metadata={IPv6=null, preserved.register.source=SPRING_CLOUD}}
2025-09-18 10:28:53.277 [main] INFO  c.a.cloud.nacos.registry.NacosServiceRegistry - nacos registry, DEFAULT_GROUP xiaohongshu-user 10.91.138.46:8082 register finished
2025-09-18 10:28:53.686 [main] INFO  c.z.x.user.biz.XiaohongshuUserBizApplication - Started XiaohongshuUserBizApplication in 14.806 seconds (process running for 16.477)
2025-09-18 10:28:53.688 [main] INFO  c.z.x.u.biz.runner.PushRolePermissions2RedisRunner - ==> 服务启动，开始同步角色权限数据到 Redis 中...
2025-09-18 10:28:54.088 [main] WARN  c.z.x.u.biz.runner.PushRolePermissions2RedisRunner - ==> 角色权限数据已经同步至 Redis 中，不再同步...
2025-09-18 10:29:40.047 [http-nio-8082-exec-1] INFO  o.a.c.core.ContainerBase.[Tomcat].[localhost].[/] - Initializing Spring DispatcherServlet 'dispatcherServlet'
2025-09-18 10:29:40.047 [http-nio-8082-exec-1] INFO  org.springframework.web.servlet.DispatcherServlet - Initializing Servlet 'dispatcherServlet'
2025-09-18 10:29:40.049 [http-nio-8082-exec-1] INFO  org.springframework.web.servlet.DispatcherServlet - Completed initialization in 2 ms
2025-09-18 10:29:40.056 [http-nio-8082-exec-1] INFO  c.z.f.b.context.filter.HeaderUserId2ContextFilter - ## HeaderUserId2ContextFilter, 用户 ID: null
2025-09-18 10:29:57.954 [http-nio-8082-exec-2] INFO  c.z.f.b.context.filter.HeaderUserId2ContextFilter - ## HeaderUserId2ContextFilter, 用户 ID: null
2025-09-18 10:29:57.959 [http-nio-8082-exec-2] INFO  c.z.x.user.biz.service.impl.UserServiceImpl - ==> 从本地缓存中获取用户信息，id: 100, userInfo: {"id":100,"nickName":"稚生","avatar":"https://my-xiaohongshu-oss.https://oss-cn-guangzhou.aliyuncs.com/e1fcba4b3ba4441db5886a915c1c9b9c.webp","introduction":null}
2025-09-18 10:31:38.802 [http-nio-8082-exec-4] INFO  c.z.f.b.context.filter.HeaderUserId2ContextFilter - ## HeaderUserId2ContextFilter, 用户 ID: null
2025-09-18 10:31:38.803 [http-nio-8082-exec-4] INFO  c.z.x.user.biz.service.impl.UserServiceImpl - ==> 从本地缓存中获取用户信息，id: 100, userInfo: {"id":100,"nickName":"稚生","avatar":"https://my-xiaohongshu-oss.https://oss-cn-guangzhou.aliyuncs.com/e1fcba4b3ba4441db5886a915c1c9b9c.webp","introduction":null}
2025-09-18 10:32:08.671 [http-nio-8082-exec-5] INFO  c.z.f.b.context.filter.HeaderUserId2ContextFilter - ## HeaderUserId2ContextFilter, 用户 ID: null
2025-09-18 10:32:08.673 [http-nio-8082-exec-5] INFO  c.z.x.user.biz.service.impl.UserServiceImpl - ==> 从本地缓存中获取用户信息，id: 100, userInfo: {"id":100,"nickName":"稚生","avatar":"https://my-xiaohongshu-oss.https://oss-cn-guangzhou.aliyuncs.com/e1fcba4b3ba4441db5886a915c1c9b9c.webp","introduction":null}
2025-09-18 10:32:11.566 [http-nio-8082-exec-6] INFO  c.z.f.b.context.filter.HeaderUserId2ContextFilter - ## HeaderUserId2ContextFilter, 用户 ID: null
2025-09-18 10:32:11.566 [http-nio-8082-exec-6] INFO  c.z.x.user.biz.service.impl.UserServiceImpl - ==> 从本地缓存中获取用户信息，id: 100, userInfo: {"id":100,"nickName":"稚生","avatar":"https://my-xiaohongshu-oss.https://oss-cn-guangzhou.aliyuncs.com/e1fcba4b3ba4441db5886a915c1c9b9c.webp","introduction":null}
2025-09-18 10:38:18.416 [Thread-11] WARN  com.alibaba.nacos.common.notify.NotifyCenter - [NotifyCenter] Start destroying Publisher
2025-09-18 10:38:18.416 [Thread-14] WARN  c.alibaba.nacos.common.http.HttpClientBeanHolder - [HttpClientBeanHolder] Start destroying common HttpClient
2025-09-18 10:38:18.416 [Thread-11] WARN  com.alibaba.nacos.common.notify.NotifyCenter - [NotifyCenter] Destruction of the end
2025-09-18 10:38:18.416 [Thread-14] WARN  c.alibaba.nacos.common.http.HttpClientBeanHolder - [HttpClientBeanHolder] Destruction of the end
2025-09-18 10:38:21.530 [SpringApplicationShutdownHook] INFO  c.a.cloud.nacos.registry.NacosServiceRegistry - De-registering from Nacos Server now...
2025-09-18 10:38:21.530 [SpringApplicationShutdownHook] INFO  com.alibaba.nacos.client.naming - [DEREGISTER-SERVICE] xiaohongshu deregistering service xiaohongshu-user with instance: Instance{instanceId='null', ip='10.91.138.46', port=8082, weight=1.0, healthy=true, enabled=true, ephemeral=true, clusterName='DEFAULT', serviceName='null', metadata={}}
2025-09-18 10:38:21.573 [SpringApplicationShutdownHook] INFO  c.a.cloud.nacos.registry.NacosServiceRegistry - De-registration finished.
2025-09-18 10:38:21.573 [SpringApplicationShutdownHook] INFO  com.alibaba.nacos.client.naming - com.alibaba.nacos.client.naming.cache.ServiceInfoHolder do shutdown begin
2025-09-18 10:38:21.574 [SpringApplicationShutdownHook] INFO  com.alibaba.nacos.client.naming - com.alibaba.nacos.client.naming.backups.FailoverReactor do shutdown begin
2025-09-18 10:38:21.574 [SpringApplicationShutdownHook] INFO  com.alibaba.nacos.client.naming - com.alibaba.nacos.client.naming.backups.FailoverReactor do shutdown stop
2025-09-18 10:38:21.574 [SpringApplicationShutdownHook] INFO  com.alibaba.nacos.client.naming - com.alibaba.nacos.client.naming.cache.ServiceInfoHolder do shutdown stop
2025-09-18 10:38:21.574 [SpringApplicationShutdownHook] INFO  com.alibaba.nacos.client.naming - com.alibaba.nacos.client.naming.remote.NamingClientProxyDelegate do shutdown begin
2025-09-18 10:38:21.574 [SpringApplicationShutdownHook] INFO  com.alibaba.nacos.client.naming - com.alibaba.nacos.client.naming.core.ServiceInfoUpdateService do shutdown begin
2025-09-18 10:38:21.574 [SpringApplicationShutdownHook] INFO  com.alibaba.nacos.client.naming - com.alibaba.nacos.client.naming.core.ServiceInfoUpdateService do shutdown stop
2025-09-18 10:38:21.574 [SpringApplicationShutdownHook] INFO  com.alibaba.nacos.client.naming - com.alibaba.nacos.client.naming.core.ServerListManager do shutdown begin
2025-09-18 10:38:21.574 [SpringApplicationShutdownHook] WARN  com.alibaba.nacos.client.naming - [NamingHttpClientManager] Start destroying NacosRestTemplate
2025-09-18 10:38:21.574 [SpringApplicationShutdownHook] WARN  com.alibaba.nacos.client.naming - [NamingHttpClientManager] Destruction of the end
2025-09-18 10:38:21.574 [SpringApplicationShutdownHook] INFO  com.alibaba.nacos.client.naming - com.alibaba.nacos.client.naming.core.ServerListManager do shutdown stop
2025-09-18 10:38:21.574 [SpringApplicationShutdownHook] INFO  com.alibaba.nacos.client.naming - com.alibaba.nacos.client.naming.remote.http.NamingHttpClientProxy do shutdown begin
2025-09-18 10:38:21.574 [SpringApplicationShutdownHook] WARN  com.alibaba.nacos.client.naming - [NamingHttpClientManager] Start destroying NacosRestTemplate
2025-09-18 10:38:21.574 [SpringApplicationShutdownHook] WARN  com.alibaba.nacos.client.naming - [NamingHttpClientManager] Destruction of the end
2025-09-18 10:38:21.574 [SpringApplicationShutdownHook] INFO  com.alibaba.nacos.client.naming - com.alibaba.nacos.client.naming.remote.http.NamingHttpClientProxy do shutdown stop
2025-09-18 10:38:21.574 [SpringApplicationShutdownHook] INFO  com.alibaba.nacos.common.remote.client - Shutdown rpc client, set status to shutdown
2025-09-18 10:38:21.575 [SpringApplicationShutdownHook] INFO  com.alibaba.nacos.common.remote.client - Shutdown client event executor java.util.concurrent.ScheduledThreadPoolExecutor@40d6f051[Running, pool size = 2, active threads = 2, queued tasks = 0, completed tasks = 0]
2025-09-18 10:38:21.575 [SpringApplicationShutdownHook] INFO  com.alibaba.nacos.common.remote.client - Close current connection 1758162532918_120.85.130.202_55090
2025-09-18 10:38:21.578 [nacos-grpc-client-executor-47.236.36.111-135] WARN  c.a.nacos.common.remote.client.grpc.GrpcClient - [1758162532918_120.85.130.202_55090]Ignore error event,isRunning:false,isAbandon=false
2025-09-18 10:38:21.580 [SpringApplicationShutdownHook] INFO  c.a.nacos.common.remote.client.grpc.GrpcClient - Shutdown grpc executor java.util.concurrent.ThreadPoolExecutor@269610c9[Running, pool size = 4, active threads = 0, queued tasks = 0, completed tasks = 136]
2025-09-18 10:38:21.580 [SpringApplicationShutdownHook] INFO  com.alibaba.nacos.client.naming - Shutdown grpc redo service executor java.util.concurrent.ScheduledThreadPoolExecutor@2a008e43[Running, pool size = 1, active threads = 0, queued tasks = 1, completed tasks = 189]
2025-09-18 10:38:21.580 [SpringApplicationShutdownHook] INFO  c.a.n.client.auth.ram.identify.CredentialWatcher - [null] CredentialWatcher is stopped
2025-09-18 10:38:21.580 [SpringApplicationShutdownHook] INFO  c.a.n.client.auth.ram.identify.CredentialService - [null] CredentialService is freed
2025-09-18 10:38:21.582 [SpringApplicationShutdownHook] INFO  com.alibaba.nacos.client.naming - com.alibaba.nacos.client.naming.remote.NamingClientProxyDelegate do shutdown stop
2025-09-18 10:38:26.060 [SpringApplicationShutdownHook] INFO  com.alibaba.druid.pool.DruidDataSource - {dataSource-1} closing ...
2025-09-18 10:38:26.070 [SpringApplicationShutdownHook] INFO  com.alibaba.druid.pool.DruidDataSource - {dataSource-1} closed
2025-09-18 10:38:26.070 [SpringApplicationShutdownHook] INFO  o.a.r.s.support.DefaultRocketMQListenerContainer - container destroyed, DefaultRocketMQListenerContainer{consumerGroup='xiaohongshu_group_DelayDeleteUserRedisCacheTopic', namespace='', nameServer='127.0.0.1:9876', topic='DelayDeleteUserRedisCacheTopic', consumeMode=CONCURRENTLY, selectorType=TAG, selectorExpression='*', messageModel=CLUSTERING', tlsEnable=false, instanceName=DEFAULT}
2025-09-18 10:38:30.365 [main] WARN  com.alibaba.nacos.client.logging.NacosLogging - Load Logback Configuration of Nacos fail, message: Could not initialize Logback Nacos logging from classpath:nacos-logback.xml
2025-09-18 10:38:30.429 [main] WARN  com.alibaba.nacos.client.logging.NacosLogging - Load Logback Configuration of Nacos fail, message: Could not initialize Logback Nacos logging from classpath:nacos-logback.xml
2025-09-18 10:38:31.014 [main] WARN  com.alibaba.nacos.client.logging.NacosLogging - Load Logback Configuration of Nacos fail, message: Could not initialize Logback Nacos logging from classpath:nacos-logback.xml
2025-09-18 10:38:31.030 [main] WARN  com.alibaba.nacos.client.logging.NacosLogging - Load Logback Configuration of Nacos fail, message: Could not initialize Logback Nacos logging from classpath:nacos-logback.xml
2025-09-18 10:38:31.032 [main] INFO  c.z.x.user.biz.XiaohongshuUserBizApplication - The following 1 profile is active: "dev"
2025-09-18 10:38:31.785 [main] INFO  o.s.d.r.config.RepositoryConfigurationDelegate - Multiple Spring Data modules found, entering strict repository configuration mode
2025-09-18 10:38:31.788 [main] INFO  o.s.d.r.config.RepositoryConfigurationDelegate - Bootstrapping Spring Data Redis repositories in DEFAULT mode.
2025-09-18 10:38:31.820 [main] INFO  o.s.d.r.config.RepositoryConfigurationDelegate - Finished Spring Data repository scanning in 13 ms. Found 0 Redis repository interfaces.
2025-09-18 10:38:32.081 [main] INFO  o.springframework.cloud.context.scope.GenericScope - BeanFactory id=5aa3e6e7-90cc-3106-a6c4-3252edbe5d98
2025-09-18 10:38:32.126 [main] INFO  o.s.c.s.PostProcessorRegistrationDelegate$BeanPostProcessorChecker - Bean 'com.zry.xiaohongshu.user.api.UserFeignApi' of type [org.springframework.cloud.openfeign.FeignClientFactoryBean] is not eligible for getting processed by all BeanPostProcessors (for example: not eligible for auto-proxying)
2025-09-18 10:38:32.128 [main] INFO  o.s.c.s.PostProcessorRegistrationDelegate$BeanPostProcessorChecker - Bean 'com.zry.xiaohongshu.oss.api.FileFeignApi' of type [org.springframework.cloud.openfeign.FeignClientFactoryBean] is not eligible for getting processed by all BeanPostProcessors (for example: not eligible for auto-proxying)
2025-09-18 10:38:32.130 [main] INFO  o.s.c.s.PostProcessorRegistrationDelegate$BeanPostProcessorChecker - Bean 'com.zry.xiaohongshu.distributed.id.generator.api.DistributedIdGeneratorFeignApi' of type [org.springframework.cloud.openfeign.FeignClientFactoryBean] is not eligible for getting processed by all BeanPostProcessors (for example: not eligible for auto-proxying)
2025-09-18 10:38:32.132 [main] INFO  o.s.c.s.PostProcessorRegistrationDelegate$BeanPostProcessorChecker - Bean 'com.zry.xiaohongshu.count.api.CountFeignApi' of type [org.springframework.cloud.openfeign.FeignClientFactoryBean] is not eligible for getting processed by all BeanPostProcessors (for example: not eligible for auto-proxying)
2025-09-18 10:38:32.279 [main] INFO  o.s.c.s.PostProcessorRegistrationDelegate$BeanPostProcessorChecker - Bean 'org.apache.rocketmq.spring.autoconfigure.MessageConverterConfiguration' of type [org.apache.rocketmq.spring.autoconfigure.MessageConverterConfiguration$$SpringCGLIB$$0] is not eligible for getting processed by all BeanPostProcessors (for example: not eligible for auto-proxying)
2025-09-18 10:38:32.343 [main] INFO  o.s.c.s.PostProcessorRegistrationDelegate$BeanPostProcessorChecker - Bean 'createRocketMQMessageConverter' of type [org.apache.rocketmq.spring.support.RocketMQMessageConverter] is not eligible for getting processed by all BeanPostProcessors (for example: not eligible for auto-proxying)
2025-09-18 10:38:32.346 [main] INFO  o.s.c.s.PostProcessorRegistrationDelegate$BeanPostProcessorChecker - Bean 'org.springframework.cloud.commons.config.CommonsConfigAutoConfiguration' of type [org.springframework.cloud.commons.config.CommonsConfigAutoConfiguration] is not eligible for getting processed by all BeanPostProcessors (for example: not eligible for auto-proxying)
2025-09-18 10:38:32.350 [main] INFO  o.s.c.s.PostProcessorRegistrationDelegate$BeanPostProcessorChecker - Bean 'org.springframework.cloud.client.loadbalancer.LoadBalancerDefaultMappingsProviderAutoConfiguration' of type [org.springframework.cloud.client.loadbalancer.LoadBalancerDefaultMappingsProviderAutoConfiguration] is not eligible for getting processed by all BeanPostProcessors (for example: not eligible for auto-proxying)
2025-09-18 10:38:32.352 [main] INFO  o.s.c.s.PostProcessorRegistrationDelegate$BeanPostProcessorChecker - Bean 'loadBalancerClientsDefaultsMappingsProvider' of type [org.springframework.cloud.client.loadbalancer.LoadBalancerDefaultMappingsProviderAutoConfiguration$$Lambda$719/0x00000203014dc530] is not eligible for getting processed by all BeanPostProcessors (for example: not eligible for auto-proxying)
2025-09-18 10:38:32.354 [main] INFO  o.s.c.s.PostProcessorRegistrationDelegate$BeanPostProcessorChecker - Bean 'defaultsBindHandlerAdvisor' of type [org.springframework.cloud.commons.config.DefaultsBindHandlerAdvisor] is not eligible for getting processed by all BeanPostProcessors (for example: not eligible for auto-proxying)
2025-09-18 10:38:32.362 [main] INFO  o.s.c.s.PostProcessorRegistrationDelegate$BeanPostProcessorChecker - Bean 'rocketmq-org.apache.rocketmq.spring.autoconfigure.RocketMQProperties' of type [org.apache.rocketmq.spring.autoconfigure.RocketMQProperties] is not eligible for getting processed by all BeanPostProcessors (for example: not eligible for auto-proxying)
2025-09-18 10:38:32.362 [main] INFO  o.s.c.s.PostProcessorRegistrationDelegate$BeanPostProcessorChecker - Bean 'org.apache.rocketmq.spring.autoconfigure.ListenerContainerConfiguration' of type [org.apache.rocketmq.spring.autoconfigure.ListenerContainerConfiguration$$SpringCGLIB$$0] is not eligible for getting processed by all BeanPostProcessors (for example: not eligible for auto-proxying)
2025-09-18 10:38:32.612 [main] INFO  o.s.boot.web.embedded.tomcat.TomcatWebServer - Tomcat initialized with port(s): 8082 (http)
2025-09-18 10:38:32.613 [main] INFO  org.apache.catalina.core.AprLifecycleListener - Loaded Apache Tomcat Native library [2.0.3] using APR version [1.7.2].
2025-09-18 10:38:32.619 [main] INFO  org.apache.catalina.core.AprLifecycleListener - OpenSSL successfully initialized [OpenSSL 3.0.8 7 Feb 2023]
2025-09-18 10:38:32.630 [main] INFO  org.apache.catalina.core.StandardService - Starting service [Tomcat]
2025-09-18 10:38:32.631 [main] INFO  org.apache.catalina.core.StandardEngine - Starting Servlet engine: [Apache Tomcat/10.1.5]
2025-09-18 10:38:32.734 [main] INFO  o.a.c.core.ContainerBase.[Tomcat].[localhost].[/] - Initializing Spring embedded WebApplicationContext
2025-09-18 10:38:32.735 [main] INFO  o.s.b.w.s.c.ServletWebServerApplicationContext - Root WebApplicationContext: initialization completed in 1683 ms
2025-09-18 10:38:36.557 [main] INFO  o.a.r.s.support.DefaultRocketMQListenerContainer - running container: DefaultRocketMQListenerContainer{consumerGroup='xiaohongshu_group_DelayDeleteUserRedisCacheTopic', namespace='', nameServer='127.0.0.1:9876', topic='DelayDeleteUserRedisCacheTopic', consumeMode=CONCURRENTLY, selectorType=TAG, selectorExpression='*', messageModel=CLUSTERING', tlsEnable=false, instanceName=DEFAULT}
2025-09-18 10:38:36.558 [main] INFO  o.a.r.s.a.ListenerContainerConfiguration - Register the listener to container, listenerBeanName:delayDeleteUserRedisCacheConsumer, containerBeanName:org.apache.rocketmq.spring.support.DefaultRocketMQListenerContainer_1
2025-09-18 10:38:36.605 [main] INFO  c.a.d.s.b.a.DruidDataSourceAutoConfigure - Init DruidDataSource
2025-09-18 10:38:36.952 [main] INFO  com.alibaba.druid.pool.DruidDataSource - {dataSource-1} inited
2025-09-18 10:38:37.324 [main] INFO  o.s.cloud.openfeign.FeignClientFactoryBean - For 'xiaohongshu-oss' URL not provided. Will try picking an instance via load-balancing.
2025-09-18 10:38:37.386 [main] INFO  o.s.cloud.openfeign.FeignClientFactoryBean - For 'xiaohongshu-distributed-id-generator' URL not provided. Will try picking an instance via load-balancing.
2025-09-18 10:38:37.412 [main] INFO  o.s.cloud.openfeign.FeignClientFactoryBean - For 'xiaohongshu-count' URL not provided. Will try picking an instance via load-balancing.
2025-09-18 10:38:37.442 [main] INFO  o.a.r.s.autoconfigure.RocketMQAutoConfiguration - a producer (xiaohongshu_group) init on namesrv 127.0.0.1:9876
2025-09-18 10:38:38.797 [main] INFO  o.s.boot.web.embedded.tomcat.TomcatWebServer - Tomcat started on port(s): 8082 (http) with context path ''
2025-09-18 10:38:38.804 [main] WARN  com.alibaba.nacos.client.logging.NacosLogging - Load Logback Configuration of Nacos fail, message: Could not initialize Logback Nacos logging from classpath:nacos-logback.xml
2025-09-18 10:38:38.804 [main] INFO  com.alibaba.nacos.client.naming - initializer namespace from ans.namespace attribute : null
2025-09-18 10:38:38.804 [main] INFO  com.alibaba.nacos.client.naming - initializer namespace from ALIBABA_ALIWARE_NAMESPACE attribute :null
2025-09-18 10:38:38.805 [main] INFO  com.alibaba.nacos.client.naming - initializer namespace from namespace attribute :null
2025-09-18 10:38:38.827 [main] INFO  com.alibaba.nacos.client.utils.ParamUtil - [settings] [req-serv] nacos-server port:8848
2025-09-18 10:38:38.827 [main] INFO  com.alibaba.nacos.client.utils.ParamUtil - [settings] [http-client] connect timeout:1000
2025-09-18 10:38:38.828 [main] INFO  com.alibaba.nacos.client.utils.ParamUtil - PER_TASK_CONFIG_SIZE: 3000.0
2025-09-18 10:38:38.833 [main] INFO  c.a.n.p.auth.spi.client.ClientAuthPluginManager - [ClientAuthPluginManager] Load ClientAuthService com.alibaba.nacos.client.auth.impl.NacosClientAuthServiceImpl success.
2025-09-18 10:38:38.834 [main] INFO  c.a.n.p.auth.spi.client.ClientAuthPluginManager - [ClientAuthPluginManager] Load ClientAuthService com.alibaba.nacos.client.auth.ram.RamClientAuthServiceImpl success.
2025-09-18 10:38:38.837 [main] INFO  c.a.n.client.auth.ram.identify.CredentialWatcher - null No credential found
2025-09-18 10:38:38.847 [main] INFO  com.alibaba.nacos.common.remote.client - [RpcClientFactory] create a new rpc client of 4d1c0ef6-5531-4fef-9c26-118c1e5ab85c
2025-09-18 10:38:38.865 [main] INFO  com.alibaba.nacos.common.remote.client - [4d1c0ef6-5531-4fef-9c26-118c1e5ab85c] RpcClient init, ServerListFactory = com.alibaba.nacos.client.naming.core.ServerListManager
2025-09-18 10:38:38.865 [main] INFO  com.alibaba.nacos.common.remote.client - [4d1c0ef6-5531-4fef-9c26-118c1e5ab85c] Registry connection listener to current client:com.alibaba.nacos.client.naming.remote.gprc.redo.NamingGrpcRedoService
2025-09-18 10:38:38.866 [main] INFO  com.alibaba.nacos.common.remote.client - [4d1c0ef6-5531-4fef-9c26-118c1e5ab85c] Register server push request handler:com.alibaba.nacos.client.naming.remote.gprc.NamingPushRequestHandler
2025-09-18 10:38:38.868 [main] INFO  com.alibaba.nacos.common.remote.client - [4d1c0ef6-5531-4fef-9c26-118c1e5ab85c] Try to connect to server on start up, server: {serverIp = '47.236.36.111', server main port = 8848}
2025-09-18 10:38:38.912 [main] INFO  c.a.nacos.common.remote.client.grpc.GrpcClient - grpc client connection server:47.236.36.111 ip,serverPort:9848,grpcTslConfig:{"sslProvider":"OPENSSL","enableTls":false,"mutualAuthEnable":false,"trustAll":false}
2025-09-18 10:38:40.029 [main] INFO  com.alibaba.nacos.common.remote.client - [4d1c0ef6-5531-4fef-9c26-118c1e5ab85c] Success to connect to server [47.236.36.111:8848] on start up, connectionId = 1758163119776_120.85.130.202_56852
2025-09-18 10:38:40.031 [com.alibaba.nacos.client.remote.worker] INFO  com.alibaba.nacos.common.remote.client - [4d1c0ef6-5531-4fef-9c26-118c1e5ab85c] Notify connected event to listeners.
2025-09-18 10:38:40.031 [com.alibaba.nacos.client.remote.worker] INFO  com.alibaba.nacos.client.naming - Grpc connection connect
2025-09-18 10:38:40.032 [main] INFO  com.alibaba.nacos.common.remote.client - [4d1c0ef6-5531-4fef-9c26-118c1e5ab85c] Register server push request handler:com.alibaba.nacos.common.remote.client.RpcClient$ConnectResetRequestHandler
2025-09-18 10:38:40.033 [main] INFO  com.alibaba.nacos.common.remote.client - [4d1c0ef6-5531-4fef-9c26-118c1e5ab85c] Register server push request handler:com.alibaba.nacos.common.remote.client.RpcClient$$Lambda$1284/0x0000020301982510
2025-09-18 10:38:40.035 [main] INFO  com.alibaba.nacos.client.naming - [REGISTER-SERVICE] xiaohongshu registering service xiaohongshu-user with instance Instance{instanceId='null', ip='10.91.138.46', port=8082, weight=1.0, healthy=true, enabled=true, ephemeral=true, clusterName='DEFAULT', serviceName='null', metadata={IPv6=null, preserved.register.source=SPRING_CLOUD}}
2025-09-18 10:38:40.096 [main] INFO  c.a.cloud.nacos.registry.NacosServiceRegistry - nacos registry, DEFAULT_GROUP xiaohongshu-user 10.91.138.46:8082 register finished
2025-09-18 10:38:40.361 [main] INFO  c.z.x.user.biz.XiaohongshuUserBizApplication - Started XiaohongshuUserBizApplication in 10.847 seconds (process running for 11.719)
2025-09-18 10:38:40.362 [main] INFO  c.z.x.u.biz.runner.PushRolePermissions2RedisRunner - ==> 服务启动，开始同步角色权限数据到 Redis 中...
2025-09-18 10:38:40.646 [main] WARN  c.z.x.u.biz.runner.PushRolePermissions2RedisRunner - ==> 角色权限数据已经同步至 Redis 中，不再同步...
2025-09-18 10:40:00.766 [http-nio-8082-exec-1] INFO  o.a.c.core.ContainerBase.[Tomcat].[localhost].[/] - Initializing Spring DispatcherServlet 'dispatcherServlet'
2025-09-18 10:40:00.766 [http-nio-8082-exec-1] INFO  org.springframework.web.servlet.DispatcherServlet - Initializing Servlet 'dispatcherServlet'
2025-09-18 10:40:00.768 [http-nio-8082-exec-1] INFO  org.springframework.web.servlet.DispatcherServlet - Completed initialization in 2 ms
2025-09-18 10:40:00.775 [http-nio-8082-exec-1] INFO  c.z.f.b.context.filter.HeaderUserId2ContextFilter - ## HeaderUserId2ContextFilter, 用户 ID: null
2025-09-18 10:46:30.883 [http-nio-8082-exec-2] INFO  c.z.f.b.context.filter.HeaderUserId2ContextFilter - ## HeaderUserId2ContextFilter, 用户 ID: null
2025-09-18 10:46:30.889 [http-nio-8082-exec-2] INFO  c.z.x.user.biz.service.impl.UserServiceImpl - ==> 从本地缓存中获取用户信息，id: 100, userInfo: {"id":100,"nickName":"稚生","avatar":"https://my-xiaohongshu-oss.https://oss-cn-guangzhou.aliyuncs.com/e1fcba4b3ba4441db5886a915c1c9b9c.webp","introduction":null}
2025-09-18 10:46:49.387 [http-nio-8082-exec-4] INFO  c.z.f.b.context.filter.HeaderUserId2ContextFilter - ## HeaderUserId2ContextFilter, 用户 ID: null
2025-09-18 10:46:49.389 [http-nio-8082-exec-4] INFO  c.z.x.user.biz.service.impl.UserServiceImpl - ==> 从本地缓存中获取用户信息，id: 100, userInfo: {"id":100,"nickName":"稚生","avatar":"https://my-xiaohongshu-oss.https://oss-cn-guangzhou.aliyuncs.com/e1fcba4b3ba4441db5886a915c1c9b9c.webp","introduction":null}
2025-09-18 10:46:51.990 [http-nio-8082-exec-5] INFO  c.z.f.b.context.filter.HeaderUserId2ContextFilter - ## HeaderUserId2ContextFilter, 用户 ID: null
2025-09-18 10:46:51.991 [http-nio-8082-exec-5] INFO  c.z.x.user.biz.service.impl.UserServiceImpl - ==> 从本地缓存中获取用户信息，id: 100, userInfo: {"id":100,"nickName":"稚生","avatar":"https://my-xiaohongshu-oss.https://oss-cn-guangzhou.aliyuncs.com/e1fcba4b3ba4441db5886a915c1c9b9c.webp","introduction":null}
2025-09-18 10:47:13.331 [http-nio-8082-exec-6] INFO  c.z.f.b.context.filter.HeaderUserId2ContextFilter - ## HeaderUserId2ContextFilter, 用户 ID: null
2025-09-18 10:47:13.333 [http-nio-8082-exec-6] INFO  c.z.x.user.biz.service.impl.UserServiceImpl - ==> 从本地缓存中获取用户信息，id: 100, userInfo: {"id":100,"nickName":"稚生","avatar":"https://my-xiaohongshu-oss.https://oss-cn-guangzhou.aliyuncs.com/e1fcba4b3ba4441db5886a915c1c9b9c.webp","introduction":null}
2025-09-18 10:48:04.586 [http-nio-8082-exec-8] INFO  c.z.f.b.context.filter.HeaderUserId2ContextFilter - ## HeaderUserId2ContextFilter, 用户 ID: null
2025-09-18 10:48:04.587 [http-nio-8082-exec-8] INFO  c.z.x.user.biz.service.impl.UserServiceImpl - ==> 从本地缓存中获取用户信息，id: 100, userInfo: {"id":100,"nickName":"稚生","avatar":"https://my-xiaohongshu-oss.https://oss-cn-guangzhou.aliyuncs.com/e1fcba4b3ba4441db5886a915c1c9b9c.webp","introduction":null}
2025-09-18 10:55:10.514 [http-nio-8082-exec-10] INFO  c.z.f.b.context.filter.HeaderUserId2ContextFilter - ## HeaderUserId2ContextFilter, 用户 ID: null
2025-09-18 10:55:10.515 [http-nio-8082-exec-10] INFO  c.z.x.user.biz.service.impl.UserServiceImpl - ==> 从本地缓存中获取用户信息，id: 100, userInfo: {"id":100,"nickName":"稚生","avatar":"https://my-xiaohongshu-oss.https://oss-cn-guangzhou.aliyuncs.com/e1fcba4b3ba4441db5886a915c1c9b9c.webp","introduction":null}
2025-09-18 10:57:33.264 [http-nio-8082-exec-3] INFO  c.z.f.b.context.filter.HeaderUserId2ContextFilter - ## HeaderUserId2ContextFilter, 用户 ID: null
2025-09-18 10:57:33.266 [http-nio-8082-exec-3] INFO  c.z.x.user.biz.service.impl.UserServiceImpl - ==> 从本地缓存中获取用户信息，id: 100, userInfo: {"id":100,"nickName":"稚生","avatar":"https://my-xiaohongshu-oss.https://oss-cn-guangzhou.aliyuncs.com/e1fcba4b3ba4441db5886a915c1c9b9c.webp","introduction":null}
2025-09-18 10:57:40.187 [http-nio-8082-exec-2] INFO  c.z.f.b.context.filter.HeaderUserId2ContextFilter - ## HeaderUserId2ContextFilter, 用户 ID: null
2025-09-18 10:57:40.189 [http-nio-8082-exec-2] INFO  c.z.x.user.biz.service.impl.UserServiceImpl - ==> 从本地缓存中获取用户信息，id: 100, userInfo: {"id":100,"nickName":"稚生","avatar":"https://my-xiaohongshu-oss.https://oss-cn-guangzhou.aliyuncs.com/e1fcba4b3ba4441db5886a915c1c9b9c.webp","introduction":null}
2025-09-18 11:22:50.397 [http-nio-8082-exec-5] INFO  c.z.f.b.context.filter.HeaderUserId2ContextFilter - ## HeaderUserId2ContextFilter, 用户 ID: null
2025-09-18 11:22:50.400 [http-nio-8082-exec-5] INFO  c.z.x.user.biz.service.impl.UserServiceImpl - ==> 从本地缓存中获取用户信息，id: 100, userInfo: {"id":100,"nickName":"稚生","avatar":"https://my-xiaohongshu-oss.https://oss-cn-guangzhou.aliyuncs.com/e1fcba4b3ba4441db5886a915c1c9b9c.webp","introduction":null}
2025-09-18 11:51:14.954 [Thread-11] WARN  com.alibaba.nacos.common.notify.NotifyCenter - [NotifyCenter] Start destroying Publisher
2025-09-18 11:51:14.954 [Thread-14] WARN  c.alibaba.nacos.common.http.HttpClientBeanHolder - [HttpClientBeanHolder] Start destroying common HttpClient
2025-09-18 11:51:14.956 [Thread-11] WARN  com.alibaba.nacos.common.notify.NotifyCenter - [NotifyCenter] Destruction of the end
2025-09-18 11:51:14.959 [Thread-14] WARN  c.alibaba.nacos.common.http.HttpClientBeanHolder - [HttpClientBeanHolder] Destruction of the end
2025-09-18 14:40:17.689 [main] WARN  com.alibaba.nacos.client.logging.NacosLogging - Load Logback Configuration of Nacos fail, message: Could not initialize Logback Nacos logging from classpath:nacos-logback.xml
2025-09-18 14:40:17.767 [main] WARN  com.alibaba.nacos.client.logging.NacosLogging - Load Logback Configuration of Nacos fail, message: Could not initialize Logback Nacos logging from classpath:nacos-logback.xml
2025-09-18 14:40:18.418 [main] WARN  com.alibaba.nacos.client.logging.NacosLogging - Load Logback Configuration of Nacos fail, message: Could not initialize Logback Nacos logging from classpath:nacos-logback.xml
2025-09-18 14:40:18.434 [main] WARN  com.alibaba.nacos.client.logging.NacosLogging - Load Logback Configuration of Nacos fail, message: Could not initialize Logback Nacos logging from classpath:nacos-logback.xml
2025-09-18 14:40:18.435 [main] INFO  c.z.x.user.biz.XiaohongshuUserBizApplication - The following 1 profile is active: "dev"
2025-09-18 14:40:19.240 [main] INFO  o.s.d.r.config.RepositoryConfigurationDelegate - Multiple Spring Data modules found, entering strict repository configuration mode
2025-09-18 14:40:19.243 [main] INFO  o.s.d.r.config.RepositoryConfigurationDelegate - Bootstrapping Spring Data Redis repositories in DEFAULT mode.
2025-09-18 14:40:19.281 [main] INFO  o.s.d.r.config.RepositoryConfigurationDelegate - Finished Spring Data repository scanning in 16 ms. Found 0 Redis repository interfaces.
2025-09-18 14:40:19.525 [main] INFO  o.springframework.cloud.context.scope.GenericScope - BeanFactory id=5aa3e6e7-90cc-3106-a6c4-3252edbe5d98
2025-09-18 14:40:19.562 [main] INFO  o.s.c.s.PostProcessorRegistrationDelegate$BeanPostProcessorChecker - Bean 'com.zry.xiaohongshu.user.api.UserFeignApi' of type [org.springframework.cloud.openfeign.FeignClientFactoryBean] is not eligible for getting processed by all BeanPostProcessors (for example: not eligible for auto-proxying)
2025-09-18 14:40:19.565 [main] INFO  o.s.c.s.PostProcessorRegistrationDelegate$BeanPostProcessorChecker - Bean 'com.zry.xiaohongshu.oss.api.FileFeignApi' of type [org.springframework.cloud.openfeign.FeignClientFactoryBean] is not eligible for getting processed by all BeanPostProcessors (for example: not eligible for auto-proxying)
2025-09-18 14:40:19.568 [main] INFO  o.s.c.s.PostProcessorRegistrationDelegate$BeanPostProcessorChecker - Bean 'com.zry.xiaohongshu.distributed.id.generator.api.DistributedIdGeneratorFeignApi' of type [org.springframework.cloud.openfeign.FeignClientFactoryBean] is not eligible for getting processed by all BeanPostProcessors (for example: not eligible for auto-proxying)
2025-09-18 14:40:19.570 [main] INFO  o.s.c.s.PostProcessorRegistrationDelegate$BeanPostProcessorChecker - Bean 'com.zry.xiaohongshu.count.api.CountFeignApi' of type [org.springframework.cloud.openfeign.FeignClientFactoryBean] is not eligible for getting processed by all BeanPostProcessors (for example: not eligible for auto-proxying)
2025-09-18 14:40:19.726 [main] INFO  o.s.c.s.PostProcessorRegistrationDelegate$BeanPostProcessorChecker - Bean 'org.apache.rocketmq.spring.autoconfigure.MessageConverterConfiguration' of type [org.apache.rocketmq.spring.autoconfigure.MessageConverterConfiguration$$SpringCGLIB$$0] is not eligible for getting processed by all BeanPostProcessors (for example: not eligible for auto-proxying)
2025-09-18 14:40:19.784 [main] INFO  o.s.c.s.PostProcessorRegistrationDelegate$BeanPostProcessorChecker - Bean 'createRocketMQMessageConverter' of type [org.apache.rocketmq.spring.support.RocketMQMessageConverter] is not eligible for getting processed by all BeanPostProcessors (for example: not eligible for auto-proxying)
2025-09-18 14:40:19.786 [main] INFO  o.s.c.s.PostProcessorRegistrationDelegate$BeanPostProcessorChecker - Bean 'org.springframework.cloud.commons.config.CommonsConfigAutoConfiguration' of type [org.springframework.cloud.commons.config.CommonsConfigAutoConfiguration] is not eligible for getting processed by all BeanPostProcessors (for example: not eligible for auto-proxying)
2025-09-18 14:40:19.790 [main] INFO  o.s.c.s.PostProcessorRegistrationDelegate$BeanPostProcessorChecker - Bean 'org.springframework.cloud.client.loadbalancer.LoadBalancerDefaultMappingsProviderAutoConfiguration' of type [org.springframework.cloud.client.loadbalancer.LoadBalancerDefaultMappingsProviderAutoConfiguration] is not eligible for getting processed by all BeanPostProcessors (for example: not eligible for auto-proxying)
2025-09-18 14:40:19.790 [main] INFO  o.s.c.s.PostProcessorRegistrationDelegate$BeanPostProcessorChecker - Bean 'loadBalancerClientsDefaultsMappingsProvider' of type [org.springframework.cloud.client.loadbalancer.LoadBalancerDefaultMappingsProviderAutoConfiguration$$Lambda$719/0x00000183814dc530] is not eligible for getting processed by all BeanPostProcessors (for example: not eligible for auto-proxying)
2025-09-18 14:40:19.791 [main] INFO  o.s.c.s.PostProcessorRegistrationDelegate$BeanPostProcessorChecker - Bean 'defaultsBindHandlerAdvisor' of type [org.springframework.cloud.commons.config.DefaultsBindHandlerAdvisor] is not eligible for getting processed by all BeanPostProcessors (for example: not eligible for auto-proxying)
2025-09-18 14:40:19.798 [main] INFO  o.s.c.s.PostProcessorRegistrationDelegate$BeanPostProcessorChecker - Bean 'rocketmq-org.apache.rocketmq.spring.autoconfigure.RocketMQProperties' of type [org.apache.rocketmq.spring.autoconfigure.RocketMQProperties] is not eligible for getting processed by all BeanPostProcessors (for example: not eligible for auto-proxying)
2025-09-18 14:40:19.799 [main] INFO  o.s.c.s.PostProcessorRegistrationDelegate$BeanPostProcessorChecker - Bean 'org.apache.rocketmq.spring.autoconfigure.ListenerContainerConfiguration' of type [org.apache.rocketmq.spring.autoconfigure.ListenerContainerConfiguration$$SpringCGLIB$$0] is not eligible for getting processed by all BeanPostProcessors (for example: not eligible for auto-proxying)
2025-09-18 14:40:20.330 [main] INFO  o.s.boot.web.embedded.tomcat.TomcatWebServer - Tomcat initialized with port(s): 8082 (http)
2025-09-18 14:40:20.331 [main] INFO  org.apache.catalina.core.AprLifecycleListener - Loaded Apache Tomcat Native library [2.0.3] using APR version [1.7.2].
2025-09-18 14:40:20.356 [main] INFO  org.apache.catalina.core.AprLifecycleListener - OpenSSL successfully initialized [OpenSSL 3.0.8 7 Feb 2023]
2025-09-18 14:40:20.367 [main] INFO  org.apache.catalina.core.StandardService - Starting service [Tomcat]
2025-09-18 14:40:20.368 [main] INFO  org.apache.catalina.core.StandardEngine - Starting Servlet engine: [Apache Tomcat/10.1.5]
2025-09-18 14:40:20.482 [main] INFO  o.a.c.core.ContainerBase.[Tomcat].[localhost].[/] - Initializing Spring embedded WebApplicationContext
2025-09-18 14:40:20.482 [main] INFO  o.s.b.w.s.c.ServletWebServerApplicationContext - Root WebApplicationContext: initialization completed in 2029 ms
2025-09-18 14:40:24.247 [main] ERROR o.a.r.s.a.ListenerContainerConfiguration - Started container failed. DefaultRocketMQListenerContainer{consumerGroup='xiaohongshu_group_DelayDeleteUserRedisCacheTopic', namespace='', nameServer='127.0.0.1:9876', topic='DelayDeleteUserRedisCacheTopic', consumeMode=CONCURRENTLY, selectorType=TAG, selectorExpression='*', messageModel=CLUSTERING', tlsEnable=false, instanceName=DEFAULT}
java.lang.IllegalStateException: org.apache.rocketmq.remoting.exception.RemotingTimeoutException: wait response on the channel <127.0.0.1:9876> timeout, 2870(ms)
	at org.apache.rocketmq.client.impl.factory.MQClientInstance.updateTopicRouteInfoFromNameServer(MQClientInstance.java:680)
	at org.apache.rocketmq.client.impl.factory.MQClientInstance.updateTopicRouteInfoFromNameServer(MQClientInstance.java:510)
	at org.apache.rocketmq.client.impl.consumer.DefaultMQPushConsumerImpl.updateTopicSubscribeInfoWhenSubscriptionChanged(DefaultMQPushConsumerImpl.java:872)
	at org.apache.rocketmq.client.impl.consumer.DefaultMQPushConsumerImpl.start(DefaultMQPushConsumerImpl.java:655)
	at org.apache.rocketmq.client.consumer.DefaultMQPushConsumer.start(DefaultMQPushConsumer.java:707)
	at org.apache.rocketmq.spring.support.DefaultRocketMQListenerContainer.start(DefaultRocketMQListenerContainer.java:343)
	at org.apache.rocketmq.spring.autoconfigure.ListenerContainerConfiguration.registerContainer(ListenerContainerConfiguration.java:106)
	at org.apache.rocketmq.spring.annotation.RocketMQMessageListenerBeanPostProcessor.postProcessAfterInitialization(RocketMQMessageListenerBeanPostProcessor.java:55)
	at org.springframework.beans.factory.support.AbstractAutowireCapableBeanFactory.applyBeanPostProcessorsAfterInitialization(AbstractAutowireCapableBeanFactory.java:435)
	at org.springframework.beans.factory.support.AbstractAutowireCapableBeanFactory.initializeBean(AbstractAutowireCapableBeanFactory.java:1754)
	at org.springframework.beans.factory.support.AbstractAutowireCapableBeanFactory.doCreateBean(AbstractAutowireCapableBeanFactory.java:599)
	at org.springframework.beans.factory.support.AbstractAutowireCapableBeanFactory.createBean(AbstractAutowireCapableBeanFactory.java:521)
	at org.springframework.beans.factory.support.AbstractBeanFactory.lambda$doGetBean$0(AbstractBeanFactory.java:326)
	at org.springframework.beans.factory.support.DefaultSingletonBeanRegistry.getSingleton(DefaultSingletonBeanRegistry.java:234)
	at org.springframework.beans.factory.support.AbstractBeanFactory.doGetBean(AbstractBeanFactory.java:324)
	at org.springframework.beans.factory.support.AbstractBeanFactory.getBean(AbstractBeanFactory.java:200)
	at org.springframework.beans.factory.support.DefaultListableBeanFactory.preInstantiateSingletons(DefaultListableBeanFactory.java:961)
	at org.springframework.context.support.AbstractApplicationContext.finishBeanFactoryInitialization(AbstractApplicationContext.java:915)
	at org.springframework.context.support.AbstractApplicationContext.refresh(AbstractApplicationContext.java:584)
	at org.springframework.boot.web.servlet.context.ServletWebServerApplicationContext.refresh(ServletWebServerApplicationContext.java:146)
	at org.springframework.boot.SpringApplication.refresh(SpringApplication.java:730)
	at org.springframework.boot.SpringApplication.refreshContext(SpringApplication.java:432)
	at org.springframework.boot.SpringApplication.run(SpringApplication.java:308)
	at org.springframework.boot.SpringApplication.run(SpringApplication.java:1302)
	at org.springframework.boot.SpringApplication.run(SpringApplication.java:1291)
	at com.zry.xiaohongshu.user.biz.XiaohongshuUserBizApplication.main(XiaohongshuUserBizApplication.java:14)
Caused by: org.apache.rocketmq.remoting.exception.RemotingTimeoutException: wait response on the channel <127.0.0.1:9876> timeout, 2870(ms)
	at org.apache.rocketmq.remoting.netty.NettyRemotingAbstract.invokeSyncImpl(NettyRemotingAbstract.java:439)
	at org.apache.rocketmq.remoting.netty.NettyRemotingClient.invokeSync(NettyRemotingClient.java:390)
	at org.apache.rocketmq.client.impl.MQClientAPIImpl.getTopicRouteInfoFromNameServer(MQClientAPIImpl.java:1394)
	at org.apache.rocketmq.client.impl.MQClientAPIImpl.getTopicRouteInfoFromNameServer(MQClientAPIImpl.java:1384)
	at org.apache.rocketmq.client.impl.factory.MQClientInstance.updateTopicRouteInfoFromNameServer(MQClientInstance.java:623)
	... 25 common frames omitted
2025-09-18 14:40:24.252 [main] WARN  o.s.b.w.s.c.AnnotationConfigServletWebServerApplicationContext - Exception encountered during context initialization - cancelling refresh attempt: org.springframework.beans.factory.BeanCreationException: Error creating bean with name 'delayDeleteUserRedisCacheConsumer' defined in file [D:\subject\JAVA\SpringCloud\xiaohongshu\xiaohongshu-user\target\classes\com\zry\xiaohongshu\user\biz\consumer\DelayDeleteUserRedisCacheConsumer.class]: java.lang.IllegalStateException: org.apache.rocketmq.remoting.exception.RemotingTimeoutException: wait response on the channel <127.0.0.1:9876> timeout, 2870(ms)
2025-09-18 14:40:24.257 [main] INFO  o.a.r.s.support.DefaultRocketMQListenerContainer - container destroyed, DefaultRocketMQListenerContainer{consumerGroup='xiaohongshu_group_DelayDeleteUserRedisCacheTopic', namespace='', nameServer='127.0.0.1:9876', topic='DelayDeleteUserRedisCacheTopic', consumeMode=CONCURRENTLY, selectorType=TAG, selectorExpression='*', messageModel=CLUSTERING', tlsEnable=false, instanceName=DEFAULT}
2025-09-18 14:40:24.274 [main] INFO  org.apache.catalina.core.StandardService - Stopping service [Tomcat]
2025-09-18 14:40:24.311 [main] INFO  o.s.b.a.logging.ConditionEvaluationReportLogger - 

Error starting ApplicationContext. To display the condition evaluation report re-run your application with 'debug' enabled.
2025-09-18 14:40:24.327 [main] ERROR org.springframework.boot.SpringApplication - Application run failed
org.springframework.beans.factory.BeanCreationException: Error creating bean with name 'delayDeleteUserRedisCacheConsumer' defined in file [D:\subject\JAVA\SpringCloud\xiaohongshu\xiaohongshu-user\target\classes\com\zry\xiaohongshu\user\biz\consumer\DelayDeleteUserRedisCacheConsumer.class]: java.lang.IllegalStateException: org.apache.rocketmq.remoting.exception.RemotingTimeoutException: wait response on the channel <127.0.0.1:9876> timeout, 2870(ms)
	at org.springframework.beans.factory.support.AbstractAutowireCapableBeanFactory.doCreateBean(AbstractAutowireCapableBeanFactory.java:606)
	at org.springframework.beans.factory.support.AbstractAutowireCapableBeanFactory.createBean(AbstractAutowireCapableBeanFactory.java:521)
	at org.springframework.beans.factory.support.AbstractBeanFactory.lambda$doGetBean$0(AbstractBeanFactory.java:326)
	at org.springframework.beans.factory.support.DefaultSingletonBeanRegistry.getSingleton(DefaultSingletonBeanRegistry.java:234)
	at org.springframework.beans.factory.support.AbstractBeanFactory.doGetBean(AbstractBeanFactory.java:324)
	at org.springframework.beans.factory.support.AbstractBeanFactory.getBean(AbstractBeanFactory.java:200)
	at org.springframework.beans.factory.support.DefaultListableBeanFactory.preInstantiateSingletons(DefaultListableBeanFactory.java:961)
	at org.springframework.context.support.AbstractApplicationContext.finishBeanFactoryInitialization(AbstractApplicationContext.java:915)
	at org.springframework.context.support.AbstractApplicationContext.refresh(AbstractApplicationContext.java:584)
	at org.springframework.boot.web.servlet.context.ServletWebServerApplicationContext.refresh(ServletWebServerApplicationContext.java:146)
	at org.springframework.boot.SpringApplication.refresh(SpringApplication.java:730)
	at org.springframework.boot.SpringApplication.refreshContext(SpringApplication.java:432)
	at org.springframework.boot.SpringApplication.run(SpringApplication.java:308)
	at org.springframework.boot.SpringApplication.run(SpringApplication.java:1302)
	at org.springframework.boot.SpringApplication.run(SpringApplication.java:1291)
	at com.zry.xiaohongshu.user.biz.XiaohongshuUserBizApplication.main(XiaohongshuUserBizApplication.java:14)
Caused by: java.lang.RuntimeException: java.lang.IllegalStateException: org.apache.rocketmq.remoting.exception.RemotingTimeoutException: wait response on the channel <127.0.0.1:9876> timeout, 2870(ms)
	at org.apache.rocketmq.spring.autoconfigure.ListenerContainerConfiguration.registerContainer(ListenerContainerConfiguration.java:109)
	at org.apache.rocketmq.spring.annotation.RocketMQMessageListenerBeanPostProcessor.postProcessAfterInitialization(RocketMQMessageListenerBeanPostProcessor.java:55)
	at org.springframework.beans.factory.support.AbstractAutowireCapableBeanFactory.applyBeanPostProcessorsAfterInitialization(AbstractAutowireCapableBeanFactory.java:435)
	at org.springframework.beans.factory.support.AbstractAutowireCapableBeanFactory.initializeBean(AbstractAutowireCapableBeanFactory.java:1754)
	at org.springframework.beans.factory.support.AbstractAutowireCapableBeanFactory.doCreateBean(AbstractAutowireCapableBeanFactory.java:599)
	... 15 common frames omitted
Caused by: java.lang.IllegalStateException: org.apache.rocketmq.remoting.exception.RemotingTimeoutException: wait response on the channel <127.0.0.1:9876> timeout, 2870(ms)
	at org.apache.rocketmq.client.impl.factory.MQClientInstance.updateTopicRouteInfoFromNameServer(MQClientInstance.java:680)
	at org.apache.rocketmq.client.impl.factory.MQClientInstance.updateTopicRouteInfoFromNameServer(MQClientInstance.java:510)
	at org.apache.rocketmq.client.impl.consumer.DefaultMQPushConsumerImpl.updateTopicSubscribeInfoWhenSubscriptionChanged(DefaultMQPushConsumerImpl.java:872)
	at org.apache.rocketmq.client.impl.consumer.DefaultMQPushConsumerImpl.start(DefaultMQPushConsumerImpl.java:655)
	at org.apache.rocketmq.client.consumer.DefaultMQPushConsumer.start(DefaultMQPushConsumer.java:707)
	at org.apache.rocketmq.spring.support.DefaultRocketMQListenerContainer.start(DefaultRocketMQListenerContainer.java:343)
	at org.apache.rocketmq.spring.autoconfigure.ListenerContainerConfiguration.registerContainer(ListenerContainerConfiguration.java:106)
	... 19 common frames omitted
Caused by: org.apache.rocketmq.remoting.exception.RemotingTimeoutException: wait response on the channel <127.0.0.1:9876> timeout, 2870(ms)
	at org.apache.rocketmq.remoting.netty.NettyRemotingAbstract.invokeSyncImpl(NettyRemotingAbstract.java:439)
	at org.apache.rocketmq.remoting.netty.NettyRemotingClient.invokeSync(NettyRemotingClient.java:390)
	at org.apache.rocketmq.client.impl.MQClientAPIImpl.getTopicRouteInfoFromNameServer(MQClientAPIImpl.java:1394)
	at org.apache.rocketmq.client.impl.MQClientAPIImpl.getTopicRouteInfoFromNameServer(MQClientAPIImpl.java:1384)
	at org.apache.rocketmq.client.impl.factory.MQClientInstance.updateTopicRouteInfoFromNameServer(MQClientInstance.java:623)
	... 25 common frames omitted
2025-09-18 14:41:35.300 [main] WARN  com.alibaba.nacos.client.logging.NacosLogging - Load Logback Configuration of Nacos fail, message: Could not initialize Logback Nacos logging from classpath:nacos-logback.xml
2025-09-18 14:41:35.360 [main] WARN  com.alibaba.nacos.client.logging.NacosLogging - Load Logback Configuration of Nacos fail, message: Could not initialize Logback Nacos logging from classpath:nacos-logback.xml
2025-09-18 14:41:35.939 [main] WARN  com.alibaba.nacos.client.logging.NacosLogging - Load Logback Configuration of Nacos fail, message: Could not initialize Logback Nacos logging from classpath:nacos-logback.xml
2025-09-18 14:41:35.953 [main] WARN  com.alibaba.nacos.client.logging.NacosLogging - Load Logback Configuration of Nacos fail, message: Could not initialize Logback Nacos logging from classpath:nacos-logback.xml
2025-09-18 14:41:35.953 [main] INFO  c.z.x.user.biz.XiaohongshuUserBizApplication - The following 1 profile is active: "dev"
2025-09-18 14:41:36.662 [main] INFO  o.s.d.r.config.RepositoryConfigurationDelegate - Multiple Spring Data modules found, entering strict repository configuration mode
2025-09-18 14:41:36.666 [main] INFO  o.s.d.r.config.RepositoryConfigurationDelegate - Bootstrapping Spring Data Redis repositories in DEFAULT mode.
2025-09-18 14:41:36.693 [main] INFO  o.s.d.r.config.RepositoryConfigurationDelegate - Finished Spring Data repository scanning in 13 ms. Found 0 Redis repository interfaces.
2025-09-18 14:41:36.964 [main] INFO  o.springframework.cloud.context.scope.GenericScope - BeanFactory id=5aa3e6e7-90cc-3106-a6c4-3252edbe5d98
2025-09-18 14:41:37.000 [main] INFO  o.s.c.s.PostProcessorRegistrationDelegate$BeanPostProcessorChecker - Bean 'com.zry.xiaohongshu.user.api.UserFeignApi' of type [org.springframework.cloud.openfeign.FeignClientFactoryBean] is not eligible for getting processed by all BeanPostProcessors (for example: not eligible for auto-proxying)
2025-09-18 14:41:37.003 [main] INFO  o.s.c.s.PostProcessorRegistrationDelegate$BeanPostProcessorChecker - Bean 'com.zry.xiaohongshu.oss.api.FileFeignApi' of type [org.springframework.cloud.openfeign.FeignClientFactoryBean] is not eligible for getting processed by all BeanPostProcessors (for example: not eligible for auto-proxying)
2025-09-18 14:41:37.005 [main] INFO  o.s.c.s.PostProcessorRegistrationDelegate$BeanPostProcessorChecker - Bean 'com.zry.xiaohongshu.distributed.id.generator.api.DistributedIdGeneratorFeignApi' of type [org.springframework.cloud.openfeign.FeignClientFactoryBean] is not eligible for getting processed by all BeanPostProcessors (for example: not eligible for auto-proxying)
2025-09-18 14:41:37.006 [main] INFO  o.s.c.s.PostProcessorRegistrationDelegate$BeanPostProcessorChecker - Bean 'com.zry.xiaohongshu.count.api.CountFeignApi' of type [org.springframework.cloud.openfeign.FeignClientFactoryBean] is not eligible for getting processed by all BeanPostProcessors (for example: not eligible for auto-proxying)
2025-09-18 14:41:37.144 [main] INFO  o.s.c.s.PostProcessorRegistrationDelegate$BeanPostProcessorChecker - Bean 'org.apache.rocketmq.spring.autoconfigure.MessageConverterConfiguration' of type [org.apache.rocketmq.spring.autoconfigure.MessageConverterConfiguration$$SpringCGLIB$$0] is not eligible for getting processed by all BeanPostProcessors (for example: not eligible for auto-proxying)
2025-09-18 14:41:37.211 [main] INFO  o.s.c.s.PostProcessorRegistrationDelegate$BeanPostProcessorChecker - Bean 'createRocketMQMessageConverter' of type [org.apache.rocketmq.spring.support.RocketMQMessageConverter] is not eligible for getting processed by all BeanPostProcessors (for example: not eligible for auto-proxying)
2025-09-18 14:41:37.213 [main] INFO  o.s.c.s.PostProcessorRegistrationDelegate$BeanPostProcessorChecker - Bean 'org.springframework.cloud.commons.config.CommonsConfigAutoConfiguration' of type [org.springframework.cloud.commons.config.CommonsConfigAutoConfiguration] is not eligible for getting processed by all BeanPostProcessors (for example: not eligible for auto-proxying)
2025-09-18 14:41:37.218 [main] INFO  o.s.c.s.PostProcessorRegistrationDelegate$BeanPostProcessorChecker - Bean 'org.springframework.cloud.client.loadbalancer.LoadBalancerDefaultMappingsProviderAutoConfiguration' of type [org.springframework.cloud.client.loadbalancer.LoadBalancerDefaultMappingsProviderAutoConfiguration] is not eligible for getting processed by all BeanPostProcessors (for example: not eligible for auto-proxying)
2025-09-18 14:41:37.219 [main] INFO  o.s.c.s.PostProcessorRegistrationDelegate$BeanPostProcessorChecker - Bean 'loadBalancerClientsDefaultsMappingsProvider' of type [org.springframework.cloud.client.loadbalancer.LoadBalancerDefaultMappingsProviderAutoConfiguration$$Lambda$719/0x000002845a4dc530] is not eligible for getting processed by all BeanPostProcessors (for example: not eligible for auto-proxying)
2025-09-18 14:41:37.220 [main] INFO  o.s.c.s.PostProcessorRegistrationDelegate$BeanPostProcessorChecker - Bean 'defaultsBindHandlerAdvisor' of type [org.springframework.cloud.commons.config.DefaultsBindHandlerAdvisor] is not eligible for getting processed by all BeanPostProcessors (for example: not eligible for auto-proxying)
2025-09-18 14:41:37.227 [main] INFO  o.s.c.s.PostProcessorRegistrationDelegate$BeanPostProcessorChecker - Bean 'rocketmq-org.apache.rocketmq.spring.autoconfigure.RocketMQProperties' of type [org.apache.rocketmq.spring.autoconfigure.RocketMQProperties] is not eligible for getting processed by all BeanPostProcessors (for example: not eligible for auto-proxying)
2025-09-18 14:41:37.228 [main] INFO  o.s.c.s.PostProcessorRegistrationDelegate$BeanPostProcessorChecker - Bean 'org.apache.rocketmq.spring.autoconfigure.ListenerContainerConfiguration' of type [org.apache.rocketmq.spring.autoconfigure.ListenerContainerConfiguration$$SpringCGLIB$$0] is not eligible for getting processed by all BeanPostProcessors (for example: not eligible for auto-proxying)
2025-09-18 14:41:37.479 [main] INFO  o.s.boot.web.embedded.tomcat.TomcatWebServer - Tomcat initialized with port(s): 8082 (http)
2025-09-18 14:41:37.481 [main] INFO  org.apache.catalina.core.AprLifecycleListener - Loaded Apache Tomcat Native library [2.0.3] using APR version [1.7.2].
2025-09-18 14:41:37.485 [main] INFO  org.apache.catalina.core.AprLifecycleListener - OpenSSL successfully initialized [OpenSSL 3.0.8 7 Feb 2023]
2025-09-18 14:41:37.496 [main] INFO  org.apache.catalina.core.StandardService - Starting service [Tomcat]
2025-09-18 14:41:37.497 [main] INFO  org.apache.catalina.core.StandardEngine - Starting Servlet engine: [Apache Tomcat/10.1.5]
2025-09-18 14:41:37.604 [main] INFO  o.a.c.core.ContainerBase.[Tomcat].[localhost].[/] - Initializing Spring embedded WebApplicationContext
2025-09-18 14:41:37.604 [main] INFO  o.s.b.w.s.c.ServletWebServerApplicationContext - Root WebApplicationContext: initialization completed in 1632 ms
2025-09-18 14:41:41.436 [main] INFO  o.a.r.s.support.DefaultRocketMQListenerContainer - running container: DefaultRocketMQListenerContainer{consumerGroup='xiaohongshu_group_DelayDeleteUserRedisCacheTopic', namespace='', nameServer='127.0.0.1:9876', topic='DelayDeleteUserRedisCacheTopic', consumeMode=CONCURRENTLY, selectorType=TAG, selectorExpression='*', messageModel=CLUSTERING', tlsEnable=false, instanceName=DEFAULT}
2025-09-18 14:41:41.437 [main] INFO  o.a.r.s.a.ListenerContainerConfiguration - Register the listener to container, listenerBeanName:delayDeleteUserRedisCacheConsumer, containerBeanName:org.apache.rocketmq.spring.support.DefaultRocketMQListenerContainer_1
2025-09-18 14:41:41.487 [main] INFO  c.a.d.s.b.a.DruidDataSourceAutoConfigure - Init DruidDataSource
2025-09-18 14:41:41.905 [main] INFO  com.alibaba.druid.pool.DruidDataSource - {dataSource-1} inited
2025-09-18 14:41:42.307 [main] INFO  o.s.cloud.openfeign.FeignClientFactoryBean - For 'xiaohongshu-oss' URL not provided. Will try picking an instance via load-balancing.
2025-09-18 14:41:42.365 [main] INFO  o.s.cloud.openfeign.FeignClientFactoryBean - For 'xiaohongshu-distributed-id-generator' URL not provided. Will try picking an instance via load-balancing.
2025-09-18 14:41:42.391 [main] INFO  o.s.cloud.openfeign.FeignClientFactoryBean - For 'xiaohongshu-count' URL not provided. Will try picking an instance via load-balancing.
2025-09-18 14:41:42.418 [main] INFO  o.a.r.s.autoconfigure.RocketMQAutoConfiguration - a producer (xiaohongshu_group) init on namesrv 127.0.0.1:9876
2025-09-18 14:41:43.757 [main] INFO  o.s.boot.web.embedded.tomcat.TomcatWebServer - Tomcat started on port(s): 8082 (http) with context path ''
2025-09-18 14:41:43.765 [main] WARN  com.alibaba.nacos.client.logging.NacosLogging - Load Logback Configuration of Nacos fail, message: Could not initialize Logback Nacos logging from classpath:nacos-logback.xml
2025-09-18 14:41:43.765 [main] INFO  com.alibaba.nacos.client.naming - initializer namespace from ans.namespace attribute : null
2025-09-18 14:41:43.766 [main] INFO  com.alibaba.nacos.client.naming - initializer namespace from ALIBABA_ALIWARE_NAMESPACE attribute :null
2025-09-18 14:41:43.766 [main] INFO  com.alibaba.nacos.client.naming - initializer namespace from namespace attribute :null
2025-09-18 14:41:43.796 [main] INFO  com.alibaba.nacos.client.utils.ParamUtil - [settings] [req-serv] nacos-server port:8848
2025-09-18 14:41:43.796 [main] INFO  com.alibaba.nacos.client.utils.ParamUtil - [settings] [http-client] connect timeout:1000
2025-09-18 14:41:43.797 [main] INFO  com.alibaba.nacos.client.utils.ParamUtil - PER_TASK_CONFIG_SIZE: 3000.0
2025-09-18 14:41:43.803 [main] INFO  c.a.n.p.auth.spi.client.ClientAuthPluginManager - [ClientAuthPluginManager] Load ClientAuthService com.alibaba.nacos.client.auth.impl.NacosClientAuthServiceImpl success.
2025-09-18 14:41:43.803 [main] INFO  c.a.n.p.auth.spi.client.ClientAuthPluginManager - [ClientAuthPluginManager] Load ClientAuthService com.alibaba.nacos.client.auth.ram.RamClientAuthServiceImpl success.
2025-09-18 14:41:43.807 [main] INFO  c.a.n.client.auth.ram.identify.CredentialWatcher - null No credential found
2025-09-18 14:41:43.816 [main] INFO  com.alibaba.nacos.common.remote.client - [RpcClientFactory] create a new rpc client of d35d88f4-8b39-412d-a10c-583b72efeea0
2025-09-18 14:41:43.833 [main] INFO  com.alibaba.nacos.common.remote.client - [d35d88f4-8b39-412d-a10c-583b72efeea0] RpcClient init, ServerListFactory = com.alibaba.nacos.client.naming.core.ServerListManager
2025-09-18 14:41:43.833 [main] INFO  com.alibaba.nacos.common.remote.client - [d35d88f4-8b39-412d-a10c-583b72efeea0] Registry connection listener to current client:com.alibaba.nacos.client.naming.remote.gprc.redo.NamingGrpcRedoService
2025-09-18 14:41:43.833 [main] INFO  com.alibaba.nacos.common.remote.client - [d35d88f4-8b39-412d-a10c-583b72efeea0] Register server push request handler:com.alibaba.nacos.client.naming.remote.gprc.NamingPushRequestHandler
2025-09-18 14:41:43.836 [main] INFO  com.alibaba.nacos.common.remote.client - [d35d88f4-8b39-412d-a10c-583b72efeea0] Try to connect to server on start up, server: {serverIp = '47.236.36.111', server main port = 8848}
2025-09-18 14:41:43.879 [main] INFO  c.a.nacos.common.remote.client.grpc.GrpcClient - grpc client connection server:47.236.36.111 ip,serverPort:9848,grpcTslConfig:{"sslProvider":"OPENSSL","enableTls":false,"mutualAuthEnable":false,"trustAll":false}
2025-09-18 14:41:45.094 [main] INFO  com.alibaba.nacos.common.remote.client - [d35d88f4-8b39-412d-a10c-583b72efeea0] Success to connect to server [47.236.36.111:8848] on start up, connectionId = 1758177704859_120.85.130.202_56059
2025-09-18 14:41:45.095 [com.alibaba.nacos.client.remote.worker] INFO  com.alibaba.nacos.common.remote.client - [d35d88f4-8b39-412d-a10c-583b72efeea0] Notify connected event to listeners.
2025-09-18 14:41:45.095 [com.alibaba.nacos.client.remote.worker] INFO  com.alibaba.nacos.client.naming - Grpc connection connect
2025-09-18 14:41:45.095 [main] INFO  com.alibaba.nacos.common.remote.client - [d35d88f4-8b39-412d-a10c-583b72efeea0] Register server push request handler:com.alibaba.nacos.common.remote.client.RpcClient$ConnectResetRequestHandler
2025-09-18 14:41:45.095 [main] INFO  com.alibaba.nacos.common.remote.client - [d35d88f4-8b39-412d-a10c-583b72efeea0] Register server push request handler:com.alibaba.nacos.common.remote.client.RpcClient$$Lambda$1284/0x000002845a985180
2025-09-18 14:41:45.096 [main] INFO  com.alibaba.nacos.client.naming - [REGISTER-SERVICE] xiaohongshu registering service xiaohongshu-user with instance Instance{instanceId='null', ip='10.91.138.46', port=8082, weight=1.0, healthy=true, enabled=true, ephemeral=true, clusterName='DEFAULT', serviceName='null', metadata={IPv6=null, preserved.register.source=SPRING_CLOUD}}
2025-09-18 14:41:45.162 [main] INFO  c.a.cloud.nacos.registry.NacosServiceRegistry - nacos registry, DEFAULT_GROUP xiaohongshu-user 10.91.138.46:8082 register finished
2025-09-18 14:41:45.400 [main] INFO  c.z.x.user.biz.XiaohongshuUserBizApplication - Started XiaohongshuUserBizApplication in 10.937 seconds (process running for 11.762)
2025-09-18 14:41:45.401 [main] INFO  c.z.x.u.biz.runner.PushRolePermissions2RedisRunner - ==> 服务启动，开始同步角色权限数据到 Redis 中...
2025-09-18 14:41:45.746 [main] WARN  c.z.x.u.biz.runner.PushRolePermissions2RedisRunner - ==> 角色权限数据已经同步至 Redis 中，不再同步...
2025-09-18 14:44:41.028 [http-nio-8082-exec-2] INFO  o.a.c.core.ContainerBase.[Tomcat].[localhost].[/] - Initializing Spring DispatcherServlet 'dispatcherServlet'
2025-09-18 14:44:41.029 [http-nio-8082-exec-2] INFO  org.springframework.web.servlet.DispatcherServlet - Initializing Servlet 'dispatcherServlet'
2025-09-18 14:44:41.033 [http-nio-8082-exec-2] INFO  org.springframework.web.servlet.DispatcherServlet - Completed initialization in 4 ms
2025-09-18 14:44:41.048 [http-nio-8082-exec-2] INFO  c.z.f.b.context.filter.HeaderUserId2ContextFilter - ## HeaderUserId2ContextFilter, 用户 ID: null
2025-09-18 14:44:41.209 [http-nio-8082-exec-2] ERROR c.z.x.user.biz.exception.GlobalExceptionHandler - /user/findById request error, 
jakarta.servlet.ServletException: Handler dispatch failed: java.lang.NoClassDefFoundError: com/zry/framework/common/util/JsonUtils
	at org.springframework.web.servlet.DispatcherServlet.doDispatch(DispatcherServlet.java:1095)
	at org.springframework.web.servlet.DispatcherServlet.doService(DispatcherServlet.java:973)
	at org.springframework.web.servlet.FrameworkServlet.processRequest(FrameworkServlet.java:1011)
	at org.springframework.web.servlet.FrameworkServlet.doPost(FrameworkServlet.java:914)
	at jakarta.servlet.http.HttpServlet.service(HttpServlet.java:731)
	at org.springframework.web.servlet.FrameworkServlet.service(FrameworkServlet.java:885)
	at jakarta.servlet.http.HttpServlet.service(HttpServlet.java:814)
	at org.apache.catalina.core.ApplicationFilterChain.internalDoFilter(ApplicationFilterChain.java:223)
	at org.apache.catalina.core.ApplicationFilterChain.doFilter(ApplicationFilterChain.java:158)
	at org.apache.tomcat.websocket.server.WsFilter.doFilter(WsFilter.java:53)
	at org.apache.catalina.core.ApplicationFilterChain.internalDoFilter(ApplicationFilterChain.java:185)
	at org.apache.catalina.core.ApplicationFilterChain.doFilter(ApplicationFilterChain.java:158)
	at com.zry.framework.biz.context.filter.HeaderUserId2ContextFilter.doFilterInternal(HeaderUserId2ContextFilter.java:28)
	at org.springframework.web.filter.OncePerRequestFilter.doFilter(OncePerRequestFilter.java:116)
	at org.apache.catalina.core.ApplicationFilterChain.internalDoFilter(ApplicationFilterChain.java:185)
	at org.apache.catalina.core.ApplicationFilterChain.doFilter(ApplicationFilterChain.java:158)
	at com.alibaba.druid.support.jakarta.WebStatFilter.doFilter(WebStatFilter.java:113)
	at org.apache.catalina.core.ApplicationFilterChain.internalDoFilter(ApplicationFilterChain.java:185)
	at org.apache.catalina.core.ApplicationFilterChain.doFilter(ApplicationFilterChain.java:158)
	at org.springframework.web.filter.RequestContextFilter.doFilterInternal(RequestContextFilter.java:100)
	at org.springframework.web.filter.OncePerRequestFilter.doFilter(OncePerRequestFilter.java:116)
	at org.apache.catalina.core.ApplicationFilterChain.internalDoFilter(ApplicationFilterChain.java:185)
	at org.apache.catalina.core.ApplicationFilterChain.doFilter(ApplicationFilterChain.java:158)
	at org.springframework.web.filter.FormContentFilter.doFilterInternal(FormContentFilter.java:93)
	at org.springframework.web.filter.OncePerRequestFilter.doFilter(OncePerRequestFilter.java:116)
	at org.apache.catalina.core.ApplicationFilterChain.internalDoFilter(ApplicationFilterChain.java:185)
	at org.apache.catalina.core.ApplicationFilterChain.doFilter(ApplicationFilterChain.java:158)
	at org.springframework.web.filter.CharacterEncodingFilter.doFilterInternal(CharacterEncodingFilter.java:201)
	at org.springframework.web.filter.OncePerRequestFilter.doFilter(OncePerRequestFilter.java:116)
	at org.apache.catalina.core.ApplicationFilterChain.internalDoFilter(ApplicationFilterChain.java:185)
	at org.apache.catalina.core.ApplicationFilterChain.doFilter(ApplicationFilterChain.java:158)
	at org.apache.catalina.core.StandardWrapperValve.invoke(StandardWrapperValve.java:177)
	at org.apache.catalina.core.StandardContextValve.invoke(StandardContextValve.java:97)
	at org.apache.catalina.authenticator.AuthenticatorBase.invoke(AuthenticatorBase.java:542)
	at org.apache.catalina.core.StandardHostValve.invoke(StandardHostValve.java:119)
	at org.apache.catalina.valves.ErrorReportValve.invoke(ErrorReportValve.java:92)
	at org.apache.catalina.core.StandardEngineValve.invoke(StandardEngineValve.java:78)
	at org.apache.catalina.connector.CoyoteAdapter.service(CoyoteAdapter.java:357)
	at org.apache.coyote.http11.Http11Processor.service(Http11Processor.java:400)
	at org.apache.coyote.AbstractProcessorLight.process(AbstractProcessorLight.java:65)
	at org.apache.coyote.AbstractProtocol$ConnectionHandler.process(AbstractProtocol.java:859)
	at org.apache.tomcat.util.net.NioEndpoint$SocketProcessor.doRun(NioEndpoint.java:1734)
	at org.apache.tomcat.util.net.SocketProcessorBase.run(SocketProcessorBase.java:52)
	at org.apache.tomcat.util.threads.ThreadPoolExecutor.runWorker(ThreadPoolExecutor.java:1191)
	at org.apache.tomcat.util.threads.ThreadPoolExecutor$Worker.run(ThreadPoolExecutor.java:659)
	at org.apache.tomcat.util.threads.TaskThread$WrappingRunnable.run(TaskThread.java:61)
	at java.base/java.lang.Thread.run(Thread.java:842)
Caused by: java.lang.NoClassDefFoundError: com/zry/framework/common/util/JsonUtils
	at com.zry.xiaohongshu.user.biz.service.impl.UserServiceImpl.findById(UserServiceImpl.java:325)
	at java.base/jdk.internal.reflect.NativeMethodAccessorImpl.invoke0(Native Method)
	at java.base/jdk.internal.reflect.NativeMethodAccessorImpl.invoke(NativeMethodAccessorImpl.java:77)
	at java.base/jdk.internal.reflect.DelegatingMethodAccessorImpl.invoke(DelegatingMethodAccessorImpl.java:43)
	at java.base/java.lang.reflect.Method.invoke(Method.java:568)
	at org.springframework.aop.support.AopUtils.invokeJoinpointUsingReflection(AopUtils.java:343)
	at org.springframework.aop.framework.CglibAopProxy$DynamicAdvisedInterceptor.intercept(CglibAopProxy.java:699)
	at com.zry.xiaohongshu.user.biz.service.impl.UserServiceImpl$$SpringCGLIB$$0.findById(<generated>)
	at com.zry.xiaohongshu.user.biz.controller.UserController.findById(UserController.java:56)
	at java.base/jdk.internal.reflect.NativeMethodAccessorImpl.invoke0(Native Method)
	at java.base/jdk.internal.reflect.NativeMethodAccessorImpl.invoke(NativeMethodAccessorImpl.java:77)
	at java.base/jdk.internal.reflect.DelegatingMethodAccessorImpl.invoke(DelegatingMethodAccessorImpl.java:43)
	at java.base/java.lang.reflect.Method.invoke(Method.java:568)
	at org.springframework.web.method.support.InvocableHandlerMethod.doInvoke(InvocableHandlerMethod.java:207)
	at org.springframework.web.method.support.InvocableHandlerMethod.invokeForRequest(InvocableHandlerMethod.java:152)
	at org.springframework.web.servlet.mvc.method.annotation.ServletInvocableHandlerMethod.invokeAndHandle(ServletInvocableHandlerMethod.java:117)
	at org.springframework.web.servlet.mvc.method.annotation.RequestMappingHandlerAdapter.invokeHandlerMethod(RequestMappingHandlerAdapter.java:884)
	at org.springframework.web.servlet.mvc.method.annotation.RequestMappingHandlerAdapter.handleInternal(RequestMappingHandlerAdapter.java:797)
	at org.springframework.web.servlet.mvc.method.AbstractHandlerMethodAdapter.handle(AbstractHandlerMethodAdapter.java:87)
	at org.springframework.web.servlet.DispatcherServlet.doDispatch(DispatcherServlet.java:1080)
	... 46 common frames omitted
Caused by: java.lang.ClassNotFoundException: com.zry.framework.common.util.JsonUtils
	at java.base/jdk.internal.loader.BuiltinClassLoader.loadClass(BuiltinClassLoader.java:641)
	at java.base/jdk.internal.loader.ClassLoaders$AppClassLoader.loadClass(ClassLoaders.java:188)
	at java.base/java.lang.ClassLoader.loadClass(ClassLoader.java:525)
	... 66 common frames omitted
2025-09-18 14:45:18.303 [Thread-14] WARN  c.alibaba.nacos.common.http.HttpClientBeanHolder - [HttpClientBeanHolder] Start destroying common HttpClient
2025-09-18 14:45:18.303 [Thread-11] WARN  com.alibaba.nacos.common.notify.NotifyCenter - [NotifyCenter] Start destroying Publisher
2025-09-18 14:45:18.303 [Thread-11] WARN  com.alibaba.nacos.common.notify.NotifyCenter - [NotifyCenter] Destruction of the end
2025-09-18 14:45:18.303 [Thread-14] WARN  c.alibaba.nacos.common.http.HttpClientBeanHolder - [HttpClientBeanHolder] Destruction of the end
2025-09-18 14:45:24.379 [SpringApplicationShutdownHook] INFO  c.a.cloud.nacos.registry.NacosServiceRegistry - De-registering from Nacos Server now...
2025-09-18 14:45:24.380 [SpringApplicationShutdownHook] INFO  com.alibaba.nacos.client.naming - [DEREGISTER-SERVICE] xiaohongshu deregistering service xiaohongshu-user with instance: Instance{instanceId='null', ip='10.91.138.46', port=8082, weight=1.0, healthy=true, enabled=true, ephemeral=true, clusterName='DEFAULT', serviceName='null', metadata={}}
2025-09-18 14:45:24.438 [SpringApplicationShutdownHook] INFO  c.a.cloud.nacos.registry.NacosServiceRegistry - De-registration finished.
2025-09-18 14:45:24.439 [SpringApplicationShutdownHook] INFO  com.alibaba.nacos.client.naming - com.alibaba.nacos.client.naming.cache.ServiceInfoHolder do shutdown begin
2025-09-18 14:45:24.440 [SpringApplicationShutdownHook] INFO  com.alibaba.nacos.client.naming - com.alibaba.nacos.client.naming.backups.FailoverReactor do shutdown begin
2025-09-18 14:45:24.441 [SpringApplicationShutdownHook] INFO  com.alibaba.nacos.client.naming - com.alibaba.nacos.client.naming.backups.FailoverReactor do shutdown stop
2025-09-18 14:45:24.441 [SpringApplicationShutdownHook] INFO  com.alibaba.nacos.client.naming - com.alibaba.nacos.client.naming.cache.ServiceInfoHolder do shutdown stop
2025-09-18 14:45:24.441 [SpringApplicationShutdownHook] INFO  com.alibaba.nacos.client.naming - com.alibaba.nacos.client.naming.remote.NamingClientProxyDelegate do shutdown begin
2025-09-18 14:45:24.441 [SpringApplicationShutdownHook] INFO  com.alibaba.nacos.client.naming - com.alibaba.nacos.client.naming.core.ServiceInfoUpdateService do shutdown begin
2025-09-18 14:45:24.441 [SpringApplicationShutdownHook] INFO  com.alibaba.nacos.client.naming - com.alibaba.nacos.client.naming.core.ServiceInfoUpdateService do shutdown stop
2025-09-18 14:45:24.441 [SpringApplicationShutdownHook] INFO  com.alibaba.nacos.client.naming - com.alibaba.nacos.client.naming.core.ServerListManager do shutdown begin
2025-09-18 14:45:24.441 [SpringApplicationShutdownHook] WARN  com.alibaba.nacos.client.naming - [NamingHttpClientManager] Start destroying NacosRestTemplate
2025-09-18 14:45:24.441 [SpringApplicationShutdownHook] WARN  com.alibaba.nacos.client.naming - [NamingHttpClientManager] Destruction of the end
2025-09-18 14:45:24.441 [SpringApplicationShutdownHook] INFO  com.alibaba.nacos.client.naming - com.alibaba.nacos.client.naming.core.ServerListManager do shutdown stop
2025-09-18 14:45:24.441 [SpringApplicationShutdownHook] INFO  com.alibaba.nacos.client.naming - com.alibaba.nacos.client.naming.remote.http.NamingHttpClientProxy do shutdown begin
2025-09-18 14:45:24.441 [SpringApplicationShutdownHook] WARN  com.alibaba.nacos.client.naming - [NamingHttpClientManager] Start destroying NacosRestTemplate
2025-09-18 14:45:24.441 [SpringApplicationShutdownHook] WARN  com.alibaba.nacos.client.naming - [NamingHttpClientManager] Destruction of the end
2025-09-18 14:45:24.441 [SpringApplicationShutdownHook] INFO  com.alibaba.nacos.client.naming - com.alibaba.nacos.client.naming.remote.http.NamingHttpClientProxy do shutdown stop
2025-09-18 14:45:24.441 [SpringApplicationShutdownHook] INFO  com.alibaba.nacos.common.remote.client - Shutdown rpc client, set status to shutdown
2025-09-18 14:45:24.442 [SpringApplicationShutdownHook] INFO  com.alibaba.nacos.common.remote.client - Shutdown client event executor java.util.concurrent.ScheduledThreadPoolExecutor@6ea0d1f3[Running, pool size = 2, active threads = 2, queued tasks = 0, completed tasks = 0]
2025-09-18 14:45:24.442 [SpringApplicationShutdownHook] INFO  com.alibaba.nacos.common.remote.client - Close current connection 1758177704859_120.85.130.202_56059
2025-09-18 14:45:24.449 [nacos-grpc-client-executor-47.236.36.111-56] WARN  c.a.nacos.common.remote.client.grpc.GrpcClient - [1758177704859_120.85.130.202_56059]Ignore error event,isRunning:false,isAbandon=false
2025-09-18 14:45:24.453 [SpringApplicationShutdownHook] INFO  c.a.nacos.common.remote.client.grpc.GrpcClient - Shutdown grpc executor java.util.concurrent.ThreadPoolExecutor@75d1d02e[Running, pool size = 5, active threads = 0, queued tasks = 0, completed tasks = 57]
2025-09-18 14:45:24.453 [SpringApplicationShutdownHook] INFO  com.alibaba.nacos.client.naming - Shutdown grpc redo service executor java.util.concurrent.ScheduledThreadPoolExecutor@3189a5c2[Running, pool size = 1, active threads = 0, queued tasks = 1, completed tasks = 73]
2025-09-18 14:45:24.454 [SpringApplicationShutdownHook] INFO  c.a.n.client.auth.ram.identify.CredentialWatcher - [null] CredentialWatcher is stopped
2025-09-18 14:45:24.454 [SpringApplicationShutdownHook] INFO  c.a.n.client.auth.ram.identify.CredentialService - [null] CredentialService is freed
2025-09-18 14:45:24.454 [SpringApplicationShutdownHook] INFO  com.alibaba.nacos.client.naming - com.alibaba.nacos.client.naming.remote.NamingClientProxyDelegate do shutdown stop
2025-09-18 14:45:45.809 [main] WARN  com.alibaba.nacos.client.logging.NacosLogging - Load Logback Configuration of Nacos fail, message: Could not initialize Logback Nacos logging from classpath:nacos-logback.xml
2025-09-18 14:45:45.871 [main] WARN  com.alibaba.nacos.client.logging.NacosLogging - Load Logback Configuration of Nacos fail, message: Could not initialize Logback Nacos logging from classpath:nacos-logback.xml
2025-09-18 14:45:46.520 [main] WARN  com.alibaba.nacos.client.logging.NacosLogging - Load Logback Configuration of Nacos fail, message: Could not initialize Logback Nacos logging from classpath:nacos-logback.xml
2025-09-18 14:45:46.536 [main] WARN  com.alibaba.nacos.client.logging.NacosLogging - Load Logback Configuration of Nacos fail, message: Could not initialize Logback Nacos logging from classpath:nacos-logback.xml
2025-09-18 14:45:46.536 [main] INFO  c.z.x.user.biz.XiaohongshuUserBizApplication - The following 1 profile is active: "dev"
2025-09-18 14:45:47.233 [main] INFO  o.s.d.r.config.RepositoryConfigurationDelegate - Multiple Spring Data modules found, entering strict repository configuration mode
2025-09-18 14:45:47.237 [main] INFO  o.s.d.r.config.RepositoryConfigurationDelegate - Bootstrapping Spring Data Redis repositories in DEFAULT mode.
2025-09-18 14:45:47.265 [main] INFO  o.s.d.r.config.RepositoryConfigurationDelegate - Finished Spring Data repository scanning in 13 ms. Found 0 Redis repository interfaces.
2025-09-18 14:45:47.514 [main] INFO  o.springframework.cloud.context.scope.GenericScope - BeanFactory id=80701806-1a87-3a72-87d6-63640373b7f4
2025-09-18 14:45:47.553 [main] INFO  o.s.c.s.PostProcessorRegistrationDelegate$BeanPostProcessorChecker - Bean 'com.zry.xiaohongshu.oss.api.FileFeignApi' of type [org.springframework.cloud.openfeign.FeignClientFactoryBean] is not eligible for getting processed by all BeanPostProcessors (for example: not eligible for auto-proxying)
2025-09-18 14:45:47.555 [main] INFO  o.s.c.s.PostProcessorRegistrationDelegate$BeanPostProcessorChecker - Bean 'com.zry.xiaohongshu.user.api.UserFeignApi' of type [org.springframework.cloud.openfeign.FeignClientFactoryBean] is not eligible for getting processed by all BeanPostProcessors (for example: not eligible for auto-proxying)
2025-09-18 14:45:47.557 [main] INFO  o.s.c.s.PostProcessorRegistrationDelegate$BeanPostProcessorChecker - Bean 'com.zry.xiaohongshu.distributed.id.generator.api.DistributedIdGeneratorFeignApi' of type [org.springframework.cloud.openfeign.FeignClientFactoryBean] is not eligible for getting processed by all BeanPostProcessors (for example: not eligible for auto-proxying)
2025-09-18 14:45:47.559 [main] INFO  o.s.c.s.PostProcessorRegistrationDelegate$BeanPostProcessorChecker - Bean 'com.zry.xiaohongshu.count.api.CountFeignApi' of type [org.springframework.cloud.openfeign.FeignClientFactoryBean] is not eligible for getting processed by all BeanPostProcessors (for example: not eligible for auto-proxying)
2025-09-18 14:45:47.868 [main] INFO  o.s.c.s.PostProcessorRegistrationDelegate$BeanPostProcessorChecker - Bean 'org.apache.rocketmq.spring.autoconfigure.MessageConverterConfiguration' of type [org.apache.rocketmq.spring.autoconfigure.MessageConverterConfiguration$$SpringCGLIB$$0] is not eligible for getting processed by all BeanPostProcessors (for example: not eligible for auto-proxying)
2025-09-18 14:45:47.914 [main] INFO  o.s.c.s.PostProcessorRegistrationDelegate$BeanPostProcessorChecker - Bean 'createRocketMQMessageConverter' of type [org.apache.rocketmq.spring.support.RocketMQMessageConverter] is not eligible for getting processed by all BeanPostProcessors (for example: not eligible for auto-proxying)
2025-09-18 14:45:47.918 [main] INFO  o.s.c.s.PostProcessorRegistrationDelegate$BeanPostProcessorChecker - Bean 'org.springframework.cloud.commons.config.CommonsConfigAutoConfiguration' of type [org.springframework.cloud.commons.config.CommonsConfigAutoConfiguration] is not eligible for getting processed by all BeanPostProcessors (for example: not eligible for auto-proxying)
2025-09-18 14:45:47.922 [main] INFO  o.s.c.s.PostProcessorRegistrationDelegate$BeanPostProcessorChecker - Bean 'org.springframework.cloud.client.loadbalancer.LoadBalancerDefaultMappingsProviderAutoConfiguration' of type [org.springframework.cloud.client.loadbalancer.LoadBalancerDefaultMappingsProviderAutoConfiguration] is not eligible for getting processed by all BeanPostProcessors (for example: not eligible for auto-proxying)
2025-09-18 14:45:47.923 [main] INFO  o.s.c.s.PostProcessorRegistrationDelegate$BeanPostProcessorChecker - Bean 'loadBalancerClientsDefaultsMappingsProvider' of type [org.springframework.cloud.client.loadbalancer.LoadBalancerDefaultMappingsProviderAutoConfiguration$$Lambda$721/0x000001a5b551ba00] is not eligible for getting processed by all BeanPostProcessors (for example: not eligible for auto-proxying)
2025-09-18 14:45:47.924 [main] INFO  o.s.c.s.PostProcessorRegistrationDelegate$BeanPostProcessorChecker - Bean 'defaultsBindHandlerAdvisor' of type [org.springframework.cloud.commons.config.DefaultsBindHandlerAdvisor] is not eligible for getting processed by all BeanPostProcessors (for example: not eligible for auto-proxying)
2025-09-18 14:45:47.932 [main] INFO  o.s.c.s.PostProcessorRegistrationDelegate$BeanPostProcessorChecker - Bean 'rocketmq-org.apache.rocketmq.spring.autoconfigure.RocketMQProperties' of type [org.apache.rocketmq.spring.autoconfigure.RocketMQProperties] is not eligible for getting processed by all BeanPostProcessors (for example: not eligible for auto-proxying)
2025-09-18 14:45:47.933 [main] INFO  o.s.c.s.PostProcessorRegistrationDelegate$BeanPostProcessorChecker - Bean 'org.apache.rocketmq.spring.autoconfigure.ListenerContainerConfiguration' of type [org.apache.rocketmq.spring.autoconfigure.ListenerContainerConfiguration$$SpringCGLIB$$0] is not eligible for getting processed by all BeanPostProcessors (for example: not eligible for auto-proxying)
2025-09-18 14:45:48.183 [main] INFO  o.s.boot.web.embedded.tomcat.TomcatWebServer - Tomcat initialized with port(s): 8082 (http)
2025-09-18 14:45:48.183 [main] INFO  org.apache.catalina.core.AprLifecycleListener - Loaded Apache Tomcat Native library [2.0.3] using APR version [1.7.2].
2025-09-18 14:45:48.187 [main] INFO  org.apache.catalina.core.AprLifecycleListener - OpenSSL successfully initialized [OpenSSL 3.0.8 7 Feb 2023]
2025-09-18 14:45:48.199 [main] INFO  org.apache.catalina.core.StandardService - Starting service [Tomcat]
2025-09-18 14:45:48.200 [main] INFO  org.apache.catalina.core.StandardEngine - Starting Servlet engine: [Apache Tomcat/10.1.5]
2025-09-18 14:45:48.308 [main] INFO  o.a.c.core.ContainerBase.[Tomcat].[localhost].[/] - Initializing Spring embedded WebApplicationContext
2025-09-18 14:45:48.308 [main] INFO  o.s.b.w.s.c.ServletWebServerApplicationContext - Root WebApplicationContext: initialization completed in 1751 ms
2025-09-18 14:45:52.167 [main] INFO  o.a.r.s.support.DefaultRocketMQListenerContainer - running container: DefaultRocketMQListenerContainer{consumerGroup='xiaohongshu_group_DelayDeleteUserRedisCacheTopic', namespace='', nameServer='127.0.0.1:9876', topic='DelayDeleteUserRedisCacheTopic', consumeMode=CONCURRENTLY, selectorType=TAG, selectorExpression='*', messageModel=CLUSTERING', tlsEnable=false, instanceName=DEFAULT}
2025-09-18 14:45:52.167 [main] INFO  o.a.r.s.a.ListenerContainerConfiguration - Register the listener to container, listenerBeanName:delayDeleteUserRedisCacheConsumer, containerBeanName:org.apache.rocketmq.spring.support.DefaultRocketMQListenerContainer_1
2025-09-18 14:45:52.216 [main] INFO  c.a.d.s.b.a.DruidDataSourceAutoConfigure - Init DruidDataSource
2025-09-18 14:45:52.588 [main] INFO  com.alibaba.druid.pool.DruidDataSource - {dataSource-1} inited
2025-09-18 14:45:52.963 [main] INFO  o.s.cloud.openfeign.FeignClientFactoryBean - For 'xiaohongshu-oss' URL not provided. Will try picking an instance via load-balancing.
2025-09-18 14:45:53.020 [main] INFO  o.s.cloud.openfeign.FeignClientFactoryBean - For 'xiaohongshu-distributed-id-generator' URL not provided. Will try picking an instance via load-balancing.
2025-09-18 14:45:53.044 [main] INFO  o.s.cloud.openfeign.FeignClientFactoryBean - For 'xiaohongshu-count' URL not provided. Will try picking an instance via load-balancing.
2025-09-18 14:45:53.073 [main] INFO  o.a.r.s.autoconfigure.RocketMQAutoConfiguration - a producer (xiaohongshu_group) init on namesrv 127.0.0.1:9876
2025-09-18 14:45:54.438 [main] INFO  o.s.boot.web.embedded.tomcat.TomcatWebServer - Tomcat started on port(s): 8082 (http) with context path ''
2025-09-18 14:45:54.444 [main] WARN  com.alibaba.nacos.client.logging.NacosLogging - Load Logback Configuration of Nacos fail, message: Could not initialize Logback Nacos logging from classpath:nacos-logback.xml
2025-09-18 14:45:54.445 [main] INFO  com.alibaba.nacos.client.naming - initializer namespace from ans.namespace attribute : null
2025-09-18 14:45:54.445 [main] INFO  com.alibaba.nacos.client.naming - initializer namespace from ALIBABA_ALIWARE_NAMESPACE attribute :null
2025-09-18 14:45:54.446 [main] INFO  com.alibaba.nacos.client.naming - initializer namespace from namespace attribute :null
2025-09-18 14:45:54.472 [main] INFO  com.alibaba.nacos.client.utils.ParamUtil - [settings] [req-serv] nacos-server port:8848
2025-09-18 14:45:54.473 [main] INFO  com.alibaba.nacos.client.utils.ParamUtil - [settings] [http-client] connect timeout:1000
2025-09-18 14:45:54.473 [main] INFO  com.alibaba.nacos.client.utils.ParamUtil - PER_TASK_CONFIG_SIZE: 3000.0
2025-09-18 14:45:54.478 [main] INFO  c.a.n.p.auth.spi.client.ClientAuthPluginManager - [ClientAuthPluginManager] Load ClientAuthService com.alibaba.nacos.client.auth.impl.NacosClientAuthServiceImpl success.
2025-09-18 14:45:54.478 [main] INFO  c.a.n.p.auth.spi.client.ClientAuthPluginManager - [ClientAuthPluginManager] Load ClientAuthService com.alibaba.nacos.client.auth.ram.RamClientAuthServiceImpl success.
2025-09-18 14:45:54.481 [main] INFO  c.a.n.client.auth.ram.identify.CredentialWatcher - null No credential found
2025-09-18 14:45:54.493 [main] INFO  com.alibaba.nacos.common.remote.client - [RpcClientFactory] create a new rpc client of 062011a4-db5f-4e1d-9d4b-b04643d86aee
2025-09-18 14:45:54.513 [main] INFO  com.alibaba.nacos.common.remote.client - [062011a4-db5f-4e1d-9d4b-b04643d86aee] RpcClient init, ServerListFactory = com.alibaba.nacos.client.naming.core.ServerListManager
2025-09-18 14:45:54.513 [main] INFO  com.alibaba.nacos.common.remote.client - [062011a4-db5f-4e1d-9d4b-b04643d86aee] Registry connection listener to current client:com.alibaba.nacos.client.naming.remote.gprc.redo.NamingGrpcRedoService
2025-09-18 14:45:54.514 [main] INFO  com.alibaba.nacos.common.remote.client - [062011a4-db5f-4e1d-9d4b-b04643d86aee] Register server push request handler:com.alibaba.nacos.client.naming.remote.gprc.NamingPushRequestHandler
2025-09-18 14:45:54.516 [main] INFO  com.alibaba.nacos.common.remote.client - [062011a4-db5f-4e1d-9d4b-b04643d86aee] Try to connect to server on start up, server: {serverIp = '47.236.36.111', server main port = 8848}
2025-09-18 14:45:54.552 [main] INFO  c.a.nacos.common.remote.client.grpc.GrpcClient - grpc client connection server:47.236.36.111 ip,serverPort:9848,grpcTslConfig:{"sslProvider":"OPENSSL","enableTls":false,"mutualAuthEnable":false,"trustAll":false}
2025-09-18 14:45:55.835 [main] INFO  com.alibaba.nacos.common.remote.client - [062011a4-db5f-4e1d-9d4b-b04643d86aee] Success to connect to server [47.236.36.111:8848] on start up, connectionId = 1758177955586_120.85.130.202_57298
2025-09-18 14:45:55.836 [com.alibaba.nacos.client.remote.worker] INFO  com.alibaba.nacos.common.remote.client - [062011a4-db5f-4e1d-9d4b-b04643d86aee] Notify connected event to listeners.
2025-09-18 14:45:55.837 [com.alibaba.nacos.client.remote.worker] INFO  com.alibaba.nacos.client.naming - Grpc connection connect
2025-09-18 14:45:55.837 [main] INFO  com.alibaba.nacos.common.remote.client - [062011a4-db5f-4e1d-9d4b-b04643d86aee] Register server push request handler:com.alibaba.nacos.common.remote.client.RpcClient$ConnectResetRequestHandler
2025-09-18 14:45:55.837 [main] INFO  com.alibaba.nacos.common.remote.client - [062011a4-db5f-4e1d-9d4b-b04643d86aee] Register server push request handler:com.alibaba.nacos.common.remote.client.RpcClient$$Lambda$1283/0x000001a5b59d3a90
2025-09-18 14:45:55.840 [main] INFO  com.alibaba.nacos.client.naming - [REGISTER-SERVICE] xiaohongshu registering service xiaohongshu-user with instance Instance{instanceId='null', ip='10.91.138.46', port=8082, weight=1.0, healthy=true, enabled=true, ephemeral=true, clusterName='DEFAULT', serviceName='null', metadata={IPv6=null, preserved.register.source=SPRING_CLOUD}}
2025-09-18 14:45:55.902 [main] INFO  c.a.cloud.nacos.registry.NacosServiceRegistry - nacos registry, DEFAULT_GROUP xiaohongshu-user 10.91.138.46:8082 register finished
2025-09-18 14:45:56.158 [main] INFO  c.z.x.user.biz.XiaohongshuUserBizApplication - Started XiaohongshuUserBizApplication in 11.207 seconds (process running for 12.276)
2025-09-18 14:45:56.159 [main] INFO  c.z.x.u.biz.runner.PushRolePermissions2RedisRunner - ==> 服务启动，开始同步角色权限数据到 Redis 中...
2025-09-18 14:45:56.470 [main] WARN  c.z.x.u.biz.runner.PushRolePermissions2RedisRunner - ==> 角色权限数据已经同步至 Redis 中，不再同步...
2025-09-18 14:46:00.170 [http-nio-8082-exec-1] INFO  o.a.c.core.ContainerBase.[Tomcat].[localhost].[/] - Initializing Spring DispatcherServlet 'dispatcherServlet'
2025-09-18 14:46:00.170 [http-nio-8082-exec-1] INFO  org.springframework.web.servlet.DispatcherServlet - Initializing Servlet 'dispatcherServlet'
2025-09-18 14:46:00.171 [http-nio-8082-exec-1] INFO  org.springframework.web.servlet.DispatcherServlet - Completed initialization in 1 ms
2025-09-18 14:46:00.180 [http-nio-8082-exec-1] INFO  c.z.f.b.context.filter.HeaderUserId2ContextFilter - ## HeaderUserId2ContextFilter, 用户 ID: null
2025-09-18 14:46:00.271 [http-nio-8082-exec-1] INFO  c.z.f.b.operationlog.aspect.ApiOperationLogAspect - ====== 请求开始: [根据用户 ID 查询用户信息], 入参: {"id":100}, 请求类: UserController, 请求方法: findById =================================== 
2025-09-18 14:46:00.288 [http-nio-8082-exec-1] INFO  c.z.f.b.operationlog.aspect.ApiOperationLogAspect - ====== 请求结束: [根据用户 ID 查询用户信息], 耗时: 17ms, 出参: {"success":true,"message":null,"errorCode":null,"data":{"id":100,"nickName":"稚生","avatar":"https://my-xiaohongshu-oss.https://oss-cn-guangzhou.aliyuncs.com/e1fcba4b3ba4441db5886a915c1c9b9c.webp","introduction":null}} =================================== 
2025-09-18 14:46:05.844 [http-nio-8082-exec-2] INFO  c.z.f.b.context.filter.HeaderUserId2ContextFilter - ## HeaderUserId2ContextFilter, 用户 ID: null
2025-09-18 14:46:05.845 [http-nio-8082-exec-2] INFO  c.z.f.b.operationlog.aspect.ApiOperationLogAspect - ====== 请求开始: [根据用户 ID 查询用户信息], 入参: {"id":100}, 请求类: UserController, 请求方法: findById =================================== 
2025-09-18 14:46:05.849 [http-nio-8082-exec-2] INFO  c.z.x.user.biz.service.impl.UserServiceImpl - ==> 从本地缓存中获取用户信息，id: 100, userInfo: {"id":100,"nickName":"稚生","avatar":"https://my-xiaohongshu-oss.https://oss-cn-guangzhou.aliyuncs.com/e1fcba4b3ba4441db5886a915c1c9b9c.webp","introduction":null}
2025-09-18 14:46:05.849 [http-nio-8082-exec-2] INFO  c.z.f.b.operationlog.aspect.ApiOperationLogAspect - ====== 请求结束: [根据用户 ID 查询用户信息], 耗时: 4ms, 出参: {"success":true,"message":null,"errorCode":null,"data":{"id":100,"nickName":"稚生","avatar":"https://my-xiaohongshu-oss.https://oss-cn-guangzhou.aliyuncs.com/e1fcba4b3ba4441db5886a915c1c9b9c.webp","introduction":null}} =================================== 
2025-09-18 14:47:53.482 [http-nio-8082-exec-4] INFO  c.z.f.b.context.filter.HeaderUserId2ContextFilter - ## HeaderUserId2ContextFilter, 用户 ID: null
2025-09-18 14:47:53.483 [http-nio-8082-exec-4] INFO  c.z.f.b.operationlog.aspect.ApiOperationLogAspect - ====== 请求开始: [根据用户 ID 查询用户信息], 入参: {"id":100}, 请求类: UserController, 请求方法: findById =================================== 
2025-09-18 14:47:53.483 [http-nio-8082-exec-4] INFO  c.z.x.user.biz.service.impl.UserServiceImpl - ==> 从本地缓存中获取用户信息，id: 100, userInfo: {"id":100,"nickName":"稚生","avatar":"https://my-xiaohongshu-oss.https://oss-cn-guangzhou.aliyuncs.com/e1fcba4b3ba4441db5886a915c1c9b9c.webp","introduction":null}
2025-09-18 14:47:53.484 [http-nio-8082-exec-4] INFO  c.z.f.b.operationlog.aspect.ApiOperationLogAspect - ====== 请求结束: [根据用户 ID 查询用户信息], 耗时: 0ms, 出参: {"success":true,"message":null,"errorCode":null,"data":{"id":100,"nickName":"稚生","avatar":"https://my-xiaohongshu-oss.https://oss-cn-guangzhou.aliyuncs.com/e1fcba4b3ba4441db5886a915c1c9b9c.webp","introduction":null}} =================================== 
2025-09-18 14:48:47.816 [http-nio-8082-exec-6] INFO  c.z.f.b.context.filter.HeaderUserId2ContextFilter - ## HeaderUserId2ContextFilter, 用户 ID: null
2025-09-18 14:48:47.818 [http-nio-8082-exec-6] INFO  c.z.f.b.operationlog.aspect.ApiOperationLogAspect - ====== 请求开始: [根据用户 ID 查询用户信息], 入参: {"id":100}, 请求类: UserController, 请求方法: findById =================================== 
2025-09-18 14:48:47.818 [http-nio-8082-exec-6] INFO  c.z.x.user.biz.service.impl.UserServiceImpl - ==> 从本地缓存中获取用户信息，id: 100, userInfo: {"id":100,"nickName":"稚生","avatar":"https://my-xiaohongshu-oss.https://oss-cn-guangzhou.aliyuncs.com/e1fcba4b3ba4441db5886a915c1c9b9c.webp","introduction":null}
2025-09-18 14:48:47.818 [http-nio-8082-exec-6] INFO  c.z.f.b.operationlog.aspect.ApiOperationLogAspect - ====== 请求结束: [根据用户 ID 查询用户信息], 耗时: 1ms, 出参: {"success":true,"message":null,"errorCode":null,"data":{"id":100,"nickName":"稚生","avatar":"https://my-xiaohongshu-oss.https://oss-cn-guangzhou.aliyuncs.com/e1fcba4b3ba4441db5886a915c1c9b9c.webp","introduction":null}} =================================== 
2025-09-18 15:44:10.818 [http-nio-8082-exec-7] INFO  c.z.f.b.context.filter.HeaderUserId2ContextFilter - ## HeaderUserId2ContextFilter, 用户 ID: null
2025-09-18 15:44:10.946 [http-nio-8082-exec-7] INFO  c.z.f.b.operationlog.aspect.ApiOperationLogAspect - ====== 请求开始: [用户注册], 入参: {"phone":"13068920712"}, 请求类: UserController, 请求方法: register =================================== 
2025-09-18 15:44:11.079 [http-nio-8082-exec-9] INFO  c.z.f.b.context.filter.HeaderUserId2ContextFilter - ## HeaderUserId2ContextFilter, 用户 ID: null
2025-09-18 15:44:11.080 [http-nio-8082-exec-9] INFO  c.z.f.b.operationlog.aspect.ApiOperationLogAspect - ====== 请求开始: [用户注册], 入参: {"phone":"13068920712"}, 请求类: UserController, 请求方法: register =================================== 
2025-09-18 15:44:11.161 [http-nio-8082-exec-9] DEBUG c.z.x.u.b.domain.mapper.UserDOMapper.selectByPhone - ==>  Preparing: select id,password from t_user where phone = ?
2025-09-18 15:44:11.161 [http-nio-8082-exec-7] DEBUG c.z.x.u.b.domain.mapper.UserDOMapper.selectByPhone - ==>  Preparing: select id,password from t_user where phone = ?
2025-09-18 15:44:11.445 [http-nio-8082-exec-9] DEBUG c.z.x.u.b.domain.mapper.UserDOMapper.selectByPhone - ==> Parameters: 13068920712(String)
2025-09-18 15:44:11.445 [http-nio-8082-exec-7] DEBUG c.z.x.u.b.domain.mapper.UserDOMapper.selectByPhone - ==> Parameters: 13068920712(String)
2025-09-18 15:44:11.489 [http-nio-8082-exec-7] DEBUG c.z.x.u.b.domain.mapper.UserDOMapper.selectByPhone - <==      Total: 1
2025-09-18 15:44:11.489 [http-nio-8082-exec-9] DEBUG c.z.x.u.b.domain.mapper.UserDOMapper.selectByPhone - <==      Total: 1
2025-09-18 15:44:11.496 [http-nio-8082-exec-9] INFO  c.z.x.user.biz.service.impl.UserServiceImpl - ==> 用户是否注册, phone: 13068920712, userDO: {"id":100,"xiaohongshuId":null,"password":"$2a$10$iF9icYmcTydaqR9HbnQV9uf1lGxwYoGWvBXoEVrIa9kFiQGZ0X/bS","nickname":null,"avatar":null,"birthday":null,"backgroundImg":null,"phone":null,"sex":null,"status":null,"introduction":null,"createTime":null,"updateTime":null,"isDeleted":null}
2025-09-18 15:44:11.496 [http-nio-8082-exec-7] INFO  c.z.x.user.biz.service.impl.UserServiceImpl - ==> 用户是否注册, phone: 13068920712, userDO: {"id":100,"xiaohongshuId":null,"password":"$2a$10$iF9icYmcTydaqR9HbnQV9uf1lGxwYoGWvBXoEVrIa9kFiQGZ0X/bS","nickname":null,"avatar":null,"birthday":null,"backgroundImg":null,"phone":null,"sex":null,"status":null,"introduction":null,"createTime":null,"updateTime":null,"isDeleted":null}
2025-09-18 15:44:11.500 [http-nio-8082-exec-7] INFO  c.z.f.b.operationlog.aspect.ApiOperationLogAspect - ====== 请求结束: [用户注册], 耗时: 556ms, 出参: {"success":true,"message":null,"errorCode":null,"data":100} =================================== 
2025-09-18 15:44:11.500 [http-nio-8082-exec-9] INFO  c.z.f.b.operationlog.aspect.ApiOperationLogAspect - ====== 请求结束: [用户注册], 耗时: 421ms, 出参: {"success":true,"message":null,"errorCode":null,"data":100} =================================== 
2025-09-18 15:44:11.703 [http-nio-8082-exec-10] INFO  c.z.f.b.context.filter.HeaderUserId2ContextFilter - ## HeaderUserId2ContextFilter, 用户 ID: null
2025-09-18 15:44:11.703 [http-nio-8082-exec-1] INFO  c.z.f.b.context.filter.HeaderUserId2ContextFilter - ## HeaderUserId2ContextFilter, 用户 ID: 100
2025-09-18 15:44:11.727 [http-nio-8082-exec-1] DEBUG c.z.x.u.b.d.mapper.UserDOMapper.selectByPrimaryKey - ==>  Preparing: select id, xiaohongshu_id, `password`, nickname, avatar, birthday, background_img, phone, sex, `status`, introduction, create_time, update_time, is_deleted from t_user where id = ?
2025-09-18 15:44:11.727 [http-nio-8082-exec-10] DEBUG c.z.x.u.b.d.mapper.UserDOMapper.selectByPrimaryKey - ==>  Preparing: select id, xiaohongshu_id, `password`, nickname, avatar, birthday, background_img, phone, sex, `status`, introduction, create_time, update_time, is_deleted from t_user where id = ?
2025-09-18 15:44:11.729 [http-nio-8082-exec-10] DEBUG c.z.x.u.b.d.mapper.UserDOMapper.selectByPrimaryKey - ==> Parameters: null
2025-09-18 15:44:11.729 [http-nio-8082-exec-1] DEBUG c.z.x.u.b.d.mapper.UserDOMapper.selectByPrimaryKey - ==> Parameters: 100(Long)
2025-09-18 15:44:11.731 [http-nio-8082-exec-10] DEBUG c.z.x.u.b.d.mapper.UserDOMapper.selectByPrimaryKey - <==      Total: 0
2025-09-18 15:44:11.736 [http-nio-8082-exec-1] DEBUG c.z.x.u.b.d.mapper.UserDOMapper.selectByPrimaryKey - <==      Total: 1
2025-09-18 15:44:11.740 [http-nio-8082-exec-10] WARN  c.z.x.user.biz.exception.GlobalExceptionHandler - /user/profile request fail, errorCode: USER-20007, errorMessage: 该用户不存在
2025-09-18 15:44:11.755 [http-nio-8082-exec-1] INFO  c.z.f.b.c.interceptor.FeignRequestInterceptor - ==> feign请求设置请求头 userId: 100
2025-09-18 15:44:11.871 [http-nio-8082-exec-1] INFO  com.alibaba.nacos.client.naming - [SUBSCRIBE-SERVICE] service:xiaohongshu-count, group:DEFAULT_GROUP, clusters: 
2025-09-18 15:44:11.905 [com.alibaba.nacos.client.naming.grpc.redo.0] INFO  com.alibaba.nacos.client.naming - Redo subscriber operation REGISTER for DEFAULT_GROUP@@xiaohongshu-count#
2025-09-18 15:44:11.941 [http-nio-8082-exec-1] INFO  com.alibaba.nacos.client.naming - init new ips(1) service: DEFAULT_GROUP@@xiaohongshu-count -> [{"ip":"10.91.138.46","port":8090,"weight":1.0,"healthy":true,"enabled":true,"ephemeral":true,"clusterName":"DEFAULT","serviceName":"DEFAULT_GROUP@@xiaohongshu-count","metadata":{"preserved.register.source":"SPRING_CLOUD"},"ipDeleteTimeout":30000,"instanceHeartBeatInterval":5000,"instanceHeartBeatTimeOut":15000}]
2025-09-18 15:44:11.952 [http-nio-8082-exec-1] INFO  com.alibaba.nacos.client.naming - current ips:(1) service: DEFAULT_GROUP@@xiaohongshu-count -> [{"ip":"10.91.138.46","port":8090,"weight":1.0,"healthy":true,"enabled":true,"ephemeral":true,"clusterName":"DEFAULT","serviceName":"DEFAULT_GROUP@@xiaohongshu-count","metadata":{"preserved.register.source":"SPRING_CLOUD"},"ipDeleteTimeout":30000,"instanceHeartBeatInterval":5000,"instanceHeartBeatTimeOut":15000}]
2025-09-18 15:44:12.450 [nacos-grpc-client-executor-47.236.36.111-722] INFO  com.alibaba.nacos.common.remote.client - [062011a4-db5f-4e1d-9d4b-b04643d86aee] Receive server push request, request = NotifySubscriberRequest, requestId = 398
2025-09-18 15:44:12.450 [nacos-grpc-client-executor-47.236.36.111-722] INFO  com.alibaba.nacos.common.remote.client - [062011a4-db5f-4e1d-9d4b-b04643d86aee] Ack server push request, request = NotifySubscriberRequest, requestId = 398
2025-09-18 15:44:13.162 [http-nio-8082-exec-1] INFO  c.z.f.b.context.filter.HeaderUserId2ContextFilter - ===== 删除 ThreadLocal， userId: 100
2025-09-18 15:44:13.197 [http-nio-8082-exec-2] INFO  c.z.f.b.context.filter.HeaderUserId2ContextFilter - ## HeaderUserId2ContextFilter, 用户 ID: 100
2025-09-18 15:44:13.200 [http-nio-8082-exec-3] INFO  c.z.f.b.context.filter.HeaderUserId2ContextFilter - ## HeaderUserId2ContextFilter, 用户 ID: 100
2025-09-18 15:44:13.209 [http-nio-8082-exec-3] INFO  c.z.f.b.c.interceptor.FeignRequestInterceptor - ==> feign请求设置请求头 userId: 100
2025-09-18 15:44:13.209 [http-nio-8082-exec-2] INFO  c.z.f.b.c.interceptor.FeignRequestInterceptor - ==> feign请求设置请求头 userId: 100
2025-09-18 15:44:13.223 [http-nio-8082-exec-2] INFO  c.z.f.b.context.filter.HeaderUserId2ContextFilter - ===== 删除 ThreadLocal， userId: 100
2025-09-18 15:44:13.224 [http-nio-8082-exec-3] INFO  c.z.f.b.context.filter.HeaderUserId2ContextFilter - ===== 删除 ThreadLocal， userId: 100
2025-09-18 15:44:43.965 [http-nio-8082-exec-4] INFO  c.z.f.b.context.filter.HeaderUserId2ContextFilter - ## HeaderUserId2ContextFilter, 用户 ID: 100
2025-09-18 15:44:44.141 [http-nio-8082-exec-4] WARN  c.z.x.user.biz.exception.GlobalExceptionHandler - /user/update request error, errorCode: USER-10001, errorMessage: userId 用户 ID 不能为空, 当前值: 'null'; 
2025-09-18 15:44:44.147 [http-nio-8082-exec-4] INFO  c.z.f.b.context.filter.HeaderUserId2ContextFilter - ===== 删除 ThreadLocal， userId: 100
2025-09-18 15:44:47.459 [http-nio-8082-exec-5] INFO  c.z.f.b.context.filter.HeaderUserId2ContextFilter - ## HeaderUserId2ContextFilter, 用户 ID: 100
2025-09-18 15:44:47.495 [http-nio-8082-exec-5] WARN  c.z.x.user.biz.exception.GlobalExceptionHandler - /user/update request error, errorCode: USER-10001, errorMessage: userId 用户 ID 不能为空, 当前值: 'null'; 
2025-09-18 15:44:47.499 [http-nio-8082-exec-5] INFO  c.z.f.b.context.filter.HeaderUserId2ContextFilter - ===== 删除 ThreadLocal， userId: 100
2025-09-18 15:44:49.126 [http-nio-8082-exec-6] INFO  c.z.f.b.context.filter.HeaderUserId2ContextFilter - ## HeaderUserId2ContextFilter, 用户 ID: 100
2025-09-18 15:44:49.157 [http-nio-8082-exec-6] WARN  c.z.x.user.biz.exception.GlobalExceptionHandler - /user/update request error, errorCode: USER-10001, errorMessage: userId 用户 ID 不能为空, 当前值: 'null'; 
2025-09-18 15:44:49.162 [http-nio-8082-exec-6] INFO  c.z.f.b.context.filter.HeaderUserId2ContextFilter - ===== 删除 ThreadLocal， userId: 100
2025-09-18 15:44:50.415 [http-nio-8082-exec-8] INFO  c.z.f.b.context.filter.HeaderUserId2ContextFilter - ## HeaderUserId2ContextFilter, 用户 ID: 100
2025-09-18 15:44:50.445 [http-nio-8082-exec-8] WARN  c.z.x.user.biz.exception.GlobalExceptionHandler - /user/update request error, errorCode: USER-10001, errorMessage: userId 用户 ID 不能为空, 当前值: 'null'; 
2025-09-18 15:44:50.446 [http-nio-8082-exec-8] INFO  c.z.f.b.context.filter.HeaderUserId2ContextFilter - ===== 删除 ThreadLocal， userId: 100
2025-09-18 15:44:53.778 [http-nio-8082-exec-9] INFO  c.z.f.b.context.filter.HeaderUserId2ContextFilter - ## HeaderUserId2ContextFilter, 用户 ID: 100
2025-09-18 15:44:53.809 [http-nio-8082-exec-9] WARN  c.z.x.user.biz.exception.GlobalExceptionHandler - /user/update request error, errorCode: USER-10001, errorMessage: userId 用户 ID 不能为空, 当前值: 'null'; 
2025-09-18 15:44:53.817 [http-nio-8082-exec-9] INFO  c.z.f.b.context.filter.HeaderUserId2ContextFilter - ===== 删除 ThreadLocal， userId: 100
2025-09-18 15:45:21.488 [http-nio-8082-exec-1] INFO  c.z.f.b.context.filter.HeaderUserId2ContextFilter - ## HeaderUserId2ContextFilter, 用户 ID: 100
2025-09-18 15:45:21.508 [http-nio-8082-exec-1] WARN  c.z.x.user.biz.exception.GlobalExceptionHandler - /user/update request error, errorCode: USER-10001, errorMessage: userId 用户 ID 不能为空, 当前值: 'null'; 
2025-09-18 15:45:21.509 [http-nio-8082-exec-1] INFO  c.z.f.b.context.filter.HeaderUserId2ContextFilter - ===== 删除 ThreadLocal， userId: 100
2025-09-18 15:45:39.669 [http-nio-8082-exec-2] INFO  c.z.f.b.context.filter.HeaderUserId2ContextFilter - ## HeaderUserId2ContextFilter, 用户 ID: 100
2025-09-18 15:45:39.687 [http-nio-8082-exec-2] WARN  c.z.x.user.biz.exception.GlobalExceptionHandler - /user/update request error, errorCode: USER-10001, errorMessage: userId 用户 ID 不能为空, 当前值: 'null'; 
2025-09-18 15:45:39.689 [http-nio-8082-exec-2] INFO  c.z.f.b.context.filter.HeaderUserId2ContextFilter - ===== 删除 ThreadLocal， userId: 100
2025-09-18 15:45:39.858 [http-nio-8082-exec-3] INFO  c.z.f.b.context.filter.HeaderUserId2ContextFilter - ## HeaderUserId2ContextFilter, 用户 ID: 100
2025-09-18 15:45:39.878 [http-nio-8082-exec-3] WARN  c.z.x.user.biz.exception.GlobalExceptionHandler - /user/update request error, errorCode: USER-10001, errorMessage: userId 用户 ID 不能为空, 当前值: 'null'; 
2025-09-18 15:45:39.880 [http-nio-8082-exec-3] INFO  c.z.f.b.context.filter.HeaderUserId2ContextFilter - ===== 删除 ThreadLocal， userId: 100
2025-09-18 15:45:40.011 [http-nio-8082-exec-4] INFO  c.z.f.b.context.filter.HeaderUserId2ContextFilter - ## HeaderUserId2ContextFilter, 用户 ID: 100
2025-09-18 15:45:40.030 [http-nio-8082-exec-4] WARN  c.z.x.user.biz.exception.GlobalExceptionHandler - /user/update request error, errorCode: USER-10001, errorMessage: userId 用户 ID 不能为空, 当前值: 'null'; 
2025-09-18 15:45:40.032 [http-nio-8082-exec-4] INFO  c.z.f.b.context.filter.HeaderUserId2ContextFilter - ===== 删除 ThreadLocal， userId: 100
2025-09-18 15:45:40.162 [http-nio-8082-exec-5] INFO  c.z.f.b.context.filter.HeaderUserId2ContextFilter - ## HeaderUserId2ContextFilter, 用户 ID: 100
2025-09-18 15:45:40.179 [http-nio-8082-exec-5] WARN  c.z.x.user.biz.exception.GlobalExceptionHandler - /user/update request error, errorCode: USER-10001, errorMessage: userId 用户 ID 不能为空, 当前值: 'null'; 
2025-09-18 15:45:40.181 [http-nio-8082-exec-5] INFO  c.z.f.b.context.filter.HeaderUserId2ContextFilter - ===== 删除 ThreadLocal， userId: 100
2025-09-18 15:45:40.325 [http-nio-8082-exec-6] INFO  c.z.f.b.context.filter.HeaderUserId2ContextFilter - ## HeaderUserId2ContextFilter, 用户 ID: 100
2025-09-18 15:45:40.342 [http-nio-8082-exec-6] WARN  c.z.x.user.biz.exception.GlobalExceptionHandler - /user/update request error, errorCode: USER-10001, errorMessage: userId 用户 ID 不能为空, 当前值: 'null'; 
2025-09-18 15:45:40.344 [http-nio-8082-exec-6] INFO  c.z.f.b.context.filter.HeaderUserId2ContextFilter - ===== 删除 ThreadLocal， userId: 100
2025-09-18 15:45:47.654 [http-nio-8082-exec-8] INFO  c.z.f.b.context.filter.HeaderUserId2ContextFilter - ## HeaderUserId2ContextFilter, 用户 ID: 100
2025-09-18 15:45:47.682 [http-nio-8082-exec-8] WARN  c.z.x.user.biz.exception.GlobalExceptionHandler - /user/update request error, errorCode: USER-10001, errorMessage: userId 用户 ID 不能为空, 当前值: 'null'; 
2025-09-18 15:45:47.685 [http-nio-8082-exec-8] INFO  c.z.f.b.context.filter.HeaderUserId2ContextFilter - ===== 删除 ThreadLocal， userId: 100
2025-09-18 15:46:06.295 [http-nio-8082-exec-9] INFO  c.z.f.b.context.filter.HeaderUserId2ContextFilter - ## HeaderUserId2ContextFilter, 用户 ID: 100
2025-09-18 15:46:06.319 [http-nio-8082-exec-9] WARN  c.z.x.user.biz.exception.GlobalExceptionHandler - /user/update request error, errorCode: USER-10001, errorMessage: userId 用户 ID 不能为空, 当前值: 'null'; 
2025-09-18 15:46:06.321 [http-nio-8082-exec-9] INFO  c.z.f.b.context.filter.HeaderUserId2ContextFilter - ===== 删除 ThreadLocal， userId: 100
2025-09-18 15:46:09.153 [http-nio-8082-exec-7] INFO  c.z.f.b.context.filter.HeaderUserId2ContextFilter - ## HeaderUserId2ContextFilter, 用户 ID: 100
2025-09-18 15:46:09.179 [http-nio-8082-exec-7] WARN  c.z.x.user.biz.exception.GlobalExceptionHandler - /user/update request error, errorCode: USER-10001, errorMessage: userId 用户 ID 不能为空, 当前值: 'null'; 
2025-09-18 15:46:09.182 [http-nio-8082-exec-7] INFO  c.z.f.b.context.filter.HeaderUserId2ContextFilter - ===== 删除 ThreadLocal， userId: 100
2025-09-18 15:49:36.123 [nacos-grpc-client-executor-47.236.36.111-785] ERROR c.a.nacos.common.remote.client.grpc.GrpcClient - [1758177955586_120.85.130.202_57298]Request stream error, switch server,error={}
com.alibaba.nacos.shaded.io.grpc.StatusRuntimeException: UNAVAILABLE: io exception
	at com.alibaba.nacos.shaded.io.grpc.Status.asRuntimeException(Status.java:539)
	at com.alibaba.nacos.shaded.io.grpc.stub.ClientCalls$StreamObserverToCallListenerAdapter.onClose(ClientCalls.java:487)
	at com.alibaba.nacos.shaded.io.grpc.internal.ClientCallImpl.closeObserver(ClientCallImpl.java:563)
	at com.alibaba.nacos.shaded.io.grpc.internal.ClientCallImpl.access$300(ClientCallImpl.java:70)
	at com.alibaba.nacos.shaded.io.grpc.internal.ClientCallImpl$ClientStreamListenerImpl$1StreamClosed.runInternal(ClientCallImpl.java:744)
	at com.alibaba.nacos.shaded.io.grpc.internal.ClientCallImpl$ClientStreamListenerImpl$1StreamClosed.runInContext(ClientCallImpl.java:723)
	at com.alibaba.nacos.shaded.io.grpc.internal.ContextRunnable.run(ContextRunnable.java:37)
	at com.alibaba.nacos.shaded.io.grpc.internal.SerializingExecutor.run(SerializingExecutor.java:133)
	at java.base/java.util.concurrent.ThreadPoolExecutor.runWorker(ThreadPoolExecutor.java:1136)
	at java.base/java.util.concurrent.ThreadPoolExecutor$Worker.run(ThreadPoolExecutor.java:635)
	at java.base/java.lang.Thread.run(Thread.java:842)
Caused by: java.net.SocketException: Connection reset
	at java.base/sun.nio.ch.SocketChannelImpl.throwConnectionReset(SocketChannelImpl.java:394)
	at java.base/sun.nio.ch.SocketChannelImpl.read(SocketChannelImpl.java:426)
	at com.alibaba.nacos.shaded.io.grpc.netty.shaded.io.netty.buffer.PooledByteBuf.setBytes(PooledByteBuf.java:258)
	at com.alibaba.nacos.shaded.io.grpc.netty.shaded.io.netty.buffer.AbstractByteBuf.writeBytes(AbstractByteBuf.java:1132)
	at com.alibaba.nacos.shaded.io.grpc.netty.shaded.io.netty.channel.socket.nio.NioSocketChannel.doReadBytes(NioSocketChannel.java:357)
	at com.alibaba.nacos.shaded.io.grpc.netty.shaded.io.netty.channel.nio.AbstractNioByteChannel$NioByteUnsafe.read(AbstractNioByteChannel.java:151)
	at com.alibaba.nacos.shaded.io.grpc.netty.shaded.io.netty.channel.nio.NioEventLoop.processSelectedKey(NioEventLoop.java:722)
	at com.alibaba.nacos.shaded.io.grpc.netty.shaded.io.netty.channel.nio.NioEventLoop.processSelectedKeysOptimized(NioEventLoop.java:658)
	at com.alibaba.nacos.shaded.io.grpc.netty.shaded.io.netty.channel.nio.NioEventLoop.processSelectedKeys(NioEventLoop.java:584)
	at com.alibaba.nacos.shaded.io.grpc.netty.shaded.io.netty.channel.nio.NioEventLoop.run(NioEventLoop.java:496)
	at com.alibaba.nacos.shaded.io.grpc.netty.shaded.io.netty.util.concurrent.SingleThreadEventExecutor$4.run(SingleThreadEventExecutor.java:997)
	at com.alibaba.nacos.shaded.io.grpc.netty.shaded.io.netty.util.internal.ThreadExecutorMap$2.run(ThreadExecutorMap.java:74)
	at com.alibaba.nacos.shaded.io.grpc.netty.shaded.io.netty.util.concurrent.FastThreadLocalRunnable.run(FastThreadLocalRunnable.java:30)
	... 1 common frames omitted
2025-09-18 15:49:45.167 [com.alibaba.nacos.client.remote.worker] INFO  com.alibaba.nacos.common.remote.client - [062011a4-db5f-4e1d-9d4b-b04643d86aee] Server healthy check fail, currentConnection = 1758177955586_120.85.130.202_57298
2025-09-18 15:49:45.167 [com.alibaba.nacos.client.remote.worker] INFO  com.alibaba.nacos.common.remote.client - [062011a4-db5f-4e1d-9d4b-b04643d86aee] Try to reconnect to a new server, server is  not appointed, will choose a random server.
2025-09-18 15:49:45.168 [com.alibaba.nacos.client.remote.worker] INFO  c.a.nacos.common.remote.client.grpc.GrpcClient - grpc client connection server:47.236.36.111 ip,serverPort:9848,grpcTslConfig:{"sslProvider":"OPENSSL","enableTls":false,"mutualAuthEnable":false,"trustAll":false}
2025-09-18 15:49:48.187 [com.alibaba.nacos.client.remote.worker] ERROR c.a.nacos.common.remote.client.grpc.GrpcClient - Server check fail, please check server 47.236.36.111 ,port 9848 is available , error ={}
java.util.concurrent.TimeoutException: Waited 3000 milliseconds (plus 9 milliseconds, 604600 nanoseconds delay) for com.alibaba.nacos.shaded.io.grpc.stub.ClientCalls$GrpcFuture@43b32eb4[status=PENDING, info=[GrpcFuture{clientCall=PendingCall{realCall=ClientCallImpl{method=MethodDescriptor{fullMethodName=Request/request, type=UNARY, idempotent=false, safe=false, sampledToLocalTracing=true, requestMarshaller=com.alibaba.nacos.shaded.io.grpc.protobuf.lite.ProtoLiteUtils$MessageMarshaller@773a90a, responseMarshaller=com.alibaba.nacos.shaded.io.grpc.protobuf.lite.ProtoLiteUtils$MessageMarshaller@68fab9f4, schemaDescriptor=com.alibaba.nacos.api.grpc.auto.RequestGrpc$RequestMethodDescriptorSupplier@64a5524e}}}}]]
	at com.alibaba.nacos.shaded.com.google.common.util.concurrent.AbstractFuture.get(AbstractFuture.java:508)
	at com.alibaba.nacos.common.remote.client.grpc.GrpcClient.serverCheck(GrpcClient.java:218)
	at com.alibaba.nacos.common.remote.client.grpc.GrpcClient.connectToServer(GrpcClient.java:329)
	at com.alibaba.nacos.common.remote.client.RpcClient.reconnect(RpcClient.java:502)
	at com.alibaba.nacos.common.remote.client.RpcClient.lambda$start$2(RpcClient.java:343)
	at java.base/java.util.concurrent.Executors$RunnableAdapter.call(Executors.java:539)
	at java.base/java.util.concurrent.FutureTask.run(FutureTask.java:264)
	at java.base/java.util.concurrent.ScheduledThreadPoolExecutor$ScheduledFutureTask.run(ScheduledThreadPoolExecutor.java:304)
	at java.base/java.util.concurrent.ThreadPoolExecutor.runWorker(ThreadPoolExecutor.java:1136)
	at java.base/java.util.concurrent.ThreadPoolExecutor$Worker.run(ThreadPoolExecutor.java:635)
	at java.base/java.lang.Thread.run(Thread.java:842)
2025-09-18 15:49:48.300 [com.alibaba.nacos.client.remote.worker] INFO  c.a.nacos.common.remote.client.grpc.GrpcClient - grpc client connection server:47.236.36.111 ip,serverPort:9848,grpcTslConfig:{"sslProvider":"OPENSSL","enableTls":false,"mutualAuthEnable":false,"trustAll":false}
2025-09-18 15:49:48.580 [com.alibaba.nacos.client.remote.worker] INFO  com.alibaba.nacos.common.remote.client - [062011a4-db5f-4e1d-9d4b-b04643d86aee] Success to connect a server [47.236.36.111:8848], connectionId = 1758181788435_112.94.129.56_8545
2025-09-18 15:49:48.581 [com.alibaba.nacos.client.remote.worker] INFO  com.alibaba.nacos.common.remote.client - [062011a4-db5f-4e1d-9d4b-b04643d86aee] Abandon prev connection, server is 47.236.36.111:8848, connectionId is 1758177955586_120.85.130.202_57298
2025-09-18 15:49:48.581 [com.alibaba.nacos.client.remote.worker] INFO  com.alibaba.nacos.common.remote.client - Close current connection 1758177955586_120.85.130.202_57298
2025-09-18 15:49:48.583 [com.alibaba.nacos.client.remote.worker] INFO  com.alibaba.nacos.common.remote.client - [062011a4-db5f-4e1d-9d4b-b04643d86aee] Try to reconnect to a new server, server is  not appointed, will choose a random server.
2025-09-18 15:49:48.584 [com.alibaba.nacos.client.remote.worker] INFO  c.a.nacos.common.remote.client.grpc.GrpcClient - grpc client connection server:47.236.36.111 ip,serverPort:9848,grpcTslConfig:{"sslProvider":"OPENSSL","enableTls":false,"mutualAuthEnable":false,"trustAll":false}
2025-09-18 15:49:48.584 [com.alibaba.nacos.client.remote.worker] INFO  com.alibaba.nacos.common.remote.client - [062011a4-db5f-4e1d-9d4b-b04643d86aee] Notify disconnected event to listeners
2025-09-18 15:49:48.584 [com.alibaba.nacos.client.remote.worker] WARN  com.alibaba.nacos.client.naming - Grpc connection disconnect, mark to redo
2025-09-18 15:49:48.585 [com.alibaba.nacos.client.remote.worker] WARN  com.alibaba.nacos.client.naming - mark to redo completed
2025-09-18 15:49:48.585 [com.alibaba.nacos.client.remote.worker] INFO  com.alibaba.nacos.common.remote.client - [062011a4-db5f-4e1d-9d4b-b04643d86aee] Notify connected event to listeners.
2025-09-18 15:49:48.585 [com.alibaba.nacos.client.remote.worker] INFO  com.alibaba.nacos.client.naming - Grpc connection connect
2025-09-18 15:49:48.661 [com.alibaba.nacos.client.naming.grpc.redo.0] INFO  com.alibaba.nacos.client.naming - Redo instance operation REGISTER for DEFAULT_GROUP@@xiaohongshu-user
2025-09-18 15:49:48.720 [com.alibaba.nacos.client.naming.grpc.redo.0] INFO  com.alibaba.nacos.client.naming - Redo subscriber operation REGISTER for DEFAULT_GROUP@@xiaohongshu-count#
2025-09-18 15:49:48.855 [com.alibaba.nacos.client.remote.worker] INFO  com.alibaba.nacos.common.remote.client - [062011a4-db5f-4e1d-9d4b-b04643d86aee] Success to connect a server [47.236.36.111:8848], connectionId = 1758181788711_112.94.129.56_8550
2025-09-18 15:49:48.855 [com.alibaba.nacos.client.remote.worker] INFO  com.alibaba.nacos.common.remote.client - [062011a4-db5f-4e1d-9d4b-b04643d86aee] Abandon prev connection, server is 47.236.36.111:8848, connectionId is 1758181788435_112.94.129.56_8545
2025-09-18 15:49:48.855 [com.alibaba.nacos.client.remote.worker] INFO  com.alibaba.nacos.common.remote.client - Close current connection 1758181788435_112.94.129.56_8545
2025-09-18 15:49:48.856 [com.alibaba.nacos.client.remote.worker] INFO  com.alibaba.nacos.common.remote.client - [062011a4-db5f-4e1d-9d4b-b04643d86aee] Notify disconnected event to listeners
2025-09-18 15:49:48.856 [com.alibaba.nacos.client.remote.worker] WARN  com.alibaba.nacos.client.naming - Grpc connection disconnect, mark to redo
2025-09-18 15:49:48.856 [com.alibaba.nacos.client.remote.worker] WARN  com.alibaba.nacos.client.naming - mark to redo completed
2025-09-18 15:49:48.856 [com.alibaba.nacos.client.remote.worker] INFO  com.alibaba.nacos.common.remote.client - [062011a4-db5f-4e1d-9d4b-b04643d86aee] Notify connected event to listeners.
2025-09-18 15:49:48.856 [com.alibaba.nacos.client.remote.worker] INFO  com.alibaba.nacos.client.naming - Grpc connection connect
2025-09-18 15:49:48.856 [nacos-grpc-client-executor-47.236.36.111-805] WARN  c.a.nacos.common.remote.client.grpc.GrpcClient - [1758181788435_112.94.129.56_8545]Ignore error event,isRunning:true,isAbandon=true
2025-09-18 15:49:51.777 [com.alibaba.nacos.client.naming.grpc.redo.0] INFO  com.alibaba.nacos.client.naming - Redo instance operation REGISTER for DEFAULT_GROUP@@xiaohongshu-user
2025-09-18 15:49:51.859 [com.alibaba.nacos.client.naming.grpc.redo.0] INFO  com.alibaba.nacos.client.naming - Redo subscriber operation REGISTER for DEFAULT_GROUP@@xiaohongshu-count#
2025-09-18 15:49:52.645 [nacos-grpc-client-executor-47.236.36.111-808] INFO  com.alibaba.nacos.common.remote.client - [062011a4-db5f-4e1d-9d4b-b04643d86aee] Receive server push request, request = NotifySubscriberRequest, requestId = 415
2025-09-18 15:49:52.646 [nacos-grpc-client-executor-47.236.36.111-808] INFO  com.alibaba.nacos.common.remote.client - [062011a4-db5f-4e1d-9d4b-b04643d86aee] Ack server push request, request = NotifySubscriberRequest, requestId = 415
2025-09-18 15:55:47.273 [Thread-14] WARN  c.alibaba.nacos.common.http.HttpClientBeanHolder - [HttpClientBeanHolder] Start destroying common HttpClient
2025-09-18 15:55:47.272 [Thread-11] WARN  com.alibaba.nacos.common.notify.NotifyCenter - [NotifyCenter] Start destroying Publisher
2025-09-18 15:55:47.276 [Thread-11] WARN  com.alibaba.nacos.common.notify.NotifyCenter - [NotifyCenter] Destruction of the end
2025-09-18 15:55:47.282 [Thread-14] WARN  c.alibaba.nacos.common.http.HttpClientBeanHolder - [HttpClientBeanHolder] Destruction of the end
2025-09-18 15:55:56.537 [SpringApplicationShutdownHook] INFO  c.a.cloud.nacos.registry.NacosServiceRegistry - De-registering from Nacos Server now...
2025-09-18 15:55:56.537 [SpringApplicationShutdownHook] INFO  com.alibaba.nacos.client.naming - [DEREGISTER-SERVICE] xiaohongshu deregistering service xiaohongshu-user with instance: Instance{instanceId='null', ip='10.91.138.46', port=8082, weight=1.0, healthy=true, enabled=true, ephemeral=true, clusterName='DEFAULT', serviceName='null', metadata={}}
2025-09-18 15:55:56.595 [SpringApplicationShutdownHook] INFO  c.a.cloud.nacos.registry.NacosServiceRegistry - De-registration finished.
2025-09-18 15:55:56.596 [SpringApplicationShutdownHook] INFO  com.alibaba.nacos.client.naming - com.alibaba.nacos.client.naming.cache.ServiceInfoHolder do shutdown begin
2025-09-18 15:55:56.596 [SpringApplicationShutdownHook] INFO  com.alibaba.nacos.client.naming - com.alibaba.nacos.client.naming.backups.FailoverReactor do shutdown begin
2025-09-18 15:55:56.597 [SpringApplicationShutdownHook] INFO  com.alibaba.nacos.client.naming - com.alibaba.nacos.client.naming.backups.FailoverReactor do shutdown stop
2025-09-18 15:55:56.597 [SpringApplicationShutdownHook] INFO  com.alibaba.nacos.client.naming - com.alibaba.nacos.client.naming.cache.ServiceInfoHolder do shutdown stop
2025-09-18 15:55:56.597 [SpringApplicationShutdownHook] INFO  com.alibaba.nacos.client.naming - com.alibaba.nacos.client.naming.remote.NamingClientProxyDelegate do shutdown begin
2025-09-18 15:55:56.597 [SpringApplicationShutdownHook] INFO  com.alibaba.nacos.client.naming - com.alibaba.nacos.client.naming.core.ServiceInfoUpdateService do shutdown begin
2025-09-18 15:55:56.597 [SpringApplicationShutdownHook] INFO  com.alibaba.nacos.client.naming - com.alibaba.nacos.client.naming.core.ServiceInfoUpdateService do shutdown stop
2025-09-18 15:55:56.597 [SpringApplicationShutdownHook] INFO  com.alibaba.nacos.client.naming - com.alibaba.nacos.client.naming.core.ServerListManager do shutdown begin
2025-09-18 15:55:56.597 [SpringApplicationShutdownHook] WARN  com.alibaba.nacos.client.naming - [NamingHttpClientManager] Start destroying NacosRestTemplate
2025-09-18 15:55:56.598 [SpringApplicationShutdownHook] WARN  com.alibaba.nacos.client.naming - [NamingHttpClientManager] Destruction of the end
2025-09-18 15:55:56.598 [SpringApplicationShutdownHook] INFO  com.alibaba.nacos.client.naming - com.alibaba.nacos.client.naming.core.ServerListManager do shutdown stop
2025-09-18 15:55:56.598 [SpringApplicationShutdownHook] INFO  com.alibaba.nacos.client.naming - com.alibaba.nacos.client.naming.remote.http.NamingHttpClientProxy do shutdown begin
2025-09-18 15:55:56.598 [SpringApplicationShutdownHook] WARN  com.alibaba.nacos.client.naming - [NamingHttpClientManager] Start destroying NacosRestTemplate
2025-09-18 15:55:56.598 [SpringApplicationShutdownHook] WARN  com.alibaba.nacos.client.naming - [NamingHttpClientManager] Destruction of the end
2025-09-18 15:55:56.598 [SpringApplicationShutdownHook] INFO  com.alibaba.nacos.client.naming - com.alibaba.nacos.client.naming.remote.http.NamingHttpClientProxy do shutdown stop
2025-09-18 15:55:56.598 [SpringApplicationShutdownHook] INFO  com.alibaba.nacos.common.remote.client - Shutdown rpc client, set status to shutdown
2025-09-18 15:55:56.599 [SpringApplicationShutdownHook] INFO  com.alibaba.nacos.common.remote.client - Shutdown client event executor java.util.concurrent.ScheduledThreadPoolExecutor@4afd1568[Running, pool size = 2, active threads = 2, queued tasks = 0, completed tasks = 0]
2025-09-18 15:55:56.599 [SpringApplicationShutdownHook] INFO  com.alibaba.nacos.common.remote.client - Close current connection 1758181788711_112.94.129.56_8550
2025-09-18 15:55:56.601 [SpringApplicationShutdownHook] INFO  c.a.nacos.common.remote.client.grpc.GrpcClient - Shutdown grpc executor java.util.concurrent.ThreadPoolExecutor@6faac0a6[Running, pool size = 3, active threads = 0, queued tasks = 0, completed tasks = 881]
2025-09-18 15:55:56.601 [SpringApplicationShutdownHook] INFO  com.alibaba.nacos.client.naming - Shutdown grpc redo service executor java.util.concurrent.ScheduledThreadPoolExecutor@35edcdda[Running, pool size = 1, active threads = 0, queued tasks = 1, completed tasks = 1398]
2025-09-18 15:55:56.601 [SpringApplicationShutdownHook] INFO  c.a.n.client.auth.ram.identify.CredentialWatcher - [null] CredentialWatcher is stopped
2025-09-18 15:55:56.601 [SpringApplicationShutdownHook] INFO  c.a.n.client.auth.ram.identify.CredentialService - [null] CredentialService is freed
2025-09-18 15:55:56.601 [SpringApplicationShutdownHook] INFO  com.alibaba.nacos.client.naming - com.alibaba.nacos.client.naming.remote.NamingClientProxyDelegate do shutdown stop
2025-09-18 15:56:03.195 [main] WARN  com.alibaba.nacos.client.logging.NacosLogging - Load Logback Configuration of Nacos fail, message: Could not initialize Logback Nacos logging from classpath:nacos-logback.xml
2025-09-18 15:56:03.248 [main] WARN  com.alibaba.nacos.client.logging.NacosLogging - Load Logback Configuration of Nacos fail, message: Could not initialize Logback Nacos logging from classpath:nacos-logback.xml
2025-09-18 15:56:03.790 [main] WARN  com.alibaba.nacos.client.logging.NacosLogging - Load Logback Configuration of Nacos fail, message: Could not initialize Logback Nacos logging from classpath:nacos-logback.xml
2025-09-18 15:56:03.807 [main] WARN  com.alibaba.nacos.client.logging.NacosLogging - Load Logback Configuration of Nacos fail, message: Could not initialize Logback Nacos logging from classpath:nacos-logback.xml
2025-09-18 15:56:03.808 [main] INFO  c.z.x.user.biz.XiaohongshuUserBizApplication - The following 1 profile is active: "dev"
2025-09-18 15:56:04.536 [main] INFO  o.s.d.r.config.RepositoryConfigurationDelegate - Multiple Spring Data modules found, entering strict repository configuration mode
2025-09-18 15:56:04.540 [main] INFO  o.s.d.r.config.RepositoryConfigurationDelegate - Bootstrapping Spring Data Redis repositories in DEFAULT mode.
2025-09-18 15:56:04.559 [main] INFO  o.s.d.r.config.RepositoryConfigurationDelegate - Finished Spring Data repository scanning in 8 ms. Found 0 Redis repository interfaces.
2025-09-18 15:56:04.812 [main] INFO  o.springframework.cloud.context.scope.GenericScope - BeanFactory id=80701806-1a87-3a72-87d6-63640373b7f4
2025-09-18 15:56:04.850 [main] INFO  o.s.c.s.PostProcessorRegistrationDelegate$BeanPostProcessorChecker - Bean 'com.zry.xiaohongshu.oss.api.FileFeignApi' of type [org.springframework.cloud.openfeign.FeignClientFactoryBean] is not eligible for getting processed by all BeanPostProcessors (for example: not eligible for auto-proxying)
2025-09-18 15:56:04.852 [main] INFO  o.s.c.s.PostProcessorRegistrationDelegate$BeanPostProcessorChecker - Bean 'com.zry.xiaohongshu.user.api.UserFeignApi' of type [org.springframework.cloud.openfeign.FeignClientFactoryBean] is not eligible for getting processed by all BeanPostProcessors (for example: not eligible for auto-proxying)
2025-09-18 15:56:04.854 [main] INFO  o.s.c.s.PostProcessorRegistrationDelegate$BeanPostProcessorChecker - Bean 'com.zry.xiaohongshu.distributed.id.generator.api.DistributedIdGeneratorFeignApi' of type [org.springframework.cloud.openfeign.FeignClientFactoryBean] is not eligible for getting processed by all BeanPostProcessors (for example: not eligible for auto-proxying)
2025-09-18 15:56:04.856 [main] INFO  o.s.c.s.PostProcessorRegistrationDelegate$BeanPostProcessorChecker - Bean 'com.zry.xiaohongshu.count.api.CountFeignApi' of type [org.springframework.cloud.openfeign.FeignClientFactoryBean] is not eligible for getting processed by all BeanPostProcessors (for example: not eligible for auto-proxying)
2025-09-18 15:56:05.150 [main] INFO  o.s.c.s.PostProcessorRegistrationDelegate$BeanPostProcessorChecker - Bean 'org.apache.rocketmq.spring.autoconfigure.MessageConverterConfiguration' of type [org.apache.rocketmq.spring.autoconfigure.MessageConverterConfiguration$$SpringCGLIB$$0] is not eligible for getting processed by all BeanPostProcessors (for example: not eligible for auto-proxying)
2025-09-18 15:56:05.212 [main] INFO  o.s.c.s.PostProcessorRegistrationDelegate$BeanPostProcessorChecker - Bean 'createRocketMQMessageConverter' of type [org.apache.rocketmq.spring.support.RocketMQMessageConverter] is not eligible for getting processed by all BeanPostProcessors (for example: not eligible for auto-proxying)
2025-09-18 15:56:05.215 [main] INFO  o.s.c.s.PostProcessorRegistrationDelegate$BeanPostProcessorChecker - Bean 'org.springframework.cloud.commons.config.CommonsConfigAutoConfiguration' of type [org.springframework.cloud.commons.config.CommonsConfigAutoConfiguration] is not eligible for getting processed by all BeanPostProcessors (for example: not eligible for auto-proxying)
2025-09-18 15:56:05.220 [main] INFO  o.s.c.s.PostProcessorRegistrationDelegate$BeanPostProcessorChecker - Bean 'org.springframework.cloud.client.loadbalancer.LoadBalancerDefaultMappingsProviderAutoConfiguration' of type [org.springframework.cloud.client.loadbalancer.LoadBalancerDefaultMappingsProviderAutoConfiguration] is not eligible for getting processed by all BeanPostProcessors (for example: not eligible for auto-proxying)
2025-09-18 15:56:05.220 [main] INFO  o.s.c.s.PostProcessorRegistrationDelegate$BeanPostProcessorChecker - Bean 'loadBalancerClientsDefaultsMappingsProvider' of type [org.springframework.cloud.client.loadbalancer.LoadBalancerDefaultMappingsProviderAutoConfiguration$$Lambda$721/0x000001409851d7f8] is not eligible for getting processed by all BeanPostProcessors (for example: not eligible for auto-proxying)
2025-09-18 15:56:05.223 [main] INFO  o.s.c.s.PostProcessorRegistrationDelegate$BeanPostProcessorChecker - Bean 'defaultsBindHandlerAdvisor' of type [org.springframework.cloud.commons.config.DefaultsBindHandlerAdvisor] is not eligible for getting processed by all BeanPostProcessors (for example: not eligible for auto-proxying)
2025-09-18 15:56:05.231 [main] INFO  o.s.c.s.PostProcessorRegistrationDelegate$BeanPostProcessorChecker - Bean 'rocketmq-org.apache.rocketmq.spring.autoconfigure.RocketMQProperties' of type [org.apache.rocketmq.spring.autoconfigure.RocketMQProperties] is not eligible for getting processed by all BeanPostProcessors (for example: not eligible for auto-proxying)
2025-09-18 15:56:05.233 [main] INFO  o.s.c.s.PostProcessorRegistrationDelegate$BeanPostProcessorChecker - Bean 'org.apache.rocketmq.spring.autoconfigure.ListenerContainerConfiguration' of type [org.apache.rocketmq.spring.autoconfigure.ListenerContainerConfiguration$$SpringCGLIB$$0] is not eligible for getting processed by all BeanPostProcessors (for example: not eligible for auto-proxying)
2025-09-18 15:56:05.513 [main] INFO  o.s.boot.web.embedded.tomcat.TomcatWebServer - Tomcat initialized with port(s): 8082 (http)
2025-09-18 15:56:05.514 [main] INFO  org.apache.catalina.core.AprLifecycleListener - Loaded Apache Tomcat Native library [2.0.3] using APR version [1.7.2].
2025-09-18 15:56:05.519 [main] INFO  org.apache.catalina.core.AprLifecycleListener - OpenSSL successfully initialized [OpenSSL 3.0.8 7 Feb 2023]
2025-09-18 15:56:05.529 [main] INFO  org.apache.catalina.core.StandardService - Starting service [Tomcat]
2025-09-18 15:56:05.529 [main] INFO  org.apache.catalina.core.StandardEngine - Starting Servlet engine: [Apache Tomcat/10.1.5]
2025-09-18 15:56:05.636 [main] INFO  o.a.c.core.ContainerBase.[Tomcat].[localhost].[/] - Initializing Spring embedded WebApplicationContext
2025-09-18 15:56:05.636 [main] INFO  o.s.b.w.s.c.ServletWebServerApplicationContext - Root WebApplicationContext: initialization completed in 1805 ms
2025-09-18 15:56:09.588 [main] INFO  o.a.r.s.support.DefaultRocketMQListenerContainer - running container: DefaultRocketMQListenerContainer{consumerGroup='xiaohongshu_group_DelayDeleteUserRedisCacheTopic', namespace='', nameServer='127.0.0.1:9876', topic='DelayDeleteUserRedisCacheTopic', consumeMode=CONCURRENTLY, selectorType=TAG, selectorExpression='*', messageModel=CLUSTERING', tlsEnable=false, instanceName=DEFAULT}
2025-09-18 15:56:09.588 [main] INFO  o.a.r.s.a.ListenerContainerConfiguration - Register the listener to container, listenerBeanName:delayDeleteUserRedisCacheConsumer, containerBeanName:org.apache.rocketmq.spring.support.DefaultRocketMQListenerContainer_1
2025-09-18 15:56:09.643 [main] INFO  c.a.d.s.b.a.DruidDataSourceAutoConfigure - Init DruidDataSource
2025-09-18 15:56:09.951 [main] INFO  com.alibaba.druid.pool.DruidDataSource - {dataSource-1} inited
2025-09-18 15:56:10.359 [main] INFO  o.s.cloud.openfeign.FeignClientFactoryBean - For 'xiaohongshu-oss' URL not provided. Will try picking an instance via load-balancing.
2025-09-18 15:56:10.425 [main] INFO  o.s.cloud.openfeign.FeignClientFactoryBean - For 'xiaohongshu-distributed-id-generator' URL not provided. Will try picking an instance via load-balancing.
2025-09-18 15:56:10.451 [main] INFO  o.s.cloud.openfeign.FeignClientFactoryBean - For 'xiaohongshu-count' URL not provided. Will try picking an instance via load-balancing.
2025-09-18 15:56:10.476 [main] INFO  o.a.r.s.autoconfigure.RocketMQAutoConfiguration - a producer (xiaohongshu_group) init on namesrv 127.0.0.1:9876
2025-09-18 15:56:11.805 [main] INFO  o.s.boot.web.embedded.tomcat.TomcatWebServer - Tomcat started on port(s): 8082 (http) with context path ''
2025-09-18 15:56:11.812 [main] WARN  com.alibaba.nacos.client.logging.NacosLogging - Load Logback Configuration of Nacos fail, message: Could not initialize Logback Nacos logging from classpath:nacos-logback.xml
2025-09-18 15:56:11.812 [main] INFO  com.alibaba.nacos.client.naming - initializer namespace from ans.namespace attribute : null
2025-09-18 15:56:11.813 [main] INFO  com.alibaba.nacos.client.naming - initializer namespace from ALIBABA_ALIWARE_NAMESPACE attribute :null
2025-09-18 15:56:11.813 [main] INFO  com.alibaba.nacos.client.naming - initializer namespace from namespace attribute :null
2025-09-18 15:56:11.840 [main] INFO  com.alibaba.nacos.client.utils.ParamUtil - [settings] [req-serv] nacos-server port:8848
2025-09-18 15:56:11.840 [main] INFO  com.alibaba.nacos.client.utils.ParamUtil - [settings] [http-client] connect timeout:1000
2025-09-18 15:56:11.841 [main] INFO  com.alibaba.nacos.client.utils.ParamUtil - PER_TASK_CONFIG_SIZE: 3000.0
2025-09-18 15:56:11.845 [main] INFO  c.a.n.p.auth.spi.client.ClientAuthPluginManager - [ClientAuthPluginManager] Load ClientAuthService com.alibaba.nacos.client.auth.impl.NacosClientAuthServiceImpl success.
2025-09-18 15:56:11.846 [main] INFO  c.a.n.p.auth.spi.client.ClientAuthPluginManager - [ClientAuthPluginManager] Load ClientAuthService com.alibaba.nacos.client.auth.ram.RamClientAuthServiceImpl success.
2025-09-18 15:56:11.848 [main] INFO  c.a.n.client.auth.ram.identify.CredentialWatcher - null No credential found
2025-09-18 15:56:11.859 [main] INFO  com.alibaba.nacos.common.remote.client - [RpcClientFactory] create a new rpc client of aff20e16-4c16-45e7-90a5-f2d68eeaaf7d
2025-09-18 15:56:11.881 [main] INFO  com.alibaba.nacos.common.remote.client - [aff20e16-4c16-45e7-90a5-f2d68eeaaf7d] RpcClient init, ServerListFactory = com.alibaba.nacos.client.naming.core.ServerListManager
2025-09-18 15:56:11.881 [main] INFO  com.alibaba.nacos.common.remote.client - [aff20e16-4c16-45e7-90a5-f2d68eeaaf7d] Registry connection listener to current client:com.alibaba.nacos.client.naming.remote.gprc.redo.NamingGrpcRedoService
2025-09-18 15:56:11.881 [main] INFO  com.alibaba.nacos.common.remote.client - [aff20e16-4c16-45e7-90a5-f2d68eeaaf7d] Register server push request handler:com.alibaba.nacos.client.naming.remote.gprc.NamingPushRequestHandler
2025-09-18 15:56:11.885 [main] INFO  com.alibaba.nacos.common.remote.client - [aff20e16-4c16-45e7-90a5-f2d68eeaaf7d] Try to connect to server on start up, server: {serverIp = '47.236.36.111', server main port = 8848}
2025-09-18 15:56:11.926 [main] INFO  c.a.nacos.common.remote.client.grpc.GrpcClient - grpc client connection server:47.236.36.111 ip,serverPort:9848,grpcTslConfig:{"sslProvider":"OPENSSL","enableTls":false,"mutualAuthEnable":false,"trustAll":false}
2025-09-18 15:56:13.378 [main] INFO  com.alibaba.nacos.common.remote.client - [aff20e16-4c16-45e7-90a5-f2d68eeaaf7d] Success to connect to server [47.236.36.111:8848] on start up, connectionId = 1758182172971_112.94.129.56_8985
2025-09-18 15:56:13.378 [com.alibaba.nacos.client.remote.worker] INFO  com.alibaba.nacos.common.remote.client - [aff20e16-4c16-45e7-90a5-f2d68eeaaf7d] Notify connected event to listeners.
2025-09-18 15:56:13.379 [com.alibaba.nacos.client.remote.worker] INFO  com.alibaba.nacos.client.naming - Grpc connection connect
2025-09-18 15:56:13.379 [main] INFO  com.alibaba.nacos.common.remote.client - [aff20e16-4c16-45e7-90a5-f2d68eeaaf7d] Register server push request handler:com.alibaba.nacos.common.remote.client.RpcClient$ConnectResetRequestHandler
2025-09-18 15:56:13.379 [main] INFO  com.alibaba.nacos.common.remote.client - [aff20e16-4c16-45e7-90a5-f2d68eeaaf7d] Register server push request handler:com.alibaba.nacos.common.remote.client.RpcClient$$Lambda$1283/0x00000140989da510
2025-09-18 15:56:13.380 [main] INFO  com.alibaba.nacos.client.naming - [REGISTER-SERVICE] xiaohongshu registering service xiaohongshu-user with instance Instance{instanceId='null', ip='10.95.158.9', port=8082, weight=1.0, healthy=true, enabled=true, ephemeral=true, clusterName='DEFAULT', serviceName='null', metadata={IPv6=null, preserved.register.source=SPRING_CLOUD}}
2025-09-18 15:56:13.456 [main] INFO  c.a.cloud.nacos.registry.NacosServiceRegistry - nacos registry, DEFAULT_GROUP xiaohongshu-user 10.95.158.9:8082 register finished
2025-09-18 15:56:13.812 [main] INFO  c.z.x.user.biz.XiaohongshuUserBizApplication - Started XiaohongshuUserBizApplication in 11.44 seconds (process running for 12.341)
2025-09-18 15:56:13.813 [main] INFO  c.z.x.u.biz.runner.PushRolePermissions2RedisRunner - ==> 服务启动，开始同步角色权限数据到 Redis 中...
2025-09-18 15:56:14.147 [main] WARN  c.z.x.u.biz.runner.PushRolePermissions2RedisRunner - ==> 角色权限数据已经同步至 Redis 中，不再同步...
2025-09-18 15:57:53.208 [http-nio-8082-exec-1] INFO  o.a.c.core.ContainerBase.[Tomcat].[localhost].[/] - Initializing Spring DispatcherServlet 'dispatcherServlet'
2025-09-18 15:57:53.208 [http-nio-8082-exec-1] INFO  org.springframework.web.servlet.DispatcherServlet - Initializing Servlet 'dispatcherServlet'
2025-09-18 15:57:53.209 [http-nio-8082-exec-1] INFO  org.springframework.web.servlet.DispatcherServlet - Completed initialization in 1 ms
2025-09-18 15:57:53.219 [http-nio-8082-exec-1] INFO  c.z.f.b.context.filter.HeaderUserId2ContextFilter - ## HeaderUserId2ContextFilter, 用户 ID: null
2025-09-18 15:57:53.311 [http-nio-8082-exec-1] INFO  c.z.f.b.operationlog.aspect.ApiOperationLogAspect - ====== 请求开始: [用户注册], 入参: {"phone":"13068920712"}, 请求类: UserController, 请求方法: register =================================== 
2025-09-18 15:57:53.352 [http-nio-8082-exec-1] DEBUG c.z.x.u.b.domain.mapper.UserDOMapper.selectByPhone - ==>  Preparing: select id,password from t_user where phone = ?
2025-09-18 15:57:53.551 [http-nio-8082-exec-1] DEBUG c.z.x.u.b.domain.mapper.UserDOMapper.selectByPhone - ==> Parameters: 13068920712(String)
2025-09-18 15:57:53.579 [http-nio-8082-exec-1] DEBUG c.z.x.u.b.domain.mapper.UserDOMapper.selectByPhone - <==      Total: 1
2025-09-18 15:57:53.583 [http-nio-8082-exec-1] INFO  c.z.x.user.biz.service.impl.UserServiceImpl - ==> 用户是否注册, phone: 13068920712, userDO: {"id":100,"xiaohongshuId":null,"password":"$2a$10$iF9icYmcTydaqR9HbnQV9uf1lGxwYoGWvBXoEVrIa9kFiQGZ0X/bS","nickname":null,"avatar":null,"birthday":null,"backgroundImg":null,"phone":null,"sex":null,"status":null,"introduction":null,"createTime":null,"updateTime":null,"isDeleted":null}
2025-09-18 15:57:53.588 [http-nio-8082-exec-1] INFO  c.z.f.b.operationlog.aspect.ApiOperationLogAspect - ====== 请求结束: [用户注册], 耗时: 277ms, 出参: {"success":true,"message":null,"errorCode":null,"data":100} =================================== 
2025-09-18 15:57:54.324 [http-nio-8082-exec-2] INFO  c.z.f.b.context.filter.HeaderUserId2ContextFilter - ## HeaderUserId2ContextFilter, 用户 ID: null
2025-09-18 15:57:54.357 [http-nio-8082-exec-2] DEBUG c.z.x.u.b.d.mapper.UserDOMapper.selectByPrimaryKey - ==>  Preparing: select id, xiaohongshu_id, `password`, nickname, avatar, birthday, background_img, phone, sex, `status`, introduction, create_time, update_time, is_deleted from t_user where id = ?
2025-09-18 15:57:54.359 [http-nio-8082-exec-2] DEBUG c.z.x.u.b.d.mapper.UserDOMapper.selectByPrimaryKey - ==> Parameters: null
2025-09-18 15:57:54.363 [http-nio-8082-exec-2] DEBUG c.z.x.u.b.d.mapper.UserDOMapper.selectByPrimaryKey - <==      Total: 0
2025-09-18 15:57:54.370 [http-nio-8082-exec-2] WARN  c.z.x.user.biz.exception.GlobalExceptionHandler - /user/profile request fail, errorCode: USER-20007, errorMessage: 该用户不存在
2025-09-18 15:57:56.930 [http-nio-8082-exec-3] INFO  c.z.f.b.context.filter.HeaderUserId2ContextFilter - ## HeaderUserId2ContextFilter, 用户 ID: 100
2025-09-18 15:57:56.957 [http-nio-8082-exec-3] INFO  c.z.f.b.c.interceptor.FeignRequestInterceptor - ==> feign请求设置请求头 userId: 100
2025-09-18 15:57:57.060 [http-nio-8082-exec-3] INFO  com.alibaba.nacos.client.naming - [SUBSCRIBE-SERVICE] service:xiaohongshu-count, group:DEFAULT_GROUP, clusters: 
2025-09-18 15:57:57.126 [http-nio-8082-exec-3] INFO  com.alibaba.nacos.client.naming - init new ips(2) service: DEFAULT_GROUP@@xiaohongshu-count -> [{"ip":"10.95.158.9","port":8090,"weight":1.0,"healthy":true,"enabled":true,"ephemeral":true,"clusterName":"DEFAULT","serviceName":"DEFAULT_GROUP@@xiaohongshu-count","metadata":{"preserved.register.source":"SPRING_CLOUD"},"ipDeleteTimeout":30000,"instanceHeartBeatInterval":5000,"instanceHeartBeatTimeOut":15000},{"ip":"10.91.138.46","port":8090,"weight":1.0,"healthy":true,"enabled":true,"ephemeral":true,"clusterName":"DEFAULT","serviceName":"DEFAULT_GROUP@@xiaohongshu-count","metadata":{"preserved.register.source":"SPRING_CLOUD"},"ipDeleteTimeout":30000,"instanceHeartBeatInterval":5000,"instanceHeartBeatTimeOut":15000}]
2025-09-18 15:57:57.136 [http-nio-8082-exec-3] INFO  com.alibaba.nacos.client.naming - current ips:(2) service: DEFAULT_GROUP@@xiaohongshu-count -> [{"ip":"10.95.158.9","port":8090,"weight":1.0,"healthy":true,"enabled":true,"ephemeral":true,"clusterName":"DEFAULT","serviceName":"DEFAULT_GROUP@@xiaohongshu-count","metadata":{"preserved.register.source":"SPRING_CLOUD"},"ipDeleteTimeout":30000,"instanceHeartBeatInterval":5000,"instanceHeartBeatTimeOut":15000},{"ip":"10.91.138.46","port":8090,"weight":1.0,"healthy":true,"enabled":true,"ephemeral":true,"clusterName":"DEFAULT","serviceName":"DEFAULT_GROUP@@xiaohongshu-count","metadata":{"preserved.register.source":"SPRING_CLOUD"},"ipDeleteTimeout":30000,"instanceHeartBeatInterval":5000,"instanceHeartBeatTimeOut":15000}]
2025-09-18 15:57:57.735 [nacos-grpc-client-executor-47.236.36.111-37] INFO  com.alibaba.nacos.common.remote.client - [aff20e16-4c16-45e7-90a5-f2d68eeaaf7d] Receive server push request, request = NotifySubscriberRequest, requestId = 1066
2025-09-18 15:57:57.737 [nacos-grpc-client-executor-47.236.36.111-37] INFO  com.alibaba.nacos.common.remote.client - [aff20e16-4c16-45e7-90a5-f2d68eeaaf7d] Ack server push request, request = NotifySubscriberRequest, requestId = 1066
2025-09-18 15:57:57.989 [http-nio-8082-exec-3] INFO  c.z.f.b.context.filter.HeaderUserId2ContextFilter - ===== 删除 ThreadLocal， userId: 100
2025-09-18 15:58:02.672 [http-nio-8082-exec-4] INFO  c.z.f.b.context.filter.HeaderUserId2ContextFilter - ## HeaderUserId2ContextFilter, 用户 ID: 100
2025-09-18 15:58:02.677 [http-nio-8082-exec-4] INFO  c.z.f.b.c.interceptor.FeignRequestInterceptor - ==> feign请求设置请求头 userId: 100
2025-09-18 15:58:12.703 [http-nio-8082-exec-4] ERROR c.z.x.user.biz.exception.GlobalExceptionHandler - /user/profile request error, 
feign.RetryableException: Connect timed out executing POST http://xiaohongshu-count/count/user/data
	at feign.FeignException.errorExecuting(FeignException.java:277)
	at feign.SynchronousMethodHandler.executeAndDecode(SynchronousMethodHandler.java:112)
	at feign.SynchronousMethodHandler.invoke(SynchronousMethodHandler.java:72)
	at feign.ReflectiveFeign$FeignInvocationHandler.invoke(ReflectiveFeign.java:98)
	at jdk.proxy2/jdk.proxy2.$Proxy106.findUserCount(Unknown Source)
	at com.zry.xiaohongshu.user.biz.rpc.CountRpcService.findUserCountById(CountRpcService.java:20)
	at com.zry.xiaohongshu.user.biz.service.impl.UserServiceImpl.rpcCountServiceAndSetData(UserServiceImpl.java:523)
	at com.zry.xiaohongshu.user.biz.service.impl.UserServiceImpl.authorGetActualCountData(UserServiceImpl.java:518)
	at com.zry.xiaohongshu.user.biz.service.impl.UserServiceImpl.findUserProfile(UserServiceImpl.java:483)
	at java.base/jdk.internal.reflect.NativeMethodAccessorImpl.invoke0(Native Method)
	at java.base/jdk.internal.reflect.NativeMethodAccessorImpl.invoke(NativeMethodAccessorImpl.java:77)
	at java.base/jdk.internal.reflect.DelegatingMethodAccessorImpl.invoke(DelegatingMethodAccessorImpl.java:43)
	at java.base/java.lang.reflect.Method.invoke(Method.java:568)
	at org.springframework.aop.support.AopUtils.invokeJoinpointUsingReflection(AopUtils.java:343)
	at org.springframework.aop.framework.CglibAopProxy$DynamicAdvisedInterceptor.intercept(CglibAopProxy.java:699)
	at com.zry.xiaohongshu.user.biz.service.impl.UserServiceImpl$$SpringCGLIB$$0.findUserProfile(<generated>)
	at com.zry.xiaohongshu.user.biz.controller.UserController.findUserProfile(UserController.java:65)
	at java.base/jdk.internal.reflect.NativeMethodAccessorImpl.invoke0(Native Method)
	at java.base/jdk.internal.reflect.NativeMethodAccessorImpl.invoke(NativeMethodAccessorImpl.java:77)
	at java.base/jdk.internal.reflect.DelegatingMethodAccessorImpl.invoke(DelegatingMethodAccessorImpl.java:43)
	at java.base/java.lang.reflect.Method.invoke(Method.java:568)
	at org.springframework.aop.support.AopUtils.invokeJoinpointUsingReflection(AopUtils.java:343)
	at org.springframework.aop.framework.ReflectiveMethodInvocation.invokeJoinpoint(ReflectiveMethodInvocation.java:196)
	at org.springframework.aop.framework.ReflectiveMethodInvocation.proceed(ReflectiveMethodInvocation.java:163)
	at org.springframework.aop.framework.CglibAopProxy$CglibMethodInvocation.proceed(CglibAopProxy.java:752)
	at org.springframework.aop.interceptor.ExposeInvocationInterceptor.invoke(ExposeInvocationInterceptor.java:97)
	at org.springframework.aop.framework.ReflectiveMethodInvocation.proceed(ReflectiveMethodInvocation.java:184)
	at org.springframework.aop.framework.CglibAopProxy$CglibMethodInvocation.proceed(CglibAopProxy.java:752)
	at org.springframework.aop.framework.CglibAopProxy$DynamicAdvisedInterceptor.intercept(CglibAopProxy.java:703)
	at com.zry.xiaohongshu.user.biz.controller.UserController$$SpringCGLIB$$0.findUserProfile(<generated>)
	at java.base/jdk.internal.reflect.NativeMethodAccessorImpl.invoke0(Native Method)
	at java.base/jdk.internal.reflect.NativeMethodAccessorImpl.invoke(NativeMethodAccessorImpl.java:77)
	at java.base/jdk.internal.reflect.DelegatingMethodAccessorImpl.invoke(DelegatingMethodAccessorImpl.java:43)
	at java.base/java.lang.reflect.Method.invoke(Method.java:568)
	at org.springframework.web.method.support.InvocableHandlerMethod.doInvoke(InvocableHandlerMethod.java:207)
	at org.springframework.web.method.support.InvocableHandlerMethod.invokeForRequest(InvocableHandlerMethod.java:152)
	at org.springframework.web.servlet.mvc.method.annotation.ServletInvocableHandlerMethod.invokeAndHandle(ServletInvocableHandlerMethod.java:117)
	at org.springframework.web.servlet.mvc.method.annotation.RequestMappingHandlerAdapter.invokeHandlerMethod(RequestMappingHandlerAdapter.java:884)
	at org.springframework.web.servlet.mvc.method.annotation.RequestMappingHandlerAdapter.handleInternal(RequestMappingHandlerAdapter.java:797)
	at org.springframework.web.servlet.mvc.method.AbstractHandlerMethodAdapter.handle(AbstractHandlerMethodAdapter.java:87)
	at org.springframework.web.servlet.DispatcherServlet.doDispatch(DispatcherServlet.java:1080)
	at org.springframework.web.servlet.DispatcherServlet.doService(DispatcherServlet.java:973)
	at org.springframework.web.servlet.FrameworkServlet.processRequest(FrameworkServlet.java:1011)
	at org.springframework.web.servlet.FrameworkServlet.doPost(FrameworkServlet.java:914)
	at jakarta.servlet.http.HttpServlet.service(HttpServlet.java:731)
	at org.springframework.web.servlet.FrameworkServlet.service(FrameworkServlet.java:885)
	at jakarta.servlet.http.HttpServlet.service(HttpServlet.java:814)
	at org.apache.catalina.core.ApplicationFilterChain.internalDoFilter(ApplicationFilterChain.java:223)
	at org.apache.catalina.core.ApplicationFilterChain.doFilter(ApplicationFilterChain.java:158)
	at org.apache.tomcat.websocket.server.WsFilter.doFilter(WsFilter.java:53)
	at org.apache.catalina.core.ApplicationFilterChain.internalDoFilter(ApplicationFilterChain.java:185)
	at org.apache.catalina.core.ApplicationFilterChain.doFilter(ApplicationFilterChain.java:158)
	at com.zry.framework.biz.context.filter.HeaderUserId2ContextFilter.doFilterInternal(HeaderUserId2ContextFilter.java:33)
	at org.springframework.web.filter.OncePerRequestFilter.doFilter(OncePerRequestFilter.java:116)
	at org.apache.catalina.core.ApplicationFilterChain.internalDoFilter(ApplicationFilterChain.java:185)
	at org.apache.catalina.core.ApplicationFilterChain.doFilter(ApplicationFilterChain.java:158)
	at com.alibaba.druid.support.jakarta.WebStatFilter.doFilter(WebStatFilter.java:113)
	at org.apache.catalina.core.ApplicationFilterChain.internalDoFilter(ApplicationFilterChain.java:185)
	at org.apache.catalina.core.ApplicationFilterChain.doFilter(ApplicationFilterChain.java:158)
	at org.springframework.web.filter.RequestContextFilter.doFilterInternal(RequestContextFilter.java:100)
	at org.springframework.web.filter.OncePerRequestFilter.doFilter(OncePerRequestFilter.java:116)
	at org.apache.catalina.core.ApplicationFilterChain.internalDoFilter(ApplicationFilterChain.java:185)
	at org.apache.catalina.core.ApplicationFilterChain.doFilter(ApplicationFilterChain.java:158)
	at org.springframework.web.filter.FormContentFilter.doFilterInternal(FormContentFilter.java:93)
	at org.springframework.web.filter.OncePerRequestFilter.doFilter(OncePerRequestFilter.java:116)
	at org.apache.catalina.core.ApplicationFilterChain.internalDoFilter(ApplicationFilterChain.java:185)
	at org.apache.catalina.core.ApplicationFilterChain.doFilter(ApplicationFilterChain.java:158)
	at org.springframework.web.filter.CharacterEncodingFilter.doFilterInternal(CharacterEncodingFilter.java:201)
	at org.springframework.web.filter.OncePerRequestFilter.doFilter(OncePerRequestFilter.java:116)
	at org.apache.catalina.core.ApplicationFilterChain.internalDoFilter(ApplicationFilterChain.java:185)
	at org.apache.catalina.core.ApplicationFilterChain.doFilter(ApplicationFilterChain.java:158)
	at org.apache.catalina.core.StandardWrapperValve.invoke(StandardWrapperValve.java:177)
	at org.apache.catalina.core.StandardContextValve.invoke(StandardContextValve.java:97)
	at org.apache.catalina.authenticator.AuthenticatorBase.invoke(AuthenticatorBase.java:542)
	at org.apache.catalina.core.StandardHostValve.invoke(StandardHostValve.java:119)
	at org.apache.catalina.valves.ErrorReportValve.invoke(ErrorReportValve.java:92)
	at org.apache.catalina.core.StandardEngineValve.invoke(StandardEngineValve.java:78)
	at org.apache.catalina.connector.CoyoteAdapter.service(CoyoteAdapter.java:357)
	at org.apache.coyote.http11.Http11Processor.service(Http11Processor.java:400)
	at org.apache.coyote.AbstractProcessorLight.process(AbstractProcessorLight.java:65)
	at org.apache.coyote.AbstractProtocol$ConnectionHandler.process(AbstractProtocol.java:859)
	at org.apache.tomcat.util.net.NioEndpoint$SocketProcessor.doRun(NioEndpoint.java:1734)
	at org.apache.tomcat.util.net.SocketProcessorBase.run(SocketProcessorBase.java:52)
	at org.apache.tomcat.util.threads.ThreadPoolExecutor.runWorker(ThreadPoolExecutor.java:1191)
	at org.apache.tomcat.util.threads.ThreadPoolExecutor$Worker.run(ThreadPoolExecutor.java:659)
	at org.apache.tomcat.util.threads.TaskThread$WrappingRunnable.run(TaskThread.java:61)
	at java.base/java.lang.Thread.run(Thread.java:842)
Caused by: java.net.SocketTimeoutException: Connect timed out
	at java.base/sun.nio.ch.NioSocketImpl.timedFinishConnect(NioSocketImpl.java:551)
	at java.base/sun.nio.ch.NioSocketImpl.connect(NioSocketImpl.java:602)
	at java.base/java.net.Socket.connect(Socket.java:633)
	at java.base/sun.net.NetworkClient.doConnect(NetworkClient.java:178)
	at java.base/sun.net.www.http.HttpClient.openServer(HttpClient.java:534)
	at java.base/sun.net.www.http.HttpClient.openServer(HttpClient.java:639)
	at java.base/sun.net.www.http.HttpClient.<init>(HttpClient.java:282)
	at java.base/sun.net.www.http.HttpClient.New(HttpClient.java:387)
	at java.base/sun.net.www.http.HttpClient.New(HttpClient.java:409)
	at java.base/sun.net.www.protocol.http.HttpURLConnection.getNewHttpClient(HttpURLConnection.java:1308)
	at java.base/sun.net.www.protocol.http.HttpURLConnection.plainConnect0(HttpURLConnection.java:1241)
	at java.base/sun.net.www.protocol.http.HttpURLConnection.plainConnect(HttpURLConnection.java:1127)
	at java.base/sun.net.www.protocol.http.HttpURLConnection.connect(HttpURLConnection.java:1056)
	at java.base/sun.net.www.protocol.http.HttpURLConnection.getOutputStream0(HttpURLConnection.java:1450)
	at java.base/sun.net.www.protocol.http.HttpURLConnection.getOutputStream(HttpURLConnection.java:1421)
	at feign.Client$Default.convertAndSend(Client.java:219)
	at feign.Client$Default.execute(Client.java:105)
	at org.springframework.cloud.openfeign.loadbalancer.LoadBalancerUtils.executeWithLoadBalancerLifecycleProcessing(LoadBalancerUtils.java:56)
	at org.springframework.cloud.openfeign.loadbalancer.LoadBalancerUtils.executeWithLoadBalancerLifecycleProcessing(LoadBalancerUtils.java:91)
	at org.springframework.cloud.openfeign.loadbalancer.FeignBlockingLoadBalancerClient.execute(FeignBlockingLoadBalancerClient.java:134)
	at feign.SynchronousMethodHandler.executeAndDecode(SynchronousMethodHandler.java:102)
	... 85 common frames omitted
2025-09-18 15:58:12.708 [http-nio-8082-exec-4] INFO  c.z.f.b.context.filter.HeaderUserId2ContextFilter - ===== 删除 ThreadLocal， userId: 100
2025-09-18 15:58:12.723 [http-nio-8082-exec-5] INFO  c.z.f.b.context.filter.HeaderUserId2ContextFilter - ## HeaderUserId2ContextFilter, 用户 ID: 100
2025-09-18 15:58:12.728 [http-nio-8082-exec-5] INFO  c.z.f.b.c.interceptor.FeignRequestInterceptor - ==> feign请求设置请求头 userId: 100
2025-09-18 15:58:12.753 [http-nio-8082-exec-5] INFO  c.z.f.b.context.filter.HeaderUserId2ContextFilter - ===== 删除 ThreadLocal， userId: 100
2025-09-18 15:58:57.908 [http-nio-8082-exec-7] INFO  c.z.f.b.context.filter.HeaderUserId2ContextFilter - ## HeaderUserId2ContextFilter, 用户 ID: 100
2025-09-18 15:58:57.913 [http-nio-8082-exec-7] DEBUG c.z.x.u.b.d.mapper.UserDOMapper.selectByPrimaryKey - ==>  Preparing: select id, xiaohongshu_id, `password`, nickname, avatar, birthday, background_img, phone, sex, `status`, introduction, create_time, update_time, is_deleted from t_user where id = ?
2025-09-18 15:58:57.916 [http-nio-8082-exec-7] DEBUG c.z.x.u.b.d.mapper.UserDOMapper.selectByPrimaryKey - ==> Parameters: 100(Long)
2025-09-18 15:58:57.925 [http-nio-8082-exec-7] DEBUG c.z.x.u.b.d.mapper.UserDOMapper.selectByPrimaryKey - <==      Total: 1
2025-09-18 15:58:57.928 [http-nio-8082-exec-7] INFO  c.z.f.b.c.interceptor.FeignRequestInterceptor - ==> feign请求设置请求头 userId: 100
2025-09-18 15:59:06.063 [http-nio-8082-exec-8] INFO  c.z.f.b.context.filter.HeaderUserId2ContextFilter - ## HeaderUserId2ContextFilter, 用户 ID: 100
2025-09-18 15:59:06.066 [http-nio-8082-exec-8] DEBUG c.z.x.u.b.d.mapper.UserDOMapper.selectByPrimaryKey - ==>  Preparing: select id, xiaohongshu_id, `password`, nickname, avatar, birthday, background_img, phone, sex, `status`, introduction, create_time, update_time, is_deleted from t_user where id = ?
2025-09-18 15:59:06.068 [http-nio-8082-exec-8] DEBUG c.z.x.u.b.d.mapper.UserDOMapper.selectByPrimaryKey - ==> Parameters: 100(Long)
2025-09-18 15:59:06.070 [http-nio-8082-exec-8] DEBUG c.z.x.u.b.d.mapper.UserDOMapper.selectByPrimaryKey - <==      Total: 1
2025-09-18 15:59:06.071 [http-nio-8082-exec-8] INFO  c.z.f.b.c.interceptor.FeignRequestInterceptor - ==> feign请求设置请求头 userId: 100
2025-09-18 15:59:06.085 [http-nio-8082-exec-8] INFO  c.z.f.b.context.filter.HeaderUserId2ContextFilter - ===== 删除 ThreadLocal， userId: 100
2025-09-18 15:59:07.935 [http-nio-8082-exec-7] ERROR c.z.x.user.biz.exception.GlobalExceptionHandler - /user/profile request error, 
feign.RetryableException: Connect timed out executing POST http://xiaohongshu-count/count/user/data
	at feign.FeignException.errorExecuting(FeignException.java:277)
	at feign.SynchronousMethodHandler.executeAndDecode(SynchronousMethodHandler.java:112)
	at feign.SynchronousMethodHandler.invoke(SynchronousMethodHandler.java:72)
	at feign.ReflectiveFeign$FeignInvocationHandler.invoke(ReflectiveFeign.java:98)
	at jdk.proxy2/jdk.proxy2.$Proxy106.findUserCount(Unknown Source)
	at com.zry.xiaohongshu.user.biz.rpc.CountRpcService.findUserCountById(CountRpcService.java:20)
	at com.zry.xiaohongshu.user.biz.service.impl.UserServiceImpl.rpcCountServiceAndSetData(UserServiceImpl.java:523)
	at com.zry.xiaohongshu.user.biz.service.impl.UserServiceImpl.findUserProfile(UserServiceImpl.java:505)
	at java.base/jdk.internal.reflect.NativeMethodAccessorImpl.invoke0(Native Method)
	at java.base/jdk.internal.reflect.NativeMethodAccessorImpl.invoke(NativeMethodAccessorImpl.java:77)
	at java.base/jdk.internal.reflect.DelegatingMethodAccessorImpl.invoke(DelegatingMethodAccessorImpl.java:43)
	at java.base/java.lang.reflect.Method.invoke(Method.java:568)
	at org.springframework.aop.support.AopUtils.invokeJoinpointUsingReflection(AopUtils.java:343)
	at org.springframework.aop.framework.CglibAopProxy$DynamicAdvisedInterceptor.intercept(CglibAopProxy.java:699)
	at com.zry.xiaohongshu.user.biz.service.impl.UserServiceImpl$$SpringCGLIB$$0.findUserProfile(<generated>)
	at com.zry.xiaohongshu.user.biz.controller.UserController.findUserProfile(UserController.java:65)
	at java.base/jdk.internal.reflect.NativeMethodAccessorImpl.invoke0(Native Method)
	at java.base/jdk.internal.reflect.NativeMethodAccessorImpl.invoke(NativeMethodAccessorImpl.java:77)
	at java.base/jdk.internal.reflect.DelegatingMethodAccessorImpl.invoke(DelegatingMethodAccessorImpl.java:43)
	at java.base/java.lang.reflect.Method.invoke(Method.java:568)
	at org.springframework.aop.support.AopUtils.invokeJoinpointUsingReflection(AopUtils.java:343)
	at org.springframework.aop.framework.ReflectiveMethodInvocation.invokeJoinpoint(ReflectiveMethodInvocation.java:196)
	at org.springframework.aop.framework.ReflectiveMethodInvocation.proceed(ReflectiveMethodInvocation.java:163)
	at org.springframework.aop.framework.CglibAopProxy$CglibMethodInvocation.proceed(CglibAopProxy.java:752)
	at org.springframework.aop.interceptor.ExposeInvocationInterceptor.invoke(ExposeInvocationInterceptor.java:97)
	at org.springframework.aop.framework.ReflectiveMethodInvocation.proceed(ReflectiveMethodInvocation.java:184)
	at org.springframework.aop.framework.CglibAopProxy$CglibMethodInvocation.proceed(CglibAopProxy.java:752)
	at org.springframework.aop.framework.CglibAopProxy$DynamicAdvisedInterceptor.intercept(CglibAopProxy.java:703)
	at com.zry.xiaohongshu.user.biz.controller.UserController$$SpringCGLIB$$0.findUserProfile(<generated>)
	at java.base/jdk.internal.reflect.NativeMethodAccessorImpl.invoke0(Native Method)
	at java.base/jdk.internal.reflect.NativeMethodAccessorImpl.invoke(NativeMethodAccessorImpl.java:77)
	at java.base/jdk.internal.reflect.DelegatingMethodAccessorImpl.invoke(DelegatingMethodAccessorImpl.java:43)
	at java.base/java.lang.reflect.Method.invoke(Method.java:568)
	at org.springframework.web.method.support.InvocableHandlerMethod.doInvoke(InvocableHandlerMethod.java:207)
	at org.springframework.web.method.support.InvocableHandlerMethod.invokeForRequest(InvocableHandlerMethod.java:152)
	at org.springframework.web.servlet.mvc.method.annotation.ServletInvocableHandlerMethod.invokeAndHandle(ServletInvocableHandlerMethod.java:117)
	at org.springframework.web.servlet.mvc.method.annotation.RequestMappingHandlerAdapter.invokeHandlerMethod(RequestMappingHandlerAdapter.java:884)
	at org.springframework.web.servlet.mvc.method.annotation.RequestMappingHandlerAdapter.handleInternal(RequestMappingHandlerAdapter.java:797)
	at org.springframework.web.servlet.mvc.method.AbstractHandlerMethodAdapter.handle(AbstractHandlerMethodAdapter.java:87)
	at org.springframework.web.servlet.DispatcherServlet.doDispatch(DispatcherServlet.java:1080)
	at org.springframework.web.servlet.DispatcherServlet.doService(DispatcherServlet.java:973)
	at org.springframework.web.servlet.FrameworkServlet.processRequest(FrameworkServlet.java:1011)
	at org.springframework.web.servlet.FrameworkServlet.doPost(FrameworkServlet.java:914)
	at jakarta.servlet.http.HttpServlet.service(HttpServlet.java:731)
	at org.springframework.web.servlet.FrameworkServlet.service(FrameworkServlet.java:885)
	at jakarta.servlet.http.HttpServlet.service(HttpServlet.java:814)
	at org.apache.catalina.core.ApplicationFilterChain.internalDoFilter(ApplicationFilterChain.java:223)
	at org.apache.catalina.core.ApplicationFilterChain.doFilter(ApplicationFilterChain.java:158)
	at org.apache.tomcat.websocket.server.WsFilter.doFilter(WsFilter.java:53)
	at org.apache.catalina.core.ApplicationFilterChain.internalDoFilter(ApplicationFilterChain.java:185)
	at org.apache.catalina.core.ApplicationFilterChain.doFilter(ApplicationFilterChain.java:158)
	at com.zry.framework.biz.context.filter.HeaderUserId2ContextFilter.doFilterInternal(HeaderUserId2ContextFilter.java:33)
	at org.springframework.web.filter.OncePerRequestFilter.doFilter(OncePerRequestFilter.java:116)
	at org.apache.catalina.core.ApplicationFilterChain.internalDoFilter(ApplicationFilterChain.java:185)
	at org.apache.catalina.core.ApplicationFilterChain.doFilter(ApplicationFilterChain.java:158)
	at com.alibaba.druid.support.jakarta.WebStatFilter.doFilter(WebStatFilter.java:113)
	at org.apache.catalina.core.ApplicationFilterChain.internalDoFilter(ApplicationFilterChain.java:185)
	at org.apache.catalina.core.ApplicationFilterChain.doFilter(ApplicationFilterChain.java:158)
	at org.springframework.web.filter.RequestContextFilter.doFilterInternal(RequestContextFilter.java:100)
	at org.springframework.web.filter.OncePerRequestFilter.doFilter(OncePerRequestFilter.java:116)
	at org.apache.catalina.core.ApplicationFilterChain.internalDoFilter(ApplicationFilterChain.java:185)
	at org.apache.catalina.core.ApplicationFilterChain.doFilter(ApplicationFilterChain.java:158)
	at org.springframework.web.filter.FormContentFilter.doFilterInternal(FormContentFilter.java:93)
	at org.springframework.web.filter.OncePerRequestFilter.doFilter(OncePerRequestFilter.java:116)
	at org.apache.catalina.core.ApplicationFilterChain.internalDoFilter(ApplicationFilterChain.java:185)
	at org.apache.catalina.core.ApplicationFilterChain.doFilter(ApplicationFilterChain.java:158)
	at org.springframework.web.filter.CharacterEncodingFilter.doFilterInternal(CharacterEncodingFilter.java:201)
	at org.springframework.web.filter.OncePerRequestFilter.doFilter(OncePerRequestFilter.java:116)
	at org.apache.catalina.core.ApplicationFilterChain.internalDoFilter(ApplicationFilterChain.java:185)
	at org.apache.catalina.core.ApplicationFilterChain.doFilter(ApplicationFilterChain.java:158)
	at org.apache.catalina.core.StandardWrapperValve.invoke(StandardWrapperValve.java:177)
	at org.apache.catalina.core.StandardContextValve.invoke(StandardContextValve.java:97)
	at org.apache.catalina.authenticator.AuthenticatorBase.invoke(AuthenticatorBase.java:542)
	at org.apache.catalina.core.StandardHostValve.invoke(StandardHostValve.java:119)
	at org.apache.catalina.valves.ErrorReportValve.invoke(ErrorReportValve.java:92)
	at org.apache.catalina.core.StandardEngineValve.invoke(StandardEngineValve.java:78)
	at org.apache.catalina.connector.CoyoteAdapter.service(CoyoteAdapter.java:357)
	at org.apache.coyote.http11.Http11Processor.service(Http11Processor.java:400)
	at org.apache.coyote.AbstractProcessorLight.process(AbstractProcessorLight.java:65)
	at org.apache.coyote.AbstractProtocol$ConnectionHandler.process(AbstractProtocol.java:859)
	at org.apache.tomcat.util.net.NioEndpoint$SocketProcessor.doRun(NioEndpoint.java:1734)
	at org.apache.tomcat.util.net.SocketProcessorBase.run(SocketProcessorBase.java:52)
	at org.apache.tomcat.util.threads.ThreadPoolExecutor.runWorker(ThreadPoolExecutor.java:1191)
	at org.apache.tomcat.util.threads.ThreadPoolExecutor$Worker.run(ThreadPoolExecutor.java:659)
	at org.apache.tomcat.util.threads.TaskThread$WrappingRunnable.run(TaskThread.java:61)
	at java.base/java.lang.Thread.run(Thread.java:842)
Caused by: java.net.SocketTimeoutException: Connect timed out
	at java.base/sun.nio.ch.NioSocketImpl.timedFinishConnect(NioSocketImpl.java:551)
	at java.base/sun.nio.ch.NioSocketImpl.connect(NioSocketImpl.java:602)
	at java.base/java.net.Socket.connect(Socket.java:633)
	at java.base/sun.net.NetworkClient.doConnect(NetworkClient.java:178)
	at java.base/sun.net.www.http.HttpClient.openServer(HttpClient.java:534)
	at java.base/sun.net.www.http.HttpClient.openServer(HttpClient.java:639)
	at java.base/sun.net.www.http.HttpClient.<init>(HttpClient.java:282)
	at java.base/sun.net.www.http.HttpClient.New(HttpClient.java:387)
	at java.base/sun.net.www.http.HttpClient.New(HttpClient.java:409)
	at java.base/sun.net.www.protocol.http.HttpURLConnection.getNewHttpClient(HttpURLConnection.java:1308)
	at java.base/sun.net.www.protocol.http.HttpURLConnection.plainConnect0(HttpURLConnection.java:1241)
	at java.base/sun.net.www.protocol.http.HttpURLConnection.plainConnect(HttpURLConnection.java:1127)
	at java.base/sun.net.www.protocol.http.HttpURLConnection.connect(HttpURLConnection.java:1056)
	at java.base/sun.net.www.protocol.http.HttpURLConnection.getOutputStream0(HttpURLConnection.java:1450)
	at java.base/sun.net.www.protocol.http.HttpURLConnection.getOutputStream(HttpURLConnection.java:1421)
	at feign.Client$Default.convertAndSend(Client.java:219)
	at feign.Client$Default.execute(Client.java:105)
	at org.springframework.cloud.openfeign.loadbalancer.LoadBalancerUtils.executeWithLoadBalancerLifecycleProcessing(LoadBalancerUtils.java:56)
	at org.springframework.cloud.openfeign.loadbalancer.LoadBalancerUtils.executeWithLoadBalancerLifecycleProcessing(LoadBalancerUtils.java:91)
	at org.springframework.cloud.openfeign.loadbalancer.FeignBlockingLoadBalancerClient.execute(FeignBlockingLoadBalancerClient.java:134)
	at feign.SynchronousMethodHandler.executeAndDecode(SynchronousMethodHandler.java:102)
	... 84 common frames omitted
2025-09-18 15:59:07.936 [http-nio-8082-exec-7] INFO  c.z.f.b.context.filter.HeaderUserId2ContextFilter - ===== 删除 ThreadLocal， userId: 100
2025-09-18 16:07:57.674 [http-nio-8082-exec-1] INFO  c.z.f.b.context.filter.HeaderUserId2ContextFilter - ## HeaderUserId2ContextFilter, 用户 ID: 100
2025-09-18 16:07:57.674 [http-nio-8082-exec-2] INFO  c.z.f.b.context.filter.HeaderUserId2ContextFilter - ## HeaderUserId2ContextFilter, 用户 ID: 100
2025-09-18 16:07:57.705 [http-nio-8082-exec-2] INFO  c.z.f.b.c.interceptor.FeignRequestInterceptor - ==> feign请求设置请求头 userId: 100
2025-09-18 16:07:57.705 [http-nio-8082-exec-1] INFO  c.z.f.b.c.interceptor.FeignRequestInterceptor - ==> feign请求设置请求头 userId: 100
2025-09-18 16:07:57.765 [http-nio-8082-exec-2] INFO  c.z.f.b.context.filter.HeaderUserId2ContextFilter - ===== 删除 ThreadLocal， userId: 100
2025-09-18 16:08:07.731 [http-nio-8082-exec-1] ERROR c.z.x.user.biz.exception.GlobalExceptionHandler - /user/profile request error, 
feign.RetryableException: Connect timed out executing POST http://xiaohongshu-count/count/user/data
	at feign.FeignException.errorExecuting(FeignException.java:277)
	at feign.SynchronousMethodHandler.executeAndDecode(SynchronousMethodHandler.java:112)
	at feign.SynchronousMethodHandler.invoke(SynchronousMethodHandler.java:72)
	at feign.ReflectiveFeign$FeignInvocationHandler.invoke(ReflectiveFeign.java:98)
	at jdk.proxy2/jdk.proxy2.$Proxy106.findUserCount(Unknown Source)
	at com.zry.xiaohongshu.user.biz.rpc.CountRpcService.findUserCountById(CountRpcService.java:20)
	at com.zry.xiaohongshu.user.biz.service.impl.UserServiceImpl.rpcCountServiceAndSetData(UserServiceImpl.java:523)
	at com.zry.xiaohongshu.user.biz.service.impl.UserServiceImpl.authorGetActualCountData(UserServiceImpl.java:518)
	at com.zry.xiaohongshu.user.biz.service.impl.UserServiceImpl.findUserProfile(UserServiceImpl.java:483)
	at java.base/jdk.internal.reflect.NativeMethodAccessorImpl.invoke0(Native Method)
	at java.base/jdk.internal.reflect.NativeMethodAccessorImpl.invoke(NativeMethodAccessorImpl.java:77)
	at java.base/jdk.internal.reflect.DelegatingMethodAccessorImpl.invoke(DelegatingMethodAccessorImpl.java:43)
	at java.base/java.lang.reflect.Method.invoke(Method.java:568)
	at org.springframework.aop.support.AopUtils.invokeJoinpointUsingReflection(AopUtils.java:343)
	at org.springframework.aop.framework.CglibAopProxy$DynamicAdvisedInterceptor.intercept(CglibAopProxy.java:699)
	at com.zry.xiaohongshu.user.biz.service.impl.UserServiceImpl$$SpringCGLIB$$0.findUserProfile(<generated>)
	at com.zry.xiaohongshu.user.biz.controller.UserController.findUserProfile(UserController.java:65)
	at java.base/jdk.internal.reflect.NativeMethodAccessorImpl.invoke0(Native Method)
	at java.base/jdk.internal.reflect.NativeMethodAccessorImpl.invoke(NativeMethodAccessorImpl.java:77)
	at java.base/jdk.internal.reflect.DelegatingMethodAccessorImpl.invoke(DelegatingMethodAccessorImpl.java:43)
	at java.base/java.lang.reflect.Method.invoke(Method.java:568)
	at org.springframework.aop.support.AopUtils.invokeJoinpointUsingReflection(AopUtils.java:343)
	at org.springframework.aop.framework.ReflectiveMethodInvocation.invokeJoinpoint(ReflectiveMethodInvocation.java:196)
	at org.springframework.aop.framework.ReflectiveMethodInvocation.proceed(ReflectiveMethodInvocation.java:163)
	at org.springframework.aop.framework.CglibAopProxy$CglibMethodInvocation.proceed(CglibAopProxy.java:752)
	at org.springframework.aop.interceptor.ExposeInvocationInterceptor.invoke(ExposeInvocationInterceptor.java:97)
	at org.springframework.aop.framework.ReflectiveMethodInvocation.proceed(ReflectiveMethodInvocation.java:184)
	at org.springframework.aop.framework.CglibAopProxy$CglibMethodInvocation.proceed(CglibAopProxy.java:752)
	at org.springframework.aop.framework.CglibAopProxy$DynamicAdvisedInterceptor.intercept(CglibAopProxy.java:703)
	at com.zry.xiaohongshu.user.biz.controller.UserController$$SpringCGLIB$$0.findUserProfile(<generated>)
	at java.base/jdk.internal.reflect.NativeMethodAccessorImpl.invoke0(Native Method)
	at java.base/jdk.internal.reflect.NativeMethodAccessorImpl.invoke(NativeMethodAccessorImpl.java:77)
	at java.base/jdk.internal.reflect.DelegatingMethodAccessorImpl.invoke(DelegatingMethodAccessorImpl.java:43)
	at java.base/java.lang.reflect.Method.invoke(Method.java:568)
	at org.springframework.web.method.support.InvocableHandlerMethod.doInvoke(InvocableHandlerMethod.java:207)
	at org.springframework.web.method.support.InvocableHandlerMethod.invokeForRequest(InvocableHandlerMethod.java:152)
	at org.springframework.web.servlet.mvc.method.annotation.ServletInvocableHandlerMethod.invokeAndHandle(ServletInvocableHandlerMethod.java:117)
	at org.springframework.web.servlet.mvc.method.annotation.RequestMappingHandlerAdapter.invokeHandlerMethod(RequestMappingHandlerAdapter.java:884)
	at org.springframework.web.servlet.mvc.method.annotation.RequestMappingHandlerAdapter.handleInternal(RequestMappingHandlerAdapter.java:797)
	at org.springframework.web.servlet.mvc.method.AbstractHandlerMethodAdapter.handle(AbstractHandlerMethodAdapter.java:87)
	at org.springframework.web.servlet.DispatcherServlet.doDispatch(DispatcherServlet.java:1080)
	at org.springframework.web.servlet.DispatcherServlet.doService(DispatcherServlet.java:973)
	at org.springframework.web.servlet.FrameworkServlet.processRequest(FrameworkServlet.java:1011)
	at org.springframework.web.servlet.FrameworkServlet.doPost(FrameworkServlet.java:914)
	at jakarta.servlet.http.HttpServlet.service(HttpServlet.java:731)
	at org.springframework.web.servlet.FrameworkServlet.service(FrameworkServlet.java:885)
	at jakarta.servlet.http.HttpServlet.service(HttpServlet.java:814)
	at org.apache.catalina.core.ApplicationFilterChain.internalDoFilter(ApplicationFilterChain.java:223)
	at org.apache.catalina.core.ApplicationFilterChain.doFilter(ApplicationFilterChain.java:158)
	at org.apache.tomcat.websocket.server.WsFilter.doFilter(WsFilter.java:53)
	at org.apache.catalina.core.ApplicationFilterChain.internalDoFilter(ApplicationFilterChain.java:185)
	at org.apache.catalina.core.ApplicationFilterChain.doFilter(ApplicationFilterChain.java:158)
	at com.zry.framework.biz.context.filter.HeaderUserId2ContextFilter.doFilterInternal(HeaderUserId2ContextFilter.java:33)
	at org.springframework.web.filter.OncePerRequestFilter.doFilter(OncePerRequestFilter.java:116)
	at org.apache.catalina.core.ApplicationFilterChain.internalDoFilter(ApplicationFilterChain.java:185)
	at org.apache.catalina.core.ApplicationFilterChain.doFilter(ApplicationFilterChain.java:158)
	at com.alibaba.druid.support.jakarta.WebStatFilter.doFilter(WebStatFilter.java:113)
	at org.apache.catalina.core.ApplicationFilterChain.internalDoFilter(ApplicationFilterChain.java:185)
	at org.apache.catalina.core.ApplicationFilterChain.doFilter(ApplicationFilterChain.java:158)
	at org.springframework.web.filter.RequestContextFilter.doFilterInternal(RequestContextFilter.java:100)
	at org.springframework.web.filter.OncePerRequestFilter.doFilter(OncePerRequestFilter.java:116)
	at org.apache.catalina.core.ApplicationFilterChain.internalDoFilter(ApplicationFilterChain.java:185)
	at org.apache.catalina.core.ApplicationFilterChain.doFilter(ApplicationFilterChain.java:158)
	at org.springframework.web.filter.FormContentFilter.doFilterInternal(FormContentFilter.java:93)
	at org.springframework.web.filter.OncePerRequestFilter.doFilter(OncePerRequestFilter.java:116)
	at org.apache.catalina.core.ApplicationFilterChain.internalDoFilter(ApplicationFilterChain.java:185)
	at org.apache.catalina.core.ApplicationFilterChain.doFilter(ApplicationFilterChain.java:158)
	at org.springframework.web.filter.CharacterEncodingFilter.doFilterInternal(CharacterEncodingFilter.java:201)
	at org.springframework.web.filter.OncePerRequestFilter.doFilter(OncePerRequestFilter.java:116)
	at org.apache.catalina.core.ApplicationFilterChain.internalDoFilter(ApplicationFilterChain.java:185)
	at org.apache.catalina.core.ApplicationFilterChain.doFilter(ApplicationFilterChain.java:158)
	at org.apache.catalina.core.StandardWrapperValve.invoke(StandardWrapperValve.java:177)
	at org.apache.catalina.core.StandardContextValve.invoke(StandardContextValve.java:97)
	at org.apache.catalina.authenticator.AuthenticatorBase.invoke(AuthenticatorBase.java:542)
	at org.apache.catalina.core.StandardHostValve.invoke(StandardHostValve.java:119)
	at org.apache.catalina.valves.ErrorReportValve.invoke(ErrorReportValve.java:92)
	at org.apache.catalina.core.StandardEngineValve.invoke(StandardEngineValve.java:78)
	at org.apache.catalina.connector.CoyoteAdapter.service(CoyoteAdapter.java:357)
	at org.apache.coyote.http11.Http11Processor.service(Http11Processor.java:400)
	at org.apache.coyote.AbstractProcessorLight.process(AbstractProcessorLight.java:65)
	at org.apache.coyote.AbstractProtocol$ConnectionHandler.process(AbstractProtocol.java:859)
	at org.apache.tomcat.util.net.NioEndpoint$SocketProcessor.doRun(NioEndpoint.java:1734)
	at org.apache.tomcat.util.net.SocketProcessorBase.run(SocketProcessorBase.java:52)
	at org.apache.tomcat.util.threads.ThreadPoolExecutor.runWorker(ThreadPoolExecutor.java:1191)
	at org.apache.tomcat.util.threads.ThreadPoolExecutor$Worker.run(ThreadPoolExecutor.java:659)
	at org.apache.tomcat.util.threads.TaskThread$WrappingRunnable.run(TaskThread.java:61)
	at java.base/java.lang.Thread.run(Thread.java:842)
Caused by: java.net.SocketTimeoutException: Connect timed out
	at java.base/sun.nio.ch.NioSocketImpl.timedFinishConnect(NioSocketImpl.java:551)
	at java.base/sun.nio.ch.NioSocketImpl.connect(NioSocketImpl.java:602)
	at java.base/java.net.Socket.connect(Socket.java:633)
	at java.base/sun.net.NetworkClient.doConnect(NetworkClient.java:178)
	at java.base/sun.net.www.http.HttpClient.openServer(HttpClient.java:534)
	at java.base/sun.net.www.http.HttpClient.openServer(HttpClient.java:639)
	at java.base/sun.net.www.http.HttpClient.<init>(HttpClient.java:282)
	at java.base/sun.net.www.http.HttpClient.New(HttpClient.java:387)
	at java.base/sun.net.www.http.HttpClient.New(HttpClient.java:409)
	at java.base/sun.net.www.protocol.http.HttpURLConnection.getNewHttpClient(HttpURLConnection.java:1308)
	at java.base/sun.net.www.protocol.http.HttpURLConnection.plainConnect0(HttpURLConnection.java:1241)
	at java.base/sun.net.www.protocol.http.HttpURLConnection.plainConnect(HttpURLConnection.java:1127)
	at java.base/sun.net.www.protocol.http.HttpURLConnection.connect(HttpURLConnection.java:1056)
	at java.base/sun.net.www.protocol.http.HttpURLConnection.getOutputStream0(HttpURLConnection.java:1450)
	at java.base/sun.net.www.protocol.http.HttpURLConnection.getOutputStream(HttpURLConnection.java:1421)
	at feign.Client$Default.convertAndSend(Client.java:219)
	at feign.Client$Default.execute(Client.java:105)
	at org.springframework.cloud.openfeign.loadbalancer.LoadBalancerUtils.executeWithLoadBalancerLifecycleProcessing(LoadBalancerUtils.java:56)
	at org.springframework.cloud.openfeign.loadbalancer.LoadBalancerUtils.executeWithLoadBalancerLifecycleProcessing(LoadBalancerUtils.java:91)
	at org.springframework.cloud.openfeign.loadbalancer.FeignBlockingLoadBalancerClient.execute(FeignBlockingLoadBalancerClient.java:134)
	at feign.SynchronousMethodHandler.executeAndDecode(SynchronousMethodHandler.java:102)
	... 85 common frames omitted
2025-09-18 16:08:07.737 [http-nio-8082-exec-1] INFO  c.z.f.b.context.filter.HeaderUserId2ContextFilter - ===== 删除 ThreadLocal， userId: 100
2025-09-18 16:29:16.894 [Thread-14] WARN  c.alibaba.nacos.common.http.HttpClientBeanHolder - [HttpClientBeanHolder] Start destroying common HttpClient
2025-09-18 16:29:16.894 [Thread-11] WARN  com.alibaba.nacos.common.notify.NotifyCenter - [NotifyCenter] Start destroying Publisher
2025-09-18 16:29:16.896 [Thread-11] WARN  com.alibaba.nacos.common.notify.NotifyCenter - [NotifyCenter] Destruction of the end
2025-09-18 16:29:16.898 [Thread-14] WARN  c.alibaba.nacos.common.http.HttpClientBeanHolder - [HttpClientBeanHolder] Destruction of the end
2025-09-18 16:29:23.050 [SpringApplicationShutdownHook] INFO  c.a.cloud.nacos.registry.NacosServiceRegistry - De-registering from Nacos Server now...
2025-09-18 16:29:23.050 [SpringApplicationShutdownHook] INFO  com.alibaba.nacos.client.naming - [DEREGISTER-SERVICE] xiaohongshu deregistering service xiaohongshu-user with instance: Instance{instanceId='null', ip='10.95.158.9', port=8082, weight=1.0, healthy=true, enabled=true, ephemeral=true, clusterName='DEFAULT', serviceName='null', metadata={}}
2025-09-18 16:29:23.106 [SpringApplicationShutdownHook] INFO  c.a.cloud.nacos.registry.NacosServiceRegistry - De-registration finished.
2025-09-18 16:29:23.107 [SpringApplicationShutdownHook] INFO  com.alibaba.nacos.client.naming - com.alibaba.nacos.client.naming.cache.ServiceInfoHolder do shutdown begin
2025-09-18 16:29:23.107 [SpringApplicationShutdownHook] INFO  com.alibaba.nacos.client.naming - com.alibaba.nacos.client.naming.backups.FailoverReactor do shutdown begin
2025-09-18 16:29:23.107 [SpringApplicationShutdownHook] INFO  com.alibaba.nacos.client.naming - com.alibaba.nacos.client.naming.backups.FailoverReactor do shutdown stop
2025-09-18 16:29:23.108 [SpringApplicationShutdownHook] INFO  com.alibaba.nacos.client.naming - com.alibaba.nacos.client.naming.cache.ServiceInfoHolder do shutdown stop
2025-09-18 16:29:23.108 [SpringApplicationShutdownHook] INFO  com.alibaba.nacos.client.naming - com.alibaba.nacos.client.naming.remote.NamingClientProxyDelegate do shutdown begin
2025-09-18 16:29:23.108 [SpringApplicationShutdownHook] INFO  com.alibaba.nacos.client.naming - com.alibaba.nacos.client.naming.core.ServiceInfoUpdateService do shutdown begin
2025-09-18 16:29:23.108 [SpringApplicationShutdownHook] INFO  com.alibaba.nacos.client.naming - com.alibaba.nacos.client.naming.core.ServiceInfoUpdateService do shutdown stop
2025-09-18 16:29:23.108 [SpringApplicationShutdownHook] INFO  com.alibaba.nacos.client.naming - com.alibaba.nacos.client.naming.core.ServerListManager do shutdown begin
2025-09-18 16:29:23.108 [SpringApplicationShutdownHook] WARN  com.alibaba.nacos.client.naming - [NamingHttpClientManager] Start destroying NacosRestTemplate
2025-09-18 16:29:23.108 [SpringApplicationShutdownHook] WARN  com.alibaba.nacos.client.naming - [NamingHttpClientManager] Destruction of the end
2025-09-18 16:29:23.108 [SpringApplicationShutdownHook] INFO  com.alibaba.nacos.client.naming - com.alibaba.nacos.client.naming.core.ServerListManager do shutdown stop
2025-09-18 16:29:23.109 [SpringApplicationShutdownHook] INFO  com.alibaba.nacos.client.naming - com.alibaba.nacos.client.naming.remote.http.NamingHttpClientProxy do shutdown begin
2025-09-18 16:29:23.109 [SpringApplicationShutdownHook] WARN  com.alibaba.nacos.client.naming - [NamingHttpClientManager] Start destroying NacosRestTemplate
2025-09-18 16:29:23.109 [SpringApplicationShutdownHook] WARN  com.alibaba.nacos.client.naming - [NamingHttpClientManager] Destruction of the end
2025-09-18 16:29:23.109 [SpringApplicationShutdownHook] INFO  com.alibaba.nacos.client.naming - com.alibaba.nacos.client.naming.remote.http.NamingHttpClientProxy do shutdown stop
2025-09-18 16:29:23.109 [SpringApplicationShutdownHook] INFO  com.alibaba.nacos.common.remote.client - Shutdown rpc client, set status to shutdown
2025-09-18 16:29:23.109 [SpringApplicationShutdownHook] INFO  com.alibaba.nacos.common.remote.client - Shutdown client event executor java.util.concurrent.ScheduledThreadPoolExecutor@3253a2ac[Running, pool size = 2, active threads = 2, queued tasks = 0, completed tasks = 0]
2025-09-18 16:29:23.109 [SpringApplicationShutdownHook] INFO  com.alibaba.nacos.common.remote.client - Close current connection 1758182172971_112.94.129.56_8985
2025-09-18 16:29:23.117 [SpringApplicationShutdownHook] INFO  c.a.nacos.common.remote.client.grpc.GrpcClient - Shutdown grpc executor java.util.concurrent.ThreadPoolExecutor@7dc51de9[Running, pool size = 3, active threads = 0, queued tasks = 0, completed tasks = 423]
2025-09-18 16:29:23.117 [SpringApplicationShutdownHook] INFO  com.alibaba.nacos.client.naming - Shutdown grpc redo service executor java.util.concurrent.ScheduledThreadPoolExecutor@12eae549[Running, pool size = 1, active threads = 0, queued tasks = 1, completed tasks = 662]
2025-09-18 16:29:23.118 [SpringApplicationShutdownHook] INFO  c.a.n.client.auth.ram.identify.CredentialWatcher - [null] CredentialWatcher is stopped
2025-09-18 16:29:23.118 [SpringApplicationShutdownHook] INFO  c.a.n.client.auth.ram.identify.CredentialService - [null] CredentialService is freed
2025-09-18 16:29:23.118 [SpringApplicationShutdownHook] INFO  com.alibaba.nacos.client.naming - com.alibaba.nacos.client.naming.remote.NamingClientProxyDelegate do shutdown stop
2025-09-18 16:29:26.143 [SpringApplicationShutdownHook] INFO  com.alibaba.druid.pool.DruidDataSource - {dataSource-1} closing ...
2025-09-18 16:29:26.146 [SpringApplicationShutdownHook] INFO  com.alibaba.druid.pool.DruidDataSource - {dataSource-1} closed
2025-09-18 16:29:26.147 [SpringApplicationShutdownHook] INFO  o.a.r.s.support.DefaultRocketMQListenerContainer - container destroyed, DefaultRocketMQListenerContainer{consumerGroup='xiaohongshu_group_DelayDeleteUserRedisCacheTopic', namespace='', nameServer='127.0.0.1:9876', topic='DelayDeleteUserRedisCacheTopic', consumeMode=CONCURRENTLY, selectorType=TAG, selectorExpression='*', messageModel=CLUSTERING', tlsEnable=false, instanceName=DEFAULT}
