2025-10-21 12:25:43.712 [main] WARN  com.alibaba.nacos.client.logging.NacosLogging - Load Logback Configuration of Nacos fail, message: Could not initialize Logback Nacos logging from classpath:nacos-logback.xml
2025-10-21 12:25:43.820 [main] WARN  com.alibaba.nacos.client.logging.NacosLogging - Load Logback Configuration of Nacos fail, message: Could not initialize Logback Nacos logging from classpath:nacos-logback.xml
2025-10-21 12:25:44.711 [main] WARN  com.alibaba.nacos.client.logging.NacosLogging - Load Logback Configuration of Nacos fail, message: Could not initialize Logback Nacos logging from classpath:nacos-logback.xml
2025-10-21 12:25:44.733 [main] WARN  com.alibaba.nacos.client.logging.NacosLogging - Load Logback Configuration of Nacos fail, message: Could not initialize Logback Nacos logging from classpath:nacos-logback.xml
2025-10-21 12:25:44.734 [main] INFO  c.z.x.user.biz.XiaohongshuUserBizApplication - The following 1 profile is active: "dev"
2025-10-21 12:25:47.312 [main] INFO  o.s.d.r.config.RepositoryConfigurationDelegate - Multiple Spring Data modules found, entering strict repository configuration mode
2025-10-21 12:25:47.318 [main] INFO  o.s.d.r.config.RepositoryConfigurationDelegate - Bootstrapping Spring Data Redis repositories in DEFAULT mode.
2025-10-21 12:25:47.380 [main] INFO  o.s.d.r.config.RepositoryConfigurationDelegate - Finished Spring Data repository scanning in 30 ms. Found 0 Redis repository interfaces.
2025-10-21 12:25:47.876 [main] INFO  o.springframework.cloud.context.scope.GenericScope - BeanFactory id=80701806-1a87-3a72-87d6-63640373b7f4
2025-10-21 12:25:47.949 [main] INFO  o.s.c.s.PostProcessorRegistrationDelegate$BeanPostProcessorChecker - Bean 'com.zry.xiaohongshu.oss.api.FileFeignApi' of type [org.springframework.cloud.openfeign.FeignClientFactoryBean] is not eligible for getting processed by all BeanPostProcessors (for example: not eligible for auto-proxying)
2025-10-21 12:25:47.952 [main] INFO  o.s.c.s.PostProcessorRegistrationDelegate$BeanPostProcessorChecker - Bean 'com.zry.xiaohongshu.user.api.UserFeignApi' of type [org.springframework.cloud.openfeign.FeignClientFactoryBean] is not eligible for getting processed by all BeanPostProcessors (for example: not eligible for auto-proxying)
2025-10-21 12:25:47.955 [main] INFO  o.s.c.s.PostProcessorRegistrationDelegate$BeanPostProcessorChecker - Bean 'com.zry.xiaohongshu.distributed.id.generator.api.DistributedIdGeneratorFeignApi' of type [org.springframework.cloud.openfeign.FeignClientFactoryBean] is not eligible for getting processed by all BeanPostProcessors (for example: not eligible for auto-proxying)
2025-10-21 12:25:47.959 [main] INFO  o.s.c.s.PostProcessorRegistrationDelegate$BeanPostProcessorChecker - Bean 'com.zry.xiaohongshu.count.api.CountFeignApi' of type [org.springframework.cloud.openfeign.FeignClientFactoryBean] is not eligible for getting processed by all BeanPostProcessors (for example: not eligible for auto-proxying)
2025-10-21 12:25:48.472 [main] INFO  o.s.c.s.PostProcessorRegistrationDelegate$BeanPostProcessorChecker - Bean 'org.apache.rocketmq.spring.autoconfigure.MessageConverterConfiguration' of type [org.apache.rocketmq.spring.autoconfigure.MessageConverterConfiguration$$SpringCGLIB$$0] is not eligible for getting processed by all BeanPostProcessors (for example: not eligible for auto-proxying)
2025-10-21 12:25:48.598 [main] INFO  o.s.c.s.PostProcessorRegistrationDelegate$BeanPostProcessorChecker - Bean 'createRocketMQMessageConverter' of type [org.apache.rocketmq.spring.support.RocketMQMessageConverter] is not eligible for getting processed by all BeanPostProcessors (for example: not eligible for auto-proxying)
2025-10-21 12:25:48.603 [main] INFO  o.s.c.s.PostProcessorRegistrationDelegate$BeanPostProcessorChecker - Bean 'org.springframework.cloud.commons.config.CommonsConfigAutoConfiguration' of type [org.springframework.cloud.commons.config.CommonsConfigAutoConfiguration] is not eligible for getting processed by all BeanPostProcessors (for example: not eligible for auto-proxying)
2025-10-21 12:25:48.614 [main] INFO  o.s.c.s.PostProcessorRegistrationDelegate$BeanPostProcessorChecker - Bean 'org.springframework.cloud.client.loadbalancer.LoadBalancerDefaultMappingsProviderAutoConfiguration' of type [org.springframework.cloud.client.loadbalancer.LoadBalancerDefaultMappingsProviderAutoConfiguration] is not eligible for getting processed by all BeanPostProcessors (for example: not eligible for auto-proxying)
2025-10-21 12:25:48.615 [main] INFO  o.s.c.s.PostProcessorRegistrationDelegate$BeanPostProcessorChecker - Bean 'loadBalancerClientsDefaultsMappingsProvider' of type [org.springframework.cloud.client.loadbalancer.LoadBalancerDefaultMappingsProviderAutoConfiguration$$Lambda$721/0x00000204be51aca8] is not eligible for getting processed by all BeanPostProcessors (for example: not eligible for auto-proxying)
2025-10-21 12:25:48.619 [main] INFO  o.s.c.s.PostProcessorRegistrationDelegate$BeanPostProcessorChecker - Bean 'defaultsBindHandlerAdvisor' of type [org.springframework.cloud.commons.config.DefaultsBindHandlerAdvisor] is not eligible for getting processed by all BeanPostProcessors (for example: not eligible for auto-proxying)
2025-10-21 12:25:48.632 [main] INFO  o.s.c.s.PostProcessorRegistrationDelegate$BeanPostProcessorChecker - Bean 'rocketmq-org.apache.rocketmq.spring.autoconfigure.RocketMQProperties' of type [org.apache.rocketmq.spring.autoconfigure.RocketMQProperties] is not eligible for getting processed by all BeanPostProcessors (for example: not eligible for auto-proxying)
2025-10-21 12:25:48.634 [main] INFO  o.s.c.s.PostProcessorRegistrationDelegate$BeanPostProcessorChecker - Bean 'org.apache.rocketmq.spring.autoconfigure.ListenerContainerConfiguration' of type [org.apache.rocketmq.spring.autoconfigure.ListenerContainerConfiguration$$SpringCGLIB$$0] is not eligible for getting processed by all BeanPostProcessors (for example: not eligible for auto-proxying)
2025-10-21 12:25:48.998 [main] INFO  o.s.boot.web.embedded.tomcat.TomcatWebServer - Tomcat initialized with port(s): 8082 (http)
2025-10-21 12:25:49.000 [main] INFO  org.apache.catalina.core.AprLifecycleListener - Loaded Apache Tomcat Native library [2.0.3] using APR version [1.7.2].
2025-10-21 12:25:49.007 [main] INFO  org.apache.catalina.core.AprLifecycleListener - OpenSSL successfully initialized [OpenSSL 3.0.8 7 Feb 2023]
2025-10-21 12:25:49.037 [main] INFO  org.apache.catalina.core.StandardService - Starting service [Tomcat]
2025-10-21 12:25:49.037 [main] INFO  org.apache.catalina.core.StandardEngine - Starting Servlet engine: [Apache Tomcat/10.1.5]
2025-10-21 12:25:49.445 [main] INFO  o.a.c.core.ContainerBase.[Tomcat].[localhost].[/] - Initializing Spring embedded WebApplicationContext
2025-10-21 12:25:49.446 [main] INFO  o.s.b.w.s.c.ServletWebServerApplicationContext - Root WebApplicationContext: initialization completed in 4678 ms
2025-10-21 12:25:50.937 [main] INFO  o.a.r.s.support.DefaultRocketMQListenerContainer - running container: DefaultRocketMQListenerContainer{consumerGroup='xiaohongshu_group_DelayDeleteUserRedisCacheTopic', namespace='', nameServer='127.0.0.1:9876', topic='DelayDeleteUserRedisCacheTopic', consumeMode=CONCURRENTLY, selectorType=TAG, selectorExpression='*', messageModel=CLUSTERING', tlsEnable=false, instanceName=DEFAULT}
2025-10-21 12:25:50.938 [main] INFO  o.a.r.s.a.ListenerContainerConfiguration - Register the listener to container, listenerBeanName:delayDeleteUserRedisCacheConsumer, containerBeanName:org.apache.rocketmq.spring.support.DefaultRocketMQListenerContainer_1
2025-10-21 12:25:51.027 [main] INFO  c.a.d.s.b.a.DruidDataSourceAutoConfigure - Init DruidDataSource
2025-10-21 12:25:51.555 [main] INFO  com.alibaba.druid.pool.DruidDataSource - {dataSource-1} inited
2025-10-21 12:25:52.088 [main] INFO  o.s.cloud.openfeign.FeignClientFactoryBean - For 'xiaohongshu-oss' URL not provided. Will try picking an instance via load-balancing.
2025-10-21 12:25:52.174 [main] INFO  o.s.cloud.openfeign.FeignClientFactoryBean - For 'xiaohongshu-distributed-id-generator' URL not provided. Will try picking an instance via load-balancing.
2025-10-21 12:25:52.209 [main] INFO  o.s.cloud.openfeign.FeignClientFactoryBean - For 'xiaohongshu-count' URL not provided. Will try picking an instance via load-balancing.
2025-10-21 12:25:52.246 [main] INFO  o.a.r.s.autoconfigure.RocketMQAutoConfiguration - a producer (xiaohongshu_group) init on namesrv 127.0.0.1:9876
2025-10-21 12:25:54.331 [main] INFO  o.s.boot.web.embedded.tomcat.TomcatWebServer - Tomcat started on port(s): 8082 (http) with context path ''
2025-10-21 12:25:54.341 [main] WARN  com.alibaba.nacos.client.logging.NacosLogging - Load Logback Configuration of Nacos fail, message: Could not initialize Logback Nacos logging from classpath:nacos-logback.xml
2025-10-21 12:25:54.341 [main] INFO  com.alibaba.nacos.client.naming - initializer namespace from ans.namespace attribute : null
2025-10-21 12:25:54.342 [main] INFO  com.alibaba.nacos.client.naming - initializer namespace from ALIBABA_ALIWARE_NAMESPACE attribute :null
2025-10-21 12:25:54.342 [main] INFO  com.alibaba.nacos.client.naming - initializer namespace from namespace attribute :null
2025-10-21 12:25:54.376 [main] INFO  com.alibaba.nacos.client.utils.ParamUtil - [settings] [req-serv] nacos-server port:8848
2025-10-21 12:25:54.376 [main] INFO  com.alibaba.nacos.client.utils.ParamUtil - [settings] [http-client] connect timeout:1000
2025-10-21 12:25:54.377 [main] INFO  com.alibaba.nacos.client.utils.ParamUtil - PER_TASK_CONFIG_SIZE: 3000.0
2025-10-21 12:25:54.384 [main] INFO  c.a.n.p.auth.spi.client.ClientAuthPluginManager - [ClientAuthPluginManager] Load ClientAuthService com.alibaba.nacos.client.auth.impl.NacosClientAuthServiceImpl success.
2025-10-21 12:25:54.384 [main] INFO  c.a.n.p.auth.spi.client.ClientAuthPluginManager - [ClientAuthPluginManager] Load ClientAuthService com.alibaba.nacos.client.auth.ram.RamClientAuthServiceImpl success.
2025-10-21 12:25:54.389 [main] INFO  c.a.n.client.auth.ram.identify.CredentialWatcher - null No credential found
2025-10-21 12:25:54.402 [main] INFO  com.alibaba.nacos.common.remote.client - [RpcClientFactory] create a new rpc client of 45f983a0-177c-4e4c-b1f3-a19ed0139a37
2025-10-21 12:25:54.430 [main] INFO  com.alibaba.nacos.common.remote.client - [45f983a0-177c-4e4c-b1f3-a19ed0139a37] RpcClient init, ServerListFactory = com.alibaba.nacos.client.naming.core.ServerListManager
2025-10-21 12:25:54.431 [main] INFO  com.alibaba.nacos.common.remote.client - [45f983a0-177c-4e4c-b1f3-a19ed0139a37] Registry connection listener to current client:com.alibaba.nacos.client.naming.remote.gprc.redo.NamingGrpcRedoService
2025-10-21 12:25:54.431 [main] INFO  com.alibaba.nacos.common.remote.client - [45f983a0-177c-4e4c-b1f3-a19ed0139a37] Register server push request handler:com.alibaba.nacos.client.naming.remote.gprc.NamingPushRequestHandler
2025-10-21 12:25:54.434 [main] INFO  com.alibaba.nacos.common.remote.client - [45f983a0-177c-4e4c-b1f3-a19ed0139a37] Try to connect to server on start up, server: {serverIp = '8.134.88.169', server main port = 8848}
2025-10-21 12:25:54.483 [main] INFO  c.a.nacos.common.remote.client.grpc.GrpcClient - grpc client connection server:8.134.88.169 ip,serverPort:9848,grpcTslConfig:{"sslProvider":"OPENSSL","enableTls":false,"mutualAuthEnable":false,"trustAll":false}
2025-10-21 12:25:55.974 [main] INFO  com.alibaba.nacos.common.remote.client - [45f983a0-177c-4e4c-b1f3-a19ed0139a37] Success to connect to server [8.134.88.169:8848] on start up, connectionId = 1761020755691_112.94.129.21_7634
2025-10-21 12:25:55.975 [com.alibaba.nacos.client.remote.worker] INFO  com.alibaba.nacos.common.remote.client - [45f983a0-177c-4e4c-b1f3-a19ed0139a37] Notify connected event to listeners.
2025-10-21 12:25:55.975 [com.alibaba.nacos.client.remote.worker] INFO  com.alibaba.nacos.client.naming - Grpc connection connect
2025-10-21 12:25:55.975 [main] INFO  com.alibaba.nacos.common.remote.client - [45f983a0-177c-4e4c-b1f3-a19ed0139a37] Register server push request handler:com.alibaba.nacos.common.remote.client.RpcClient$ConnectResetRequestHandler
2025-10-21 12:25:55.975 [main] INFO  com.alibaba.nacos.common.remote.client - [45f983a0-177c-4e4c-b1f3-a19ed0139a37] Register server push request handler:com.alibaba.nacos.common.remote.client.RpcClient$$Lambda$1283/0x00000204be9d98c0
2025-10-21 12:25:55.977 [main] INFO  com.alibaba.nacos.client.naming - [REGISTER-SERVICE] xiaohongshu registering service xiaohongshu-user with instance Instance{instanceId='null', ip='10.2.66.25', port=8082, weight=1.0, healthy=true, enabled=true, ephemeral=true, clusterName='DEFAULT', serviceName='null', metadata={IPv6=null, preserved.register.source=SPRING_CLOUD}}
2025-10-21 12:25:56.006 [main] INFO  c.a.cloud.nacos.registry.NacosServiceRegistry - nacos registry, DEFAULT_GROUP xiaohongshu-user 10.2.66.25:8082 register finished
2025-10-21 12:25:56.404 [main] INFO  c.z.x.user.biz.XiaohongshuUserBizApplication - Started XiaohongshuUserBizApplication in 13.953 seconds (process running for 15.193)
2025-10-21 12:25:56.406 [main] INFO  c.z.x.u.biz.runner.PushRolePermissions2RedisRunner - ==> 服务启动，开始同步角色权限数据到 Redis 中...
2025-10-21 12:25:57.018 [main] WARN  c.z.x.u.biz.runner.PushRolePermissions2RedisRunner - ==> 角色权限数据已经同步至 Redis 中，不再同步...
2025-10-21 16:31:58.502 [com.alibaba.nacos.client.remote.worker] INFO  com.alibaba.nacos.common.remote.client - [45f983a0-177c-4e4c-b1f3-a19ed0139a37] Server healthy check fail, currentConnection = 1761020755691_112.94.129.21_7634
2025-10-21 16:31:58.555 [com.alibaba.nacos.client.remote.worker] INFO  com.alibaba.nacos.common.remote.client - [45f983a0-177c-4e4c-b1f3-a19ed0139a37] Try to reconnect to a new server, server is  not appointed, will choose a random server.
2025-10-21 16:31:58.582 [com.alibaba.nacos.client.remote.worker] INFO  c.a.nacos.common.remote.client.grpc.GrpcClient - grpc client connection server:8.134.88.169 ip,serverPort:9848,grpcTslConfig:{"sslProvider":"OPENSSL","enableTls":false,"mutualAuthEnable":false,"trustAll":false}
2025-10-21 16:32:01.634 [com.alibaba.nacos.client.remote.worker] ERROR c.a.nacos.common.remote.client.grpc.GrpcClient - Server check fail, please check server 8.134.88.169 ,port 9848 is available , error ={}
java.util.concurrent.TimeoutException: Waited 3000 milliseconds (plus 13 milliseconds, 98300 nanoseconds delay) for com.alibaba.nacos.shaded.io.grpc.stub.ClientCalls$GrpcFuture@2339f97[status=PENDING, info=[GrpcFuture{clientCall=PendingCall{realCall=ClientCallImpl{method=MethodDescriptor{fullMethodName=Request/request, type=UNARY, idempotent=false, safe=false, sampledToLocalTracing=true, requestMarshaller=com.alibaba.nacos.shaded.io.grpc.protobuf.lite.ProtoLiteUtils$MessageMarshaller@55ea5404, responseMarshaller=com.alibaba.nacos.shaded.io.grpc.protobuf.lite.ProtoLiteUtils$MessageMarshaller@28863322, schemaDescriptor=com.alibaba.nacos.api.grpc.auto.RequestGrpc$RequestMethodDescriptorSupplier@1c6617d}}}}]]
	at com.alibaba.nacos.shaded.com.google.common.util.concurrent.AbstractFuture.get(AbstractFuture.java:508)
	at com.alibaba.nacos.common.remote.client.grpc.GrpcClient.serverCheck(GrpcClient.java:218)
	at com.alibaba.nacos.common.remote.client.grpc.GrpcClient.connectToServer(GrpcClient.java:329)
	at com.alibaba.nacos.common.remote.client.RpcClient.reconnect(RpcClient.java:502)
	at com.alibaba.nacos.common.remote.client.RpcClient.lambda$start$2(RpcClient.java:343)
	at java.base/java.util.concurrent.Executors$RunnableAdapter.call(Executors.java:539)
	at java.base/java.util.concurrent.FutureTask.run(FutureTask.java:264)
	at java.base/java.util.concurrent.ScheduledThreadPoolExecutor$ScheduledFutureTask.run(ScheduledThreadPoolExecutor.java:304)
	at java.base/java.util.concurrent.ThreadPoolExecutor.runWorker(ThreadPoolExecutor.java:1136)
	at java.base/java.util.concurrent.ThreadPoolExecutor$Worker.run(ThreadPoolExecutor.java:635)
	at java.base/java.lang.Thread.run(Thread.java:842)
2025-10-21 16:32:01.910 [com.alibaba.nacos.client.remote.worker] INFO  c.a.nacos.common.remote.client.grpc.GrpcClient - grpc client connection server:8.134.88.169 ip,serverPort:9848,grpcTslConfig:{"sslProvider":"OPENSSL","enableTls":false,"mutualAuthEnable":false,"trustAll":false}
2025-10-21 16:32:04.926 [com.alibaba.nacos.client.remote.worker] ERROR c.a.nacos.common.remote.client.grpc.GrpcClient - Server check fail, please check server 8.134.88.169 ,port 9848 is available , error ={}
java.util.concurrent.TimeoutException: Waited 3000 milliseconds (plus 3 milliseconds, 885100 nanoseconds delay) for com.alibaba.nacos.shaded.io.grpc.stub.ClientCalls$GrpcFuture@20c3d9e0[status=PENDING, info=[GrpcFuture{clientCall=PendingCall{realCall=ClientCallImpl{method=MethodDescriptor{fullMethodName=Request/request, type=UNARY, idempotent=false, safe=false, sampledToLocalTracing=true, requestMarshaller=com.alibaba.nacos.shaded.io.grpc.protobuf.lite.ProtoLiteUtils$MessageMarshaller@55ea5404, responseMarshaller=com.alibaba.nacos.shaded.io.grpc.protobuf.lite.ProtoLiteUtils$MessageMarshaller@28863322, schemaDescriptor=com.alibaba.nacos.api.grpc.auto.RequestGrpc$RequestMethodDescriptorSupplier@1c6617d}}}}]]
	at com.alibaba.nacos.shaded.com.google.common.util.concurrent.AbstractFuture.get(AbstractFuture.java:508)
	at com.alibaba.nacos.common.remote.client.grpc.GrpcClient.serverCheck(GrpcClient.java:218)
	at com.alibaba.nacos.common.remote.client.grpc.GrpcClient.connectToServer(GrpcClient.java:329)
	at com.alibaba.nacos.common.remote.client.RpcClient.reconnect(RpcClient.java:502)
	at com.alibaba.nacos.common.remote.client.RpcClient.lambda$start$2(RpcClient.java:343)
	at java.base/java.util.concurrent.Executors$RunnableAdapter.call(Executors.java:539)
	at java.base/java.util.concurrent.FutureTask.run(FutureTask.java:264)
	at java.base/java.util.concurrent.ScheduledThreadPoolExecutor$ScheduledFutureTask.run(ScheduledThreadPoolExecutor.java:304)
	at java.base/java.util.concurrent.ThreadPoolExecutor.runWorker(ThreadPoolExecutor.java:1136)
	at java.base/java.util.concurrent.ThreadPoolExecutor$Worker.run(ThreadPoolExecutor.java:635)
	at java.base/java.lang.Thread.run(Thread.java:842)
2025-10-21 16:32:04.929 [com.alibaba.nacos.client.remote.worker] INFO  com.alibaba.nacos.common.remote.client - [45f983a0-177c-4e4c-b1f3-a19ed0139a37] Fail to connect server, after trying 1 times, last try server is {serverIp = '8.134.88.169', server main port = 8848}, error = unknown
2025-10-21 16:32:05.143 [com.alibaba.nacos.client.remote.worker] INFO  c.a.nacos.common.remote.client.grpc.GrpcClient - grpc client connection server:8.134.88.169 ip,serverPort:9848,grpcTslConfig:{"sslProvider":"OPENSSL","enableTls":false,"mutualAuthEnable":false,"trustAll":false}
2025-10-21 16:32:08.055 [nacos-grpc-client-executor-8.134.88.169-2978] WARN  c.a.nacos.common.remote.client.grpc.GrpcClient - [1761020755691_112.94.129.21_7634]Ignore error event,isRunning:false,isAbandon=false
2025-10-21 16:32:08.151 [com.alibaba.nacos.client.remote.worker] ERROR c.a.nacos.common.remote.client.grpc.GrpcClient - Server check fail, please check server 8.134.88.169 ,port 9848 is available , error ={}
java.util.concurrent.TimeoutException: Waited 3000 milliseconds (plus 5 milliseconds, 830500 nanoseconds delay) for com.alibaba.nacos.shaded.io.grpc.stub.ClientCalls$GrpcFuture@4e48288b[status=PENDING, info=[GrpcFuture{clientCall=PendingCall{realCall=ClientCallImpl{method=MethodDescriptor{fullMethodName=Request/request, type=UNARY, idempotent=false, safe=false, sampledToLocalTracing=true, requestMarshaller=com.alibaba.nacos.shaded.io.grpc.protobuf.lite.ProtoLiteUtils$MessageMarshaller@55ea5404, responseMarshaller=com.alibaba.nacos.shaded.io.grpc.protobuf.lite.ProtoLiteUtils$MessageMarshaller@28863322, schemaDescriptor=com.alibaba.nacos.api.grpc.auto.RequestGrpc$RequestMethodDescriptorSupplier@1c6617d}}}}]]
	at com.alibaba.nacos.shaded.com.google.common.util.concurrent.AbstractFuture.get(AbstractFuture.java:508)
	at com.alibaba.nacos.common.remote.client.grpc.GrpcClient.serverCheck(GrpcClient.java:218)
	at com.alibaba.nacos.common.remote.client.grpc.GrpcClient.connectToServer(GrpcClient.java:329)
	at com.alibaba.nacos.common.remote.client.RpcClient.reconnect(RpcClient.java:502)
	at com.alibaba.nacos.common.remote.client.RpcClient.lambda$start$2(RpcClient.java:343)
	at java.base/java.util.concurrent.Executors$RunnableAdapter.call(Executors.java:539)
	at java.base/java.util.concurrent.FutureTask.run(FutureTask.java:264)
	at java.base/java.util.concurrent.ScheduledThreadPoolExecutor$ScheduledFutureTask.run(ScheduledThreadPoolExecutor.java:304)
	at java.base/java.util.concurrent.ThreadPoolExecutor.runWorker(ThreadPoolExecutor.java:1136)
	at java.base/java.util.concurrent.ThreadPoolExecutor$Worker.run(ThreadPoolExecutor.java:635)
	at java.base/java.lang.Thread.run(Thread.java:842)
2025-10-21 16:32:08.153 [com.alibaba.nacos.client.remote.worker] INFO  com.alibaba.nacos.common.remote.client - [45f983a0-177c-4e4c-b1f3-a19ed0139a37] Fail to connect server, after trying 2 times, last try server is {serverIp = '8.134.88.169', server main port = 8848}, error = unknown
2025-10-21 16:32:08.460 [com.alibaba.nacos.client.remote.worker] INFO  c.a.nacos.common.remote.client.grpc.GrpcClient - grpc client connection server:8.134.88.169 ip,serverPort:9848,grpcTslConfig:{"sslProvider":"OPENSSL","enableTls":false,"mutualAuthEnable":false,"trustAll":false}
2025-10-21 16:32:11.476 [com.alibaba.nacos.client.remote.worker] ERROR c.a.nacos.common.remote.client.grpc.GrpcClient - Server check fail, please check server 8.134.88.169 ,port 9848 is available , error ={}
java.util.concurrent.TimeoutException: Waited 3000 milliseconds (plus 11 milliseconds, 685700 nanoseconds delay) for com.alibaba.nacos.shaded.io.grpc.stub.ClientCalls$GrpcFuture@35f5e78d[status=PENDING, info=[GrpcFuture{clientCall=PendingCall{realCall=ClientCallImpl{method=MethodDescriptor{fullMethodName=Request/request, type=UNARY, idempotent=false, safe=false, sampledToLocalTracing=true, requestMarshaller=com.alibaba.nacos.shaded.io.grpc.protobuf.lite.ProtoLiteUtils$MessageMarshaller@55ea5404, responseMarshaller=com.alibaba.nacos.shaded.io.grpc.protobuf.lite.ProtoLiteUtils$MessageMarshaller@28863322, schemaDescriptor=com.alibaba.nacos.api.grpc.auto.RequestGrpc$RequestMethodDescriptorSupplier@1c6617d}}}}]]
	at com.alibaba.nacos.shaded.com.google.common.util.concurrent.AbstractFuture.get(AbstractFuture.java:508)
	at com.alibaba.nacos.common.remote.client.grpc.GrpcClient.serverCheck(GrpcClient.java:218)
	at com.alibaba.nacos.common.remote.client.grpc.GrpcClient.connectToServer(GrpcClient.java:329)
	at com.alibaba.nacos.common.remote.client.RpcClient.reconnect(RpcClient.java:502)
	at com.alibaba.nacos.common.remote.client.RpcClient.lambda$start$2(RpcClient.java:343)
	at java.base/java.util.concurrent.Executors$RunnableAdapter.call(Executors.java:539)
	at java.base/java.util.concurrent.FutureTask.run(FutureTask.java:264)
	at java.base/java.util.concurrent.ScheduledThreadPoolExecutor$ScheduledFutureTask.run(ScheduledThreadPoolExecutor.java:304)
	at java.base/java.util.concurrent.ThreadPoolExecutor.runWorker(ThreadPoolExecutor.java:1136)
	at java.base/java.util.concurrent.ThreadPoolExecutor$Worker.run(ThreadPoolExecutor.java:635)
	at java.base/java.lang.Thread.run(Thread.java:842)
2025-10-21 16:32:11.477 [com.alibaba.nacos.client.remote.worker] INFO  com.alibaba.nacos.common.remote.client - [45f983a0-177c-4e4c-b1f3-a19ed0139a37] Fail to connect server, after trying 3 times, last try server is {serverIp = '8.134.88.169', server main port = 8848}, error = unknown
2025-10-21 16:32:11.881 [com.alibaba.nacos.client.remote.worker] INFO  c.a.nacos.common.remote.client.grpc.GrpcClient - grpc client connection server:8.134.88.169 ip,serverPort:9848,grpcTslConfig:{"sslProvider":"OPENSSL","enableTls":false,"mutualAuthEnable":false,"trustAll":false}
2025-10-21 16:32:14.889 [com.alibaba.nacos.client.remote.worker] ERROR c.a.nacos.common.remote.client.grpc.GrpcClient - Server check fail, please check server 8.134.88.169 ,port 9848 is available , error ={}
java.util.concurrent.TimeoutException: Waited 3000 milliseconds (plus 5 milliseconds, 42200 nanoseconds delay) for com.alibaba.nacos.shaded.io.grpc.stub.ClientCalls$GrpcFuture@5754c509[status=PENDING, info=[GrpcFuture{clientCall=PendingCall{realCall=ClientCallImpl{method=MethodDescriptor{fullMethodName=Request/request, type=UNARY, idempotent=false, safe=false, sampledToLocalTracing=true, requestMarshaller=com.alibaba.nacos.shaded.io.grpc.protobuf.lite.ProtoLiteUtils$MessageMarshaller@55ea5404, responseMarshaller=com.alibaba.nacos.shaded.io.grpc.protobuf.lite.ProtoLiteUtils$MessageMarshaller@28863322, schemaDescriptor=com.alibaba.nacos.api.grpc.auto.RequestGrpc$RequestMethodDescriptorSupplier@1c6617d}}}}]]
	at com.alibaba.nacos.shaded.com.google.common.util.concurrent.AbstractFuture.get(AbstractFuture.java:508)
	at com.alibaba.nacos.common.remote.client.grpc.GrpcClient.serverCheck(GrpcClient.java:218)
	at com.alibaba.nacos.common.remote.client.grpc.GrpcClient.connectToServer(GrpcClient.java:329)
	at com.alibaba.nacos.common.remote.client.RpcClient.reconnect(RpcClient.java:502)
	at com.alibaba.nacos.common.remote.client.RpcClient.lambda$start$2(RpcClient.java:343)
	at java.base/java.util.concurrent.Executors$RunnableAdapter.call(Executors.java:539)
	at java.base/java.util.concurrent.FutureTask.run(FutureTask.java:264)
	at java.base/java.util.concurrent.ScheduledThreadPoolExecutor$ScheduledFutureTask.run(ScheduledThreadPoolExecutor.java:304)
	at java.base/java.util.concurrent.ThreadPoolExecutor.runWorker(ThreadPoolExecutor.java:1136)
	at java.base/java.util.concurrent.ThreadPoolExecutor$Worker.run(ThreadPoolExecutor.java:635)
	at java.base/java.lang.Thread.run(Thread.java:842)
2025-10-21 16:32:14.890 [com.alibaba.nacos.client.remote.worker] INFO  com.alibaba.nacos.common.remote.client - [45f983a0-177c-4e4c-b1f3-a19ed0139a37] Fail to connect server, after trying 4 times, last try server is {serverIp = '8.134.88.169', server main port = 8848}, error = unknown
2025-10-21 16:32:15.400 [com.alibaba.nacos.client.remote.worker] INFO  c.a.nacos.common.remote.client.grpc.GrpcClient - grpc client connection server:8.134.88.169 ip,serverPort:9848,grpcTslConfig:{"sslProvider":"OPENSSL","enableTls":false,"mutualAuthEnable":false,"trustAll":false}
2025-10-21 16:32:18.418 [com.alibaba.nacos.client.remote.worker] ERROR c.a.nacos.common.remote.client.grpc.GrpcClient - Server check fail, please check server 8.134.88.169 ,port 9848 is available , error ={}
java.util.concurrent.TimeoutException: Waited 3000 milliseconds (plus 15 milliseconds, 10800 nanoseconds delay) for com.alibaba.nacos.shaded.io.grpc.stub.ClientCalls$GrpcFuture@2b132628[status=PENDING, info=[GrpcFuture{clientCall=PendingCall{realCall=ClientCallImpl{method=MethodDescriptor{fullMethodName=Request/request, type=UNARY, idempotent=false, safe=false, sampledToLocalTracing=true, requestMarshaller=com.alibaba.nacos.shaded.io.grpc.protobuf.lite.ProtoLiteUtils$MessageMarshaller@55ea5404, responseMarshaller=com.alibaba.nacos.shaded.io.grpc.protobuf.lite.ProtoLiteUtils$MessageMarshaller@28863322, schemaDescriptor=com.alibaba.nacos.api.grpc.auto.RequestGrpc$RequestMethodDescriptorSupplier@1c6617d}}}}]]
	at com.alibaba.nacos.shaded.com.google.common.util.concurrent.AbstractFuture.get(AbstractFuture.java:508)
	at com.alibaba.nacos.common.remote.client.grpc.GrpcClient.serverCheck(GrpcClient.java:218)
	at com.alibaba.nacos.common.remote.client.grpc.GrpcClient.connectToServer(GrpcClient.java:329)
	at com.alibaba.nacos.common.remote.client.RpcClient.reconnect(RpcClient.java:502)
	at com.alibaba.nacos.common.remote.client.RpcClient.lambda$start$2(RpcClient.java:343)
	at java.base/java.util.concurrent.Executors$RunnableAdapter.call(Executors.java:539)
	at java.base/java.util.concurrent.FutureTask.run(FutureTask.java:264)
	at java.base/java.util.concurrent.ScheduledThreadPoolExecutor$ScheduledFutureTask.run(ScheduledThreadPoolExecutor.java:304)
	at java.base/java.util.concurrent.ThreadPoolExecutor.runWorker(ThreadPoolExecutor.java:1136)
	at java.base/java.util.concurrent.ThreadPoolExecutor$Worker.run(ThreadPoolExecutor.java:635)
	at java.base/java.lang.Thread.run(Thread.java:842)
2025-10-21 16:32:18.420 [com.alibaba.nacos.client.remote.worker] INFO  com.alibaba.nacos.common.remote.client - [45f983a0-177c-4e4c-b1f3-a19ed0139a37] Fail to connect server, after trying 5 times, last try server is {serverIp = '8.134.88.169', server main port = 8848}, error = unknown
2025-10-21 16:32:19.024 [com.alibaba.nacos.client.remote.worker] INFO  c.a.nacos.common.remote.client.grpc.GrpcClient - grpc client connection server:8.134.88.169 ip,serverPort:9848,grpcTslConfig:{"sslProvider":"OPENSSL","enableTls":false,"mutualAuthEnable":false,"trustAll":false}
2025-10-21 16:32:22.033 [com.alibaba.nacos.client.remote.worker] ERROR c.a.nacos.common.remote.client.grpc.GrpcClient - Server check fail, please check server 8.134.88.169 ,port 9848 is available , error ={}
java.util.concurrent.TimeoutException: Waited 3000 milliseconds (plus 2 milliseconds, 644600 nanoseconds delay) for com.alibaba.nacos.shaded.io.grpc.stub.ClientCalls$GrpcFuture@248b0849[status=PENDING, info=[GrpcFuture{clientCall=PendingCall{realCall=ClientCallImpl{method=MethodDescriptor{fullMethodName=Request/request, type=UNARY, idempotent=false, safe=false, sampledToLocalTracing=true, requestMarshaller=com.alibaba.nacos.shaded.io.grpc.protobuf.lite.ProtoLiteUtils$MessageMarshaller@55ea5404, responseMarshaller=com.alibaba.nacos.shaded.io.grpc.protobuf.lite.ProtoLiteUtils$MessageMarshaller@28863322, schemaDescriptor=com.alibaba.nacos.api.grpc.auto.RequestGrpc$RequestMethodDescriptorSupplier@1c6617d}}}}]]
	at com.alibaba.nacos.shaded.com.google.common.util.concurrent.AbstractFuture.get(AbstractFuture.java:508)
	at com.alibaba.nacos.common.remote.client.grpc.GrpcClient.serverCheck(GrpcClient.java:218)
	at com.alibaba.nacos.common.remote.client.grpc.GrpcClient.connectToServer(GrpcClient.java:329)
	at com.alibaba.nacos.common.remote.client.RpcClient.reconnect(RpcClient.java:502)
	at com.alibaba.nacos.common.remote.client.RpcClient.lambda$start$2(RpcClient.java:343)
	at java.base/java.util.concurrent.Executors$RunnableAdapter.call(Executors.java:539)
	at java.base/java.util.concurrent.FutureTask.run(FutureTask.java:264)
	at java.base/java.util.concurrent.ScheduledThreadPoolExecutor$ScheduledFutureTask.run(ScheduledThreadPoolExecutor.java:304)
	at java.base/java.util.concurrent.ThreadPoolExecutor.runWorker(ThreadPoolExecutor.java:1136)
	at java.base/java.util.concurrent.ThreadPoolExecutor$Worker.run(ThreadPoolExecutor.java:635)
	at java.base/java.lang.Thread.run(Thread.java:842)
2025-10-21 16:32:22.034 [com.alibaba.nacos.client.remote.worker] INFO  com.alibaba.nacos.common.remote.client - [45f983a0-177c-4e4c-b1f3-a19ed0139a37] Fail to connect server, after trying 6 times, last try server is {serverIp = '8.134.88.169', server main port = 8848}, error = unknown
2025-10-21 16:32:22.740 [com.alibaba.nacos.client.remote.worker] INFO  c.a.nacos.common.remote.client.grpc.GrpcClient - grpc client connection server:8.134.88.169 ip,serverPort:9848,grpcTslConfig:{"sslProvider":"OPENSSL","enableTls":false,"mutualAuthEnable":false,"trustAll":false}
2025-10-21 16:32:25.755 [com.alibaba.nacos.client.remote.worker] ERROR c.a.nacos.common.remote.client.grpc.GrpcClient - Server check fail, please check server 8.134.88.169 ,port 9848 is available , error ={}
java.util.concurrent.TimeoutException: Waited 3000 milliseconds (plus 9 milliseconds, 824400 nanoseconds delay) for com.alibaba.nacos.shaded.io.grpc.stub.ClientCalls$GrpcFuture@150f2785[status=PENDING, info=[GrpcFuture{clientCall=PendingCall{realCall=ClientCallImpl{method=MethodDescriptor{fullMethodName=Request/request, type=UNARY, idempotent=false, safe=false, sampledToLocalTracing=true, requestMarshaller=com.alibaba.nacos.shaded.io.grpc.protobuf.lite.ProtoLiteUtils$MessageMarshaller@55ea5404, responseMarshaller=com.alibaba.nacos.shaded.io.grpc.protobuf.lite.ProtoLiteUtils$MessageMarshaller@28863322, schemaDescriptor=com.alibaba.nacos.api.grpc.auto.RequestGrpc$RequestMethodDescriptorSupplier@1c6617d}}}}]]
	at com.alibaba.nacos.shaded.com.google.common.util.concurrent.AbstractFuture.get(AbstractFuture.java:508)
	at com.alibaba.nacos.common.remote.client.grpc.GrpcClient.serverCheck(GrpcClient.java:218)
	at com.alibaba.nacos.common.remote.client.grpc.GrpcClient.connectToServer(GrpcClient.java:329)
	at com.alibaba.nacos.common.remote.client.RpcClient.reconnect(RpcClient.java:502)
	at com.alibaba.nacos.common.remote.client.RpcClient.lambda$start$2(RpcClient.java:343)
	at java.base/java.util.concurrent.Executors$RunnableAdapter.call(Executors.java:539)
	at java.base/java.util.concurrent.FutureTask.run(FutureTask.java:264)
	at java.base/java.util.concurrent.ScheduledThreadPoolExecutor$ScheduledFutureTask.run(ScheduledThreadPoolExecutor.java:304)
	at java.base/java.util.concurrent.ThreadPoolExecutor.runWorker(ThreadPoolExecutor.java:1136)
	at java.base/java.util.concurrent.ThreadPoolExecutor$Worker.run(ThreadPoolExecutor.java:635)
	at java.base/java.lang.Thread.run(Thread.java:842)
2025-10-21 16:32:25.757 [com.alibaba.nacos.client.remote.worker] INFO  com.alibaba.nacos.common.remote.client - [45f983a0-177c-4e4c-b1f3-a19ed0139a37] Fail to connect server, after trying 7 times, last try server is {serverIp = '8.134.88.169', server main port = 8848}, error = unknown
2025-10-21 16:32:26.572 [com.alibaba.nacos.client.remote.worker] INFO  c.a.nacos.common.remote.client.grpc.GrpcClient - grpc client connection server:8.134.88.169 ip,serverPort:9848,grpcTslConfig:{"sslProvider":"OPENSSL","enableTls":false,"mutualAuthEnable":false,"trustAll":false}
2025-10-21 16:32:29.586 [com.alibaba.nacos.client.remote.worker] ERROR c.a.nacos.common.remote.client.grpc.GrpcClient - Server check fail, please check server 8.134.88.169 ,port 9848 is available , error ={}
java.util.concurrent.TimeoutException: Waited 3000 milliseconds (plus 8 milliseconds, 488000 nanoseconds delay) for com.alibaba.nacos.shaded.io.grpc.stub.ClientCalls$GrpcFuture@8529037[status=PENDING, info=[GrpcFuture{clientCall=PendingCall{realCall=ClientCallImpl{method=MethodDescriptor{fullMethodName=Request/request, type=UNARY, idempotent=false, safe=false, sampledToLocalTracing=true, requestMarshaller=com.alibaba.nacos.shaded.io.grpc.protobuf.lite.ProtoLiteUtils$MessageMarshaller@55ea5404, responseMarshaller=com.alibaba.nacos.shaded.io.grpc.protobuf.lite.ProtoLiteUtils$MessageMarshaller@28863322, schemaDescriptor=com.alibaba.nacos.api.grpc.auto.RequestGrpc$RequestMethodDescriptorSupplier@1c6617d}}}}]]
	at com.alibaba.nacos.shaded.com.google.common.util.concurrent.AbstractFuture.get(AbstractFuture.java:508)
	at com.alibaba.nacos.common.remote.client.grpc.GrpcClient.serverCheck(GrpcClient.java:218)
	at com.alibaba.nacos.common.remote.client.grpc.GrpcClient.connectToServer(GrpcClient.java:329)
	at com.alibaba.nacos.common.remote.client.RpcClient.reconnect(RpcClient.java:502)
	at com.alibaba.nacos.common.remote.client.RpcClient.lambda$start$2(RpcClient.java:343)
	at java.base/java.util.concurrent.Executors$RunnableAdapter.call(Executors.java:539)
	at java.base/java.util.concurrent.FutureTask.run(FutureTask.java:264)
	at java.base/java.util.concurrent.ScheduledThreadPoolExecutor$ScheduledFutureTask.run(ScheduledThreadPoolExecutor.java:304)
	at java.base/java.util.concurrent.ThreadPoolExecutor.runWorker(ThreadPoolExecutor.java:1136)
	at java.base/java.util.concurrent.ThreadPoolExecutor$Worker.run(ThreadPoolExecutor.java:635)
	at java.base/java.lang.Thread.run(Thread.java:842)
2025-10-21 16:32:29.588 [com.alibaba.nacos.client.remote.worker] INFO  com.alibaba.nacos.common.remote.client - [45f983a0-177c-4e4c-b1f3-a19ed0139a37] Fail to connect server, after trying 8 times, last try server is {serverIp = '8.134.88.169', server main port = 8848}, error = unknown
2025-10-21 16:32:30.499 [com.alibaba.nacos.client.remote.worker] INFO  c.a.nacos.common.remote.client.grpc.GrpcClient - grpc client connection server:8.134.88.169 ip,serverPort:9848,grpcTslConfig:{"sslProvider":"OPENSSL","enableTls":false,"mutualAuthEnable":false,"trustAll":false}
2025-10-21 16:32:33.515 [com.alibaba.nacos.client.remote.worker] ERROR c.a.nacos.common.remote.client.grpc.GrpcClient - Server check fail, please check server 8.134.88.169 ,port 9848 is available , error ={}
java.util.concurrent.TimeoutException: Waited 3000 milliseconds (plus 13 milliseconds, 834800 nanoseconds delay) for com.alibaba.nacos.shaded.io.grpc.stub.ClientCalls$GrpcFuture@7483dadb[status=PENDING, info=[GrpcFuture{clientCall=PendingCall{realCall=ClientCallImpl{method=MethodDescriptor{fullMethodName=Request/request, type=UNARY, idempotent=false, safe=false, sampledToLocalTracing=true, requestMarshaller=com.alibaba.nacos.shaded.io.grpc.protobuf.lite.ProtoLiteUtils$MessageMarshaller@55ea5404, responseMarshaller=com.alibaba.nacos.shaded.io.grpc.protobuf.lite.ProtoLiteUtils$MessageMarshaller@28863322, schemaDescriptor=com.alibaba.nacos.api.grpc.auto.RequestGrpc$RequestMethodDescriptorSupplier@1c6617d}}}}]]
	at com.alibaba.nacos.shaded.com.google.common.util.concurrent.AbstractFuture.get(AbstractFuture.java:508)
	at com.alibaba.nacos.common.remote.client.grpc.GrpcClient.serverCheck(GrpcClient.java:218)
	at com.alibaba.nacos.common.remote.client.grpc.GrpcClient.connectToServer(GrpcClient.java:329)
	at com.alibaba.nacos.common.remote.client.RpcClient.reconnect(RpcClient.java:502)
	at com.alibaba.nacos.common.remote.client.RpcClient.lambda$start$2(RpcClient.java:343)
	at java.base/java.util.concurrent.Executors$RunnableAdapter.call(Executors.java:539)
	at java.base/java.util.concurrent.FutureTask.run(FutureTask.java:264)
	at java.base/java.util.concurrent.ScheduledThreadPoolExecutor$ScheduledFutureTask.run(ScheduledThreadPoolExecutor.java:304)
	at java.base/java.util.concurrent.ThreadPoolExecutor.runWorker(ThreadPoolExecutor.java:1136)
	at java.base/java.util.concurrent.ThreadPoolExecutor$Worker.run(ThreadPoolExecutor.java:635)
	at java.base/java.lang.Thread.run(Thread.java:842)
2025-10-21 16:32:33.516 [com.alibaba.nacos.client.remote.worker] INFO  com.alibaba.nacos.common.remote.client - [45f983a0-177c-4e4c-b1f3-a19ed0139a37] Fail to connect server, after trying 9 times, last try server is {serverIp = '8.134.88.169', server main port = 8848}, error = unknown
2025-10-21 16:32:34.527 [com.alibaba.nacos.client.remote.worker] INFO  c.a.nacos.common.remote.client.grpc.GrpcClient - grpc client connection server:8.134.88.169 ip,serverPort:9848,grpcTslConfig:{"sslProvider":"OPENSSL","enableTls":false,"mutualAuthEnable":false,"trustAll":false}
2025-10-21 16:32:37.544 [com.alibaba.nacos.client.remote.worker] ERROR c.a.nacos.common.remote.client.grpc.GrpcClient - Server check fail, please check server 8.134.88.169 ,port 9848 is available , error ={}
java.util.concurrent.TimeoutException: Waited 3000 milliseconds (plus 13 milliseconds, 139400 nanoseconds delay) for com.alibaba.nacos.shaded.io.grpc.stub.ClientCalls$GrpcFuture@78c046bf[status=PENDING, info=[GrpcFuture{clientCall=PendingCall{realCall=ClientCallImpl{method=MethodDescriptor{fullMethodName=Request/request, type=UNARY, idempotent=false, safe=false, sampledToLocalTracing=true, requestMarshaller=com.alibaba.nacos.shaded.io.grpc.protobuf.lite.ProtoLiteUtils$MessageMarshaller@55ea5404, responseMarshaller=com.alibaba.nacos.shaded.io.grpc.protobuf.lite.ProtoLiteUtils$MessageMarshaller@28863322, schemaDescriptor=com.alibaba.nacos.api.grpc.auto.RequestGrpc$RequestMethodDescriptorSupplier@1c6617d}}}}]]
	at com.alibaba.nacos.shaded.com.google.common.util.concurrent.AbstractFuture.get(AbstractFuture.java:508)
	at com.alibaba.nacos.common.remote.client.grpc.GrpcClient.serverCheck(GrpcClient.java:218)
	at com.alibaba.nacos.common.remote.client.grpc.GrpcClient.connectToServer(GrpcClient.java:329)
	at com.alibaba.nacos.common.remote.client.RpcClient.reconnect(RpcClient.java:502)
	at com.alibaba.nacos.common.remote.client.RpcClient.lambda$start$2(RpcClient.java:343)
	at java.base/java.util.concurrent.Executors$RunnableAdapter.call(Executors.java:539)
	at java.base/java.util.concurrent.FutureTask.run(FutureTask.java:264)
	at java.base/java.util.concurrent.ScheduledThreadPoolExecutor$ScheduledFutureTask.run(ScheduledThreadPoolExecutor.java:304)
	at java.base/java.util.concurrent.ThreadPoolExecutor.runWorker(ThreadPoolExecutor.java:1136)
	at java.base/java.util.concurrent.ThreadPoolExecutor$Worker.run(ThreadPoolExecutor.java:635)
	at java.base/java.lang.Thread.run(Thread.java:842)
2025-10-21 16:32:37.546 [com.alibaba.nacos.client.remote.worker] INFO  com.alibaba.nacos.common.remote.client - [45f983a0-177c-4e4c-b1f3-a19ed0139a37] Fail to connect server, after trying 10 times, last try server is {serverIp = '8.134.88.169', server main port = 8848}, error = unknown
2025-10-21 16:32:38.658 [com.alibaba.nacos.client.remote.worker] INFO  c.a.nacos.common.remote.client.grpc.GrpcClient - grpc client connection server:8.134.88.169 ip,serverPort:9848,grpcTslConfig:{"sslProvider":"OPENSSL","enableTls":false,"mutualAuthEnable":false,"trustAll":false}
2025-10-21 16:32:41.670 [com.alibaba.nacos.client.remote.worker] ERROR c.a.nacos.common.remote.client.grpc.GrpcClient - Server check fail, please check server 8.134.88.169 ,port 9848 is available , error ={}
java.util.concurrent.TimeoutException: Waited 3000 milliseconds (plus 6 milliseconds, 438200 nanoseconds delay) for com.alibaba.nacos.shaded.io.grpc.stub.ClientCalls$GrpcFuture@6100e3b1[status=PENDING, info=[GrpcFuture{clientCall=PendingCall{realCall=ClientCallImpl{method=MethodDescriptor{fullMethodName=Request/request, type=UNARY, idempotent=false, safe=false, sampledToLocalTracing=true, requestMarshaller=com.alibaba.nacos.shaded.io.grpc.protobuf.lite.ProtoLiteUtils$MessageMarshaller@55ea5404, responseMarshaller=com.alibaba.nacos.shaded.io.grpc.protobuf.lite.ProtoLiteUtils$MessageMarshaller@28863322, schemaDescriptor=com.alibaba.nacos.api.grpc.auto.RequestGrpc$RequestMethodDescriptorSupplier@1c6617d}}}}]]
	at com.alibaba.nacos.shaded.com.google.common.util.concurrent.AbstractFuture.get(AbstractFuture.java:508)
	at com.alibaba.nacos.common.remote.client.grpc.GrpcClient.serverCheck(GrpcClient.java:218)
	at com.alibaba.nacos.common.remote.client.grpc.GrpcClient.connectToServer(GrpcClient.java:329)
	at com.alibaba.nacos.common.remote.client.RpcClient.reconnect(RpcClient.java:502)
	at com.alibaba.nacos.common.remote.client.RpcClient.lambda$start$2(RpcClient.java:343)
	at java.base/java.util.concurrent.Executors$RunnableAdapter.call(Executors.java:539)
	at java.base/java.util.concurrent.FutureTask.run(FutureTask.java:264)
	at java.base/java.util.concurrent.ScheduledThreadPoolExecutor$ScheduledFutureTask.run(ScheduledThreadPoolExecutor.java:304)
	at java.base/java.util.concurrent.ThreadPoolExecutor.runWorker(ThreadPoolExecutor.java:1136)
	at java.base/java.util.concurrent.ThreadPoolExecutor$Worker.run(ThreadPoolExecutor.java:635)
	at java.base/java.lang.Thread.run(Thread.java:842)
2025-10-21 16:32:41.671 [com.alibaba.nacos.client.remote.worker] INFO  com.alibaba.nacos.common.remote.client - [45f983a0-177c-4e4c-b1f3-a19ed0139a37] Fail to connect server, after trying 11 times, last try server is {serverIp = '8.134.88.169', server main port = 8848}, error = unknown
2025-10-21 16:32:42.887 [com.alibaba.nacos.client.remote.worker] INFO  c.a.nacos.common.remote.client.grpc.GrpcClient - grpc client connection server:8.134.88.169 ip,serverPort:9848,grpcTslConfig:{"sslProvider":"OPENSSL","enableTls":false,"mutualAuthEnable":false,"trustAll":false}
2025-10-21 16:32:45.904 [com.alibaba.nacos.client.remote.worker] ERROR c.a.nacos.common.remote.client.grpc.GrpcClient - Server check fail, please check server 8.134.88.169 ,port 9848 is available , error ={}
java.util.concurrent.TimeoutException: Waited 3000 milliseconds (plus 13 milliseconds, 893100 nanoseconds delay) for com.alibaba.nacos.shaded.io.grpc.stub.ClientCalls$GrpcFuture@260a59ce[status=PENDING, info=[GrpcFuture{clientCall=PendingCall{realCall=ClientCallImpl{method=MethodDescriptor{fullMethodName=Request/request, type=UNARY, idempotent=false, safe=false, sampledToLocalTracing=true, requestMarshaller=com.alibaba.nacos.shaded.io.grpc.protobuf.lite.ProtoLiteUtils$MessageMarshaller@55ea5404, responseMarshaller=com.alibaba.nacos.shaded.io.grpc.protobuf.lite.ProtoLiteUtils$MessageMarshaller@28863322, schemaDescriptor=com.alibaba.nacos.api.grpc.auto.RequestGrpc$RequestMethodDescriptorSupplier@1c6617d}}}}]]
	at com.alibaba.nacos.shaded.com.google.common.util.concurrent.AbstractFuture.get(AbstractFuture.java:508)
	at com.alibaba.nacos.common.remote.client.grpc.GrpcClient.serverCheck(GrpcClient.java:218)
	at com.alibaba.nacos.common.remote.client.grpc.GrpcClient.connectToServer(GrpcClient.java:329)
	at com.alibaba.nacos.common.remote.client.RpcClient.reconnect(RpcClient.java:502)
	at com.alibaba.nacos.common.remote.client.RpcClient.lambda$start$2(RpcClient.java:343)
	at java.base/java.util.concurrent.Executors$RunnableAdapter.call(Executors.java:539)
	at java.base/java.util.concurrent.FutureTask.run(FutureTask.java:264)
	at java.base/java.util.concurrent.ScheduledThreadPoolExecutor$ScheduledFutureTask.run(ScheduledThreadPoolExecutor.java:304)
	at java.base/java.util.concurrent.ThreadPoolExecutor.runWorker(ThreadPoolExecutor.java:1136)
	at java.base/java.util.concurrent.ThreadPoolExecutor$Worker.run(ThreadPoolExecutor.java:635)
	at java.base/java.lang.Thread.run(Thread.java:842)
2025-10-21 16:32:45.905 [com.alibaba.nacos.client.remote.worker] INFO  com.alibaba.nacos.common.remote.client - [45f983a0-177c-4e4c-b1f3-a19ed0139a37] Fail to connect server, after trying 12 times, last try server is {serverIp = '8.134.88.169', server main port = 8848}, error = unknown
2025-10-21 16:32:47.218 [com.alibaba.nacos.client.remote.worker] INFO  c.a.nacos.common.remote.client.grpc.GrpcClient - grpc client connection server:8.134.88.169 ip,serverPort:9848,grpcTslConfig:{"sslProvider":"OPENSSL","enableTls":false,"mutualAuthEnable":false,"trustAll":false}
2025-10-21 16:32:50.222 [com.alibaba.nacos.client.remote.worker] ERROR c.a.nacos.common.remote.client.grpc.GrpcClient - Server check fail, please check server 8.134.88.169 ,port 9848 is available , error ={}
java.util.concurrent.TimeoutException: Waited 3000 milliseconds (plus 1 milliseconds, 228800 nanoseconds delay) for com.alibaba.nacos.shaded.io.grpc.stub.ClientCalls$GrpcFuture@418cba56[status=PENDING, info=[GrpcFuture{clientCall=PendingCall{realCall=ClientCallImpl{method=MethodDescriptor{fullMethodName=Request/request, type=UNARY, idempotent=false, safe=false, sampledToLocalTracing=true, requestMarshaller=com.alibaba.nacos.shaded.io.grpc.protobuf.lite.ProtoLiteUtils$MessageMarshaller@55ea5404, responseMarshaller=com.alibaba.nacos.shaded.io.grpc.protobuf.lite.ProtoLiteUtils$MessageMarshaller@28863322, schemaDescriptor=com.alibaba.nacos.api.grpc.auto.RequestGrpc$RequestMethodDescriptorSupplier@1c6617d}}}}]]
	at com.alibaba.nacos.shaded.com.google.common.util.concurrent.AbstractFuture.get(AbstractFuture.java:508)
	at com.alibaba.nacos.common.remote.client.grpc.GrpcClient.serverCheck(GrpcClient.java:218)
	at com.alibaba.nacos.common.remote.client.grpc.GrpcClient.connectToServer(GrpcClient.java:329)
	at com.alibaba.nacos.common.remote.client.RpcClient.reconnect(RpcClient.java:502)
	at com.alibaba.nacos.common.remote.client.RpcClient.lambda$start$2(RpcClient.java:343)
	at java.base/java.util.concurrent.Executors$RunnableAdapter.call(Executors.java:539)
	at java.base/java.util.concurrent.FutureTask.run(FutureTask.java:264)
	at java.base/java.util.concurrent.ScheduledThreadPoolExecutor$ScheduledFutureTask.run(ScheduledThreadPoolExecutor.java:304)
	at java.base/java.util.concurrent.ThreadPoolExecutor.runWorker(ThreadPoolExecutor.java:1136)
	at java.base/java.util.concurrent.ThreadPoolExecutor$Worker.run(ThreadPoolExecutor.java:635)
	at java.base/java.lang.Thread.run(Thread.java:842)
2025-10-21 16:32:50.224 [com.alibaba.nacos.client.remote.worker] INFO  com.alibaba.nacos.common.remote.client - [45f983a0-177c-4e4c-b1f3-a19ed0139a37] Fail to connect server, after trying 13 times, last try server is {serverIp = '8.134.88.169', server main port = 8848}, error = unknown
2025-10-21 16:32:51.640 [com.alibaba.nacos.client.remote.worker] INFO  c.a.nacos.common.remote.client.grpc.GrpcClient - grpc client connection server:8.134.88.169 ip,serverPort:9848,grpcTslConfig:{"sslProvider":"OPENSSL","enableTls":false,"mutualAuthEnable":false,"trustAll":false}
2025-10-21 16:32:54.645 [com.alibaba.nacos.client.remote.worker] ERROR c.a.nacos.common.remote.client.grpc.GrpcClient - Server check fail, please check server 8.134.88.169 ,port 9848 is available , error ={}
java.util.concurrent.TimeoutException: Waited 3000 milliseconds (plus 816700 nanoseconds delay) for com.alibaba.nacos.shaded.io.grpc.stub.ClientCalls$GrpcFuture@289e9d0c[status=PENDING, info=[GrpcFuture{clientCall=PendingCall{realCall=ClientCallImpl{method=MethodDescriptor{fullMethodName=Request/request, type=UNARY, idempotent=false, safe=false, sampledToLocalTracing=true, requestMarshaller=com.alibaba.nacos.shaded.io.grpc.protobuf.lite.ProtoLiteUtils$MessageMarshaller@55ea5404, responseMarshaller=com.alibaba.nacos.shaded.io.grpc.protobuf.lite.ProtoLiteUtils$MessageMarshaller@28863322, schemaDescriptor=com.alibaba.nacos.api.grpc.auto.RequestGrpc$RequestMethodDescriptorSupplier@1c6617d}}}}]]
	at com.alibaba.nacos.shaded.com.google.common.util.concurrent.AbstractFuture.get(AbstractFuture.java:508)
	at com.alibaba.nacos.common.remote.client.grpc.GrpcClient.serverCheck(GrpcClient.java:218)
	at com.alibaba.nacos.common.remote.client.grpc.GrpcClient.connectToServer(GrpcClient.java:329)
	at com.alibaba.nacos.common.remote.client.RpcClient.reconnect(RpcClient.java:502)
	at com.alibaba.nacos.common.remote.client.RpcClient.lambda$start$2(RpcClient.java:343)
	at java.base/java.util.concurrent.Executors$RunnableAdapter.call(Executors.java:539)
	at java.base/java.util.concurrent.FutureTask.run(FutureTask.java:264)
	at java.base/java.util.concurrent.ScheduledThreadPoolExecutor$ScheduledFutureTask.run(ScheduledThreadPoolExecutor.java:304)
	at java.base/java.util.concurrent.ThreadPoolExecutor.runWorker(ThreadPoolExecutor.java:1136)
	at java.base/java.util.concurrent.ThreadPoolExecutor$Worker.run(ThreadPoolExecutor.java:635)
	at java.base/java.lang.Thread.run(Thread.java:842)
2025-10-21 16:32:54.646 [com.alibaba.nacos.client.remote.worker] INFO  com.alibaba.nacos.common.remote.client - [45f983a0-177c-4e4c-b1f3-a19ed0139a37] Fail to connect server, after trying 14 times, last try server is {serverIp = '8.134.88.169', server main port = 8848}, error = unknown
2025-10-21 16:32:56.148 [com.alibaba.nacos.client.remote.worker] INFO  c.a.nacos.common.remote.client.grpc.GrpcClient - grpc client connection server:8.134.88.169 ip,serverPort:9848,grpcTslConfig:{"sslProvider":"OPENSSL","enableTls":false,"mutualAuthEnable":false,"trustAll":false}
2025-10-21 16:32:59.165 [com.alibaba.nacos.client.remote.worker] ERROR c.a.nacos.common.remote.client.grpc.GrpcClient - Server check fail, please check server 8.134.88.169 ,port 9848 is available , error ={}
java.util.concurrent.TimeoutException: Waited 3000 milliseconds (plus 13 milliseconds, 350200 nanoseconds delay) for com.alibaba.nacos.shaded.io.grpc.stub.ClientCalls$GrpcFuture@1791760c[status=PENDING, info=[GrpcFuture{clientCall=PendingCall{realCall=ClientCallImpl{method=MethodDescriptor{fullMethodName=Request/request, type=UNARY, idempotent=false, safe=false, sampledToLocalTracing=true, requestMarshaller=com.alibaba.nacos.shaded.io.grpc.protobuf.lite.ProtoLiteUtils$MessageMarshaller@55ea5404, responseMarshaller=com.alibaba.nacos.shaded.io.grpc.protobuf.lite.ProtoLiteUtils$MessageMarshaller@28863322, schemaDescriptor=com.alibaba.nacos.api.grpc.auto.RequestGrpc$RequestMethodDescriptorSupplier@1c6617d}}}}]]
	at com.alibaba.nacos.shaded.com.google.common.util.concurrent.AbstractFuture.get(AbstractFuture.java:508)
	at com.alibaba.nacos.common.remote.client.grpc.GrpcClient.serverCheck(GrpcClient.java:218)
	at com.alibaba.nacos.common.remote.client.grpc.GrpcClient.connectToServer(GrpcClient.java:329)
	at com.alibaba.nacos.common.remote.client.RpcClient.reconnect(RpcClient.java:502)
	at com.alibaba.nacos.common.remote.client.RpcClient.lambda$start$2(RpcClient.java:343)
	at java.base/java.util.concurrent.Executors$RunnableAdapter.call(Executors.java:539)
	at java.base/java.util.concurrent.FutureTask.run(FutureTask.java:264)
	at java.base/java.util.concurrent.ScheduledThreadPoolExecutor$ScheduledFutureTask.run(ScheduledThreadPoolExecutor.java:304)
	at java.base/java.util.concurrent.ThreadPoolExecutor.runWorker(ThreadPoolExecutor.java:1136)
	at java.base/java.util.concurrent.ThreadPoolExecutor$Worker.run(ThreadPoolExecutor.java:635)
	at java.base/java.lang.Thread.run(Thread.java:842)
2025-10-21 16:32:59.166 [com.alibaba.nacos.client.remote.worker] INFO  com.alibaba.nacos.common.remote.client - [45f983a0-177c-4e4c-b1f3-a19ed0139a37] Fail to connect server, after trying 15 times, last try server is {serverIp = '8.134.88.169', server main port = 8848}, error = unknown
2025-10-21 16:33:00.781 [com.alibaba.nacos.client.remote.worker] INFO  c.a.nacos.common.remote.client.grpc.GrpcClient - grpc client connection server:8.134.88.169 ip,serverPort:9848,grpcTslConfig:{"sslProvider":"OPENSSL","enableTls":false,"mutualAuthEnable":false,"trustAll":false}
2025-10-21 16:33:03.790 [com.alibaba.nacos.client.remote.worker] ERROR c.a.nacos.common.remote.client.grpc.GrpcClient - Server check fail, please check server 8.134.88.169 ,port 9848 is available , error ={}
java.util.concurrent.TimeoutException: Waited 3000 milliseconds (plus 5 milliseconds, 745000 nanoseconds delay) for com.alibaba.nacos.shaded.io.grpc.stub.ClientCalls$GrpcFuture@312e2fa1[status=PENDING, info=[GrpcFuture{clientCall=PendingCall{realCall=ClientCallImpl{method=MethodDescriptor{fullMethodName=Request/request, type=UNARY, idempotent=false, safe=false, sampledToLocalTracing=true, requestMarshaller=com.alibaba.nacos.shaded.io.grpc.protobuf.lite.ProtoLiteUtils$MessageMarshaller@55ea5404, responseMarshaller=com.alibaba.nacos.shaded.io.grpc.protobuf.lite.ProtoLiteUtils$MessageMarshaller@28863322, schemaDescriptor=com.alibaba.nacos.api.grpc.auto.RequestGrpc$RequestMethodDescriptorSupplier@1c6617d}}}}]]
	at com.alibaba.nacos.shaded.com.google.common.util.concurrent.AbstractFuture.get(AbstractFuture.java:508)
	at com.alibaba.nacos.common.remote.client.grpc.GrpcClient.serverCheck(GrpcClient.java:218)
	at com.alibaba.nacos.common.remote.client.grpc.GrpcClient.connectToServer(GrpcClient.java:329)
	at com.alibaba.nacos.common.remote.client.RpcClient.reconnect(RpcClient.java:502)
	at com.alibaba.nacos.common.remote.client.RpcClient.lambda$start$2(RpcClient.java:343)
	at java.base/java.util.concurrent.Executors$RunnableAdapter.call(Executors.java:539)
	at java.base/java.util.concurrent.FutureTask.run(FutureTask.java:264)
	at java.base/java.util.concurrent.ScheduledThreadPoolExecutor$ScheduledFutureTask.run(ScheduledThreadPoolExecutor.java:304)
	at java.base/java.util.concurrent.ThreadPoolExecutor.runWorker(ThreadPoolExecutor.java:1136)
	at java.base/java.util.concurrent.ThreadPoolExecutor$Worker.run(ThreadPoolExecutor.java:635)
	at java.base/java.lang.Thread.run(Thread.java:842)
2025-10-21 16:33:03.790 [com.alibaba.nacos.client.remote.worker] INFO  com.alibaba.nacos.common.remote.client - [45f983a0-177c-4e4c-b1f3-a19ed0139a37] Fail to connect server, after trying 16 times, last try server is {serverIp = '8.134.88.169', server main port = 8848}, error = unknown
2025-10-21 16:33:05.504 [com.alibaba.nacos.client.remote.worker] INFO  c.a.nacos.common.remote.client.grpc.GrpcClient - grpc client connection server:8.134.88.169 ip,serverPort:9848,grpcTslConfig:{"sslProvider":"OPENSSL","enableTls":false,"mutualAuthEnable":false,"trustAll":false}
2025-10-21 16:33:08.518 [com.alibaba.nacos.client.remote.worker] ERROR c.a.nacos.common.remote.client.grpc.GrpcClient - Server check fail, please check server 8.134.88.169 ,port 9848 is available , error ={}
java.util.concurrent.TimeoutException: Waited 3000 milliseconds (plus 9 milliseconds, 811900 nanoseconds delay) for com.alibaba.nacos.shaded.io.grpc.stub.ClientCalls$GrpcFuture@448a211b[status=PENDING, info=[GrpcFuture{clientCall=PendingCall{realCall=ClientCallImpl{method=MethodDescriptor{fullMethodName=Request/request, type=UNARY, idempotent=false, safe=false, sampledToLocalTracing=true, requestMarshaller=com.alibaba.nacos.shaded.io.grpc.protobuf.lite.ProtoLiteUtils$MessageMarshaller@55ea5404, responseMarshaller=com.alibaba.nacos.shaded.io.grpc.protobuf.lite.ProtoLiteUtils$MessageMarshaller@28863322, schemaDescriptor=com.alibaba.nacos.api.grpc.auto.RequestGrpc$RequestMethodDescriptorSupplier@1c6617d}}}}]]
	at com.alibaba.nacos.shaded.com.google.common.util.concurrent.AbstractFuture.get(AbstractFuture.java:508)
	at com.alibaba.nacos.common.remote.client.grpc.GrpcClient.serverCheck(GrpcClient.java:218)
	at com.alibaba.nacos.common.remote.client.grpc.GrpcClient.connectToServer(GrpcClient.java:329)
	at com.alibaba.nacos.common.remote.client.RpcClient.reconnect(RpcClient.java:502)
	at com.alibaba.nacos.common.remote.client.RpcClient.lambda$start$2(RpcClient.java:343)
	at java.base/java.util.concurrent.Executors$RunnableAdapter.call(Executors.java:539)
	at java.base/java.util.concurrent.FutureTask.run(FutureTask.java:264)
	at java.base/java.util.concurrent.ScheduledThreadPoolExecutor$ScheduledFutureTask.run(ScheduledThreadPoolExecutor.java:304)
	at java.base/java.util.concurrent.ThreadPoolExecutor.runWorker(ThreadPoolExecutor.java:1136)
	at java.base/java.util.concurrent.ThreadPoolExecutor$Worker.run(ThreadPoolExecutor.java:635)
	at java.base/java.lang.Thread.run(Thread.java:842)
2025-10-21 16:33:08.519 [com.alibaba.nacos.client.remote.worker] INFO  com.alibaba.nacos.common.remote.client - [45f983a0-177c-4e4c-b1f3-a19ed0139a37] Fail to connect server, after trying 17 times, last try server is {serverIp = '8.134.88.169', server main port = 8848}, error = unknown
2025-10-21 16:33:10.322 [com.alibaba.nacos.client.remote.worker] INFO  c.a.nacos.common.remote.client.grpc.GrpcClient - grpc client connection server:8.134.88.169 ip,serverPort:9848,grpcTslConfig:{"sslProvider":"OPENSSL","enableTls":false,"mutualAuthEnable":false,"trustAll":false}
2025-10-21 16:33:13.336 [com.alibaba.nacos.client.remote.worker] ERROR c.a.nacos.common.remote.client.grpc.GrpcClient - Server check fail, please check server 8.134.88.169 ,port 9848 is available , error ={}
java.util.concurrent.TimeoutException: Waited 3000 milliseconds (plus 10 milliseconds, 789900 nanoseconds delay) for com.alibaba.nacos.shaded.io.grpc.stub.ClientCalls$GrpcFuture@793b8ce3[status=PENDING, info=[GrpcFuture{clientCall=PendingCall{realCall=ClientCallImpl{method=MethodDescriptor{fullMethodName=Request/request, type=UNARY, idempotent=false, safe=false, sampledToLocalTracing=true, requestMarshaller=com.alibaba.nacos.shaded.io.grpc.protobuf.lite.ProtoLiteUtils$MessageMarshaller@55ea5404, responseMarshaller=com.alibaba.nacos.shaded.io.grpc.protobuf.lite.ProtoLiteUtils$MessageMarshaller@28863322, schemaDescriptor=com.alibaba.nacos.api.grpc.auto.RequestGrpc$RequestMethodDescriptorSupplier@1c6617d}}}}]]
	at com.alibaba.nacos.shaded.com.google.common.util.concurrent.AbstractFuture.get(AbstractFuture.java:508)
	at com.alibaba.nacos.common.remote.client.grpc.GrpcClient.serverCheck(GrpcClient.java:218)
	at com.alibaba.nacos.common.remote.client.grpc.GrpcClient.connectToServer(GrpcClient.java:329)
	at com.alibaba.nacos.common.remote.client.RpcClient.reconnect(RpcClient.java:502)
	at com.alibaba.nacos.common.remote.client.RpcClient.lambda$start$2(RpcClient.java:343)
	at java.base/java.util.concurrent.Executors$RunnableAdapter.call(Executors.java:539)
	at java.base/java.util.concurrent.FutureTask.run(FutureTask.java:264)
	at java.base/java.util.concurrent.ScheduledThreadPoolExecutor$ScheduledFutureTask.run(ScheduledThreadPoolExecutor.java:304)
	at java.base/java.util.concurrent.ThreadPoolExecutor.runWorker(ThreadPoolExecutor.java:1136)
	at java.base/java.util.concurrent.ThreadPoolExecutor$Worker.run(ThreadPoolExecutor.java:635)
	at java.base/java.lang.Thread.run(Thread.java:842)
2025-10-21 16:33:13.337 [com.alibaba.nacos.client.remote.worker] INFO  com.alibaba.nacos.common.remote.client - [45f983a0-177c-4e4c-b1f3-a19ed0139a37] Fail to connect server, after trying 18 times, last try server is {serverIp = '8.134.88.169', server main port = 8848}, error = unknown
2025-10-21 16:33:15.249 [com.alibaba.nacos.client.remote.worker] INFO  c.a.nacos.common.remote.client.grpc.GrpcClient - grpc client connection server:8.134.88.169 ip,serverPort:9848,grpcTslConfig:{"sslProvider":"OPENSSL","enableTls":false,"mutualAuthEnable":false,"trustAll":false}
2025-10-21 16:33:18.254 [com.alibaba.nacos.client.remote.worker] ERROR c.a.nacos.common.remote.client.grpc.GrpcClient - Server check fail, please check server 8.134.88.169 ,port 9848 is available , error ={}
java.util.concurrent.TimeoutException: Waited 3000 milliseconds (plus 3 milliseconds, 118900 nanoseconds delay) for com.alibaba.nacos.shaded.io.grpc.stub.ClientCalls$GrpcFuture@53b1a25a[status=PENDING, info=[GrpcFuture{clientCall=PendingCall{realCall=ClientCallImpl{method=MethodDescriptor{fullMethodName=Request/request, type=UNARY, idempotent=false, safe=false, sampledToLocalTracing=true, requestMarshaller=com.alibaba.nacos.shaded.io.grpc.protobuf.lite.ProtoLiteUtils$MessageMarshaller@55ea5404, responseMarshaller=com.alibaba.nacos.shaded.io.grpc.protobuf.lite.ProtoLiteUtils$MessageMarshaller@28863322, schemaDescriptor=com.alibaba.nacos.api.grpc.auto.RequestGrpc$RequestMethodDescriptorSupplier@1c6617d}}}}]]
	at com.alibaba.nacos.shaded.com.google.common.util.concurrent.AbstractFuture.get(AbstractFuture.java:508)
	at com.alibaba.nacos.common.remote.client.grpc.GrpcClient.serverCheck(GrpcClient.java:218)
	at com.alibaba.nacos.common.remote.client.grpc.GrpcClient.connectToServer(GrpcClient.java:329)
	at com.alibaba.nacos.common.remote.client.RpcClient.reconnect(RpcClient.java:502)
	at com.alibaba.nacos.common.remote.client.RpcClient.lambda$start$2(RpcClient.java:343)
	at java.base/java.util.concurrent.Executors$RunnableAdapter.call(Executors.java:539)
	at java.base/java.util.concurrent.FutureTask.run(FutureTask.java:264)
	at java.base/java.util.concurrent.ScheduledThreadPoolExecutor$ScheduledFutureTask.run(ScheduledThreadPoolExecutor.java:304)
	at java.base/java.util.concurrent.ThreadPoolExecutor.runWorker(ThreadPoolExecutor.java:1136)
	at java.base/java.util.concurrent.ThreadPoolExecutor$Worker.run(ThreadPoolExecutor.java:635)
	at java.base/java.lang.Thread.run(Thread.java:842)
2025-10-21 16:33:18.255 [com.alibaba.nacos.client.remote.worker] INFO  com.alibaba.nacos.common.remote.client - [45f983a0-177c-4e4c-b1f3-a19ed0139a37] Fail to connect server, after trying 19 times, last try server is {serverIp = '8.134.88.169', server main port = 8848}, error = unknown
2025-10-21 16:33:20.258 [com.alibaba.nacos.client.remote.worker] INFO  c.a.nacos.common.remote.client.grpc.GrpcClient - grpc client connection server:8.134.88.169 ip,serverPort:9848,grpcTslConfig:{"sslProvider":"OPENSSL","enableTls":false,"mutualAuthEnable":false,"trustAll":false}
2025-10-21 16:33:23.267 [com.alibaba.nacos.client.remote.worker] ERROR c.a.nacos.common.remote.client.grpc.GrpcClient - Server check fail, please check server 8.134.88.169 ,port 9848 is available , error ={}
java.util.concurrent.TimeoutException: Waited 3000 milliseconds (plus 3 milliseconds, 110000 nanoseconds delay) for com.alibaba.nacos.shaded.io.grpc.stub.ClientCalls$GrpcFuture@1db51985[status=PENDING, info=[GrpcFuture{clientCall=PendingCall{realCall=ClientCallImpl{method=MethodDescriptor{fullMethodName=Request/request, type=UNARY, idempotent=false, safe=false, sampledToLocalTracing=true, requestMarshaller=com.alibaba.nacos.shaded.io.grpc.protobuf.lite.ProtoLiteUtils$MessageMarshaller@55ea5404, responseMarshaller=com.alibaba.nacos.shaded.io.grpc.protobuf.lite.ProtoLiteUtils$MessageMarshaller@28863322, schemaDescriptor=com.alibaba.nacos.api.grpc.auto.RequestGrpc$RequestMethodDescriptorSupplier@1c6617d}}}}]]
	at com.alibaba.nacos.shaded.com.google.common.util.concurrent.AbstractFuture.get(AbstractFuture.java:508)
	at com.alibaba.nacos.common.remote.client.grpc.GrpcClient.serverCheck(GrpcClient.java:218)
	at com.alibaba.nacos.common.remote.client.grpc.GrpcClient.connectToServer(GrpcClient.java:329)
	at com.alibaba.nacos.common.remote.client.RpcClient.reconnect(RpcClient.java:502)
	at com.alibaba.nacos.common.remote.client.RpcClient.lambda$start$2(RpcClient.java:343)
	at java.base/java.util.concurrent.Executors$RunnableAdapter.call(Executors.java:539)
	at java.base/java.util.concurrent.FutureTask.run(FutureTask.java:264)
	at java.base/java.util.concurrent.ScheduledThreadPoolExecutor$ScheduledFutureTask.run(ScheduledThreadPoolExecutor.java:304)
	at java.base/java.util.concurrent.ThreadPoolExecutor.runWorker(ThreadPoolExecutor.java:1136)
	at java.base/java.util.concurrent.ThreadPoolExecutor$Worker.run(ThreadPoolExecutor.java:635)
	at java.base/java.lang.Thread.run(Thread.java:842)
2025-10-21 16:33:23.268 [com.alibaba.nacos.client.remote.worker] INFO  com.alibaba.nacos.common.remote.client - [45f983a0-177c-4e4c-b1f3-a19ed0139a37] Fail to connect server, after trying 20 times, last try server is {serverIp = '8.134.88.169', server main port = 8848}, error = unknown
2025-10-21 16:33:25.380 [com.alibaba.nacos.client.remote.worker] INFO  c.a.nacos.common.remote.client.grpc.GrpcClient - grpc client connection server:8.134.88.169 ip,serverPort:9848,grpcTslConfig:{"sslProvider":"OPENSSL","enableTls":false,"mutualAuthEnable":false,"trustAll":false}
2025-10-21 16:33:28.393 [com.alibaba.nacos.client.remote.worker] ERROR c.a.nacos.common.remote.client.grpc.GrpcClient - Server check fail, please check server 8.134.88.169 ,port 9848 is available , error ={}
java.util.concurrent.TimeoutException: Waited 3000 milliseconds (plus 11 milliseconds, 179000 nanoseconds delay) for com.alibaba.nacos.shaded.io.grpc.stub.ClientCalls$GrpcFuture@7bd4dbb5[status=PENDING, info=[GrpcFuture{clientCall=PendingCall{realCall=ClientCallImpl{method=MethodDescriptor{fullMethodName=Request/request, type=UNARY, idempotent=false, safe=false, sampledToLocalTracing=true, requestMarshaller=com.alibaba.nacos.shaded.io.grpc.protobuf.lite.ProtoLiteUtils$MessageMarshaller@55ea5404, responseMarshaller=com.alibaba.nacos.shaded.io.grpc.protobuf.lite.ProtoLiteUtils$MessageMarshaller@28863322, schemaDescriptor=com.alibaba.nacos.api.grpc.auto.RequestGrpc$RequestMethodDescriptorSupplier@1c6617d}}}}]]
	at com.alibaba.nacos.shaded.com.google.common.util.concurrent.AbstractFuture.get(AbstractFuture.java:508)
	at com.alibaba.nacos.common.remote.client.grpc.GrpcClient.serverCheck(GrpcClient.java:218)
	at com.alibaba.nacos.common.remote.client.grpc.GrpcClient.connectToServer(GrpcClient.java:329)
	at com.alibaba.nacos.common.remote.client.RpcClient.reconnect(RpcClient.java:502)
	at com.alibaba.nacos.common.remote.client.RpcClient.lambda$start$2(RpcClient.java:343)
	at java.base/java.util.concurrent.Executors$RunnableAdapter.call(Executors.java:539)
	at java.base/java.util.concurrent.FutureTask.run(FutureTask.java:264)
	at java.base/java.util.concurrent.ScheduledThreadPoolExecutor$ScheduledFutureTask.run(ScheduledThreadPoolExecutor.java:304)
	at java.base/java.util.concurrent.ThreadPoolExecutor.runWorker(ThreadPoolExecutor.java:1136)
	at java.base/java.util.concurrent.ThreadPoolExecutor$Worker.run(ThreadPoolExecutor.java:635)
	at java.base/java.lang.Thread.run(Thread.java:842)
2025-10-21 16:33:28.394 [com.alibaba.nacos.client.remote.worker] INFO  com.alibaba.nacos.common.remote.client - [45f983a0-177c-4e4c-b1f3-a19ed0139a37] Fail to connect server, after trying 21 times, last try server is {serverIp = '8.134.88.169', server main port = 8848}, error = unknown
2025-10-21 16:33:30.606 [com.alibaba.nacos.client.remote.worker] INFO  c.a.nacos.common.remote.client.grpc.GrpcClient - grpc client connection server:8.134.88.169 ip,serverPort:9848,grpcTslConfig:{"sslProvider":"OPENSSL","enableTls":false,"mutualAuthEnable":false,"trustAll":false}
2025-10-21 16:33:33.622 [com.alibaba.nacos.client.remote.worker] ERROR c.a.nacos.common.remote.client.grpc.GrpcClient - Server check fail, please check server 8.134.88.169 ,port 9848 is available , error ={}
java.util.concurrent.TimeoutException: Waited 3000 milliseconds (plus 8 milliseconds, 870400 nanoseconds delay) for com.alibaba.nacos.shaded.io.grpc.stub.ClientCalls$GrpcFuture@747b9ac8[status=PENDING, info=[GrpcFuture{clientCall=PendingCall{realCall=ClientCallImpl{method=MethodDescriptor{fullMethodName=Request/request, type=UNARY, idempotent=false, safe=false, sampledToLocalTracing=true, requestMarshaller=com.alibaba.nacos.shaded.io.grpc.protobuf.lite.ProtoLiteUtils$MessageMarshaller@55ea5404, responseMarshaller=com.alibaba.nacos.shaded.io.grpc.protobuf.lite.ProtoLiteUtils$MessageMarshaller@28863322, schemaDescriptor=com.alibaba.nacos.api.grpc.auto.RequestGrpc$RequestMethodDescriptorSupplier@1c6617d}}}}]]
	at com.alibaba.nacos.shaded.com.google.common.util.concurrent.AbstractFuture.get(AbstractFuture.java:508)
	at com.alibaba.nacos.common.remote.client.grpc.GrpcClient.serverCheck(GrpcClient.java:218)
	at com.alibaba.nacos.common.remote.client.grpc.GrpcClient.connectToServer(GrpcClient.java:329)
	at com.alibaba.nacos.common.remote.client.RpcClient.reconnect(RpcClient.java:502)
	at com.alibaba.nacos.common.remote.client.RpcClient.lambda$start$2(RpcClient.java:343)
	at java.base/java.util.concurrent.Executors$RunnableAdapter.call(Executors.java:539)
	at java.base/java.util.concurrent.FutureTask.run(FutureTask.java:264)
	at java.base/java.util.concurrent.ScheduledThreadPoolExecutor$ScheduledFutureTask.run(ScheduledThreadPoolExecutor.java:304)
	at java.base/java.util.concurrent.ThreadPoolExecutor.runWorker(ThreadPoolExecutor.java:1136)
	at java.base/java.util.concurrent.ThreadPoolExecutor$Worker.run(ThreadPoolExecutor.java:635)
	at java.base/java.lang.Thread.run(Thread.java:842)
2025-10-21 16:33:33.623 [com.alibaba.nacos.client.remote.worker] INFO  com.alibaba.nacos.common.remote.client - [45f983a0-177c-4e4c-b1f3-a19ed0139a37] Fail to connect server, after trying 22 times, last try server is {serverIp = '8.134.88.169', server main port = 8848}, error = unknown
2025-10-21 16:33:35.932 [com.alibaba.nacos.client.remote.worker] INFO  c.a.nacos.common.remote.client.grpc.GrpcClient - grpc client connection server:8.134.88.169 ip,serverPort:9848,grpcTslConfig:{"sslProvider":"OPENSSL","enableTls":false,"mutualAuthEnable":false,"trustAll":false}
2025-10-21 16:33:38.943 [com.alibaba.nacos.client.remote.worker] ERROR c.a.nacos.common.remote.client.grpc.GrpcClient - Server check fail, please check server 8.134.88.169 ,port 9848 is available , error ={}
java.util.concurrent.TimeoutException: Waited 3000 milliseconds (plus 6 milliseconds, 469200 nanoseconds delay) for com.alibaba.nacos.shaded.io.grpc.stub.ClientCalls$GrpcFuture@5d16bd12[status=PENDING, info=[GrpcFuture{clientCall=PendingCall{realCall=ClientCallImpl{method=MethodDescriptor{fullMethodName=Request/request, type=UNARY, idempotent=false, safe=false, sampledToLocalTracing=true, requestMarshaller=com.alibaba.nacos.shaded.io.grpc.protobuf.lite.ProtoLiteUtils$MessageMarshaller@55ea5404, responseMarshaller=com.alibaba.nacos.shaded.io.grpc.protobuf.lite.ProtoLiteUtils$MessageMarshaller@28863322, schemaDescriptor=com.alibaba.nacos.api.grpc.auto.RequestGrpc$RequestMethodDescriptorSupplier@1c6617d}}}}]]
	at com.alibaba.nacos.shaded.com.google.common.util.concurrent.AbstractFuture.get(AbstractFuture.java:508)
	at com.alibaba.nacos.common.remote.client.grpc.GrpcClient.serverCheck(GrpcClient.java:218)
	at com.alibaba.nacos.common.remote.client.grpc.GrpcClient.connectToServer(GrpcClient.java:329)
	at com.alibaba.nacos.common.remote.client.RpcClient.reconnect(RpcClient.java:502)
	at com.alibaba.nacos.common.remote.client.RpcClient.lambda$start$2(RpcClient.java:343)
	at java.base/java.util.concurrent.Executors$RunnableAdapter.call(Executors.java:539)
	at java.base/java.util.concurrent.FutureTask.run(FutureTask.java:264)
	at java.base/java.util.concurrent.ScheduledThreadPoolExecutor$ScheduledFutureTask.run(ScheduledThreadPoolExecutor.java:304)
	at java.base/java.util.concurrent.ThreadPoolExecutor.runWorker(ThreadPoolExecutor.java:1136)
	at java.base/java.util.concurrent.ThreadPoolExecutor$Worker.run(ThreadPoolExecutor.java:635)
	at java.base/java.lang.Thread.run(Thread.java:842)
2025-10-21 16:33:38.944 [com.alibaba.nacos.client.remote.worker] INFO  com.alibaba.nacos.common.remote.client - [45f983a0-177c-4e4c-b1f3-a19ed0139a37] Fail to connect server, after trying 23 times, last try server is {serverIp = '8.134.88.169', server main port = 8848}, error = unknown
2025-10-21 16:33:41.349 [com.alibaba.nacos.client.remote.worker] INFO  c.a.nacos.common.remote.client.grpc.GrpcClient - grpc client connection server:8.134.88.169 ip,serverPort:9848,grpcTslConfig:{"sslProvider":"OPENSSL","enableTls":false,"mutualAuthEnable":false,"trustAll":false}
2025-10-21 16:33:44.359 [com.alibaba.nacos.client.remote.worker] ERROR c.a.nacos.common.remote.client.grpc.GrpcClient - Server check fail, please check server 8.134.88.169 ,port 9848 is available , error ={}
java.util.concurrent.TimeoutException: Waited 3000 milliseconds (plus 4 milliseconds, 689000 nanoseconds delay) for com.alibaba.nacos.shaded.io.grpc.stub.ClientCalls$GrpcFuture@17bd10a3[status=PENDING, info=[GrpcFuture{clientCall=PendingCall{realCall=ClientCallImpl{method=MethodDescriptor{fullMethodName=Request/request, type=UNARY, idempotent=false, safe=false, sampledToLocalTracing=true, requestMarshaller=com.alibaba.nacos.shaded.io.grpc.protobuf.lite.ProtoLiteUtils$MessageMarshaller@55ea5404, responseMarshaller=com.alibaba.nacos.shaded.io.grpc.protobuf.lite.ProtoLiteUtils$MessageMarshaller@28863322, schemaDescriptor=com.alibaba.nacos.api.grpc.auto.RequestGrpc$RequestMethodDescriptorSupplier@1c6617d}}}}]]
	at com.alibaba.nacos.shaded.com.google.common.util.concurrent.AbstractFuture.get(AbstractFuture.java:508)
	at com.alibaba.nacos.common.remote.client.grpc.GrpcClient.serverCheck(GrpcClient.java:218)
	at com.alibaba.nacos.common.remote.client.grpc.GrpcClient.connectToServer(GrpcClient.java:329)
	at com.alibaba.nacos.common.remote.client.RpcClient.reconnect(RpcClient.java:502)
	at com.alibaba.nacos.common.remote.client.RpcClient.lambda$start$2(RpcClient.java:343)
	at java.base/java.util.concurrent.Executors$RunnableAdapter.call(Executors.java:539)
	at java.base/java.util.concurrent.FutureTask.run(FutureTask.java:264)
	at java.base/java.util.concurrent.ScheduledThreadPoolExecutor$ScheduledFutureTask.run(ScheduledThreadPoolExecutor.java:304)
	at java.base/java.util.concurrent.ThreadPoolExecutor.runWorker(ThreadPoolExecutor.java:1136)
	at java.base/java.util.concurrent.ThreadPoolExecutor$Worker.run(ThreadPoolExecutor.java:635)
	at java.base/java.lang.Thread.run(Thread.java:842)
2025-10-21 16:33:44.360 [com.alibaba.nacos.client.remote.worker] INFO  com.alibaba.nacos.common.remote.client - [45f983a0-177c-4e4c-b1f3-a19ed0139a37] Fail to connect server, after trying 24 times, last try server is {serverIp = '8.134.88.169', server main port = 8848}, error = unknown
2025-10-21 16:33:46.865 [com.alibaba.nacos.client.remote.worker] INFO  c.a.nacos.common.remote.client.grpc.GrpcClient - grpc client connection server:8.134.88.169 ip,serverPort:9848,grpcTslConfig:{"sslProvider":"OPENSSL","enableTls":false,"mutualAuthEnable":false,"trustAll":false}
2025-10-21 16:33:49.870 [com.alibaba.nacos.client.remote.worker] ERROR c.a.nacos.common.remote.client.grpc.GrpcClient - Server check fail, please check server 8.134.88.169 ,port 9848 is available , error ={}
java.util.concurrent.TimeoutException: Waited 3000 milliseconds (plus 1 milliseconds, 188400 nanoseconds delay) for com.alibaba.nacos.shaded.io.grpc.stub.ClientCalls$GrpcFuture@64ad5bbc[status=PENDING, info=[GrpcFuture{clientCall=PendingCall{realCall=ClientCallImpl{method=MethodDescriptor{fullMethodName=Request/request, type=UNARY, idempotent=false, safe=false, sampledToLocalTracing=true, requestMarshaller=com.alibaba.nacos.shaded.io.grpc.protobuf.lite.ProtoLiteUtils$MessageMarshaller@55ea5404, responseMarshaller=com.alibaba.nacos.shaded.io.grpc.protobuf.lite.ProtoLiteUtils$MessageMarshaller@28863322, schemaDescriptor=com.alibaba.nacos.api.grpc.auto.RequestGrpc$RequestMethodDescriptorSupplier@1c6617d}}}}]]
	at com.alibaba.nacos.shaded.com.google.common.util.concurrent.AbstractFuture.get(AbstractFuture.java:508)
	at com.alibaba.nacos.common.remote.client.grpc.GrpcClient.serverCheck(GrpcClient.java:218)
	at com.alibaba.nacos.common.remote.client.grpc.GrpcClient.connectToServer(GrpcClient.java:329)
	at com.alibaba.nacos.common.remote.client.RpcClient.reconnect(RpcClient.java:502)
	at com.alibaba.nacos.common.remote.client.RpcClient.lambda$start$2(RpcClient.java:343)
	at java.base/java.util.concurrent.Executors$RunnableAdapter.call(Executors.java:539)
	at java.base/java.util.concurrent.FutureTask.run(FutureTask.java:264)
	at java.base/java.util.concurrent.ScheduledThreadPoolExecutor$ScheduledFutureTask.run(ScheduledThreadPoolExecutor.java:304)
	at java.base/java.util.concurrent.ThreadPoolExecutor.runWorker(ThreadPoolExecutor.java:1136)
	at java.base/java.util.concurrent.ThreadPoolExecutor$Worker.run(ThreadPoolExecutor.java:635)
	at java.base/java.lang.Thread.run(Thread.java:842)
2025-10-21 16:33:49.872 [com.alibaba.nacos.client.remote.worker] INFO  com.alibaba.nacos.common.remote.client - [45f983a0-177c-4e4c-b1f3-a19ed0139a37] Fail to connect server, after trying 25 times, last try server is {serverIp = '8.134.88.169', server main port = 8848}, error = unknown
2025-10-21 16:33:52.486 [com.alibaba.nacos.client.remote.worker] INFO  c.a.nacos.common.remote.client.grpc.GrpcClient - grpc client connection server:8.134.88.169 ip,serverPort:9848,grpcTslConfig:{"sslProvider":"OPENSSL","enableTls":false,"mutualAuthEnable":false,"trustAll":false}
2025-10-21 16:33:55.494 [com.alibaba.nacos.client.remote.worker] ERROR c.a.nacos.common.remote.client.grpc.GrpcClient - Server check fail, please check server 8.134.88.169 ,port 9848 is available , error ={}
java.util.concurrent.TimeoutException: Waited 3000 milliseconds (plus 4 milliseconds, 613400 nanoseconds delay) for com.alibaba.nacos.shaded.io.grpc.stub.ClientCalls$GrpcFuture@21fca998[status=PENDING, info=[GrpcFuture{clientCall=PendingCall{realCall=ClientCallImpl{method=MethodDescriptor{fullMethodName=Request/request, type=UNARY, idempotent=false, safe=false, sampledToLocalTracing=true, requestMarshaller=com.alibaba.nacos.shaded.io.grpc.protobuf.lite.ProtoLiteUtils$MessageMarshaller@55ea5404, responseMarshaller=com.alibaba.nacos.shaded.io.grpc.protobuf.lite.ProtoLiteUtils$MessageMarshaller@28863322, schemaDescriptor=com.alibaba.nacos.api.grpc.auto.RequestGrpc$RequestMethodDescriptorSupplier@1c6617d}}}}]]
	at com.alibaba.nacos.shaded.com.google.common.util.concurrent.AbstractFuture.get(AbstractFuture.java:508)
	at com.alibaba.nacos.common.remote.client.grpc.GrpcClient.serverCheck(GrpcClient.java:218)
	at com.alibaba.nacos.common.remote.client.grpc.GrpcClient.connectToServer(GrpcClient.java:329)
	at com.alibaba.nacos.common.remote.client.RpcClient.reconnect(RpcClient.java:502)
	at com.alibaba.nacos.common.remote.client.RpcClient.lambda$start$2(RpcClient.java:343)
	at java.base/java.util.concurrent.Executors$RunnableAdapter.call(Executors.java:539)
	at java.base/java.util.concurrent.FutureTask.run(FutureTask.java:264)
	at java.base/java.util.concurrent.ScheduledThreadPoolExecutor$ScheduledFutureTask.run(ScheduledThreadPoolExecutor.java:304)
	at java.base/java.util.concurrent.ThreadPoolExecutor.runWorker(ThreadPoolExecutor.java:1136)
	at java.base/java.util.concurrent.ThreadPoolExecutor$Worker.run(ThreadPoolExecutor.java:635)
	at java.base/java.lang.Thread.run(Thread.java:842)
2025-10-21 16:33:55.495 [com.alibaba.nacos.client.remote.worker] INFO  com.alibaba.nacos.common.remote.client - [45f983a0-177c-4e4c-b1f3-a19ed0139a37] Fail to connect server, after trying 26 times, last try server is {serverIp = '8.134.88.169', server main port = 8848}, error = unknown
2025-10-21 16:33:58.205 [com.alibaba.nacos.client.remote.worker] INFO  c.a.nacos.common.remote.client.grpc.GrpcClient - grpc client connection server:8.134.88.169 ip,serverPort:9848,grpcTslConfig:{"sslProvider":"OPENSSL","enableTls":false,"mutualAuthEnable":false,"trustAll":false}
2025-10-21 16:34:01.218 [com.alibaba.nacos.client.remote.worker] ERROR c.a.nacos.common.remote.client.grpc.GrpcClient - Server check fail, please check server 8.134.88.169 ,port 9848 is available , error ={}
java.util.concurrent.TimeoutException: Waited 3000 milliseconds (plus 10 milliseconds, 303500 nanoseconds delay) for com.alibaba.nacos.shaded.io.grpc.stub.ClientCalls$GrpcFuture@6b70fbd1[status=PENDING, info=[GrpcFuture{clientCall=PendingCall{realCall=ClientCallImpl{method=MethodDescriptor{fullMethodName=Request/request, type=UNARY, idempotent=false, safe=false, sampledToLocalTracing=true, requestMarshaller=com.alibaba.nacos.shaded.io.grpc.protobuf.lite.ProtoLiteUtils$MessageMarshaller@55ea5404, responseMarshaller=com.alibaba.nacos.shaded.io.grpc.protobuf.lite.ProtoLiteUtils$MessageMarshaller@28863322, schemaDescriptor=com.alibaba.nacos.api.grpc.auto.RequestGrpc$RequestMethodDescriptorSupplier@1c6617d}}}}]]
	at com.alibaba.nacos.shaded.com.google.common.util.concurrent.AbstractFuture.get(AbstractFuture.java:508)
	at com.alibaba.nacos.common.remote.client.grpc.GrpcClient.serverCheck(GrpcClient.java:218)
	at com.alibaba.nacos.common.remote.client.grpc.GrpcClient.connectToServer(GrpcClient.java:329)
	at com.alibaba.nacos.common.remote.client.RpcClient.reconnect(RpcClient.java:502)
	at com.alibaba.nacos.common.remote.client.RpcClient.lambda$start$2(RpcClient.java:343)
	at java.base/java.util.concurrent.Executors$RunnableAdapter.call(Executors.java:539)
	at java.base/java.util.concurrent.FutureTask.run(FutureTask.java:264)
	at java.base/java.util.concurrent.ScheduledThreadPoolExecutor$ScheduledFutureTask.run(ScheduledThreadPoolExecutor.java:304)
	at java.base/java.util.concurrent.ThreadPoolExecutor.runWorker(ThreadPoolExecutor.java:1136)
	at java.base/java.util.concurrent.ThreadPoolExecutor$Worker.run(ThreadPoolExecutor.java:635)
	at java.base/java.lang.Thread.run(Thread.java:842)
2025-10-21 16:34:01.219 [com.alibaba.nacos.client.remote.worker] INFO  com.alibaba.nacos.common.remote.client - [45f983a0-177c-4e4c-b1f3-a19ed0139a37] Fail to connect server, after trying 27 times, last try server is {serverIp = '8.134.88.169', server main port = 8848}, error = unknown
2025-10-21 16:34:04.034 [com.alibaba.nacos.client.remote.worker] INFO  c.a.nacos.common.remote.client.grpc.GrpcClient - grpc client connection server:8.134.88.169 ip,serverPort:9848,grpcTslConfig:{"sslProvider":"OPENSSL","enableTls":false,"mutualAuthEnable":false,"trustAll":false}
2025-10-21 16:34:07.047 [com.alibaba.nacos.client.remote.worker] ERROR c.a.nacos.common.remote.client.grpc.GrpcClient - Server check fail, please check server 8.134.88.169 ,port 9848 is available , error ={}
java.util.concurrent.TimeoutException: Waited 3000 milliseconds (plus 10 milliseconds, 358500 nanoseconds delay) for com.alibaba.nacos.shaded.io.grpc.stub.ClientCalls$GrpcFuture@79eaf437[status=PENDING, info=[GrpcFuture{clientCall=PendingCall{realCall=ClientCallImpl{method=MethodDescriptor{fullMethodName=Request/request, type=UNARY, idempotent=false, safe=false, sampledToLocalTracing=true, requestMarshaller=com.alibaba.nacos.shaded.io.grpc.protobuf.lite.ProtoLiteUtils$MessageMarshaller@55ea5404, responseMarshaller=com.alibaba.nacos.shaded.io.grpc.protobuf.lite.ProtoLiteUtils$MessageMarshaller@28863322, schemaDescriptor=com.alibaba.nacos.api.grpc.auto.RequestGrpc$RequestMethodDescriptorSupplier@1c6617d}}}}]]
	at com.alibaba.nacos.shaded.com.google.common.util.concurrent.AbstractFuture.get(AbstractFuture.java:508)
	at com.alibaba.nacos.common.remote.client.grpc.GrpcClient.serverCheck(GrpcClient.java:218)
	at com.alibaba.nacos.common.remote.client.grpc.GrpcClient.connectToServer(GrpcClient.java:329)
	at com.alibaba.nacos.common.remote.client.RpcClient.reconnect(RpcClient.java:502)
	at com.alibaba.nacos.common.remote.client.RpcClient.lambda$start$2(RpcClient.java:343)
	at java.base/java.util.concurrent.Executors$RunnableAdapter.call(Executors.java:539)
	at java.base/java.util.concurrent.FutureTask.run(FutureTask.java:264)
	at java.base/java.util.concurrent.ScheduledThreadPoolExecutor$ScheduledFutureTask.run(ScheduledThreadPoolExecutor.java:304)
	at java.base/java.util.concurrent.ThreadPoolExecutor.runWorker(ThreadPoolExecutor.java:1136)
	at java.base/java.util.concurrent.ThreadPoolExecutor$Worker.run(ThreadPoolExecutor.java:635)
	at java.base/java.lang.Thread.run(Thread.java:842)
2025-10-21 16:34:07.048 [com.alibaba.nacos.client.remote.worker] INFO  com.alibaba.nacos.common.remote.client - [45f983a0-177c-4e4c-b1f3-a19ed0139a37] Fail to connect server, after trying 28 times, last try server is {serverIp = '8.134.88.169', server main port = 8848}, error = unknown
2025-10-21 16:34:09.950 [com.alibaba.nacos.client.remote.worker] INFO  c.a.nacos.common.remote.client.grpc.GrpcClient - grpc client connection server:8.134.88.169 ip,serverPort:9848,grpcTslConfig:{"sslProvider":"OPENSSL","enableTls":false,"mutualAuthEnable":false,"trustAll":false}
2025-10-21 16:34:12.968 [com.alibaba.nacos.client.remote.worker] ERROR c.a.nacos.common.remote.client.grpc.GrpcClient - Server check fail, please check server 8.134.88.169 ,port 9848 is available , error ={}
java.util.concurrent.TimeoutException: Waited 3000 milliseconds (plus 14 milliseconds, 11500 nanoseconds delay) for com.alibaba.nacos.shaded.io.grpc.stub.ClientCalls$GrpcFuture@79506934[status=PENDING, info=[GrpcFuture{clientCall=PendingCall{realCall=ClientCallImpl{method=MethodDescriptor{fullMethodName=Request/request, type=UNARY, idempotent=false, safe=false, sampledToLocalTracing=true, requestMarshaller=com.alibaba.nacos.shaded.io.grpc.protobuf.lite.ProtoLiteUtils$MessageMarshaller@55ea5404, responseMarshaller=com.alibaba.nacos.shaded.io.grpc.protobuf.lite.ProtoLiteUtils$MessageMarshaller@28863322, schemaDescriptor=com.alibaba.nacos.api.grpc.auto.RequestGrpc$RequestMethodDescriptorSupplier@1c6617d}}}}]]
	at com.alibaba.nacos.shaded.com.google.common.util.concurrent.AbstractFuture.get(AbstractFuture.java:508)
	at com.alibaba.nacos.common.remote.client.grpc.GrpcClient.serverCheck(GrpcClient.java:218)
	at com.alibaba.nacos.common.remote.client.grpc.GrpcClient.connectToServer(GrpcClient.java:329)
	at com.alibaba.nacos.common.remote.client.RpcClient.reconnect(RpcClient.java:502)
	at com.alibaba.nacos.common.remote.client.RpcClient.lambda$start$2(RpcClient.java:343)
	at java.base/java.util.concurrent.Executors$RunnableAdapter.call(Executors.java:539)
	at java.base/java.util.concurrent.FutureTask.run(FutureTask.java:264)
	at java.base/java.util.concurrent.ScheduledThreadPoolExecutor$ScheduledFutureTask.run(ScheduledThreadPoolExecutor.java:304)
	at java.base/java.util.concurrent.ThreadPoolExecutor.runWorker(ThreadPoolExecutor.java:1136)
	at java.base/java.util.concurrent.ThreadPoolExecutor$Worker.run(ThreadPoolExecutor.java:635)
	at java.base/java.lang.Thread.run(Thread.java:842)
2025-10-21 16:34:12.969 [com.alibaba.nacos.client.remote.worker] INFO  com.alibaba.nacos.common.remote.client - [45f983a0-177c-4e4c-b1f3-a19ed0139a37] Fail to connect server, after trying 29 times, last try server is {serverIp = '8.134.88.169', server main port = 8848}, error = unknown
2025-10-21 16:34:15.974 [com.alibaba.nacos.client.remote.worker] INFO  c.a.nacos.common.remote.client.grpc.GrpcClient - grpc client connection server:8.134.88.169 ip,serverPort:9848,grpcTslConfig:{"sslProvider":"OPENSSL","enableTls":false,"mutualAuthEnable":false,"trustAll":false}
2025-10-21 16:34:18.980 [com.alibaba.nacos.client.remote.worker] ERROR c.a.nacos.common.remote.client.grpc.GrpcClient - Server check fail, please check server 8.134.88.169 ,port 9848 is available , error ={}
java.util.concurrent.TimeoutException: Waited 3000 milliseconds (plus 2 milliseconds, 156500 nanoseconds delay) for com.alibaba.nacos.shaded.io.grpc.stub.ClientCalls$GrpcFuture@717fbf98[status=PENDING, info=[GrpcFuture{clientCall=PendingCall{realCall=ClientCallImpl{method=MethodDescriptor{fullMethodName=Request/request, type=UNARY, idempotent=false, safe=false, sampledToLocalTracing=true, requestMarshaller=com.alibaba.nacos.shaded.io.grpc.protobuf.lite.ProtoLiteUtils$MessageMarshaller@55ea5404, responseMarshaller=com.alibaba.nacos.shaded.io.grpc.protobuf.lite.ProtoLiteUtils$MessageMarshaller@28863322, schemaDescriptor=com.alibaba.nacos.api.grpc.auto.RequestGrpc$RequestMethodDescriptorSupplier@1c6617d}}}}]]
	at com.alibaba.nacos.shaded.com.google.common.util.concurrent.AbstractFuture.get(AbstractFuture.java:508)
	at com.alibaba.nacos.common.remote.client.grpc.GrpcClient.serverCheck(GrpcClient.java:218)
	at com.alibaba.nacos.common.remote.client.grpc.GrpcClient.connectToServer(GrpcClient.java:329)
	at com.alibaba.nacos.common.remote.client.RpcClient.reconnect(RpcClient.java:502)
	at com.alibaba.nacos.common.remote.client.RpcClient.lambda$start$2(RpcClient.java:343)
	at java.base/java.util.concurrent.Executors$RunnableAdapter.call(Executors.java:539)
	at java.base/java.util.concurrent.FutureTask.run(FutureTask.java:264)
	at java.base/java.util.concurrent.ScheduledThreadPoolExecutor$ScheduledFutureTask.run(ScheduledThreadPoolExecutor.java:304)
	at java.base/java.util.concurrent.ThreadPoolExecutor.runWorker(ThreadPoolExecutor.java:1136)
	at java.base/java.util.concurrent.ThreadPoolExecutor$Worker.run(ThreadPoolExecutor.java:635)
	at java.base/java.lang.Thread.run(Thread.java:842)
2025-10-21 16:34:18.981 [com.alibaba.nacos.client.remote.worker] INFO  com.alibaba.nacos.common.remote.client - [45f983a0-177c-4e4c-b1f3-a19ed0139a37] Fail to connect server, after trying 30 times, last try server is {serverIp = '8.134.88.169', server main port = 8848}, error = unknown
2025-10-21 16:34:22.089 [com.alibaba.nacos.client.remote.worker] INFO  c.a.nacos.common.remote.client.grpc.GrpcClient - grpc client connection server:8.134.88.169 ip,serverPort:9848,grpcTslConfig:{"sslProvider":"OPENSSL","enableTls":false,"mutualAuthEnable":false,"trustAll":false}
2025-10-21 16:34:25.106 [com.alibaba.nacos.client.remote.worker] ERROR c.a.nacos.common.remote.client.grpc.GrpcClient - Server check fail, please check server 8.134.88.169 ,port 9848 is available , error ={}
java.util.concurrent.TimeoutException: Waited 3000 milliseconds (plus 13 milliseconds, 156200 nanoseconds delay) for com.alibaba.nacos.shaded.io.grpc.stub.ClientCalls$GrpcFuture@4094ed7e[status=PENDING, info=[GrpcFuture{clientCall=PendingCall{realCall=ClientCallImpl{method=MethodDescriptor{fullMethodName=Request/request, type=UNARY, idempotent=false, safe=false, sampledToLocalTracing=true, requestMarshaller=com.alibaba.nacos.shaded.io.grpc.protobuf.lite.ProtoLiteUtils$MessageMarshaller@55ea5404, responseMarshaller=com.alibaba.nacos.shaded.io.grpc.protobuf.lite.ProtoLiteUtils$MessageMarshaller@28863322, schemaDescriptor=com.alibaba.nacos.api.grpc.auto.RequestGrpc$RequestMethodDescriptorSupplier@1c6617d}}}}]]
	at com.alibaba.nacos.shaded.com.google.common.util.concurrent.AbstractFuture.get(AbstractFuture.java:508)
	at com.alibaba.nacos.common.remote.client.grpc.GrpcClient.serverCheck(GrpcClient.java:218)
	at com.alibaba.nacos.common.remote.client.grpc.GrpcClient.connectToServer(GrpcClient.java:329)
	at com.alibaba.nacos.common.remote.client.RpcClient.reconnect(RpcClient.java:502)
	at com.alibaba.nacos.common.remote.client.RpcClient.lambda$start$2(RpcClient.java:343)
	at java.base/java.util.concurrent.Executors$RunnableAdapter.call(Executors.java:539)
	at java.base/java.util.concurrent.FutureTask.run(FutureTask.java:264)
	at java.base/java.util.concurrent.ScheduledThreadPoolExecutor$ScheduledFutureTask.run(ScheduledThreadPoolExecutor.java:304)
	at java.base/java.util.concurrent.ThreadPoolExecutor.runWorker(ThreadPoolExecutor.java:1136)
	at java.base/java.util.concurrent.ThreadPoolExecutor$Worker.run(ThreadPoolExecutor.java:635)
	at java.base/java.lang.Thread.run(Thread.java:842)
2025-10-21 16:34:25.107 [com.alibaba.nacos.client.remote.worker] INFO  com.alibaba.nacos.common.remote.client - [45f983a0-177c-4e4c-b1f3-a19ed0139a37] Fail to connect server, after trying 31 times, last try server is {serverIp = '8.134.88.169', server main port = 8848}, error = unknown
2025-10-21 16:34:28.308 [com.alibaba.nacos.client.remote.worker] INFO  c.a.nacos.common.remote.client.grpc.GrpcClient - grpc client connection server:8.134.88.169 ip,serverPort:9848,grpcTslConfig:{"sslProvider":"OPENSSL","enableTls":false,"mutualAuthEnable":false,"trustAll":false}
2025-10-21 16:34:31.319 [com.alibaba.nacos.client.remote.worker] ERROR c.a.nacos.common.remote.client.grpc.GrpcClient - Server check fail, please check server 8.134.88.169 ,port 9848 is available , error ={}
java.util.concurrent.TimeoutException: Waited 3000 milliseconds (plus 6 milliseconds, 614600 nanoseconds delay) for com.alibaba.nacos.shaded.io.grpc.stub.ClientCalls$GrpcFuture@35e0793[status=PENDING, info=[GrpcFuture{clientCall=PendingCall{realCall=ClientCallImpl{method=MethodDescriptor{fullMethodName=Request/request, type=UNARY, idempotent=false, safe=false, sampledToLocalTracing=true, requestMarshaller=com.alibaba.nacos.shaded.io.grpc.protobuf.lite.ProtoLiteUtils$MessageMarshaller@55ea5404, responseMarshaller=com.alibaba.nacos.shaded.io.grpc.protobuf.lite.ProtoLiteUtils$MessageMarshaller@28863322, schemaDescriptor=com.alibaba.nacos.api.grpc.auto.RequestGrpc$RequestMethodDescriptorSupplier@1c6617d}}}}]]
	at com.alibaba.nacos.shaded.com.google.common.util.concurrent.AbstractFuture.get(AbstractFuture.java:508)
	at com.alibaba.nacos.common.remote.client.grpc.GrpcClient.serverCheck(GrpcClient.java:218)
	at com.alibaba.nacos.common.remote.client.grpc.GrpcClient.connectToServer(GrpcClient.java:329)
	at com.alibaba.nacos.common.remote.client.RpcClient.reconnect(RpcClient.java:502)
	at com.alibaba.nacos.common.remote.client.RpcClient.lambda$start$2(RpcClient.java:343)
	at java.base/java.util.concurrent.Executors$RunnableAdapter.call(Executors.java:539)
	at java.base/java.util.concurrent.FutureTask.run(FutureTask.java:264)
	at java.base/java.util.concurrent.ScheduledThreadPoolExecutor$ScheduledFutureTask.run(ScheduledThreadPoolExecutor.java:304)
	at java.base/java.util.concurrent.ThreadPoolExecutor.runWorker(ThreadPoolExecutor.java:1136)
	at java.base/java.util.concurrent.ThreadPoolExecutor$Worker.run(ThreadPoolExecutor.java:635)
	at java.base/java.lang.Thread.run(Thread.java:842)
2025-10-21 16:34:31.320 [com.alibaba.nacos.client.remote.worker] INFO  com.alibaba.nacos.common.remote.client - [45f983a0-177c-4e4c-b1f3-a19ed0139a37] Fail to connect server, after trying 32 times, last try server is {serverIp = '8.134.88.169', server main port = 8848}, error = unknown
2025-10-21 16:34:34.623 [com.alibaba.nacos.client.remote.worker] INFO  c.a.nacos.common.remote.client.grpc.GrpcClient - grpc client connection server:8.134.88.169 ip,serverPort:9848,grpcTslConfig:{"sslProvider":"OPENSSL","enableTls":false,"mutualAuthEnable":false,"trustAll":false}
2025-10-21 16:34:37.639 [com.alibaba.nacos.client.remote.worker] ERROR c.a.nacos.common.remote.client.grpc.GrpcClient - Server check fail, please check server 8.134.88.169 ,port 9848 is available , error ={}
java.util.concurrent.TimeoutException: Waited 3000 milliseconds (plus 13 milliseconds, 197300 nanoseconds delay) for com.alibaba.nacos.shaded.io.grpc.stub.ClientCalls$GrpcFuture@c9b0111[status=PENDING, info=[GrpcFuture{clientCall=PendingCall{realCall=ClientCallImpl{method=MethodDescriptor{fullMethodName=Request/request, type=UNARY, idempotent=false, safe=false, sampledToLocalTracing=true, requestMarshaller=com.alibaba.nacos.shaded.io.grpc.protobuf.lite.ProtoLiteUtils$MessageMarshaller@55ea5404, responseMarshaller=com.alibaba.nacos.shaded.io.grpc.protobuf.lite.ProtoLiteUtils$MessageMarshaller@28863322, schemaDescriptor=com.alibaba.nacos.api.grpc.auto.RequestGrpc$RequestMethodDescriptorSupplier@1c6617d}}}}]]
	at com.alibaba.nacos.shaded.com.google.common.util.concurrent.AbstractFuture.get(AbstractFuture.java:508)
	at com.alibaba.nacos.common.remote.client.grpc.GrpcClient.serverCheck(GrpcClient.java:218)
	at com.alibaba.nacos.common.remote.client.grpc.GrpcClient.connectToServer(GrpcClient.java:329)
	at com.alibaba.nacos.common.remote.client.RpcClient.reconnect(RpcClient.java:502)
	at com.alibaba.nacos.common.remote.client.RpcClient.lambda$start$2(RpcClient.java:343)
	at java.base/java.util.concurrent.Executors$RunnableAdapter.call(Executors.java:539)
	at java.base/java.util.concurrent.FutureTask.run(FutureTask.java:264)
	at java.base/java.util.concurrent.ScheduledThreadPoolExecutor$ScheduledFutureTask.run(ScheduledThreadPoolExecutor.java:304)
	at java.base/java.util.concurrent.ThreadPoolExecutor.runWorker(ThreadPoolExecutor.java:1136)
	at java.base/java.util.concurrent.ThreadPoolExecutor$Worker.run(ThreadPoolExecutor.java:635)
	at java.base/java.lang.Thread.run(Thread.java:842)
2025-10-21 16:34:37.645 [com.alibaba.nacos.client.remote.worker] INFO  com.alibaba.nacos.common.remote.client - [45f983a0-177c-4e4c-b1f3-a19ed0139a37] Fail to connect server, after trying 33 times, last try server is {serverIp = '8.134.88.169', server main port = 8848}, error = unknown
2025-10-21 16:34:41.046 [com.alibaba.nacos.client.remote.worker] INFO  c.a.nacos.common.remote.client.grpc.GrpcClient - grpc client connection server:8.134.88.169 ip,serverPort:9848,grpcTslConfig:{"sslProvider":"OPENSSL","enableTls":false,"mutualAuthEnable":false,"trustAll":false}
2025-10-21 16:34:44.064 [com.alibaba.nacos.client.remote.worker] ERROR c.a.nacos.common.remote.client.grpc.GrpcClient - Server check fail, please check server 8.134.88.169 ,port 9848 is available , error ={}
java.util.concurrent.TimeoutException: Waited 3000 milliseconds (plus 13 milliseconds, 113800 nanoseconds delay) for com.alibaba.nacos.shaded.io.grpc.stub.ClientCalls$GrpcFuture@704bc9fd[status=PENDING, info=[GrpcFuture{clientCall=PendingCall{realCall=ClientCallImpl{method=MethodDescriptor{fullMethodName=Request/request, type=UNARY, idempotent=false, safe=false, sampledToLocalTracing=true, requestMarshaller=com.alibaba.nacos.shaded.io.grpc.protobuf.lite.ProtoLiteUtils$MessageMarshaller@55ea5404, responseMarshaller=com.alibaba.nacos.shaded.io.grpc.protobuf.lite.ProtoLiteUtils$MessageMarshaller@28863322, schemaDescriptor=com.alibaba.nacos.api.grpc.auto.RequestGrpc$RequestMethodDescriptorSupplier@1c6617d}}}}]]
	at com.alibaba.nacos.shaded.com.google.common.util.concurrent.AbstractFuture.get(AbstractFuture.java:508)
	at com.alibaba.nacos.common.remote.client.grpc.GrpcClient.serverCheck(GrpcClient.java:218)
	at com.alibaba.nacos.common.remote.client.grpc.GrpcClient.connectToServer(GrpcClient.java:329)
	at com.alibaba.nacos.common.remote.client.RpcClient.reconnect(RpcClient.java:502)
	at com.alibaba.nacos.common.remote.client.RpcClient.lambda$start$2(RpcClient.java:343)
	at java.base/java.util.concurrent.Executors$RunnableAdapter.call(Executors.java:539)
	at java.base/java.util.concurrent.FutureTask.run(FutureTask.java:264)
	at java.base/java.util.concurrent.ScheduledThreadPoolExecutor$ScheduledFutureTask.run(ScheduledThreadPoolExecutor.java:304)
	at java.base/java.util.concurrent.ThreadPoolExecutor.runWorker(ThreadPoolExecutor.java:1136)
	at java.base/java.util.concurrent.ThreadPoolExecutor$Worker.run(ThreadPoolExecutor.java:635)
	at java.base/java.lang.Thread.run(Thread.java:842)
2025-10-21 16:34:44.066 [com.alibaba.nacos.client.remote.worker] INFO  com.alibaba.nacos.common.remote.client - [45f983a0-177c-4e4c-b1f3-a19ed0139a37] Fail to connect server, after trying 34 times, last try server is {serverIp = '8.134.88.169', server main port = 8848}, error = unknown
2025-10-21 16:34:47.579 [com.alibaba.nacos.client.remote.worker] INFO  c.a.nacos.common.remote.client.grpc.GrpcClient - grpc client connection server:8.134.88.169 ip,serverPort:9848,grpcTslConfig:{"sslProvider":"OPENSSL","enableTls":false,"mutualAuthEnable":false,"trustAll":false}
2025-10-21 16:34:50.592 [com.alibaba.nacos.client.remote.worker] ERROR c.a.nacos.common.remote.client.grpc.GrpcClient - Server check fail, please check server 8.134.88.169 ,port 9848 is available , error ={}
java.util.concurrent.TimeoutException: Waited 3000 milliseconds (plus 8 milliseconds, 824400 nanoseconds delay) for com.alibaba.nacos.shaded.io.grpc.stub.ClientCalls$GrpcFuture@7d9737e5[status=PENDING, info=[GrpcFuture{clientCall=PendingCall{realCall=ClientCallImpl{method=MethodDescriptor{fullMethodName=Request/request, type=UNARY, idempotent=false, safe=false, sampledToLocalTracing=true, requestMarshaller=com.alibaba.nacos.shaded.io.grpc.protobuf.lite.ProtoLiteUtils$MessageMarshaller@55ea5404, responseMarshaller=com.alibaba.nacos.shaded.io.grpc.protobuf.lite.ProtoLiteUtils$MessageMarshaller@28863322, schemaDescriptor=com.alibaba.nacos.api.grpc.auto.RequestGrpc$RequestMethodDescriptorSupplier@1c6617d}}}}]]
	at com.alibaba.nacos.shaded.com.google.common.util.concurrent.AbstractFuture.get(AbstractFuture.java:508)
	at com.alibaba.nacos.common.remote.client.grpc.GrpcClient.serverCheck(GrpcClient.java:218)
	at com.alibaba.nacos.common.remote.client.grpc.GrpcClient.connectToServer(GrpcClient.java:329)
	at com.alibaba.nacos.common.remote.client.RpcClient.reconnect(RpcClient.java:502)
	at com.alibaba.nacos.common.remote.client.RpcClient.lambda$start$2(RpcClient.java:343)
	at java.base/java.util.concurrent.Executors$RunnableAdapter.call(Executors.java:539)
	at java.base/java.util.concurrent.FutureTask.run(FutureTask.java:264)
	at java.base/java.util.concurrent.ScheduledThreadPoolExecutor$ScheduledFutureTask.run(ScheduledThreadPoolExecutor.java:304)
	at java.base/java.util.concurrent.ThreadPoolExecutor.runWorker(ThreadPoolExecutor.java:1136)
	at java.base/java.util.concurrent.ThreadPoolExecutor$Worker.run(ThreadPoolExecutor.java:635)
	at java.base/java.lang.Thread.run(Thread.java:842)
2025-10-21 16:34:50.593 [com.alibaba.nacos.client.remote.worker] INFO  com.alibaba.nacos.common.remote.client - [45f983a0-177c-4e4c-b1f3-a19ed0139a37] Fail to connect server, after trying 35 times, last try server is {serverIp = '8.134.88.169', server main port = 8848}, error = unknown
2025-10-21 16:34:54.201 [com.alibaba.nacos.client.remote.worker] INFO  c.a.nacos.common.remote.client.grpc.GrpcClient - grpc client connection server:8.134.88.169 ip,serverPort:9848,grpcTslConfig:{"sslProvider":"OPENSSL","enableTls":false,"mutualAuthEnable":false,"trustAll":false}
2025-10-21 16:34:57.208 [com.alibaba.nacos.client.remote.worker] ERROR c.a.nacos.common.remote.client.grpc.GrpcClient - Server check fail, please check server 8.134.88.169 ,port 9848 is available , error ={}
java.util.concurrent.TimeoutException: Waited 3000 milliseconds (plus 2 milliseconds, 351600 nanoseconds delay) for com.alibaba.nacos.shaded.io.grpc.stub.ClientCalls$GrpcFuture@65afbe52[status=PENDING, info=[GrpcFuture{clientCall=PendingCall{realCall=ClientCallImpl{method=MethodDescriptor{fullMethodName=Request/request, type=UNARY, idempotent=false, safe=false, sampledToLocalTracing=true, requestMarshaller=com.alibaba.nacos.shaded.io.grpc.protobuf.lite.ProtoLiteUtils$MessageMarshaller@55ea5404, responseMarshaller=com.alibaba.nacos.shaded.io.grpc.protobuf.lite.ProtoLiteUtils$MessageMarshaller@28863322, schemaDescriptor=com.alibaba.nacos.api.grpc.auto.RequestGrpc$RequestMethodDescriptorSupplier@1c6617d}}}}]]
	at com.alibaba.nacos.shaded.com.google.common.util.concurrent.AbstractFuture.get(AbstractFuture.java:508)
	at com.alibaba.nacos.common.remote.client.grpc.GrpcClient.serverCheck(GrpcClient.java:218)
	at com.alibaba.nacos.common.remote.client.grpc.GrpcClient.connectToServer(GrpcClient.java:329)
	at com.alibaba.nacos.common.remote.client.RpcClient.reconnect(RpcClient.java:502)
	at com.alibaba.nacos.common.remote.client.RpcClient.lambda$start$2(RpcClient.java:343)
	at java.base/java.util.concurrent.Executors$RunnableAdapter.call(Executors.java:539)
	at java.base/java.util.concurrent.FutureTask.run(FutureTask.java:264)
	at java.base/java.util.concurrent.ScheduledThreadPoolExecutor$ScheduledFutureTask.run(ScheduledThreadPoolExecutor.java:304)
	at java.base/java.util.concurrent.ThreadPoolExecutor.runWorker(ThreadPoolExecutor.java:1136)
	at java.base/java.util.concurrent.ThreadPoolExecutor$Worker.run(ThreadPoolExecutor.java:635)
	at java.base/java.lang.Thread.run(Thread.java:842)
2025-10-21 16:34:57.210 [com.alibaba.nacos.client.remote.worker] INFO  com.alibaba.nacos.common.remote.client - [45f983a0-177c-4e4c-b1f3-a19ed0139a37] Fail to connect server, after trying 36 times, last try server is {serverIp = '8.134.88.169', server main port = 8848}, error = unknown
2025-10-21 16:35:00.916 [com.alibaba.nacos.client.remote.worker] INFO  c.a.nacos.common.remote.client.grpc.GrpcClient - grpc client connection server:8.134.88.169 ip,serverPort:9848,grpcTslConfig:{"sslProvider":"OPENSSL","enableTls":false,"mutualAuthEnable":false,"trustAll":false}
2025-10-21 16:35:03.924 [com.alibaba.nacos.client.remote.worker] ERROR c.a.nacos.common.remote.client.grpc.GrpcClient - Server check fail, please check server 8.134.88.169 ,port 9848 is available , error ={}
java.util.concurrent.TimeoutException: Waited 3000 milliseconds (plus 5 milliseconds, 31400 nanoseconds delay) for com.alibaba.nacos.shaded.io.grpc.stub.ClientCalls$GrpcFuture@6b7bb8e1[status=PENDING, info=[GrpcFuture{clientCall=PendingCall{realCall=ClientCallImpl{method=MethodDescriptor{fullMethodName=Request/request, type=UNARY, idempotent=false, safe=false, sampledToLocalTracing=true, requestMarshaller=com.alibaba.nacos.shaded.io.grpc.protobuf.lite.ProtoLiteUtils$MessageMarshaller@55ea5404, responseMarshaller=com.alibaba.nacos.shaded.io.grpc.protobuf.lite.ProtoLiteUtils$MessageMarshaller@28863322, schemaDescriptor=com.alibaba.nacos.api.grpc.auto.RequestGrpc$RequestMethodDescriptorSupplier@1c6617d}}}}]]
	at com.alibaba.nacos.shaded.com.google.common.util.concurrent.AbstractFuture.get(AbstractFuture.java:508)
	at com.alibaba.nacos.common.remote.client.grpc.GrpcClient.serverCheck(GrpcClient.java:218)
	at com.alibaba.nacos.common.remote.client.grpc.GrpcClient.connectToServer(GrpcClient.java:329)
	at com.alibaba.nacos.common.remote.client.RpcClient.reconnect(RpcClient.java:502)
	at com.alibaba.nacos.common.remote.client.RpcClient.lambda$start$2(RpcClient.java:343)
	at java.base/java.util.concurrent.Executors$RunnableAdapter.call(Executors.java:539)
	at java.base/java.util.concurrent.FutureTask.run(FutureTask.java:264)
	at java.base/java.util.concurrent.ScheduledThreadPoolExecutor$ScheduledFutureTask.run(ScheduledThreadPoolExecutor.java:304)
	at java.base/java.util.concurrent.ThreadPoolExecutor.runWorker(ThreadPoolExecutor.java:1136)
	at java.base/java.util.concurrent.ThreadPoolExecutor$Worker.run(ThreadPoolExecutor.java:635)
	at java.base/java.lang.Thread.run(Thread.java:842)
2025-10-21 16:35:03.925 [com.alibaba.nacos.client.remote.worker] INFO  com.alibaba.nacos.common.remote.client - [45f983a0-177c-4e4c-b1f3-a19ed0139a37] Fail to connect server, after trying 37 times, last try server is {serverIp = '8.134.88.169', server main port = 8848}, error = unknown
2025-10-21 16:35:07.738 [com.alibaba.nacos.client.remote.worker] INFO  c.a.nacos.common.remote.client.grpc.GrpcClient - grpc client connection server:8.134.88.169 ip,serverPort:9848,grpcTslConfig:{"sslProvider":"OPENSSL","enableTls":false,"mutualAuthEnable":false,"trustAll":false}
2025-10-21 16:35:10.743 [com.alibaba.nacos.client.remote.worker] ERROR c.a.nacos.common.remote.client.grpc.GrpcClient - Server check fail, please check server 8.134.88.169 ,port 9848 is available , error ={}
java.util.concurrent.TimeoutException: Waited 3000 milliseconds (plus 3 milliseconds, 592800 nanoseconds delay) for com.alibaba.nacos.shaded.io.grpc.stub.ClientCalls$GrpcFuture@1a3f8608[status=PENDING, info=[GrpcFuture{clientCall=PendingCall{realCall=ClientCallImpl{method=MethodDescriptor{fullMethodName=Request/request, type=UNARY, idempotent=false, safe=false, sampledToLocalTracing=true, requestMarshaller=com.alibaba.nacos.shaded.io.grpc.protobuf.lite.ProtoLiteUtils$MessageMarshaller@55ea5404, responseMarshaller=com.alibaba.nacos.shaded.io.grpc.protobuf.lite.ProtoLiteUtils$MessageMarshaller@28863322, schemaDescriptor=com.alibaba.nacos.api.grpc.auto.RequestGrpc$RequestMethodDescriptorSupplier@1c6617d}}}}]]
	at com.alibaba.nacos.shaded.com.google.common.util.concurrent.AbstractFuture.get(AbstractFuture.java:508)
	at com.alibaba.nacos.common.remote.client.grpc.GrpcClient.serverCheck(GrpcClient.java:218)
	at com.alibaba.nacos.common.remote.client.grpc.GrpcClient.connectToServer(GrpcClient.java:329)
	at com.alibaba.nacos.common.remote.client.RpcClient.reconnect(RpcClient.java:502)
	at com.alibaba.nacos.common.remote.client.RpcClient.lambda$start$2(RpcClient.java:343)
	at java.base/java.util.concurrent.Executors$RunnableAdapter.call(Executors.java:539)
	at java.base/java.util.concurrent.FutureTask.run(FutureTask.java:264)
	at java.base/java.util.concurrent.ScheduledThreadPoolExecutor$ScheduledFutureTask.run(ScheduledThreadPoolExecutor.java:304)
	at java.base/java.util.concurrent.ThreadPoolExecutor.runWorker(ThreadPoolExecutor.java:1136)
	at java.base/java.util.concurrent.ThreadPoolExecutor$Worker.run(ThreadPoolExecutor.java:635)
	at java.base/java.lang.Thread.run(Thread.java:842)
2025-10-21 16:35:10.744 [com.alibaba.nacos.client.remote.worker] INFO  com.alibaba.nacos.common.remote.client - [45f983a0-177c-4e4c-b1f3-a19ed0139a37] Fail to connect server, after trying 38 times, last try server is {serverIp = '8.134.88.169', server main port = 8848}, error = unknown
2025-10-21 16:35:14.656 [com.alibaba.nacos.client.remote.worker] INFO  c.a.nacos.common.remote.client.grpc.GrpcClient - grpc client connection server:8.134.88.169 ip,serverPort:9848,grpcTslConfig:{"sslProvider":"OPENSSL","enableTls":false,"mutualAuthEnable":false,"trustAll":false}
2025-10-21 16:35:16.422 [com.alibaba.nacos.client.remote.worker] INFO  com.alibaba.nacos.common.remote.client - [45f983a0-177c-4e4c-b1f3-a19ed0139a37] Success to connect a server [8.134.88.169:8848], connectionId = 1761035716265_112.94.129.21_7571
2025-10-21 16:35:16.422 [com.alibaba.nacos.client.remote.worker] INFO  com.alibaba.nacos.common.remote.client - [45f983a0-177c-4e4c-b1f3-a19ed0139a37] Abandon prev connection, server is 8.134.88.169:8848, connectionId is 1761020755691_112.94.129.21_7634
2025-10-21 16:35:16.423 [com.alibaba.nacos.client.remote.worker] INFO  com.alibaba.nacos.common.remote.client - Close current connection 1761020755691_112.94.129.21_7634
2025-10-21 16:35:16.423 [com.alibaba.nacos.client.remote.worker] INFO  com.alibaba.nacos.common.remote.client - [45f983a0-177c-4e4c-b1f3-a19ed0139a37] Notify disconnected event to listeners
2025-10-21 16:35:16.426 [com.alibaba.nacos.client.remote.worker] WARN  com.alibaba.nacos.client.naming - Grpc connection disconnect, mark to redo
2025-10-21 16:35:16.439 [com.alibaba.nacos.client.remote.worker] WARN  com.alibaba.nacos.client.naming - mark to redo completed
2025-10-21 16:35:16.439 [com.alibaba.nacos.client.remote.worker] INFO  com.alibaba.nacos.common.remote.client - [45f983a0-177c-4e4c-b1f3-a19ed0139a37] Notify connected event to listeners.
2025-10-21 16:35:16.439 [com.alibaba.nacos.client.remote.worker] INFO  com.alibaba.nacos.client.naming - Grpc connection connect
2025-10-21 16:35:17.195 [com.alibaba.nacos.client.naming.grpc.redo.0] INFO  com.alibaba.nacos.client.naming - Redo instance operation REGISTER for DEFAULT_GROUP@@xiaohongshu-user
2025-10-21 21:06:40.871 [http-nio-8082-exec-1] INFO  o.a.c.core.ContainerBase.[Tomcat].[localhost].[/] - Initializing Spring DispatcherServlet 'dispatcherServlet'
2025-10-21 21:06:40.874 [http-nio-8082-exec-1] INFO  org.springframework.web.servlet.DispatcherServlet - Initializing Servlet 'dispatcherServlet'
2025-10-21 21:06:40.944 [http-nio-8082-exec-1] INFO  org.springframework.web.servlet.DispatcherServlet - Completed initialization in 70 ms
2025-10-21 21:06:40.980 [http-nio-8082-exec-1] INFO  c.z.f.b.context.filter.HeaderUserId2ContextFilter - ## HeaderUserId2ContextFilter, 用户 ID: null
2025-10-21 21:06:41.356 [http-nio-8082-exec-1] INFO  c.z.f.b.operationlog.aspect.ApiOperationLogAspect - ====== 请求开始: [根据手机号查询用户信息], 入参: {"phone":"13068920712"}, 请求类: UserController, 请求方法: findByPhone =================================== 
2025-10-21 21:06:41.534 [http-nio-8082-exec-1] DEBUG c.z.x.u.b.domain.mapper.UserDOMapper.selectByPhone - ==>  Preparing: select id,password from t_user where phone = ?
2025-10-21 21:06:41.894 [http-nio-8082-exec-1] DEBUG c.z.x.u.b.domain.mapper.UserDOMapper.selectByPhone - ==> Parameters: 13068920712(String)
2025-10-21 21:06:41.950 [http-nio-8082-exec-1] DEBUG c.z.x.u.b.domain.mapper.UserDOMapper.selectByPhone - <==      Total: 1
2025-10-21 21:06:41.964 [http-nio-8082-exec-1] INFO  c.z.f.b.operationlog.aspect.ApiOperationLogAspect - ====== 请求结束: [根据手机号查询用户信息], 耗时: 614ms, 出参: {"success":true,"message":null,"errorCode":null,"data":{"id":100,"password":"$2a$10$iF9icYmcTydaqR9HbnQV9uf1lGxwYoGWvBXoEVrIa9kFiQGZ0X/bS"}} =================================== 
2025-10-21 23:30:40.696 [Thread-14] WARN  c.alibaba.nacos.common.http.HttpClientBeanHolder - [HttpClientBeanHolder] Start destroying common HttpClient
2025-10-21 23:30:40.696 [Thread-11] WARN  com.alibaba.nacos.common.notify.NotifyCenter - [NotifyCenter] Start destroying Publisher
2025-10-21 23:30:40.711 [Thread-11] WARN  com.alibaba.nacos.common.notify.NotifyCenter - [NotifyCenter] Destruction of the end
2025-10-21 23:30:40.724 [Thread-14] WARN  c.alibaba.nacos.common.http.HttpClientBeanHolder - [HttpClientBeanHolder] Destruction of the end
2025-10-21 23:30:41.625 [SpringApplicationShutdownHook] INFO  c.a.cloud.nacos.registry.NacosServiceRegistry - De-registering from Nacos Server now...
2025-10-21 23:30:41.634 [SpringApplicationShutdownHook] INFO  com.alibaba.nacos.client.naming - [DEREGISTER-SERVICE] xiaohongshu deregistering service xiaohongshu-user with instance: Instance{instanceId='null', ip='10.2.66.25', port=8082, weight=1.0, healthy=true, enabled=true, ephemeral=true, clusterName='DEFAULT', serviceName='null', metadata={}}
2025-10-21 23:30:41.668 [SpringApplicationShutdownHook] INFO  c.a.cloud.nacos.registry.NacosServiceRegistry - De-registration finished.
2025-10-21 23:30:41.671 [SpringApplicationShutdownHook] INFO  com.alibaba.nacos.client.naming - com.alibaba.nacos.client.naming.cache.ServiceInfoHolder do shutdown begin
2025-10-21 23:30:41.672 [SpringApplicationShutdownHook] INFO  com.alibaba.nacos.client.naming - com.alibaba.nacos.client.naming.backups.FailoverReactor do shutdown begin
2025-10-21 23:30:41.673 [SpringApplicationShutdownHook] INFO  com.alibaba.nacos.client.naming - com.alibaba.nacos.client.naming.backups.FailoverReactor do shutdown stop
2025-10-21 23:30:41.673 [SpringApplicationShutdownHook] INFO  com.alibaba.nacos.client.naming - com.alibaba.nacos.client.naming.cache.ServiceInfoHolder do shutdown stop
2025-10-21 23:30:41.674 [SpringApplicationShutdownHook] INFO  com.alibaba.nacos.client.naming - com.alibaba.nacos.client.naming.remote.NamingClientProxyDelegate do shutdown begin
2025-10-21 23:30:41.674 [SpringApplicationShutdownHook] INFO  com.alibaba.nacos.client.naming - com.alibaba.nacos.client.naming.core.ServiceInfoUpdateService do shutdown begin
2025-10-21 23:30:41.674 [SpringApplicationShutdownHook] INFO  com.alibaba.nacos.client.naming - com.alibaba.nacos.client.naming.core.ServiceInfoUpdateService do shutdown stop
2025-10-21 23:30:41.674 [SpringApplicationShutdownHook] INFO  com.alibaba.nacos.client.naming - com.alibaba.nacos.client.naming.core.ServerListManager do shutdown begin
2025-10-21 23:30:41.674 [SpringApplicationShutdownHook] WARN  com.alibaba.nacos.client.naming - [NamingHttpClientManager] Start destroying NacosRestTemplate
2025-10-21 23:30:41.674 [SpringApplicationShutdownHook] WARN  com.alibaba.nacos.client.naming - [NamingHttpClientManager] Destruction of the end
2025-10-21 23:30:41.674 [SpringApplicationShutdownHook] INFO  com.alibaba.nacos.client.naming - com.alibaba.nacos.client.naming.core.ServerListManager do shutdown stop
2025-10-21 23:30:41.674 [SpringApplicationShutdownHook] INFO  com.alibaba.nacos.client.naming - com.alibaba.nacos.client.naming.remote.http.NamingHttpClientProxy do shutdown begin
2025-10-21 23:30:41.674 [SpringApplicationShutdownHook] WARN  com.alibaba.nacos.client.naming - [NamingHttpClientManager] Start destroying NacosRestTemplate
2025-10-21 23:30:41.674 [SpringApplicationShutdownHook] WARN  com.alibaba.nacos.client.naming - [NamingHttpClientManager] Destruction of the end
2025-10-21 23:30:41.676 [SpringApplicationShutdownHook] INFO  com.alibaba.nacos.client.naming - com.alibaba.nacos.client.naming.remote.http.NamingHttpClientProxy do shutdown stop
2025-10-21 23:30:41.676 [SpringApplicationShutdownHook] INFO  com.alibaba.nacos.common.remote.client - Shutdown rpc client, set status to shutdown
2025-10-21 23:30:41.676 [SpringApplicationShutdownHook] INFO  com.alibaba.nacos.common.remote.client - Shutdown client event executor java.util.concurrent.ScheduledThreadPoolExecutor@4a12ca40[Running, pool size = 2, active threads = 2, queued tasks = 0, completed tasks = 0]
2025-10-21 23:30:41.676 [SpringApplicationShutdownHook] INFO  com.alibaba.nacos.common.remote.client - Close current connection 1761035716265_112.94.129.21_7571
2025-10-21 23:30:41.687 [nacos-grpc-client-executor-8.134.88.169-8110] WARN  c.a.nacos.common.remote.client.grpc.GrpcClient - [1761035716265_112.94.129.21_7571]Ignore error event,isRunning:false,isAbandon=false
2025-10-21 23:30:41.689 [SpringApplicationShutdownHook] INFO  c.a.nacos.common.remote.client.grpc.GrpcClient - Shutdown grpc executor java.util.concurrent.ThreadPoolExecutor@40dcddf0[Running, pool size = 4, active threads = 0, queued tasks = 0, completed tasks = 8111]
2025-10-21 23:30:41.689 [SpringApplicationShutdownHook] INFO  com.alibaba.nacos.client.naming - Shutdown grpc redo service executor java.util.concurrent.ScheduledThreadPoolExecutor@176836a6[Running, pool size = 1, active threads = 0, queued tasks = 1, completed tasks = 13265]
2025-10-21 23:30:41.690 [SpringApplicationShutdownHook] INFO  c.a.n.client.auth.ram.identify.CredentialWatcher - [null] CredentialWatcher is stopped
2025-10-21 23:30:41.691 [SpringApplicationShutdownHook] INFO  c.a.n.client.auth.ram.identify.CredentialService - [null] CredentialService is freed
2025-10-21 23:30:41.692 [SpringApplicationShutdownHook] INFO  com.alibaba.nacos.client.naming - com.alibaba.nacos.client.naming.remote.NamingClientProxyDelegate do shutdown stop
2025-10-21 23:30:41.745 [SpringApplicationShutdownHook] INFO  com.alibaba.druid.pool.DruidDataSource - {dataSource-1} closing ...
2025-10-21 23:30:41.754 [SpringApplicationShutdownHook] INFO  com.alibaba.druid.pool.DruidDataSource - {dataSource-1} closed
2025-10-21 23:30:41.757 [SpringApplicationShutdownHook] INFO  o.a.r.s.support.DefaultRocketMQListenerContainer - container destroyed, DefaultRocketMQListenerContainer{consumerGroup='xiaohongshu_group_DelayDeleteUserRedisCacheTopic', namespace='', nameServer='127.0.0.1:9876', topic='DelayDeleteUserRedisCacheTopic', consumeMode=CONCURRENTLY, selectorType=TAG, selectorExpression='*', messageModel=CLUSTERING', tlsEnable=false, instanceName=DEFAULT}
